# time =   1.88500000E+00
   765.228037955311       -10000000.0000000       0.000000000000000E+000
   765.228037955311       -9747474.74747475       5.666053151568781E-009
   765.228037955311       -9494949.49494950       1.772860798872376E-008
   765.228037955311       -9242424.24242424       3.997351038471536E-008
   765.228037955311       -8989898.98989899       7.816344250851031E-008
   765.228037955311       -8737373.73737374       1.405902498581559E-007
   765.228037955311       -8484848.48484848       2.386134529275851E-007
   765.228037955311       -8232323.23232323       3.870617468007706E-007
   765.228037955311       -7979797.97979798       6.043344773128463E-007
   765.228037955311       -7727272.72727273       9.120177934855403E-007
   765.228037955311       -7474747.47474748       1.333823336320794E-006
   765.228037955311       -7222222.22222222       1.893671297679615E-006
   765.228037955311       -6969696.96969697       2.612791289866564E-006
   765.228037955311       -6717171.71717172       3.505858981939027E-006
   765.228037955311       -6464646.46464646       4.576531093035847E-006
   765.228037955311       -6212121.21212121       5.813374886051884E-006
   765.228037955311       -5959595.95959596       7.187969180767621E-006
   765.228037955311       -5707070.70707071       8.657285751129276E-006
   765.228037955311       -5454545.45454546       1.017148128180854E-005
   765.228037955311       -5202020.20202020       1.168571953320387E-005
   765.228037955311       -4949494.94949495       1.317193433164410E-005
   765.228037955311       -4696969.69696970       1.462580714491506E-005
   765.228037955311       -4444444.44444444       1.606660340827929E-005
   765.228037955311       -4191919.19191919       1.753114863094385E-005
   765.228037955311       -3939393.93939394       1.906538931822560E-005
   765.228037955311       -3686868.68686869       2.071666961422280E-005
   765.228037955311       -3434343.43434343       2.252824185369756E-005
   765.228037955311       -3181818.18181818       2.453622403136757E-005
   765.228037955311       -2929292.92929293       2.676885037274834E-005
   765.228037955311       -2676767.67676768       2.924814893133612E-005
   765.228037955311       -2424242.42424242       3.199449204977980E-005
   765.228037955311       -2171717.17171717       3.503392721311471E-005
   765.228037955311       -1919191.91919192       3.840560113540425E-005
   765.228037955311       -1666666.66666667       4.216152646736306E-005
   765.228037955311       -1414141.41414141       4.634688314165868E-005
   765.228037955311       -1161616.16161616       5.095449329296403E-005
   765.228037955311       -909090.909090910       5.586703189947443E-005
   765.228037955311       -656565.656565657       6.082295886333282E-005
   765.228037955311       -404040.404040404       6.544332040077654E-005
   765.228037955311       -151515.151515152       6.932724933243914E-005
   765.228037955311        101010.101010101       7.218212361176086E-005
   765.228037955311        353535.353535354       7.392853244831095E-005
   765.228037955311        606060.606060605       7.472765684565991E-005
   765.228037955311        858585.858585859       7.491597315415228E-005
   765.228037955311        1111111.11111111       7.487880408805140E-005
   765.228037955311        1363636.36363636       7.492395355698167E-005
   765.228037955311        1616161.61616162       7.521168574614075E-005
   765.228037955311        1868686.86868687       7.576007491154835E-005
   765.228037955311        2121212.12121212       7.650069057123368E-005
   765.228037955311        2373737.37373737       7.734049384091696E-005
   765.228037955311        2626262.62626263       7.820011916384486E-005
   765.228037955311        2878787.87878788       7.902487692831925E-005
   765.228037955311        3131313.13131313       7.977956578707904E-005
   765.228037955311        3383838.38383838       8.043815923992897E-005
   765.228037955311        3636363.63636364       8.097363186848353E-005
   765.228037955311        3888888.88888889       8.134871239126673E-005
   765.228037955311        4141414.14141414       8.150680685005278E-005
   765.228037955311        4393939.39393939       8.136287882910806E-005
   765.228037955311        4646464.64646465       8.079591627041119E-005
   765.228037955311        4898989.89898990       7.964732045471913E-005
   765.228037955311        5151515.15151515       7.773202188566878E-005
   765.228037955311        5404040.40404040       7.486862931013549E-005
   765.228037955311        5656565.65656566       7.092810841636655E-005
   765.228037955311        5909090.90909091       6.588769279368123E-005
   765.228037955311        6161616.16161616       5.986601980740771E-005
   765.228037955311        6414141.41414141       5.311850200709985E-005
   765.228037955311        6666666.66666667       4.599102766549061E-005
   765.228037955311        6919191.91919192       3.885190987503803E-005
   765.228037955311        7171717.17171717       3.202972356238662E-005
   765.228037955311        7424242.42424243       2.577506490519755E-005
   765.228037955311        7676767.67676768       2.024849181062765E-005
   765.228037955311        7929292.92929293       1.552677303391302E-005
   765.228037955311        8181818.18181818       1.161798180402346E-005
   765.228037955311        8434343.43434343       8.479011437935088E-006
   765.228037955311        8686868.68686869       6.032414462762295E-006
   765.228037955311        8939393.93939394       4.181336269877530E-006
   765.228037955311        9191919.19191919       2.821985541757282E-006
   765.228037955311        9444444.44444444       1.853297081437789E-006
   765.228037955311        9696969.69696970       1.183641335879742E-006
   765.228037955311        9949494.94949495       7.347074358078047E-007
   765.228037955311        10202020.2020202       4.429579129915026E-007
   765.228037955311        10454545.4545455       2.592378639081492E-007
   765.228037955311        10707070.7070707       1.471823946286507E-007
   765.228037955311        10959595.9595960       8.101529633749444E-008
   765.228037955311        11212121.2121212       4.320779884517808E-008
   765.228037955311        11464646.4646465       2.231351855856480E-008
   765.228037955311        11717171.7171717       1.115079255726976E-008
   765.228037955311        11969696.9696970       5.388717083540316E-009
   765.228037955311        12222222.2222222       2.516497499593004E-009
   765.228037955311        12474747.4747475       1.134715330419400E-009
   765.228037955311        12727272.7272727       4.935340231099203E-010
   765.228037955311        12979797.9797980       2.067557687206084E-010
   765.228037955311        13232323.2323232       8.322475467615169E-011
   765.228037955311        13484848.4848485       3.203704149818565E-011
   765.228037955311        13737373.7373737       1.167300229916373E-011
   765.228037955311        13989898.9898990       3.925794524919207E-012
   765.228037955311        14242424.2424242       1.133126907690260E-012
   765.228037955311        14494949.4949495       1.994802145000383E-013
   765.228037955311        14747474.7474747      -7.474749106115389E-014
   765.228037955311        15000000.0000000       0.000000000000000E+000
   6887.05234159780       -10000000.0000000       0.000000000000000E+000
   6887.05234159780       -9747474.74747475       5.666090116058602E-009
   6887.05234159780       -9494949.49494950       1.772868439808970E-008
   6887.05234159780       -9242424.24242424       3.997363383651019E-008
   6887.05234159780       -8989898.98989899       7.816362101379365E-008
   6887.05234159780       -8737373.73737374       1.405904871111368E-007
   6887.05234159780       -8484848.48484848       2.386137418088489E-007
   6887.05234159780       -8232323.23232323       3.870620606666109E-007
   6887.05234159780       -7979797.97979798       6.043347595327293E-007
   6887.05234159780       -7727272.72727273       9.120179467209775E-007
   6887.05234159780       -7474747.47474748       1.333823214329814E-006
   6887.05234159780       -7222222.22222222       1.893670703866053E-006
   6887.05234159780       -6969696.96969697       2.612789987913717E-006
   6887.05234159780       -6717171.71717172       3.505856723574624E-006
   6887.05234159780       -6464646.46464646       4.576527664455963E-006
   6887.05234159780       -6212121.21212121       5.813370166277026E-006
   6887.05234159780       -5959595.95959596       7.187963193717737E-006
   6887.05234159780       -5707070.70707071       8.657278685584162E-006
   6887.05234159780       -5454545.45454546       1.017147345982233E-005
   6887.05234159780       -5202020.20202020       1.168571133094853E-005
   6887.05234159780       -4949494.94949495       1.317192608387507E-005
   6887.05234159780       -4696969.69696970       1.462579907354508E-005
   6887.05234159780       -4444444.44444444       1.606659559860620E-005
   6887.05234159780       -4191919.19191919       1.753114105095225E-005
   6887.05234159780       -3939393.93939394       1.906538185888029E-005
   6887.05234159780       -3686868.68686869       2.071666212903448E-005
   6887.05234159780       -3434343.43434343       2.252823418555056E-005
   6887.05234159780       -3181818.18181818       2.453621602247472E-005
   6887.05234159780       -2929292.92929293       2.676884185402024E-005
   6887.05234159780       -2676767.67676768       2.924813967914946E-005
   6887.05234159780       -2424242.42424242       3.199448168217211E-005
   6887.05234159780       -2171717.17171717       3.503391498281429E-005
   6887.05234159780       -1919191.91919192       3.840558559339237E-005
   6887.05234159780       -1666666.66666667       4.216150506733732E-005
   6887.05234159780       -1414141.41414141       4.634685204652377E-005
   6887.05234159780       -1161616.16161616       5.095444780230943E-005
   6887.05234159780       -909090.909090910       5.586696778329405E-005
   6887.05234159780       -656565.656565657       6.082287435132366E-005
   6887.05234159780       -404040.404040404       6.544321794720388E-005
   6887.05234159780       -151515.151515152       6.932713608575845E-005
   6887.05234159780        101010.101010101       7.218201002383735E-005
   6887.05234159780        353535.353535354       7.392842940887521E-005
   6887.05234159780        606060.606060605       7.472757255042868E-005
   6887.05234159780        858585.858585859       7.491591109550179E-005
   6887.05234159780        1111111.11111111       7.487876296112806E-005
   6887.05234159780        1363636.36363636       7.492392884939098E-005
   6887.05234159780        1616161.61616162       7.521167196898619E-005
   6887.05234159780        1868686.86868687       7.576006734388747E-005
   6887.05234159780        2121212.12121212       7.650068598659725E-005
   6887.05234159780        2373737.37373737       7.734049039570888E-005
   6887.05234159780        2626262.62626263       7.820011593390870E-005
   6887.05234159780        2878787.87878788       7.902487346515462E-005
   6887.05234159780        3131313.13131313       7.977956182729921E-005
   6887.05234159780        3383838.38383838       8.043815455173640E-005
   6887.05234159780        3636363.63636364       8.097362617874068E-005
   6887.05234159780        3888888.88888889       8.134870535038390E-005
   6887.05234159780        4141414.14141414       8.150679801611062E-005
   6887.05234159780        4393939.39393939       8.136286767250123E-005
   6887.05234159780        4646464.64646465       8.079590221486711E-005
   6887.05234159780        4898989.89898990       7.964730297831062E-005
   6887.05234159780        5151515.15151515       7.773200069759139E-005
   6887.05234159780        5404040.40404040       7.486860458335387E-005
   6887.05234159780        5656565.65656566       7.092808099545792E-005
   6887.05234159780        5909090.90909091       6.588766424999287E-005
   6887.05234159780        6161616.16161616       5.986599224120579E-005
   6887.05234159780        6414141.41414141       5.311847761715672E-005
   6887.05234159780        6666666.66666667       4.599100824596398E-005
   6887.05234159780        6919191.91919192       3.885189644490997E-005
   6887.05234159780        7171717.17171717       3.202971625003873E-005
   6887.05234159780        7424242.42424243       2.577506307537942E-005
   6887.05234159780        7676767.67676768       2.024849433082097E-005
   6887.05234159780        7929292.92929293       1.552677856577344E-005
   6887.05234159780        8181818.18181818       1.161798904391562E-005
   6887.05234159780        8434343.43434343       8.479019276376390E-006
   6887.05234159780        8686868.68686869       6.032422063787461E-006
   6887.05234159780        8939393.93939394       4.181343086125219E-006
   6887.05234159780        9191919.19191919       2.821991285420957E-006
   6887.05234159780        9444444.44444444       1.853301670423519E-006
   6887.05234159780        9696969.69696970       1.183644831354611E-006
   6887.05234159780        9949494.94949495       7.347099830586543E-007
   6887.05234159780        10202020.2020202       4.429596929299446E-007
   6887.05234159780        10454545.4545455       2.592390583441656E-007
   6887.05234159780        10707070.7070707       1.471831651380116E-007
   6887.05234159780        10959595.9595960       8.101577444584417E-008
   6887.05234159780        11212121.2121212       4.320808432279479E-008
   6887.05234159780        11464646.4646465       2.231368261600176E-008
   6887.05234159780        11717171.7171717       1.115088330072154E-008
   6887.05234159780        11969696.9696970       5.388765389125862E-009
   6887.05234159780        12222222.2222222       2.516522243425136E-009
   6887.05234159780        12474747.4747475       1.134727523372084E-009
   6887.05234159780        12727272.7272727       4.935398008877674E-010
   6887.05234159780        12979797.9797980       2.067584001219659E-010
   6887.05234159780        13232323.2323232       8.322590548887956E-011
   6887.05234159780        13484848.4848485       3.203752398487994E-011
   6887.05234159780        13737373.7373737       1.167319550450194E-011
   6887.05234159780        13989898.9898990       3.925867739764969E-012
   6887.05234159780        14242424.2424242       1.133152500064220E-012
   6887.05234159780        14494949.4949495       1.994877819518777E-013
   6887.05234159780        14747474.7474747      -7.474639091226087E-014
   6887.05234159780        15000000.0000000       0.000000000000000E+000
   19130.7009488828       -10000000.0000000       0.000000000000000E+000
   19130.7009488828       -9747474.74747475       5.666377846314592E-009
   19130.7009488828       -9494949.49494950       1.772927916784289E-008
   19130.7009488828       -9242424.24242424       3.997459478449721E-008
   19130.7009488828       -8989898.98989899       7.816501049682634E-008
   19130.7009488828       -8737373.73737374       1.405923338829530E-007
   19130.7009488828       -8484848.48484848       2.386159904489892E-007
   19130.7009488828       -8232323.23232323       3.870645037762803E-007
   19130.7009488828       -7979797.97979798       6.043369562940373E-007
   19130.7009488828       -7727272.72727273       9.120191394431772E-007
   19130.7009488828       -7474747.47474748       1.333822264654574E-006
   19130.7009488828       -7222222.22222222       1.893666081474074E-006
   19130.7009488828       -6969696.96969697       2.612779853295803E-006
   19130.7009488828       -6717171.71717172       3.505839144153094E-006
   19130.7009488828       -6464646.46464646       4.576500975948633E-006
   19130.7009488828       -6212121.21212121       5.813333426944242E-006
   19130.7009488828       -5959595.95959596       7.187916589721910E-006
   19130.7009488828       -5707070.70707071       8.657223686372612E-006
   19130.7009488828       -5454545.45454546       1.017141257227506E-005
   19130.7009488828       -5202020.20202020       1.168564748322552E-005
   19130.7009488828       -4949494.94949495       1.317186188176726E-005
   19130.7009488828       -4696969.69696970       1.462573624447690E-005
   19130.7009488828       -4444444.44444444       1.606653480657838E-005
   19130.7009488828       -4191919.19191919       1.753108204677902E-005
   19130.7009488828       -3939393.93939394       1.906532379383563E-005
   19130.7009488828       -3686868.68686869       2.071660386283821E-005
   19130.7009488828       -3434343.43434343       2.252817449520317E-005
   19130.7009488828       -3181818.18181818       2.453615367975352E-005
   19130.7009488828       -2929292.92929293       2.676877554274047E-005
   19130.7009488828       -2676767.67676768       2.924806765867093E-005
   19130.7009488828       -2424242.42424242       3.199440097943216E-005
   19130.7009488828       -2171717.17171717       3.503381978138839E-005
   19130.7009488828       -1919191.91919192       3.840546461486743E-005
   19130.7009488828       -1666666.66666667       4.216133849272707E-005
   19130.7009488828       -1414141.41414141       4.634661001017876E-005
   19130.7009488828       -1161616.16161616       5.095409371921960E-005
   19130.7009488828       -909090.909090910       5.586646872997519E-005
   19130.7009488828       -656565.656565657       6.082221654924972E-005
   19130.7009488828       -404040.404040404       6.544242049933552E-005
   19130.7009488828       -151515.151515152       6.932625463169753E-005
   19130.7009488828        101010.101010101       7.218112591479052E-005
   19130.7009488828        353535.353535354       7.392762740400296E-005
   19130.7009488828        606060.606060605       7.472691644023994E-005
   19130.7009488828        858585.858585859       7.491542806251975E-005
   19130.7009488828        1111111.11111111       7.487844284911798E-005
   19130.7009488828        1363636.36363636       7.492373653649824E-005
   19130.7009488828        1616161.61616162       7.521156473276163E-005
   19130.7009488828        1868686.86868687       7.576000843910656E-005
   19130.7009488828        2121212.12121212       7.650065030011156E-005
   19130.7009488828        2373737.37373737       7.734046357786766E-005
   19130.7009488828        2626262.62626263       7.820009079147571E-005
   19130.7009488828        2878787.87878788       7.902484650714019E-005
   19130.7009488828        3131313.13131313       7.977953100352259E-005
   19130.7009488828        3383838.38383838       8.043811805785907E-005
   19130.7009488828        3636363.63636364       8.097358188861120E-005
   19130.7009488828        3888888.88888889       8.134865054273276E-005
   19130.7009488828        4141414.14141414       8.150672925096314E-005
   19130.7009488828        4393939.39393939       8.136278082733222E-005
   19130.7009488828        4646464.64646465       8.079579280390562E-005
   19130.7009488828        4898989.89898990       7.964716693884814E-005
   19130.7009488828        5151515.15151515       7.773183576605142E-005
   19130.7009488828        5404040.40404040       7.486841210623836E-005
   19130.7009488828        5656565.65656566       7.092786754720362E-005
   19130.7009488828        5909090.90909091       6.588744206227665E-005
   19130.7009488828        6161616.16161616       5.986577766279449E-005
   19130.7009488828        6414141.41414141       5.311828776349726E-005
   19130.7009488828        6666666.66666667       4.599085708284913E-005
   19130.7009488828        6919191.91919192       3.885179190403968E-005
   19130.7009488828        7171717.17171717       3.202965933059679E-005
   19130.7009488828        7424242.42424243       2.577504883240583E-005
   19130.7009488828        7676767.67676768       2.024851394862901E-005
   19130.7009488828        7929292.92929293       1.552682162655304E-005
   19130.7009488828        8181818.18181818       1.161804540006468E-005
   19130.7009488828        8434343.43434343       8.479080291609275E-006
   19130.7009488828        8686868.68686869       6.032481230903903E-006
   19130.7009488828        8939393.93939394       4.181396144438869E-006
   19130.7009488828        9191919.19191919       2.822035994635655E-006
   19130.7009488828        9444444.44444444       1.853337391521132E-006
   19130.7009488828        9696969.69696970       1.183672040467992E-006
   19130.7009488828        9949494.94949495       7.347298111130688E-007
   19130.7009488828        10202020.2020202       4.429735481556391E-007
   19130.7009488828        10454545.4545455       2.592483559643201E-007
   19130.7009488828        10707070.7070707       1.471891628715148E-007
   19130.7009488828        10959595.9595960       8.101949609952713E-008
   19130.7009488828        11212121.2121212       4.321030651756607E-008
   19130.7009488828        11464646.4646465       2.231495966175144E-008
   19130.7009488828        11717171.7171717       1.115158966112787E-008
   19130.7009488828        11969696.9696970       5.389141407411945E-009
   19130.7009488828        12222222.2222222       2.516714853580094E-009
   19130.7009488828        12474747.4747475       1.134822435510075E-009
   19130.7009488828        12727272.7272727       4.935847762218481E-010
   19130.7009488828        12979797.9797980       2.067788834908804E-010
   19130.7009488828        13232323.2323232       8.323486366772273E-011
   19130.7009488828        13484848.4848485       3.204127977439583E-011
   19130.7009488828        13737373.7373737       1.167469946327025E-011
   19130.7009488828        13989898.9898990       3.926437663826605E-012
   19130.7009488828        14242424.2424242       1.133351718602485E-012
   19130.7009488828        14494949.4949495       1.995466895323994E-013
   19130.7009488828        14747474.7474747      -7.473782675877453E-014
   19130.7009488828        15000000.0000000       0.000000000000000E+000
   37496.1738598102       -10000000.0000000       0.000000000000000E+000
   37496.1738598102       -9747474.74747475       5.667326071973041E-009
   37496.1738598102       -9494949.49494950       1.773123927459439E-008
   37496.1738598102       -9242424.24242424       3.997776166172795E-008
   37496.1738598102       -8989898.98989899       7.816958963074746E-008
   37496.1738598102       -8737373.73737374       1.405984200089399E-007
   37496.1738598102       -8484848.48484848       2.386234008872346E-007
   37496.1738598102       -8232323.23232323       3.870725549738406E-007
   37496.1738598102       -7979797.97979798       6.043441954254088E-007
   37496.1738598102       -7727272.72727273       9.120230693753517E-007
   37496.1738598102       -7474747.47474748       1.333819133697498E-006
   37496.1738598102       -7222222.22222222       1.893650846150077E-006
   37496.1738598102       -6969696.96969697       2.612746451103405E-006
   37496.1738598102       -6717171.71717172       3.505781205800444E-006
   37496.1738598102       -6464646.46464646       4.576413016262127E-006
   37496.1738598102       -6212121.21212121       5.813212341917816E-006
   37496.1738598102       -5959595.95959596       7.187762992505624E-006
   37496.1738598102       -5707070.70707071       8.657042419480923E-006
   37496.1738598102       -5454545.45454546       1.017121189747250E-005
   37496.1738598102       -5202020.20202020       1.168543705096159E-005
   37496.1738598102       -4949494.94949495       1.317165028030533E-005
   37496.1738598102       -4696969.69696970       1.462552916736318E-005
   37496.1738598102       -4444444.44444444       1.606633444259517E-005
   37496.1738598102       -4191919.19191919       1.753088757498409E-005
   37496.1738598102       -3939393.93939394       1.906513241723173E-005
   37496.1738598102       -3686868.68686869       2.071641182344757E-005
   37496.1738598102       -3434343.43434343       2.252797776239371E-005
   37496.1738598102       -3181818.18181818       2.453594820572810E-005
   37496.1738598102       -2929292.92929293       2.676855698999259E-005
   37496.1738598102       -2676767.67676768       2.924783029131641E-005
   37496.1738598102       -2424242.42424242       3.199413500114306E-005
   37496.1738598102       -2171717.17171717       3.503350602783116E-005
   37496.1738598102       -1919191.91919192       3.840506592634331E-005
   37496.1738598102       -1666666.66666667       4.216078957180161E-005
   37496.1738598102       -1414141.41414141       4.634581246054200E-005
   37496.1738598102       -1161616.16161616       5.095292700881872E-005
   37496.1738598102       -909090.909090910       5.586482439236887E-005
   37496.1738598102       -656565.656565657       6.082004919486723E-005
   37496.1738598102       -404040.404040404       6.543979307073243E-005
   37496.1738598102       -151515.151515152       6.932335044469017E-005
   37496.1738598102        101010.101010101       7.217821299350830E-005
   37496.1738598102        353535.353535354       7.392498499893567E-005
   37496.1738598102        606060.606060605       7.472475471712892E-005
   37496.1738598102        858585.858585859       7.491383657725264E-005
   37496.1738598102        1111111.11111111       7.487738814018497E-005
   37496.1738598102        1363636.36363636       7.492310288932957E-005
   37496.1738598102        1616161.61616162       7.521121139055355E-005
   37496.1738598102        1868686.86868687       7.575981433694673E-005
   37496.1738598102        2121212.12121212       7.650053269640088E-005
   37496.1738598102        2373737.37373737       7.734037519327969E-005
   37496.1738598102        2626262.62626263       7.820000792502146E-005
   37496.1738598102        2878787.87878788       7.902475765567407E-005
   37496.1738598102        3131313.13131313       7.977942941077495E-005
   37496.1738598102        3383838.38383838       8.043799777716168E-005
   37496.1738598102        3636363.63636364       8.097343591245746E-005
   37496.1738598102        3888888.88888889       8.134846990217753E-005
   37496.1738598102        4141414.14141414       8.150650260838119E-005
   37496.1738598102        4393939.39393939       8.136249459565841E-005
   37496.1738598102        4646464.64646465       8.079543219911875E-005
   37496.1738598102        4898989.89898990       7.964671857163097E-005
   37496.1738598102        5151515.15151515       7.773129217715006E-005
   37496.1738598102        5404040.40404040       7.486777773492316E-005
   37496.1738598102        5656565.65656566       7.092716406306907E-005
   37496.1738598102        5909090.90909091       6.588670977956487E-005
   37496.1738598102        6161616.16161616       5.986507046379676E-005
   37496.1738598102        6414141.41414141       5.311766205606889E-005
   37496.1738598102        6666666.66666667       4.599035889329805E-005
   37496.1738598102        6919191.91919192       3.885144737130573E-005
   37496.1738598102        7171717.17171717       3.202947174592995E-005
   37496.1738598102        7424242.42424243       2.577500189723257E-005
   37496.1738598102        7676767.67676768       2.024857860813369E-005
   37496.1738598102        7929292.92929293       1.552696354629976E-005
   37496.1738598102        8181818.18181818       1.161823113650263E-005
   37496.1738598102        8434343.43434343       8.479281382233507E-006
   37496.1738598102        8686868.68686869       6.032676230107856E-006
   37496.1738598102        8939393.93939394       4.181571010444500E-006
   37496.1738598102        9191919.19191919       2.822183344221776E-006
   37496.1738598102        9444444.44444444       1.853455118750162E-006
   37496.1738598102        9696969.69696970       1.183761714567968E-006
   37496.1738598102        9949494.94949495       7.347951592898559E-007
   37496.1738598102        10202020.2020202       4.430192115216669E-007
   37496.1738598102        10454545.4545455       2.592789986802010E-007
   37496.1738598102        10707070.7070707       1.472089300162301E-007
   37496.1738598102        10959595.9595960       8.103176185307422E-008
   37496.1738598102        11212121.2121212       4.321763041191996E-008
   37496.1738598102        11464646.4646465       2.231916855827000E-008
   37496.1738598102        11717171.7171717       1.115391769957960E-008
   37496.1738598102        11969696.9696970       5.390380703106321E-009
   37496.1738598102        12222222.2222222       2.517349669036822E-009
   37496.1738598102        12474747.4747475       1.135135254109128E-009
   37496.1738598102        12727272.7272727       4.937330102356850E-010
   37496.1738598102        12979797.9797980       2.068463949791720E-010
   37496.1738598102        13232323.2323232       8.326438928750262E-011
   37496.1738598102        13484848.4848485       3.205365872245670E-011
   37496.1738598102        13737373.7373737       1.167965649738538E-011
   37496.1738598102        13989898.9898990       3.928316145488434E-012
   37496.1738598102        14242424.2424242       1.134008354934565E-012
   37496.1738598102        14494949.4949495       1.997408565984524E-013
   37496.1738598102        14747474.7474747      -7.470959519897540E-014
   37496.1738598102        15000000.0000000       0.000000000000000E+000
   61983.4710743802       -10000000.0000000       0.000000000000000E+000
   61983.4710743802       -9747474.74747475       5.669552205977829E-009
   61983.4710743802       -9494949.49494950       1.773584110712315E-008
   61983.4710743802       -9242424.24242424       3.998519670413676E-008
   61983.4710743802       -8989898.98989899       7.818034022096664E-008
   61983.4710743802       -8737373.73737374       1.406127084130718E-007
   61983.4710743802       -8484848.48484848       2.386407979930345E-007
   61983.4710743802       -8232323.23232323       3.870914556416300E-007
   61983.4710743802       -7979797.97979798       6.043611883219956E-007
   61983.4710743802       -7727272.72727273       9.120322912203614E-007
   61983.4710743802       -7474747.47474748       1.333811775595163E-006
   61983.4710743802       -7222222.22222222       1.893615066107368E-006
   61983.4710743802       -6969696.96969697       2.612668014324404E-006
   61983.4710743802       -6717171.71717172       3.505645156766682E-006
   61983.4710743802       -6464646.46464646       4.576206474725929E-006
   61983.4710743802       -6212121.21212121       5.812928017862459E-006
   61983.4710743802       -5959595.95959596       7.187402323285432E-006
   61983.4710743802       -5707070.70707071       8.656616773150146E-006
   61983.4710743802       -5454545.45454546       1.017074067150087E-005
   61983.4710743802       -5202020.20202020       1.168494290504862E-005
   61983.4710743802       -4949494.94949495       1.317115338163471E-005
   61983.4710743802       -4696969.69696970       1.462504288708398E-005
   61983.4710743802       -4444444.44444444       1.606586392252433E-005
   61983.4710743802       -4191919.19191919       1.753043088936434E-005
   61983.4710743802       -3939393.93939394       1.906468299967537E-005
   61983.4710743802       -3686868.68686869       2.071596085057402E-005
   61983.4710743802       -3434343.43434343       2.252751577042023E-005
   61983.4710743802       -3181818.18181818       2.453546569086230E-005
   61983.4710743802       -2929292.92929293       2.676804376933409E-005
   61983.4710743802       -2676767.67676768       2.924727290160928E-005
   61983.4710743802       -2424242.42424242       3.199351045281148E-005
   61983.4710743802       -2171717.17171717       3.503276935261839E-005
   61983.4710743802       -1919191.91919192       3.840412993756232E-005
   61983.4710743802       -1666666.66666667       4.215950107260808E-005
   61983.4710743802       -1414141.41414141       4.634394061016718E-005
   61983.4710743802       -1161616.16161616       5.095018904777420E-005
   61983.4710743802       -909090.909090910       5.586096588081750E-005
   61983.4710743802       -656565.656565657       6.081496368095124E-005
   61983.4710743802       -404040.404040404       6.543362825158329E-005
   61983.4710743802       -151515.151515152       6.931653640784555E-005
   61983.4710743802        101010.101010101       7.217137854321450E-005
   61983.4710743802        353535.353535354       7.391878526731762E-005
   61983.4710743802        606060.606060605       7.471968275672650E-005
   61983.4710743802        858585.858585859       7.491010248591553E-005
   61983.4710743802        1111111.11111111       7.487491341340097E-005
   61983.4710743802        1363636.36363636       7.492161605110036E-005
   61983.4710743802        1616161.61616162       7.521038220858305E-005
   61983.4710743802        1868686.86868687       7.575935877157011E-005
   61983.4710743802        2121212.12121212       7.650025661509003E-005
   61983.4710743802        2373737.37373737       7.734016766217742E-005
   61983.4710743802        2626262.62626263       7.819981332931923E-005
   61983.4710743802        2878787.87878788       7.902454899890888E-005
   61983.4710743802        3131313.13131313       7.977919083245276E-005
   61983.4710743802        3383838.38383838       8.043771531398714E-005
   61983.4710743802        3636363.63636364       8.097309310887658E-005
   61983.4710743802        3888888.88888889       8.134804569658009E-005
   61983.4710743802        4141414.14141414       8.150597037729244E-005
   61983.4710743802        4393939.39393939       8.136182243422307E-005
   61983.4710743802        4646464.64646465       8.079458539321377E-005
   61983.4710743802        4898989.89898990       7.964566568436976E-005
   61983.4710743802        5151515.15151515       7.773001569926527E-005
   61983.4710743802        5404040.40404040       7.486628809932171E-005
   61983.4710743802        5656565.65656566       7.092551216274970E-005
   61983.4710743802        5909090.90909091       6.588499028520057E-005
   61983.4710743802        6161616.16161616       5.986340989966312E-005
   61983.4710743802        6414141.41414141       5.311619286933339E-005
   61983.4710743802        6666666.66666667       4.598918914813134E-005
   61983.4710743802        6919191.91919192       3.885063843197583E-005
   61983.4710743802        7171717.17171717       3.202903132969464E-005
   61983.4710743802        7424242.42424243       2.577489172665008E-005
   61983.4710743802        7676767.67676768       2.024873045746737E-005
   61983.4710743802        7929292.92929293       1.552729679636471E-005
   61983.4710743802        8181818.18181818       1.161866726204375E-005
   61983.4710743802        8434343.43434343       8.479753554565716E-006
   61983.4710743802        8686868.68686869       6.033134096482591E-006
   61983.4710743802        8939393.93939394       4.181981602079568E-006
   61983.4710743802        9191919.19191919       2.822529326210391E-006
   61983.4710743802        9444444.44444444       1.853731546834275E-006
   61983.4710743802        9696969.69696970       1.183972273469606E-006
   61983.4710743802        9949494.94949495       7.349486004863775E-007
   61983.4710743802        10202020.2020202       4.431264322800234E-007
   61983.4710743802        10454545.4545455       2.593509503959757E-007
   61983.4710743802        10707070.7070707       1.472553453269609E-007
   61983.4710743802        10959595.9595960       8.106056337459805E-008
   61983.4710743802        11212121.2121212       4.323482800183647E-008
   61983.4710743802        11464646.4646465       2.232905177961527E-008
   61983.4710743802        11717171.7171717       1.115938440418285E-008
   61983.4710743802        11969696.9696970       5.393290857332799E-009
   61983.4710743802        12222222.2222222       2.518840383901084E-009
   61983.4710743802        12474747.4747475       1.135869845943081E-009
   61983.4710743802        12727272.7272727       4.940811136266223E-010
   61983.4710743802        12979797.9797980       2.070049373493224E-010
   61983.4710743802        13232323.2323232       8.333372778303039E-011
   61983.4710743802        13484848.4848485       3.208273021844809E-011
   61983.4710743802        13737373.7373737       1.169129814696354E-011
   61983.4710743802        13989898.9898990       3.932727885009149E-012
   61983.4710743802        14242424.2424242       1.135550556803397E-012
   61983.4710743802        14494949.4949495       2.001969100740376E-013
   61983.4710743802        14747474.7474747      -7.464326750865130E-014
   61983.4710743802        15000000.0000000       0.000000000000000E+000
   92592.5925925926       -10000000.0000000       0.000000000000000E+000
   92592.5925925926       -9747474.74747475       5.673873702965330E-009
   92592.5925925926       -9494949.49494950       1.774477493038457E-008
   92592.5925925926       -9242424.24242424       3.999963089145199E-008
   92592.5925925926       -8989898.98989899       7.820121079858252E-008
   92592.5925925926       -8737373.73737374       1.406404462854064E-007
   92592.5925925926       -8484848.48484848       2.386745691912224E-007
   92592.5925925926       -8232323.23232323       3.871281426833592E-007
   92592.5925925926       -7979797.97979798       6.043941667011661E-007
   92592.5925925926       -7727272.72727273       9.120501755990017E-007
   92592.5925925926       -7474747.47474748       1.333797461190782E-006
   92592.5925925926       -7222222.22222222       1.893545558561093E-006
   92592.5925925926       -6969696.96969697       2.612515672397714E-006
   92592.5925925926       -6717171.71717172       3.505380938199388E-006
   92592.5925925926       -6464646.46464646       4.575805364438447E-006
   92592.5925925926       -6212121.21212121       5.812375852843491E-006
   92592.5925925926       -5959595.95959596       7.186701885241124E-006
   92592.5925925926       -5707070.70707071       8.655790127796484E-006
   92592.5925925926       -5454545.45454546       1.016982548013330E-005
   92592.5925925926       -5202020.20202020       1.168398316997475E-005
   92592.5925925926       -4949494.94949495       1.317018827122300E-005
   92592.5925925926       -4696969.69696970       1.462409837624402E-005
   92592.5925925926       -4444444.44444444       1.606495000588660E-005
   92592.5925925926       -4191919.19191919       1.752954383478908E-005
   92592.5925925926       -3939393.93939394       1.906381006043499E-005
   92592.5925925926       -3686868.68686869       2.071508489486664E-005
   92592.5925925926       -3434343.43434343       2.252661842206994E-005
   92592.5925925926       -3181818.18181818       2.453452849717831E-005
   92592.5925925926       -2929292.92929293       2.676704696346117E-005
   92592.5925925926       -2676767.67676768       2.924619035906573E-005
   92592.5925925926       -2424242.42424242       3.199229758138327E-005
   92592.5925925926       -2171717.17171717       3.503133895161575E-005
   92592.5925925926       -1919191.91919192       3.840231296555292E-005
   92592.5925925926       -1666666.66666667       4.215700053899080E-005
   92592.5925925926       -1414141.41414141       4.634030904468528E-005
   92592.5925925926       -1161616.16161616       5.094487838856950E-005
   92592.5925925926       -909090.909090910       5.585348301517190E-005
   92592.5925925926       -656565.656565657       6.080510239223483E-005
   92592.5925925926       -404040.404040404       6.542167496901638E-005
   92592.5925925926       -151515.151515152       6.930332492109526E-005
   92592.5925925926        101010.101010101       7.215812779571788E-005
   92592.5925925926        353535.353535354       7.390676519958266E-005
   92592.5925925926        606060.606060605       7.470984910953323E-005
   92592.5925925926        858585.858585859       7.490286250887423E-005
   92592.5925925926        1111111.11111111       7.487011491930402E-005
   92592.5925925926        1363636.36363636       7.491873277640164E-005
   92592.5925925926        1616161.61616162       7.520877396851688E-005
   92592.5925925926        1868686.86868687       7.575847490228276E-005
   92592.5925925926        2121212.12121212       7.649972072995311E-005
   92592.5925925926        2373737.37373737       7.733976466234673E-005
   92592.5925925926        2626262.62626263       7.819943536265692E-005
   92592.5925925926        2878787.87878788       7.902414369547576E-005
   92592.5925925926        3131313.13131313       7.977872740729599E-005
   92592.5925925926        3383838.38383838       8.043716665113549E-005
   92592.5925925926        3636363.63636364       8.097242724725270E-005
   92592.5925925926        3888888.88888889       8.134722172868247E-005
   92592.5925925926        4141414.14141414       8.150493659478964E-005
   92592.5925925926        4393939.39393939       8.136051687463280E-005
   92592.5925925926        4646464.64646465       8.079294064377596E-005
   92592.5925925926        4898989.89898990       7.964362070596717E-005
   92592.5925925926        5151515.15151515       7.772753651276319E-005
   92592.5925925926        5404040.40404040       7.486339500144761E-005
   92592.5925925926        5656565.65656566       7.092230402874532E-005
   92592.5925925926        5909090.90909091       6.588165099783660E-005
   92592.5925925926        6161616.16161616       5.986018517813871E-005
   92592.5925925926        6414141.41414141       5.311333990520720E-005
   92592.5925925926        6666666.66666667       4.598691775747669E-005
   92592.5925925926        6919191.91919192       3.884906773161144E-005
   92592.5925925926        7171717.17171717       3.202817626232843E-005
   92592.5925925926        7424242.42424243       2.577467793154048E-005
   92592.5925925926        7676767.67676768       2.024902543391864E-005
   92592.5925925926        7929292.92929293       1.552794399060383E-005
   92592.5925925926        8181818.18181818       1.161951419485741E-005
   92592.5925925926        8434343.43434343       8.480670463414380E-006
   92592.5925925926        8686868.68686869       6.034023212777498E-006
   92592.5925925926        8939393.93939394       4.182778912452522E-006
   92592.5925925926        9191919.19191919       2.823201173417640E-006
   92592.5925925926        9444444.44444444       1.854268332083123E-006
   92592.5925925926        9696969.69696970       1.184381152444675E-006
   92592.5925925926        9949494.94949495       7.352465667668226E-007
   92592.5925925926        10202020.2020202       4.433346458764437E-007
   92592.5925925926        10454545.4545455       2.594906764710758E-007
   92592.5925925926        10707070.7070707       1.473454826465929E-007
   92592.5925925926        10959595.9595960       8.111649620857110E-008
   92592.5925925926        11212121.2121212       4.326822657526678E-008
   92592.5925925926        11464646.4646465       2.234824592080990E-008
   92592.5925925926        11717171.7171717       1.117000151843504E-008
   92592.5925925926        11969696.9696970       5.398942939715022E-009
   92592.5925925926        12222222.2222222       2.521735723555436E-009
   92592.5925925926        12474747.4747475       1.137296650048437E-009
   92592.5925925926        12727272.7272727       4.947572599407721E-010
   92592.5925925926        12979797.9797980       2.073128962986238E-010
   92592.5925925926        13232323.2323232       8.346841856538612E-011
   92592.5925925926        13484848.4848485       3.213920413373133E-011
   92592.5925925926        13737373.7373737       1.171391403252588E-011
   92592.5925925926        13989898.9898990       3.941298859701838E-012
   92592.5925925926        14242424.2424242       1.138546884532172E-012
   92592.5925925926        14494949.4949495       2.010830723458704E-013
   92592.5925925926        14747474.7474747      -7.451431193957995E-014
   92592.5925925926        15000000.0000000       0.000000000000000E+000
   129323.538414448       -10000000.0000000       0.000000000000000E+000
   129323.538414448       -9747474.74747475       5.681311108315793E-009
   129323.538414448       -9494949.49494950       1.776015175912267E-008
   129323.538414448       -9242424.24242424       4.002447514016413E-008
   129323.538414448       -8989898.98989899       7.823713241270900E-008
   129323.538414448       -8737373.73737374       1.406881850906512E-007
   129323.538414448       -8484848.48484848       2.387326869558047E-007
   129323.538414448       -8232323.23232323       3.871912695135885E-007
   129323.538414448       -7979797.97979798       6.044508947438046E-007
   129323.538414448       -7727272.72727273       9.120809004829519E-007
   129323.538414448       -7474747.47474748       1.333772731379969E-006
   129323.538414448       -7222222.22222222       1.893425781606705E-006
   129323.538414448       -6969696.96969697       2.612253252790718E-006
   129323.538414448       -6717171.71717172       3.504925863330418E-006
   129323.538414448       -6464646.46464646       4.575114548095235E-006
   129323.538414448       -6212121.21212121       5.811424885482535E-006
   129323.538414448       -5959595.95959596       7.185495527784511E-006
   129323.538414448       -5707070.70707071       8.654366347868457E-006
   129323.538414448       -5454545.45454546       1.016824911174987E-005
   129323.538414448       -5202020.20202020       1.168232998548211E-005
   129323.538414448       -4949494.94949495       1.316852573809105E-005
   129323.538414448       -4696969.69696970       1.462247125380526E-005
   129323.538414448       -4444444.44444444       1.606337553548226E-005
   129323.538414448       -4191919.19191919       1.752801561265825E-005
   129323.538414448       -3939393.93939394       1.906230615014790E-005
   129323.538414448       -3686868.68686869       2.071357580181421E-005
   129323.538414448       -3434343.43434343       2.252507250636051E-005
   129323.538414448       -3181818.18181818       2.453291399079261E-005
   129323.538414448       -2929292.92929293       2.676532984950419E-005
   129323.538414448       -2676767.67676768       2.924432571105711E-005
   129323.538414448       -2424242.42424242       3.199020876747172E-005
   129323.538414448       -2171717.17171717       3.502887618796541E-005
   129323.538414448       -1919191.91919192       3.839918597641331E-005
   129323.538414448       -1666666.66666667       4.215269944177007E-005
   129323.538414448       -1414141.41414141       4.633406573991972E-005
   129323.538414448       -1161616.16161616       5.093575226076048E-005
   129323.538414448       -909090.909090910       5.584062793595557E-005
   129323.538414448       -656565.656565657       6.078816479630937E-005
   129323.538414448       -404040.404040404       6.540114691770552E-005
   129323.538414448       -151515.151515152       6.928063793006155E-005
   129323.538414448        101010.101010101       7.213537436863819E-005
   129323.538414448        353535.353535354       7.388612526139679E-005
   129323.538414448        606060.606060605       7.469296319231744E-005
   129323.538414448        858585.858585859       7.489042963546656E-005
   129323.538414448        1111111.11111111       7.486187382056143E-005
   129323.538414448        1363636.36363636       7.491378002599355E-005
   129323.538414448        1616161.61616162       7.520601051005333E-005
   129323.538414448        1868686.86868687       7.575695528166219E-005
   129323.538414448        2121212.12121212       7.649879863997055E-005
   129323.538414448        2373737.37373737       7.733907069063167E-005
   129323.538414448        2626262.62626263       7.819878423374084E-005
   129323.538414448        2878787.87878788       7.902344539382766E-005
   129323.538414448        3131313.13131313       7.977792896452804E-005
   129323.538414448        3383838.38383838       8.043622137016433E-005
   129323.538414448        3636363.63636364       8.097128007085897E-005
   129323.538414448        3888888.88888889       8.134580218753775E-005
   129323.538414448        4141414.14141414       8.150315561926585E-005
   129323.538414448        4393939.39393939       8.135826774242451E-005
   129323.538414448        4646464.64646465       8.079010726254137E-005
   129323.538414448        4898989.89898990       7.964009798872329E-005
   129323.538414448        5151515.15151515       7.772326601422156E-005
   129323.538414448        5404040.40404040       7.485841178817147E-005
   129323.538414448        5656565.65656566       7.091677851122999E-005
   129323.538414448        5909090.90909091       6.587589996017081E-005
   129323.538414448        6161616.16161616       5.985463182764589E-005
   129323.538414448        6414141.41414141       5.310842711466892E-005
   129323.538414448        6666666.66666667       4.598300673610292E-005
   129323.538414448        6919191.91919192       3.884636346089508E-005
   129323.538414448        7171717.17171717       3.202670434024895E-005
   129323.538414448        7424242.42424243       2.577431021339243E-005
   129323.538414448        7676767.67676768       2.024953370655113E-005
   129323.538414448        7929292.92929293       1.552905866277328E-005
   129323.538414448        8181818.18181818       1.162097271769561E-005
   129323.538414448        8434343.43434343       8.482249416833144E-006
   129323.538414448        8686868.68686869       6.035554269737244E-006
   129323.538414448        8939393.93939394       4.184151865682164E-006
   129323.538414448        9191919.19191919       2.824358080177648E-006
   129323.538414448        9444444.44444444       1.855192670349040E-006
   129323.538414448        9696969.69696970       1.185085245617551E-006
   129323.538414448        9949494.94949495       7.357596757677592E-007
   129323.538414448        10202020.2020202       4.436932049596714E-007
   129323.538414448        10454545.4545455       2.597313010989108E-007
   129323.538414448        10707070.7070707       1.475007141925762E-007
   129323.538414448        10959595.9595960       8.121282510622307E-008
   129323.538414448        11212121.2121212       4.332574854587609E-008
   129323.538414448        11464646.4646465       2.238130511117951E-008
   129323.538414448        11717171.7171717       1.118828880616585E-008
   129323.538414448        11969696.9696970       5.408678750800544E-009
   129323.538414448        12222222.2222222       2.526723254155930E-009
   129323.538414448        12474747.4747475       1.139754607421828E-009
   129323.538414448        12727272.7272727       4.959221264696688E-010
   129323.538414448        12979797.9797980       2.078434817846885E-010
   129323.538414448        13232323.2323232       8.370049397789018E-011
   129323.538414448        13484848.4848485       3.223651689760268E-011
   129323.538414448        13737373.7373737       1.175288748322616E-011
   129323.538414448        13989898.9898990       3.956070329457584E-012
   129323.538414448        14242424.2424242       1.143711436662719E-012
   129323.538414448        14494949.4949495       2.026107981070986E-013
   129323.538414448        14747474.7474747      -7.429176716300195E-014
   129323.538414448        15000000.0000000       0.000000000000000E+000
   172176.308539945       -10000000.0000000       0.000000000000000E+000
   172176.308539945       -9747474.74747475       5.693079561611952E-009
   172176.308539945       -9494949.49494950       1.778448688566775E-008
   172176.308539945       -9242424.24242424       4.006379386137153E-008
   172176.308539945       -8989898.98989899       7.829397965780886E-008
   172176.308539945       -8737373.73737374       1.407637269144354E-007
   172176.308539945       -8484848.48484848       2.388246399443391E-007
   172176.308539945       -8232323.23232323       3.872911247049884E-007
   172176.308539945       -7979797.97979798       6.045405831954516E-007
   172176.308539945       -7727272.72727273       9.121293758413066E-007
   172176.308539945       -7474747.47474748       1.333733355805641E-006
   172176.308539945       -7222222.22222222       1.893235858518823E-006
   172176.308539945       -6969696.96969697       2.611837407437787E-006
   172176.308539945       -6717171.71717172       3.504204881010694E-006
   172176.308539945       -6464646.46464646       4.574020162369559E-006
   172176.308539945       -6212121.21212121       5.809918382582751E-006
   172176.308539945       -5959595.95959596       7.183584372508369E-006
   172176.308539945       -5707070.70707071       8.652110596807777E-006
   172176.308539945       -5454545.45454546       1.016575140042836E-005
   172176.308539945       -5202020.20202020       1.167971032302189E-005
   172176.308539945       -4949494.94949495       1.316589103001386E-005
   172176.308539945       -4696969.69696970       1.461989246901658E-005
   172176.308539945       -4444444.44444444       1.606088006006363E-005
   172176.308539945       -4191919.19191919       1.752559336390567E-005
   172176.308539945       -3939393.93939394       1.905992241998164E-005
   172176.308539945       -3686868.68686869       2.071118389314846E-005
   172176.308539945       -3434343.43434343       2.252262231797754E-005
   172176.308539945       -3181818.18181818       2.453035522788443E-005
   172176.308539945       -2929292.92929293       2.676260869188683E-005
   172176.308539945       -2676767.67676768       2.924137115854937E-005
   172176.308539945       -2424242.42424242       3.198689985252003E-005
   172176.308539945       -2171717.17171717       3.502497665133047E-005
   172176.308539945       -1919191.91919192       3.839423817586972E-005
   172176.308539945       -1666666.66666667       4.214589978083190E-005
   172176.308539945       -1414141.41414141       4.632420400002139E-005
   172176.308539945       -1161616.16161616       5.092134680251688E-005
   172176.308539945       -909090.909090910       5.582034642026193E-005
   172176.308539945       -656565.656565657       6.076145121347251E-005
   172176.308539945       -404040.404040404       6.536877758075035E-005
   172176.308539945       -151515.151515152       6.924486907127828E-005
   172176.308539945        101010.101010101       7.209950330368824E-005
   172176.308539945        353535.353535354       7.385358674457477E-005
   172176.308539945        606060.606060605       7.466634196338012E-005
   172176.308539945        858585.858585859       7.487082698311534E-005
   172176.308539945        1111111.11111111       7.484887800223324E-005
   172176.308539945        1363636.36363636       7.490596740831841E-005
   172176.308539945        1616161.61616162       7.520164901718484E-005
   172176.308539945        1868686.86868687       7.575455468884025E-005
   172176.308539945        2121212.12121212       7.649734004188931E-005
   172176.308539945        2373737.37373737       7.733797155682435E-005
   172176.308539945        2626262.62626263       7.819775227351560E-005
   172176.308539945        2878787.87878788       7.902233846671219E-005
   172176.308539945        3131313.13131313       7.977666329045341E-005
   172176.308539945        3383838.38383838       8.043472298125936E-005
   172176.308539945        3636363.63636364       8.096946171499088E-005
   172176.308539945        3888888.88888889       8.134355218644588E-005
   172176.308539945        4141414.14141414       8.150033283227199E-005
   172176.308539945        4393939.39393939       8.135470308344465E-005
   172176.308539945        4646464.64646465       8.078561684500847E-005
   172176.308539945        4898989.89898990       7.963451543396766E-005
   172176.308539945        5151515.15151515       7.771649892972863E-005
   172176.308539945        5404040.40404040       7.485051601190685E-005
   172176.308539945        5656565.65656566       7.090802432094755E-005
   172176.308539945        5909090.90909091       6.586678943567022E-005
   172176.308539945        6161616.16161616       5.984583544862124E-005
   172176.308539945        6414141.41414141       5.310064627394906E-005
   172176.308539945        6666666.66666667       4.597681327289913E-005
   172176.308539945        6919191.91919192       3.884208166821097E-005
   172176.308539945        7171717.17171717       3.202437441481179E-005
   172176.308539945        7424242.42424243       2.577372895242746E-005
   172176.308539945        7676767.67676768       2.025033954467533E-005
   172176.308539945        7929292.92929293       1.553082460693877E-005
   172176.308539945        8181818.18181818       1.162328299581228E-005
   172176.308539945        8434343.43434343       8.484750256544354E-006
   172176.308539945        8686868.68686869       6.037979153624387E-006
   172176.308539945        8939393.93939394       4.186326308975373E-006
   172176.308539945        9191919.19191919       2.826190352082539E-006
   172176.308539945        9444444.44444444       1.856656621633680E-006
   172176.308539945        9696969.69696970       1.186200397452818E-006
   172176.308539945        9949494.94949495       7.365723663363374E-007
   172176.308539945        10202020.2020202       4.442611303062195E-007
   172176.308539945        10454545.4545455       2.601124446233116E-007
   172176.308539945        10707070.7070707       1.477466089501988E-007
   172176.308539945        10959595.9595960       8.136542332472516E-008
   172176.308539945        11212121.2121212       4.341687677083250E-008
   172176.308539945        11464646.4646465       2.243368207152539E-008
   172176.308539945        11717171.7171717       1.121726416979256E-008
   172176.308539945        11969696.9696970       5.424105904839908E-009
   172176.308539945        12222222.2222222       2.534627052779538E-009
   172176.308539945        12474747.4747475       1.143650112485651E-009
   172176.308539945        12727272.7272727       4.977684476188576E-010
   172176.308539945        12979797.9797980       2.086845489102284E-010
   172176.308539945        13232323.2323232       8.406841224651964E-011
   172176.308539945        13484848.4848485       3.239080843851475E-011
   172176.308539945        13737373.7373737       1.181468850549176E-011
   172176.308539945        13989898.9898990       3.979497129302357E-012
   172176.308539945        14242424.2424242       1.151903689446360E-012
   172176.308539945        14494949.4949495       2.050349567055504E-013
   172176.308539945        14747474.7474747      -7.393804807578395E-014
   172176.308539945        15000000.0000000       0.000000000000000E+000
   221150.902969085       -10000000.0000000       0.000000000000000E+000
   221150.902969085       -9747474.74747475       5.710579461206713E-009
   221150.902969085       -9494949.49494950       1.782068240191249E-008
   221150.902969085       -9242424.24242424       4.012227699961543E-008
   221150.902969085       -8989898.98989899       7.837852898016332E-008
   221150.902969085       -8737373.73737374       1.408760658883677E-007
   221150.902969085       -8484848.48484848       2.389613556542495E-007
   221150.902969085       -8232323.23232323       3.874395368319455E-007
   221150.902969085       -7979797.97979798       6.046737820903920E-007
   221150.902969085       -7727272.72727273       9.122011364921444E-007
   221150.902969085       -7474747.47474748       1.333674245663003E-006
   221150.902969085       -7222222.22222222       1.892952537122030E-006
   221150.902969085       -6969696.96969697       2.611217648340861E-006
   221150.902969085       -6717171.71717172       3.503130712952984E-006
   221150.902969085       -6464646.46464646       4.572389867990538E-006
   221150.902969085       -6212121.21212121       5.807674189774782E-006
   221150.902969085       -5959595.95959596       7.180737225606091E-006
   221150.902969085       -5707070.70707071       8.648749753528506E-006
   221150.902969085       -5454545.45454546       1.016202958720795E-005
   221150.902969085       -5202020.20202020       1.167580625015310E-005
   221150.902969085       -4949494.94949495       1.316196400785782E-005
   221150.902969085       -4696969.69696970       1.461604835884207E-005
   221150.902969085       -4444444.44444444       1.605715982340826E-005
   221150.902969085       -4191919.19191919       1.752198212195248E-005
   221150.902969085       -3939393.93939394       1.905636856740623E-005
   221150.902969085       -3686868.68686869       2.070761792967908E-005
   221150.902969085       -3434343.43434343       2.251896965941542E-005
   221150.902969085       -3181818.18181818       2.452654102274743E-005
   221150.902969085       -2929292.92929293       2.675855292112452E-005
   221150.902969085       -2676767.67676768       2.923696844251196E-005
   221150.902969085       -2424242.42424242       3.198197096252948E-005
   221150.902969085       -2171717.17171717       3.501917195260092E-005
   221150.902969085       -1919191.91919192       3.838688091064603E-005
   221150.902969085       -1666666.66666667       4.213580221377486E-005
   221150.902969085       -1414141.41414141       4.630957816400468E-005
   221150.902969085       -1161616.16161616       5.090000463135635E-005
   221150.902969085       -909090.909090910       5.579032138937984E-005
   221150.902969085       -656565.656565657       6.072192430102517E-005
   221150.902969085       -404040.404040404       6.532089801904054E-005
   221150.902969085       -151515.151515152       6.919197186066701E-005
   221150.902969085        101010.101010101       7.204646068954346E-005
   221150.902969085        353535.353535354       7.380547333825900E-005
   221150.902969085        606060.606060605       7.462697624543870E-005
   221150.902969085        858585.858585859       7.484183578322226E-005
   221150.902969085        1111111.11111111       7.482965282467592E-005
   221150.902969085        1363636.36363636       7.489440455291953E-005
   221150.902969085        1616161.61616162       7.519518862068469E-005
   221150.902969085        1868686.86868687       7.575099382225741E-005
   221150.902969085        2121212.12121212       7.649517206155625E-005
   221150.902969085        2373737.37373737       7.733633473980725E-005
   221150.902969085        2626262.62626263       7.819621395157862E-005
   221150.902969085        2878787.87878788       7.902068793483007E-005
   221150.902969085        3131313.13131313       7.977477603947106E-005
   221150.902969085        3383838.38383838       8.043248884226948E-005
   221150.902969085        3636363.63636364       8.096675063900286E-005
   221150.902969085        3888888.88888889       8.134019771377198E-005
   221150.902969085        4141414.14141414       8.149612462268170E-005
   221150.902969085        4393939.39393939       8.134938921196140E-005
   221150.902969085        4646464.64646465       8.077892343749005E-005
   221150.902969085        4898989.89898990       7.962619486435078E-005
   221150.902969085        5151515.15151515       7.770641400823169E-005
   221150.902969085        5404040.40404040       7.483875056973671E-005
   221150.902969085        5656565.65656566       7.089498170311316E-005
   221150.902969085        5909090.90909091       6.585321811316027E-005
   221150.902969085        6161616.16161616       5.983273431200352E-005
   221150.902969085        6414141.41414141       5.308905971740778E-005
   221150.902969085        6666666.66666667       4.596759228098418E-005
   221150.902969085        6919191.91919192       3.883570834254422E-005
   221150.902969085        7171717.17171717       3.202090782852294E-005
   221150.902969085        7424242.42424243       2.577286594988649E-005
   221150.902969085        7676767.67676768       2.025154143459041E-005
   221150.902969085        7929292.92929293       1.553345551107974E-005
   221150.902969085        8181818.18181818       1.162672389802148E-005
   221150.902969085        8434343.43434343       8.488474528494600E-006
   221150.902969085        8686868.68686869       6.041590097085090E-006
   221150.902969085        8939393.93939394       4.189564234085274E-006
   221150.902969085        9191919.19191919       2.828918748589834E-006
   221150.902969085        9444444.44444444       1.858836591662901E-006
   221150.902969085        9696969.69696970       1.187861018015472E-006
   221150.902969085        9949494.94949495       7.377826287206326E-007
   221150.902969085        10202020.2020202       4.451069316798069E-007
   221150.902969085        10454545.4545455       2.606801108947617E-007
   221150.902969085        10707070.7070707       1.481128656699015E-007
   221150.902969085        10959595.9595960       8.159273503178792E-008
   221150.902969085        11212121.2121212       4.355263475138815E-008
   221150.902969085        11464646.4646465       2.251171841140272E-008
   221150.902969085        11717171.7171717       1.126043929393267E-008
   221150.902969085        11969696.9696970       5.447096092600983E-009
   221150.902969085        12222222.2222222       2.546407137972302E-009
   221150.902969085        12474747.4747475       1.149456901326128E-009
   221150.902969085        12727272.7272727       5.005210471689232E-010
   221150.902969085        12979797.9797980       2.099386538490044E-010
   221150.902969085        13232323.2323232       8.461710109501029E-011
   221150.902969085        13484848.4848485       3.262094904970089E-011
   221150.902969085        13737373.7373737       1.190688828211713E-011
   221150.902969085        13989898.9898990       4.014454790246026E-012
   221150.902969085        14242424.2424242       1.164131727646180E-012
   221150.902969085        14494949.4949495       2.086551781576964E-013
   221150.902969085        14747474.7474747      -7.340846499552386E-014
   221150.902969085        15000000.0000000       0.000000000000000E+000
   276247.321701867       -10000000.0000000       0.000000000000000E+000
   276247.321701867       -9747474.74747475       5.735381087234495E-009
   276247.321701867       -9494949.49494950       1.787199821326345E-008
   276247.321701867       -9242424.24242424       4.020519361931143E-008
   276247.321701867       -8989898.98989899       7.849838958129817E-008
   276247.321701867       -8737373.73737374       1.410352913984005E-007
   276247.321701867       -8484848.48484848       2.391550731221099E-007
   276247.321701867       -8232323.23232323       3.876497187040948E-007
   276247.321701867       -7979797.97979798       6.048622066068255E-007
   276247.321701867       -7727272.72727273       9.123021707868017E-007
   276247.321701867       -7474747.47474748       1.333589319332117E-006
   276247.321701867       -7222222.22222222       1.892549138217130E-006
   276247.321701867       -6969696.96969697       2.610336430323018E-006
   276247.321701867       -6717171.71717172       3.501604116045796E-006
   276247.321701867       -6464646.46464646       4.570073313967145E-006
   276247.321701867       -6212121.21212121       5.804485381359362E-006
   276247.321701867       -5959595.95959596       7.176691352373896E-006
   276247.321701867       -5707070.70707071       8.643973217288505E-006
   276247.321701867       -5454545.45454546       1.015673905547452E-005
   276247.321701867       -5202020.20202020       1.167025552280261E-005
   276247.321701867       -4949494.94949495       1.315637956645457E-005
   276247.321701867       -4696969.69696970       1.461058091297381E-005
   276247.321701867       -4444444.44444444       1.605186791622222E-005
   276247.321701867       -4191919.19191919       1.751684490267891E-005
   276247.321701867       -3939393.93939394       1.905131291195252E-005
   276247.321701867       -3686868.68686869       2.070254521396721E-005
   276247.321701867       -3434343.43434343       2.251377400864642E-005
   276247.321701867       -3181818.18181818       2.452111622504747E-005
   276247.321701867       -2929292.92929293       2.675278559318081E-005
   276247.321701867       -2676767.67676768       2.923070963811935E-005
   276247.321701867       -2424242.42424242       3.197496799494872E-005
   276247.321701867       -2171717.17171717       3.501093273014973E-005
   276247.321701867       -1919191.91919192       3.837645394800840E-005
   276247.321701867       -1666666.66666667       4.212151887719694E-005
   276247.321701867       -1414141.41414141       4.628892812539680E-005
   276247.321701867       -1161616.16161616       5.086991765144747E-005
   276247.321701867       -909090.909090910       5.574804025823796E-005
   276247.321701867       -656565.656565657       6.066630406872126E-005
   276247.321701867       -404040.404040404       6.525355696519004E-005
   276247.321701867       -151515.151515152       6.911759576192395E-005
   276247.321701867        101010.101010101       7.197189189449786E-005
   276247.321701867        353535.353535354       7.373783691896786E-005
   276247.321701867        606060.606060605       7.457163299858343E-005
   276247.321701867        858585.858585859       7.480106939090931E-005
   276247.321701867        1111111.11111111       7.480260857713322E-005
   276247.321701867        1363636.36363636       7.487812794475044E-005
   276247.321701867        1616161.61616162       7.518608371221217E-005
   276247.321701867        1868686.86868687       7.574596504399574E-005
   276247.321701867        2121212.12121212       7.649210135851313E-005
   276247.321701867        2373737.37373737       7.733400999228356E-005
   276247.321701867        2626262.62626263       7.819402596347455E-005
   276247.321701867        2878787.87878788       7.901833942014787E-005
   276247.321701867        3131313.13131313       7.977209068009730E-005
   276247.321701867        3383838.38383838       8.042931013353223E-005
   276247.321701867        3636363.63636364       8.096289364338553E-005
   276247.321701867        3888888.88888889       8.133542570892763E-005
   276247.321701867        4141414.14141414       8.149013855409499E-005
   276247.321701867        4393939.39393939       8.134183102908686E-005
   276247.321701867        4646464.64646465       8.076940410542231E-005
   276247.321701867        4898989.89898990       7.961436298876116E-005
   276247.321701867        5151515.15151515       7.769207557086630E-005
   276247.321701867        5404040.40404040       7.482202602850750E-005
   276247.321701867        5656565.65656566       7.087644565859701E-005
   276247.321701867        5909090.90909091       6.583393518241187E-005
   276247.321701867        6161616.16161616       5.981412402813373E-005
   276247.321701867        6414141.41414141       5.307260514478764E-005
   276247.321701867        6666666.66666667       4.595450080771724E-005
   276247.321701867        6919191.91919192       3.882666295957040E-005
   276247.321701867        7171717.17171717       3.201599081470620E-005
   276247.321701867        7424242.42424243       2.577164562239461E-005
   276247.321701867        7676767.67676768       2.025325220122393E-005
   276247.321701867        7929292.92929293       1.553719425846262E-005
   276247.321701867        8181818.18181818       1.163161177321427E-005
   276247.321701867        8434343.43434343       8.493764012057365E-006
   276247.321701867        8686868.68686869       6.046718183633431E-006
   276247.321701867        8939393.93939394       4.194162409956374E-006
   276247.321701867        9191919.19191919       2.832793328947437E-006
   276247.321701867        9444444.44444444       1.861932420579775E-006
   276247.321701867        9696969.69696970       1.190219404727520E-006
   276247.321701867        9949494.94949495       7.395015268276119E-007
   276247.321701867        10202020.2020202       4.463082886726450E-007
   276247.321701867        10454545.4545455       2.614864849136608E-007
   276247.321701867        10707070.7070707       1.486331911667353E-007
   276247.321701867        10959595.9595960       8.191570600091510E-008
   276247.321701867        11212121.2121212       4.374554938480027E-008
   276247.321701867        11464646.4646465       2.262262583877799E-008
   276247.321701867        11717171.7171717       1.132181082948985E-008
   276247.321701867        11969696.9696970       5.479781297033389E-009
   276247.321701867        12222222.2222222       2.563158031798310E-009
   276247.321701867        12474747.4747475       1.157715606992972E-009
   276247.321701867        12727272.7272727       5.044367607939839E-010
   276247.321701867        12979797.9797980       2.117230830593017E-010
   276247.321701867        13232323.2323232       8.539800050367751E-011
   276247.321701867        13484848.4848485       3.294857075189874E-011
   276247.321701867        13737373.7373737       1.203817759270057E-011
   276247.321701867        13989898.9898990       4.064249069014677E-012
   276247.321701867        14242424.2424242       1.181556738308455E-012
   276247.321701867        14494949.4949495       2.138177940747860E-013
   276247.321701867        14747474.7474747      -7.265049511658620E-014
   276247.321701867        15000000.0000000       0.000000000000000E+000
   337465.564738292       -10000000.0000000       0.000000000000000E+000
   337465.564738292       -9747474.74747475       5.769202244086872E-009
   337465.564738292       -9494949.49494950       1.794200982398427E-008
   337465.564738292       -9242424.24242424       4.031832427196475E-008
   337465.564738292       -8989898.98989899       7.866190267861136E-008
   337465.564738292       -8737373.73737374       1.412524468697245E-007
   337465.564738292       -8484848.48484848       2.394191570176431E-007
   337465.564738292       -8232323.23232323       3.879360395673498E-007
   337465.564738292       -7979797.97979798       6.051184818150094E-007
   337465.564738292       -7727272.72727273       9.124386684632250E-007
   337465.564738292       -7474747.47474748       1.333471302633072E-006
   337465.564738292       -7222222.22222222       1.891995474579105E-006
   337465.564738292       -6969696.96969697       2.609129263414682E-006
   337465.564738292       -6717171.71717172       3.499514253679086E-006
   337465.564738292       -6464646.46464646       4.566902800198773E-006
   337465.564738292       -6212121.21212121       5.800121190373831E-006
   337465.564738292       -5959595.95959596       7.171153585875198E-006
   337465.564738292       -5707070.70707071       8.637434057500114E-006
   337465.564738292       -5454545.45454546       1.014949437634173E-005
   337465.564738292       -5202020.20202020       1.166265241896472E-005
   337465.564738292       -4949494.94949495       1.314872821577544E-005
   337465.564738292       -4696969.69696970       1.460308812574203E-005
   337465.564738292       -4444444.44444444       1.604461446184138E-005
   337465.564738292       -4191919.19191919       1.750980279911068E-005
   337465.564738292       -3939393.93939394       1.904438246871636E-005
   337465.564738292       -3686868.68686869       2.069559170249712E-005
   337465.564738292       -3434343.43434343       2.250665272495914E-005
   337465.564738292       -3181818.18181818       2.451368208318583E-005
   337465.564738292       -2929292.92929293       2.674488401336721E-005
   337465.564738292       -2676767.67676768       2.922213825485468E-005
   337465.564738292       -2424242.42424242       3.196538469815197E-005
   337465.564738292       -2171717.17171717       3.499967286800192E-005
   337465.564738292       -1919191.91919192       3.836223428775166E-005
   337465.564738292       -1666666.66666667       4.210209136139247E-005
   337465.564738292       -1414141.41414141       4.626091367077641E-005
   337465.564738292       -1161616.16161616       5.082918695220468E-005
   337465.564738292       -909090.909090910       5.569088912084182E-005
   337465.564738292       -656565.656565657       6.059120070834015E-005
   337465.564738292       -404040.404040404       6.516268867856936E-005
   337465.564738292       -151515.151515152       6.901727634103565E-005
   337465.564738292        101010.101010101       7.187133471533401E-005
   337465.564738292        353535.353535354       7.364663328026114E-005
   337465.564738292        606060.606060605       7.449699816527091E-005
   337465.564738292        858585.858585859       7.474607663060130E-005
   337465.564738292        1111111.11111111       7.476610672247908E-005
   337465.564738292        1363636.36363636       7.485613836724143E-005
   337465.564738292        1616161.61616162       7.517376250307618E-005
   337465.564738292        1868686.86868687       7.573914036667490E-005
   337465.564738292        2121212.12121212       7.648791703184911E-005
   337465.564738292        2373737.37373737       7.733083015525969E-005
   337465.564738292        2626262.62626263       7.819102732564436E-005
   337465.564738292        2878787.87878788       7.901511905581923E-005
   337465.564738292        3131313.13131313       7.976840839555412E-005
   337465.564738292        3383838.38383838       8.042495179840313E-005
   337465.564738292        3636363.63636364       8.095760586817044E-005
   337465.564738292        3888888.88888889       8.132888414159624E-005
   337465.564738292        4141414.14141414       8.148193357099410E-005
   337465.564738292        4393939.39393939       8.133147244161228E-005
   337465.564738292        4646464.64646465       8.075635970838586E-005
   337465.564738292        4898989.89898990       7.959815274776484E-005
   337465.564738292        5151515.15151515       7.767243570227212E-005
   337465.564738292        5404040.40404040       7.479912394397795E-005
   337465.564738292        5656565.65656566       7.085107057008686E-005
   337465.564738292        5909090.90909091       6.580754621017309E-005
   337465.564738292        6161616.16161616       5.978866429477603E-005
   337465.564738292        6414141.41414141       5.305010257964275E-005
   337465.564738292        6666666.66666667       4.593660442359826E-005
   337465.564738292        6919191.91919192       3.881430362106413E-005
   337465.564738292        7171717.17171717       3.200927797553714E-005
   337465.564738292        7424242.42424243       2.576998673221939E-005
   337465.564738292        7676767.67676768       2.025559918273842E-005
   337465.564738292        7929292.92929293       1.554231191298373E-005
   337465.564738292        8181818.18181818       1.163829867516800E-005
   337465.564738292        8434343.43434343       8.500998586989975E-006
   337465.564738292        8686868.68686869       6.053731179569646E-006
   337465.564738292        8939393.93939394       4.200450401164459E-006
   337465.564738292        9191919.19191919       2.838091780366530E-006
   337465.564738292        9444444.44444444       1.866166063369077E-006
   337465.564738292        9696969.69696970       1.193444760757098E-006
   337465.564738292        9949494.94949495       7.418525071998780E-007
   337465.564738292        10202020.2020202       4.479515893897839E-007
   337465.564738292        10454545.4545455       2.625896405980921E-007
   337465.564738292        10707070.7070707       1.493451247629815E-007
   337465.564738292        10959595.9595960       8.235768378220949E-008
   337465.564738292        11212121.2121212       4.400959741608986E-008
   337465.564738292        11464646.4646465       2.277445922142434E-008
   337465.564738292        11717171.7171717       1.140584780670931E-008
   337465.564738292        11969696.9696970       5.524548425955589E-009
   337465.564738292        12222222.2222222       2.586106745204125E-009
   337465.564738292        12474747.4747475       1.169033154309766E-009
   337465.564738292        12727272.7272727       5.098043451139139E-010
   337465.564738292        12979797.9797980       2.141699067293042E-010
   337465.564738292        13232323.2323232       8.646913021547109E-011
   337465.564738292        13484848.4848485       3.339811538861881E-011
   337465.564738292        13737373.7373737       1.221839471474792E-011
   337465.564738292        13989898.9898990       4.132630282076805E-012
   337465.564738292        14242424.2424242       1.205499736801280E-012
   337465.564738292        14494949.4949495       2.209187293475496E-013
   337465.564738292        14747474.7474747      -7.160270438564620E-014
   337465.564738292        15000000.0000000       0.000000000000000E+000
   404805.632078359       -10000000.0000000       0.000000000000000E+000
   404805.632078359       -9747474.74747475       5.813877068687569E-009
   404805.632078359       -9494949.49494950       1.803454922873401E-008
   404805.632078359       -9242424.24242424       4.046786621164173E-008
   404805.632078359       -8989898.98989899       7.887800027617227E-008
   404805.632078359       -8737373.73737374       1.415393317417955E-007
   404805.632078359       -8484848.48484848       2.397678368494743E-007
   404805.632078359       -8232323.23232323       3.883137053387341E-007
   404805.632078359       -7979797.97979798       6.054557839913458E-007
   404805.632078359       -7727272.72727273       9.126166656286870E-007
   404805.632078359       -7474747.47474748       1.333311446335060E-006
   404805.632078359       -7222222.22222222       1.891257733861155E-006
   404805.632078359       -6969696.96969697       2.607524865959910E-006
   404805.632078359       -6717171.71717172       3.496739211603000E-006
   404805.632078359       -6464646.46464646       4.562694202667215E-006
   404805.632078359       -6212121.21212121       5.794328311347751E-006
   404805.632078359       -5959595.95959596       7.163801884187871E-006
   404805.632078359       -5707070.70707071       8.628750633411973E-006
   404805.632078359       -5454545.45454546       1.013987078599095E-005
   404805.632078359       -5202020.20202020       1.165254892151265E-005
   404805.632078359       -4949494.94949495       1.313855690978844E-005
   404805.632078359       -4696969.69696970       1.459312450199027E-005
   404805.632078359       -4444444.44444444       1.603496688681437E-005
   404805.632078359       -4191919.19191919       1.750043512218140E-005
   404805.632078359       -3939393.93939394       1.903516305756925E-005
   404805.632078359       -3686868.68686869       2.068634216746031E-005
   404805.632078359       -3434343.43434343       2.249718134003492E-005
   404805.632078359       -3181818.18181818       2.450379675237962E-005
   404805.632078359       -2929292.92929293       2.673438060034342E-005
   404805.632078359       -2676767.67676768       2.921075074319768E-005
   404805.632078359       -2424242.42424242       3.195266548421608E-005
   404805.632078359       -2171717.17171717       3.498475513556453E-005
   404805.632078359       -1919191.91919192       3.834344783913604E-005
   404805.632078359       -1666666.66666667       4.207651438437327E-005
   404805.632078359       -1414141.41414141       4.622415952770869E-005
   404805.632078359       -1161616.16161616       5.077590119052904E-005
   404805.632078359       -909090.909090910       5.561627580832694E-005
   404805.632078359       -656565.656565657       6.049328798182244E-005
   404805.632078359       -404040.404040404       6.504433193336222E-005
   404805.632078359       -151515.151515152       6.888668325617716E-005
   404805.632078359        101010.101010101       7.174047119542243E-005
   404805.632078359        353535.353535354       7.352795117249869E-005
   404805.632078359        606060.606060605       7.439986279649818E-005
   404805.632078359        858585.858585859       7.467447642102542E-005
   404805.632078359        1111111.11111111       7.471854617122493E-005
   404805.632078359        1363636.36363636       7.482744964748882E-005
   404805.632078359        1616161.61616162       7.515765116284802E-005
   404805.632078359        1868686.86868687       7.573018181794835E-005
   404805.632078359        2121212.12121212       7.648239436896552E-005
   404805.632078359        2373737.37373737       7.732661218962092E-005
   404805.632078359        2626262.62626263       7.818703947805138E-005
   404805.632078359        2878787.87878788       7.901083335565398E-005
   404805.632078359        3131313.13131313       7.976350794820366E-005
   404805.632078359        3383838.38383838       8.041915246673350E-005
   404805.632078359        3636363.63636364       8.095057079992549E-005
   404805.632078359        3888888.88888889       8.132018213513358E-005
   404805.632078359        4141414.14141414       8.147102030454130E-005
   404805.632078359        4393939.39393939       8.131769697227180E-005
   404805.632078359        4646464.64646465       8.073901601826968E-005
   404805.632078359        4898989.89898990       7.957660524221115E-005
   404805.632078359        5151515.15151515       7.764633737695724E-005
   404805.632078359        5404040.40404040       7.476870157881928E-005
   404805.632078359        5656565.65656566       7.081737675771916E-005
   404805.632078359        5909090.90909091       6.577252144449870E-005
   404805.632078359        6161616.16161616       5.975488841026480E-005
   404805.632078359        6414141.41414141       5.302026415600146E-005
   404805.632078359        6666666.66666667       4.591288618635077E-005
   404805.632078359        6919191.91919192       3.879793424602064E-005
   404805.632078359        7171717.17171717       3.200039712934114E-005
   404805.632078359        7424242.42424243       2.576780477715473E-005
   404805.632078359        7676767.67676768       2.025872443870085E-005
   404805.632078359        7929292.92929293       1.554910626346489E-005
   404805.632078359        8181818.18181818       1.164716984605014E-005
   404805.632078359        8434343.43434343       8.510593221088215E-006
   404805.632078359        8686868.68686869       6.063030477794984E-006
   404805.632078359        8939393.93939394       4.208787777537850E-006
   404805.632078359        9191919.19191919       2.845117065169635E-006
   404805.632078359        9444444.44444444       1.871779733270081E-006
   404805.632078359        9696969.69696970       1.197721814001514E-006
   404805.632078359        9949494.94949495       7.449704266753137E-007
   404805.632078359        10202020.2020202       4.501312811065593E-007
   404805.632078359        10454545.4545455       2.640531292154288E-007
   404805.632078359        10707070.7070707       1.502897908472611E-007
   404805.632078359        10959595.9595960       8.294427684767152E-008
   404805.632078359        11212121.2121212       4.436012977511863E-008
   404805.632078359        11464646.4646465       2.297607844775574E-008
   404805.632078359        11717171.7171717       1.151747376429889E-008
   404805.632078359        11969696.9696970       5.584031658195370E-009
   404805.632078359        12222222.2222222       2.616609882903085E-009
   404805.632078359        12474747.4747475       1.184081874656882E-009
   404805.632078359        12727272.7272727       5.169443320518554E-010
   404805.632078359        12979797.9797980       2.174260452394468E-010
   404805.632078359        13232323.2323232       8.789518064947229E-011
   404805.632078359        13484848.4848485       3.399690051303752E-011
   404805.632078359        13737373.7373737       1.245856394647401E-011
   404805.632078359        13989898.9898990       4.223813191518206E-012
   404805.632078359        14242424.2424242       1.237450930615758E-012
   404805.632078359        14494949.4949495       2.304075397472741E-013
   404805.632078359        14747474.7474747      -7.019323748217132E-014
   404805.632078359        15000000.0000000       0.000000000000000E+000
   478267.523722069       -10000000.0000000       0.000000000000000E+000
   478267.523722069       -9747474.74747475       5.871314337742792E-009
   478267.523722069       -9494949.49494950       1.815362550504506E-008
   478267.523722069       -9242424.24242424       4.066030589619864E-008
   478267.523722069       -8989898.98989899       7.915601510031207E-008
   478267.523722069       -8737373.73737374       1.419082348680359E-007
   478267.523722069       -8484848.48484848       2.402158556662464E-007
   478267.523722069       -8232323.23232323       3.887983274827404E-007
   478267.523722069       -7979797.97979798       6.058873562820425E-007
   478267.523722069       -7727272.72727273       9.128415640446621E-007
   478267.523722069       -7474747.47474748       1.333099141238956E-006
   478267.523722069       -7222222.22222222       1.890298314174255E-006
   478267.523722069       -6969696.96969697       2.605445362005075E-006
   478267.523722069       -6717171.71717172       3.493146682856316E-006
   478267.523722069       -6464646.46464646       4.557248210859968E-006
   478267.523722069       -6212121.21212121       5.786832650494957E-006
   478267.523722069       -5959595.95959596       7.154287430533531E-006
   478267.523722069       -5707070.70707071       8.617508786924323E-006
   478267.523722069       -5454545.45454546       1.012740619434137E-005
   478267.523722069       -5202020.20202020       1.163945633454722E-005
   478267.523722069       -4949494.94949495       1.312537018650459E-005
   478267.523722069       -4696969.69696970       1.458020175947218E-005
   478267.523722069       -4444444.44444444       1.602245030235656E-005
   478267.523722069       -4191919.19191919       1.748827960330227E-005
   478267.523722069       -3939393.93939394       1.902319945979034E-005
   478267.523722069       -3686868.68686869       2.067434042108698E-005
   478267.523722069       -3434343.43434343       2.248489395253884E-005
   478267.523722069       -3181818.18181818       2.449097597429228E-005
   478267.523722069       -2929292.92929293       2.672076402788700E-005
   478267.523722069       -2676767.67676768       2.919599845667621E-005
   478267.523722069       -2424242.42424242       3.193620902935641E-005
   478267.523722069       -2171717.17171717       3.496549828787137E-005
   478267.523722069       -1919191.91919192       3.831928393050931E-005
   478267.523722069       -1666666.66666667       4.204376494236899E-005
   478267.523722069       -1414141.41414141       4.617731050194510E-005
   478267.523722069       -1161616.16161616       5.070823215807539E-005
   478267.523722069       -909090.909090910       5.552177956329978E-005
   478267.523722069       -656565.656565657       6.036951380060888E-005
   478267.523722069       -404040.404040404       6.489489574123194E-005
   478267.523722069       -151515.151515152       6.872192099342959E-005
   478267.523722069        101010.101010101       7.157543285864023E-005
   478267.523722069        353535.353535354       7.337828980658960E-005
   478267.523722069        606060.606060605       7.427734847291251E-005
   478267.523722069        858585.858585859       7.458412076764024E-005
   478267.523722069        1111111.11111111       7.465846770015613E-005
   478267.523722069        1363636.36363636       7.479114761937526E-005
   478267.523722069        1616161.61616162       7.513720297648029E-005
   478267.523722069        1868686.86868687       7.571875391472992E-005
   478267.523722069        2121212.12121212       7.647529931507421E-005
   478267.523722069        2373737.37373737       7.732115836897837E-005
   478267.523722069        2626262.62626263       7.818186636796663E-005
   478267.523722069        2878787.87878788       7.900526903047503E-005
   478267.523722069        3131313.13131313       7.975714550332528E-005
   478267.523722069        3383838.38383838       8.041162436348630E-005
   478267.523722069        3636363.63636364       8.094144029699645E-005
   478267.523722069        3888888.88888889       8.130889015401121E-005
   478267.523722069        4141414.14141414       8.145686151349485E-005
   478267.523722069        4393939.39393939       8.129982862180595E-005
   478267.523722069        4646464.64646465       8.071652528041564E-005
   478267.523722069        4898989.89898990       7.954867240470898E-005
   478267.523722069        5151515.15151515       7.761251876451392E-005
   478267.523722069        5404040.40404040       7.472929836910379E-005
   478267.523722069        5656565.65656566       7.077375942831880E-005
   478267.523722069        5909090.90909091       6.572720711078177E-005
   478267.523722069        6161616.16161616       5.971121617110239E-005
   478267.523722069        6414141.41414141       5.298170734446943E-005
   478267.523722069        6666666.66666667       4.588225871561433E-005
   478267.523722069        6919191.91919192       3.877681422040132E-005
   478267.523722069        7171717.17171717       3.198895577938963E-005
   478267.523722069        7424242.42424243       2.576501513947101E-005
   478267.523722069        7676767.67676768       2.026278496193539E-005
   478267.523722069        7929292.92929293       1.555789980297008E-005
   478267.523722069        8181818.18181818       1.165864027846506E-005
   478267.523722069        8434343.43434343       8.522993875903288E-006
   478267.523722069        8686868.68686869       6.075046954388834E-006
   478267.523722069        8939393.93939394       4.219560336453229E-006
   478267.523722069        9191919.19191919       2.854194237982079E-006
   478267.523722069        9444444.44444444       1.879033391276825E-006
   478267.523722069        9696969.69696970       1.203248949805916E-006
   478267.523722069        9949494.94949495       7.490002374238550E-007
   478267.523722069        10202020.2020202       4.529489917171580E-007
   478267.523722069        10454545.4545455       2.659454221301482E-007
   478267.523722069        10707070.7070707       1.515115634990139E-007
   478267.523722069        10959595.9595960       8.370316341047463E-008
   478267.523722069        11212121.2121212       4.481376868437825E-008
   478267.523722069        11464646.4646465       2.323709642696928E-008
   478267.523722069        11717171.7171717       1.166204229330141E-008
   478267.523722069        11969696.9696970       5.661101909774369E-009
   478267.523722069        12222222.2222222       2.656149619455151E-009
   478267.523722069        12474747.4747475       1.203598248271639E-009
   478267.523722069        12727272.7272727       5.262088001202898E-010
   478267.523722069        12979797.9797980       2.216533433667184E-010
   478267.523722069        13232323.2323232       8.974762855938017E-011
   478267.523722069        13484848.4848485       3.477520530217381E-011
   478267.523722069        13737373.7373737       1.277094639489398E-011
   478267.523722069        13989898.9898990       4.342503397134081E-012
   478267.523722069        14242424.2424242       1.279082206588644E-012
   478267.523722069        14494949.4949495       2.427928179621972E-013
   478267.523722069        14747474.7474747      -6.833778763785847E-014
   478267.523722069        15000000.0000000       0.000000000000000E+000
   557851.239669421       -10000000.0000000       0.000000000000000E+000
   557851.239669421       -9747474.74747475       5.943443791012287E-009
   557851.239669421       -9494949.49494950       1.830332187507763E-008
   557851.239669421       -9242424.24242424       4.090225341424419E-008
   557851.239669421       -8989898.98989899       7.950543361639016E-008
   557851.239669421       -8737373.73737374       1.423715879008033E-007
   557851.239669421       -8484848.48484848       2.407780129890575E-007
   557851.239669421       -8232323.23232323       3.894053614111929E-007
   557851.239669421       -7979797.97979798       6.064258765048895E-007
   557851.239669421       -7727272.72727273       9.131175013416198E-007
   557851.239669421       -7474747.47474748       1.332821409724788E-006
   557851.239669421       -7222222.22222222       1.889075598513313E-006
   557851.239669421       -6969696.96969697       2.602806522693332E-006
   557851.239669421       -6717171.71717172       3.488594841577547E-006
   557851.239669421       -6464646.46464646       4.550351922395299E-006
   557851.239669421       -6212121.21212121       5.777341594882758E-006
   557851.239669421       -5959595.95959596       7.142237370372590E-006
   557851.239669421       -5707070.70707071       8.603264715535783E-006
   557851.239669421       -5454545.45454546       1.011160383198189E-005
   557851.239669421       -5202020.20202020       1.162284742787790E-005
   557851.239669421       -4949494.94949495       1.310863169376585E-005
   557851.239669421       -4696969.69696970       1.456378978074532E-005
   557851.239669421       -4444444.44444444       1.600654803162462E-005
   557851.239669421       -4191919.19191919       1.747283268177947E-005
   557851.239669421       -3939393.93939394       1.900799563961894E-005
   557851.239669421       -3686868.68686869       2.065908961979516E-005
   557851.239669421       -3434343.43434343       2.246928374705470E-005
   557851.239669421       -3181818.18181818       2.447469395450294E-005
   557851.239669421       -2929292.92929293       2.670348067470992E-005
   557851.239669421       -2676767.67676768       2.917729009358800E-005
   557851.239669421       -2424242.42424242       3.191537264787981E-005
   557851.239669421       -2171717.17171717       3.494118548671782E-005
   557851.239669421       -1919191.91919192       3.828891218546380E-005
   557851.239669421       -1666666.66666667       4.200283574706509E-005
   557851.239669421       -1414141.41414141       4.611909413650625E-005
   557851.239669421       -1161616.16161616       5.062454272512752E-005
   557851.239669421       -909090.909090910       5.540531943813795E-005
   557851.239669421       -656565.656565657       6.021733657109762E-005
   557851.239669421       -404040.404040404       6.471145713718983E-005
   557851.239669421       -151515.151515152       6.851986555503377E-005
   557851.239669421        101010.101010101       7.137314217642646E-005
   557851.239669421        353535.353535354       7.319486910183753E-005
   557851.239669421        606060.606060605       7.412715918980873E-005
   557851.239669421        858585.858585859       7.447327681204344E-005
   557851.239669421        1111111.11111111       7.458467052895807E-005
   557851.239669421        1363636.36363636       7.474645589614562E-005
   557851.239669421        1616161.61616162       7.511193079611556E-005
   557851.239669421        1868686.86868687       7.570453746669058E-005
   557851.239669421        2121212.12121212       7.646639334305402E-005
   557851.239669421        2373737.37373737       7.731425751231746E-005
   557851.239669421        2626262.62626263       7.817529447169196E-005
   557851.239669421        2878787.87878788       7.899819273798687E-005
   557851.239669421        3131313.13131313       7.974905441198655E-005
   557851.239669421        3383838.38383838       8.040205321104308E-005
   557851.239669421        3636363.63636364       8.092983465092628E-005
   557851.239669421        3888888.88888889       8.129454028603755E-005
   557851.239669421        4141414.14141414       8.143887271025968E-005
   557851.239669421        4393939.39393939       8.127713306280717E-005
   557851.239669421        4646464.64646465       8.068796834380840E-005
   557851.239669421        4898989.89898990       7.951322060778640E-005
   557851.239669421        5151515.15151515       7.756961899959457E-005
   557851.239669421        5404040.40404040       7.467934453685989E-005
   557851.239669421        5656565.65656566       7.071850053101005E-005
   557851.239669421        5909090.90909091       6.566984030466760E-005
   557851.239669421        6161616.16161616       5.965597080065010E-005
   557851.239669421        6414141.41414141       5.293297223711264E-005
   557851.239669421        6666666.66666667       4.584357990264422E-005
   557851.239669421        6919191.91919192       3.875017088665644E-005
   557851.239669421        7171717.17171717       3.197454942268262E-005
   557851.239669421        7424242.42424243       2.576153705824255E-005
   557851.239669421        7676767.67676768       2.026795283248268E-005
   557851.239669421        7929292.92929293       1.556903699347302E-005
   557851.239669421        8181818.18181818       1.167315015667542E-005
   557851.239669421        8434343.43434343       8.538672114485138E-006
   557851.239669421        8686868.68686869       6.090235529939461E-006
   557851.239669421        8939393.93939394       4.233175153587081E-006
   557851.239669421        9191919.19191919       2.865666280336597E-006
   557851.239669421        9444444.44444444       1.888201462315049E-006
   557851.239669421        9696969.69696970       1.210235768723801E-006
   557851.239669421        9949494.94949495       7.540952666183352E-007
   557851.239669421        10202020.2020202       4.565123796279105E-007
   557851.239669421        10454545.4545455       2.683391805804421E-007
   557851.239669421        10707070.7070707       1.530576263913562E-007
   557851.239669421        10959595.9595960       8.466384006677642E-008
   557851.239669421        11212121.2121212       4.538827203118793E-008
   557851.239669421        11464646.4646465       2.356781030460044E-008
   557851.239669421        11717171.7171717       1.184530452630601E-008
   557851.239669421        11969696.9696970       5.758852725336580E-009
   557851.239669421        12222222.2222222       2.706328240326926E-009
   557851.239669421        12474747.4747475       1.228381150318054E-009
   557851.239669421        12727272.7272727       5.379810182487955E-010
   557851.239669421        12979797.9797980       2.270286392073665E-010
   557851.239669421        13232323.2323232       9.210487523141029E-011
   557851.239669421        13484848.4848485       3.576637720655317E-011
   557851.239669421        13737373.7373737       1.316910405437856E-011
   557851.239669421        13989898.9898990       4.493930955787830E-012
   557851.239669421        14242424.2424242       1.332263146680525E-012
   557851.239669421        14494949.4949495       2.586491665602033E-013
   557851.239669421        14747474.7474747      -6.593696275614077E-014
   557851.239669421        15000000.0000000       0.000000000000000E+000
   643556.779920416       -10000000.0000000       0.000000000000000E+000
   643556.779920416       -9747474.74747475       6.032149374760831E-009
   643556.779920416       -9494949.49494950       1.848766649925618E-008
   643556.779920416       -9242424.24242424       4.120023416030194E-008
   643556.779920416       -8989898.98989899       7.993558500100727E-008
   643556.779920416       -8737373.73737374       1.429415285044585E-007
   643556.779920416       -8484848.48484848       2.414685882876343E-007
   643556.779920416       -8232323.23232323       3.901493969938957E-007
   643556.779920416       -7979797.97979798       6.070826563542670E-007
   643556.779920416       -7727272.72727273       9.134465494574445E-007
   643556.779920416       -7474747.47474748       1.332462251737096E-006
   643556.779920416       -7222222.22222222       1.887543650876265E-006
   643556.779920416       -6969696.96969697       2.599518045072254E-006
   643556.779920416       -6717171.71717172       3.482933416252311E-006
   643556.779920416       -6464646.46464646       4.541780828655356E-006
   643556.779920416       -6212121.21212121       5.765546861132694E-006
   643556.779920416       -5959595.95959596       7.127258271374549E-006
   643556.779920416       -5707070.70707071       8.585548629252812E-006
   643556.779920416       -5454545.45454546       1.009193564490658E-005
   643556.779920416       -5202020.20202020       1.160215921164193E-005
   643556.779920416       -4949494.94949495       1.308776618541711E-005
   643556.779920416       -4696969.69696970       1.454331787809280E-005
   643556.779920416       -4444444.44444444       1.598670232724749E-005
   643556.779920416       -4191919.19191919       1.745354990782093E-005
   643556.779920416       -3939393.93939394       1.898901505391470E-005
   643556.779920416       -3686868.68686869       2.064005266888531E-005
   643556.779920416       -3434343.43434343       2.244980365871811E-005
   643556.779920416       -3181818.18181818       2.445438445976781E-005
   643556.779920416       -2929292.92929293       2.668193639844375E-005
   643556.779920416       -2676767.67676768       2.915399460586054E-005
   643556.779920416       -2424242.42424242       3.188947733300241E-005
   643556.779920416       -2171717.17171717       3.491107367524844E-005
   643556.779920416       -1919191.91919192       3.825150076283517E-005
   643556.779920416       -1666666.66666667       4.195277058504310E-005
   643556.779920416       -1414141.41414141       4.604838598317814E-005
   643556.779920416       -1161616.16161616       5.052349815455767E-005
   643556.779920416       -909090.909090910       5.526532680071985E-005
   643556.779920416       -656565.656565657       6.003496627432778E-005
   643556.779920416       -404040.404040404       6.449206410840311E-005
   643556.779920416       -151515.151515152       6.827850635270430E-005
   643556.779920416        101010.101010101       7.113165887217688E-005
   643556.779920416        353535.353535354       7.297594402175259E-005
   643556.779920416        606060.606060605       7.394783637388447E-005
   643556.779920416        858585.858585859       7.434081104730451E-005
   643556.779920416        1111111.11111111       7.449633021732557E-005
   643556.779920416        1363636.36363636       7.469280229992309E-005
   643556.779920416        1616161.61616162       7.508143969430905E-005
   643556.779920416        1868686.86868687       7.568724332712747E-005
   643556.779920416        2121212.12121212       7.645543817268429E-005
   643556.779920416        2373737.37373737       7.730568606003702E-005
   643556.779920416        2626262.62626263       7.816709269299548E-005
   643556.779920416        2878787.87878788       7.898935075300645E-005
   643556.779920416        3131313.13131313       7.973894495843249E-005
   643556.779920416        3383838.38383838       8.039009814165606E-005
   643556.779920416        3636363.63636364       8.091534271198080E-005
   643556.779920416        3888888.88888889       8.127662666299583E-005
   643556.779920416        4141414.14141414       8.141642303908887E-005
   643556.779920416        4393939.39393939       8.124881926779056E-005
   643556.779920416        4646464.64646465       8.065235751555270E-005
   643556.779920416        4898989.89898990       7.946903543889473E-005
   643556.779920416        5151515.15151515       7.751618574457747E-005
   643556.779920416        5404040.40404040       7.461717228928662E-005
   643556.779920416        5656565.65656566       7.064978406779583E-005
   643556.779920416        5909090.90909091       6.559856810571197E-005
   643556.779920416        6161616.16161616       5.958740054901760E-005
   643556.779920416        6414141.41414141       5.287254347641719E-005
   643556.779920416        6666666.66666667       4.579567272285940E-005
   643556.779920416        6919191.91919192       3.871721518549759E-005
   643556.779920416        7171717.17171717       3.195677184823499E-005
   643556.779920416        7424242.42424243       2.575729842965778E-005
   643556.779920416        7676767.67676768       2.027441520699393E-005
   643556.779920416        7929292.92929293       1.558288063683451E-005
   643556.779920416        8181818.18181818       1.169115896203634E-005
   643556.779920416        8434343.43434343       8.558118189791104E-006
   643556.779920416        8686868.68686869       6.109068228768873E-006
   643556.779920416        8939393.93939394       4.250054282269931E-006
   643556.779920416        9191919.19191919       2.879888805297899E-006
   643556.779920416        9444444.44444444       1.899568663392806E-006
   643556.779920416        9696969.69696970       1.218899984182192E-006
   643556.779920416        9949494.94949495       7.604150303111507E-007
   643556.779920416        10202020.2020202       4.609336710221265E-007
   643556.779920416        10454545.4545455       2.713103257329202E-007
   643556.779920416        10707070.7070707       1.549774112787554E-007
   643556.779920416        10959595.9595960       8.585730028457539E-008
   643556.779920416        11212121.2121212       4.610235930285062E-008
   643556.779920416        11464646.4646465       2.397911278227308E-008
   643556.779920416        11717171.7171717       1.207336695516587E-008
   643556.779920416        11969696.9696970       5.880581797523094E-009
   643556.779920416        12222222.2222222       2.768860876811277E-009
   643556.779920416        12474747.4747475       1.259289438970926E-009
   643556.779920416        12727272.7272727       5.526748970095716E-010
   643556.779920416        12979797.9797980       2.337438041702102E-010
   643556.779920416        13232323.2323232       9.505239990560170E-011
   643556.779920416        13484848.4848485       3.700695773074843E-011
   643556.779920416        13737373.7373737       1.366797721649225E-011
   643556.779920416        13989898.9898990       4.683891556293016E-012
   643556.779920416        14242424.2424242       1.399080831924946E-012
   643556.779920416        14494949.4949495       2.786258879611461E-013
   643556.779920416        14747474.7474747      -6.287297674008660E-014
   643556.779920416        15000000.0000000       0.000000000000000E+000
   735384.144475054       -10000000.0000000       0.000000000000000E+000
   735384.144475054       -9747474.74747475       6.139188929983762E-009
   735384.144475054       -9494949.49494950       1.871047513288384E-008
   735384.144475054       -9242424.24242424       4.156043432144721E-008
   735384.144475054       -8989898.98989899       8.045526071290274E-008
   735384.144475054       -8737373.73737374       1.436293656416775E-007
   735384.144475054       -8484848.48484848       2.423006343360205E-007
   735384.144475054       -8232323.23232323       3.910432871884194E-007
   735384.144475054       -7979797.97979798       6.078666545596792E-007
   735384.144475054       -7727272.72727273       9.138277208312385E-007
   735384.144475054       -7474747.47474748       1.332001823107961E-006
   735384.144475054       -7222222.22222222       1.885651813112403E-006
   735384.144475054       -6969696.96969697       2.595483853002488E-006
   735384.144475054       -6717171.71717172       3.476004959012168E-006
   735384.144475054       -6464646.46464646       4.531301207238442E-006
   735384.144475054       -6212121.21212121       5.751127965006266E-006
   735384.144475054       -5959595.95959596       7.108940375732581E-006
   735384.144475054       -5707070.70707071       8.563869285311250E-006
   735384.144475054       -5454545.45454546       1.006784654494672E-005
   735384.144475054       -5202020.20202020       1.157679644907801E-005
   735384.144475054       -4949494.94949495       1.306216208355343E-005
   735384.144475054       -4696969.69696970       1.451817644794802E-005
   735384.144475054       -4444444.44444444       1.596231533593426E-005
   735384.144475054       -4191919.19191919       1.742984650230928E-005
   735384.144475054       -3939393.93939394       1.896568108094422E-005
   735384.144475054       -3686868.68686869       2.061665275321789E-005
   735384.144475054       -3434343.43434343       2.242586720547456E-005
   735384.144475054       -3181818.18181818       2.442944215109848E-005
   735384.144475054       -2929292.92929293       2.665549863191192E-005
   735384.144475054       -2676767.67676768       2.912544451878542E-005
   735384.144475054       -2424242.42424242       3.185781325469531E-005
   735384.144475054       -2171717.17171717       3.487440329641947E-005
   735384.144475054       -1919191.91919192       3.820623440630653E-005
   735384.144475054       -1666666.66666667       4.189269805360110E-005
   735384.144475054       -1414141.41414141       4.596427025486685E-005
   735384.144475054       -1161616.16161616       5.040416765150243E-005
   735384.144475054       -909090.909090910       5.510090074609246E-005
   735384.144475054       -656565.656565657       5.982157985206055E-005
   735384.144475054       -404040.404040404       6.423600476606772E-005
   735384.144475054       -151515.151515152       6.799724891309618E-005
   735384.144475054        101010.101010101       7.085048578426316E-005
   735384.144475054        353535.353535354       7.272108173531094E-005
   735384.144475054        606060.606060605       7.373898349828680E-005
   735384.144475054        858585.858585859       7.418635146792902E-005
   735384.144475054        1111111.11111111       7.439310236163226E-005
   735384.144475054        1363636.36363636       7.462987715373568E-005
   735384.144475054        1616161.61616162       7.504545541219101E-005
   735384.144475054        1868686.86868687       7.566662413720828E-005
   735384.144475054        2121212.12121212       7.644219957288540E-005
   735384.144475054        2373737.37373737       7.729520873027150E-005
   735384.144475054        2626262.62626263       7.815701206398211E-005
   735384.144475054        2878787.87878788       7.897846854865184E-005
   735384.144475054        3131313.13131313       7.972650408614338E-005
   735384.144475054        3383838.38383838       8.037539164754580E-005
   735384.144475054        3636363.63636364       8.089752212032600E-005
   735384.144475054        3888888.88888889       8.125460608064710E-005
   735384.144475054        4141414.14141414       8.138883649587986E-005
   735384.144475054        4393939.39393939       8.121404170293760E-005
   735384.144475054        4646464.64646465       8.060864033144752E-005
   735384.144475054        4898989.89898990       7.941482791601992E-005
   735384.144475054        5151515.15151515       7.745068491992973E-005
   735384.144475054        5404040.40404040       7.454103008780298E-005
   735384.144475054        5656565.65656566       7.056571543360958E-005
   735384.144475054        5909090.90909091       6.551147153159955E-005
   735384.144475054        6161616.16161616       5.950370556140047E-005
   735384.144475054        6414141.41414141       5.279887733249556E-005
   735384.144475054        6666666.66666667       4.573734951063436E-005
   735384.144475054        6919191.91919192       3.867716064419026E-005
   735384.144475054        7171717.17171717       3.193522746437579E-005
   735384.144475054        7424242.42424243       2.575224135122215E-005
   735384.144475054        7676767.67676768       2.028237397553559E-005
   735384.144475054        7929292.92929293       1.559980713857254E-005
   735384.144475054        8181818.18181818       1.171313801527587E-005
   735384.144475054        8434343.43434343       8.581832395371967E-006
   735384.144475054        8686868.68686869       6.132025540909401E-006
   735384.144475054        8939393.93939394       4.270626936657219E-006
   735384.144475054        9191919.19191919       2.897223499438625E-006
   735384.144475054        9444444.44444444       1.913424841361797E-006
   735384.144475054        9696969.69696970       1.229463584130073E-006
   735384.144475054        9949494.94949495       7.681225272971180E-007
   735384.144475054        10202020.2020202       4.663278471855553E-007
   735384.144475054        10454545.4545455       2.749368842741396E-007
   735384.144475054        10707070.7070707       1.573218992676650E-007
   735384.144475054        10959595.9595960       8.731563302770253E-008
   735384.144475054        11212121.2121212       4.697549334805360E-008
   735384.144475054        11464646.4646465       2.448238029014580E-008
   735384.144475054        11717171.7171717       1.235263781239671E-008
   735384.144475054        11969696.9696970       6.029767199224941E-009
   735384.144475054        12222222.2222222       2.845565982951097E-009
   735384.144475054        12474747.4747475       1.297238673878465E-009
   735384.144475054        12727272.7272727       5.707341537429653E-010
   735384.144475054        12979797.9797980       2.420057154013826E-010
   735384.144475054        13232323.2323232       9.868291368629026E-011
   735384.144475054        13484848.4848485       3.853682229289748E-011
   735384.144475054        13737373.7373737       1.428397374540730E-011
   735384.144475054        13989898.9898990       4.918794959622755E-012
   735384.144475054        14242424.2424242       1.481863457359926E-012
   735384.144475054        14494949.4949495       3.034574592430995E-013
   735384.144475054        14747474.7474747      -5.900561776747971E-014
   735384.144475054        15000000.0000000       0.000000000000000E+000
   833333.333333333       -10000000.0000000       0.000000000000000E+000
   833333.333333333       -9747474.74747475       6.266100736333379E-009
   833333.333333333       -9494949.49494950       1.897516509230318E-008
   833333.333333333       -9242424.24242424       4.198839864877182E-008
   833333.333333333       -8989898.98989899       8.107226204847827E-008
   833333.333333333       -8737373.73737374       1.444449429298077E-007
   833333.333333333       -8484848.48484848       2.432851345617016E-007
   833333.333333333       -8232323.23232323       3.920971063236023E-007
   833333.333333333       -7979797.97979798       6.087832920980227E-007
   833333.333333333       -7727272.72727273       9.142557661748707E-007
   833333.333333333       -7474747.47474748       1.331415425315025E-006
   833333.333333333       -7222222.22222222       1.883344177490312E-006
   833333.333333333       -6969696.96969697       2.590602393650213E-006
   833333.333333333       -6717171.71717172       3.467646288407748E-006
   833333.333333333       -6464646.46464646       4.518672911033480E-006
   833333.333333333       -6212121.21212121       5.733756324028257E-006
   833333.333333333       -5959595.95959596       7.086862687370394E-006
   833333.333333333       -5707070.70707071       8.537719475445021E-006
   833333.333333333       -5454545.45454546       1.003875961584199E-005
   833333.333333333       -5202020.20202020       1.154613601858141E-005
   833333.333333333       -4949494.94949495       1.303117471365457E-005
   833333.333333333       -4696969.69696970       1.448771910623934E-005
   833333.333333333       -4444444.44444444       1.593275038216263E-005
   833333.333333333       -4191919.19191919       1.740109812768943E-005
   833333.333333333       -3939393.93939394       1.893737760927356E-005
   833333.333333333       -3686868.68686869       2.058827402520247E-005
   833333.333333333       -3434343.43434343       2.239684951044537E-005
   833333.333333333       -3181818.18181818       2.439922416140590E-005
   833333.333333333       -2929292.92929293       2.662349877948264E-005
   833333.333333333       -2676767.67676768       2.909093956051563E-005
   833333.333333333       -2424242.42424242       3.181964540924570E-005
   833333.333333333       -2171717.17171717       3.483040754154552E-005
   833333.333333333       -1919191.91919192       3.815233031688744E-005
   833333.333333333       -1666666.66666667       4.182185924848681E-005
   833333.333333333       -1414141.41414141       4.586608696190374E-005
   833333.333333333       -1161616.16161616       5.026610012225438E-005
   833333.333333333       -909090.909090910       5.491192065831943E-005
   833333.333333333       -656565.656565657       5.957747401001818E-005
   833333.333333333       -404040.404040404       6.394399563867600E-005
   833333.333333333       -151515.151515152       6.767712465154678E-005
   833333.333333333        101010.101010101       7.053077952522435E-005
   833333.333333333        353535.353535354       7.243135177601790E-005
   833333.333333333        606060.606060605       7.350141987936317E-005
   833333.333333333        858585.858585859       7.401039850527615E-005
   833333.333333333        1111111.11111111       7.427519345206358E-005
   833333.333333333        1363636.36363636       7.455767289413360E-005
   833333.333333333        1616161.61616162       7.500384333675174E-005
   833333.333333333        1868686.86868687       7.564248174383852E-005
   833333.333333333        2121212.12121212       7.642644935042453E-005
   833333.333333333        2373737.37373737       7.728257845846503E-005
   833333.333333333        2626262.62626263       7.814478517354538E-005
   833333.333333333        2878787.87878788       7.896525028828497E-005
   833333.333333333        3131313.13131313       7.971139512883470E-005
   833333.333333333        3383838.38383838       8.035753961032129E-005
   833333.333333333        3636363.63636364       8.087589970159494E-005
   833333.333333333        3888888.88888889       8.122789890076079E-005
   833333.333333333        4141414.14141414       8.135539360689879E-005
   833333.333333333        4393939.39393939       8.117190325448763E-005
   833333.333333333        4646464.64646465       8.055570447812115E-005
   833333.333333333        4898989.89898990       7.934924246754686E-005
   833333.333333333        5151515.15151515       7.737151302711347E-005
   833333.333333333        5404040.40404040       7.444910050782294E-005
   833333.333333333        5656565.65656566       7.046434536905086E-005
   833333.333333333        5909090.90909091       6.540659491566605E-005
   833333.333333333        6161616.16161616       5.940307052025125E-005
   833333.333333333        6414141.41414141       5.271043429084110E-005
   833333.333333333        6666666.66666667       4.566744088253740E-005
   833333.333333333        6919191.91919192       3.862924572738886E-005
   833333.333333333        7171717.17171717       3.190954553621426E-005
   833333.333333333        7424242.42424243       2.574632820411890E-005
   833333.333333333        7676767.67676768       2.029204483912530E-005
   833333.333333333        7929292.92929293       1.562020041243664E-005
   833333.333333333        8181818.18181818       1.173956122148220E-005
   833333.333333333        8434343.43434343       8.610314474267499E-006
   833333.333333333        8686868.68686869       6.159585917080676E-006
   833333.333333333        8939393.93939394       4.295320022507222E-006
   833333.333333333        9191919.19191919       2.918030196042509E-006
   833333.333333333        9444444.44444444       1.930058739703637E-006
   833333.333333333        9696969.69696970       1.242148196936211E-006
   833333.333333333        9949494.94949495       7.773809697460767E-007
   833333.333333333        10202020.2020202       4.728104514168167E-007
   833333.333333333        10454545.4545455       2.792975886368941E-007
   833333.333333333        10707070.7070707       1.601427709634117E-007
   833333.333333333        10959595.9595960       8.907153256418395E-008
   833333.333333333        11212121.2121212       4.802761240657585E-008
   833333.333333333        11464646.4646465       2.508933469115645E-008
   833333.333333333        11717171.7171717       1.268976011161159E-008
   833333.333333333        11969696.9696970       6.210037282662151E-009
   833333.333333333        12222222.2222222       2.938353005644277E-009
   833333.333333333        12474747.4747475       1.343196690630342E-009
   833333.333333333        12727272.7272727       5.926310612630666E-010
   833333.333333333        12979797.9797980       2.520361020454023E-010
   833333.333333333        13232323.2323232       1.030964891251995E-010
   833333.333333333        13484848.4848485       4.039932433692099E-011
   833333.333333333        13737373.7373737       1.503506662828919E-011
   833333.333333333        13989898.9898990       5.205719525357789E-012
   833333.333333333        14242424.2424242       1.583207433225047E-012
   833333.333333333        14494949.4949495       3.339757357670757E-013
   833333.333333333        14747474.7474747      -5.416748101592966E-014
   833333.333333333        15000000.0000000       0.000000000000000E+000
   937404.346495256       -10000000.0000000       0.000000000000000E+000
   937404.346495256       -9747474.74747475       6.414098487743739E-009
   937404.346495256       -9494949.49494950       1.928454179529748E-008
   937404.346495256       -9242424.24242424       4.248868165451036E-008
   937404.346495256       -8989898.98989899       8.179287691495200E-008
   937404.346495256       -8737373.73737374       1.453959013539485E-007
   937404.346495256       -8484848.48484848       2.444300253001070E-007
   937404.346495256       -8232323.23232323       3.933169375605923E-007
   937404.346495256       -7979797.97979798       6.098330658337420E-007
   937404.346495256       -7727272.72727273       9.147197545389582E-007
   937404.346495256       -7474747.47474748       1.330672288840986E-006
   937404.346495256       -7222222.22222222       1.880558906254990E-006
   937404.346495256       -6969696.96969697       2.584766889728285E-006
   937404.346495256       -6717171.71717172       3.457690058618430E-006
   937404.346495256       -6464646.46464646       4.503652509094301E-006
   937404.346495256       -6212121.21212121       5.713099964781728E-006
   937404.346495256       -5959595.95959596       7.060598897213503E-006
   937404.346495256       -5707070.70707071       8.506582509842417E-006
   937404.346495256       -5454545.45454546       1.000408235834664E-005
   937404.346495256       -5202020.20202020       1.150953223453604E-005
   937404.346495256       -4949494.94949495       1.299413032941536E-005
   937404.346495256       -4696969.69696970       1.445126541241491E-005
   937404.346495256       -4444444.44444444       1.589733366074153E-005
   937404.346495256       -4191919.19191919       1.736664194023593E-005
   937404.346495256       -3939393.93939394       1.890344983991049E-005
   937404.346495256       -3686868.68686869       2.055426248861639E-005
   937404.346495256       -3434343.43434343       2.236208853771696E-005
   937404.346495256       -3181818.18181818       2.436305191875362E-005
   937404.346495256       -2929292.92929293       2.658523487152697E-005
   937404.346495256       -2676767.67676768       2.904975046288706E-005
   937404.346495256       -2424242.42424242       3.177421905217983E-005
   937404.346495256       -2171717.17171717       3.477832021547447E-005
   937404.346495256       -1919191.91919192       3.808904971402664E-005
   937404.346495256       -1666666.66666667       4.173962477933202E-005
   937404.346495256       -1414141.41414141       4.575345639480024E-005
   937404.346495256       -1161616.16161616       5.010935786057056E-005
   937404.346495256       -909090.909090910       5.469908991929591E-005
   937404.346495256       -656565.656565657       5.930411831093732E-005
   937404.346495256       -404040.404040404       6.361824172917051E-005
   937404.346495256       -151515.151515152       6.732085375451450E-005
   937404.346495256        101010.101010101       7.017541102855131E-005
   937404.346495256        353535.353535354       7.210937933529301E-005
   937404.346495256        606060.606060605       7.323722330290869E-005
   937404.346495256        858585.858585859       7.381435571080492E-005
   937404.346495256        1111111.11111111       7.414338035904635E-005
   937404.346495256        1363636.36363636       7.447649454675836E-005
   937404.346495256        1616161.61616162       7.495661280454434E-005
   937404.346495256        1868686.86868687       7.561466801955757E-005
   937404.346495256        2121212.12121212       7.640796466496297E-005
   937404.346495256        2373737.37373737       7.726753535004453E-005
   937404.346495256        2626262.62626263       7.813012526870089E-005
   937404.346495256        2878787.87878788       7.894937824451433E-005
   937404.346495256        3131313.13131313       7.969325758829109E-005
   937404.346495256        3383838.38383838       8.033612146841941E-005
   937404.346495256        3636363.63636364       8.084997210603495E-005
   937404.346495256        3888888.88888889       8.119589034366111E-005
   937404.346495256        4141414.14141414       8.131533371680152E-005
   937404.346495256        4393939.39393939       8.112145909630490E-005
   937404.346495256        4646464.64646465       8.049238415198461E-005
   937404.346495256        4898989.89898990       7.927086705424889E-005
   937404.346495256        5151515.15151515       7.727701253781760E-005
   937404.346495256        5404040.40404040       7.433952223678547E-005
   937404.346495256        5656565.65656566       7.034369909122337E-005
   937404.346495256        5909090.90909091       6.528198120816824E-005
   937404.346495256        6161616.16161616       5.928370341183600E-005
   937404.346495256        6414141.41414141       5.260571729643840E-005
   937404.346495256        6666666.66666667       4.558482924536780E-005
   937404.346495256        6919191.91919192       3.857275931960404E-005
   937404.346495256        7171717.17171717       3.187939600278901E-005
   937404.346495256        7424242.42424243       2.573954791180927E-005
   937404.346495256        7676767.67676768       2.030365546629327E-005
   937404.346495256        7929292.92929293       1.564444413384365E-005
   937404.346495256        8181818.18181818       1.177089378577098E-005
   937404.346495256        8434343.43434343       8.644050911076726E-006
   937404.346495256        8686868.68686869       6.192213269060006E-006
   937404.346495256        8939393.93939394       4.324546924032944E-006
   937404.346495256        9191919.19191919       2.942657513814311E-006
   937404.346495256        9444444.44444444       1.949750646489382E-006
   937404.346495256        9696969.69696970       1.257169626039376E-006
   937404.346495256        9949494.94949495       7.883499239154195E-007
   937404.346495256        10202020.2020202       4.804949954260435E-007
   937404.346495256        10454545.4545455       2.844702169179610E-007
   937404.346495256        10707070.7070707       1.634913946548005E-007
   937404.346495256        10959595.9595960       9.115771186064819E-008
   937404.346495256        11212121.2121212       4.927880729058684E-008
   937404.346495256        11464646.4646465       2.581187522056435E-008
   937404.346495256        11717171.7171717       1.309152932026477E-008
   937404.346495256        11969696.9696970       6.425133058206801E-009
   937404.346495256        12222222.2222222       3.049206586379897E-009
   937404.346495256        12474747.4747475       1.398177680836745E-009
   937404.346495256        12727272.7272727       6.188646039667724E-010
   937404.346495256        12979797.9797980       2.640711813775895E-010
   937404.346495256        13232323.2323232       1.084006276212655E-010
   937404.346495256        13484848.4848485       4.264142760047484E-011
   937404.346495256        13737373.7373737       1.594089337754368E-011
   937404.346495256        13989898.9898990       5.552470442425284E-012
   937404.346495256        14242424.2424242       1.706007169782256E-012
   937404.346495256        14494949.4949495       3.711236540987732E-013
   937404.346495256        14747474.7474747      -4.815850475514487E-014
   937404.346495256        15000000.0000000       0.000000000000000E+000
   1047597.18396082       -10000000.0000000       0.000000000000000E+000
   1047597.18396082       -9747474.74747475       6.583957701978876E-009
   1047597.18396082       -9494949.49494950       1.964056148799758E-008
   1047597.18396082       -9242424.24242424       4.306445685125977E-008
   1047597.18396082       -8989898.98989899       8.262129208328058E-008
   1047597.18396082       -8737373.73737374       1.464868495716413E-007
   1047597.18396082       -8484848.48484848       2.457390928713174E-007
   1047597.18396082       -8232323.23232323       3.947034997955486E-007
   1047597.18396082       -7979797.97979798       6.110099683884550E-007
   1047597.18396082       -7727272.72727273       9.152014364958457E-007
   1047597.18396082       -7474747.47474748       1.329734138041977E-006
   1047597.18396082       -7222222.22222222       1.877227367000057E-006
   1047597.18396082       -6969696.96969697       2.577865493194145E-006
   1047597.18396082       -6717171.71717172       3.445966379086890E-006
   1047597.18396082       -6464646.46464646       4.485996691454910E-006
   1047597.18396082       -6212121.21212121       5.688828754017210E-006
   1047597.18396082       -5959595.95959596       7.029724096214180E-006
   1047597.18396082       -5707070.70707071       8.469939697384157E-006
   1047597.18396082       -5454545.45454546       9.963214029809251E-006
   1047597.18396082       -5202020.20202020       1.146632322745121E-005
   1047597.18396082       -4949494.94949495       1.295033105097405E-005
   1047597.18396082       -4696969.69696970       1.440810430637952E-005
   1047597.18396082       -4444444.44444444       1.585535644773233E-005
   1047597.18396082       -4191919.19191919       1.732577801226691E-005
   1047597.18396082       -3939393.93939394       1.886320536904264E-005
   1047597.18396082       -3686868.68686869       2.051392712526919E-005
   1047597.18396082       -3434343.43434343       2.232088656633791E-005
   1047597.18396082       -3181818.18181818       2.432021320937625E-005
   1047597.18396082       -2929292.92929293       2.653997441932226E-005
   1047597.18396082       -2676767.67676768       2.900112277479200E-005
   1047597.18396082       -2424242.42424242       3.172076454044562E-005
   1047597.18396082       -2171717.17171717       3.471738137283055E-005
   1047597.18396082       -1919191.91919192       3.801570323929714E-005
   1047597.18396082       -1666666.66666667       4.164549730053867E-005
   1047597.18396082       -1414141.41414141       4.562627366867575E-005
   1047597.18396082       -1161616.16161616       4.993449547207615E-005
   1047597.18396082       -909090.909090910       5.446389078762913E-005
   1047597.18396082       -656565.656565657       5.900408026947335E-005
   1047597.18396082       -404040.404040404       6.326233241702276E-005
   1047597.18396082       -151515.151515152       6.693272036598860E-005
   1047597.18396082        101010.101010101       6.978883458127237E-005
   1047597.18396082        353535.353535354       7.175922421962690E-005
   1047597.18396082        606060.606060605       7.294963126526578E-005
   1047597.18396082        858585.858585859       7.360045851416219E-005
   1047597.18396082        1111111.11111111       7.399896465633934E-005
   1047597.18396082        1363636.36363636       7.438693331050608E-005
   1047597.18396082        1616161.61616162       7.490390290560584E-005
   1047597.18396082        1868686.86868687       7.558307744641797E-005
   1047597.18396082        2121212.12121212       7.638652407930111E-005
   1047597.18396082        2373737.37373737       7.724980448551888E-005
   1047597.18396082        2626262.62626263       7.811272502069952E-005
   1047597.18396082        2878787.87878788       7.893051218606207E-005
   1047597.18396082        3131313.13131313       7.967170701938830E-005
   1047597.18396082        3383838.38383838       8.031069060020458E-005
   1047597.18396082        3636363.63636364       8.081920679315301E-005
   1047597.18396082        3888888.88888889       8.115793230863202E-005
   1047597.18396082        4141414.14141414       8.126785807318907E-005
   1047597.18396082        4393939.39393939       8.106172175296539E-005
   1047597.18396082        4646464.64646465       8.041746819353667E-005
   1047597.18396082        4898989.89898990       7.917824586565187E-005
   1047597.18396082        5151515.15151515       7.716549086476383E-005
   1047597.18396082        5404040.40404040       7.421041676384201E-005
   1047597.18396082        5656565.65656566       7.020181111082259E-005
   1047597.18396082        5909090.90909091       6.513571355882328E-005
   1047597.18396082        6161616.16161616       5.914388053405010E-005
   1047597.18396082        6414141.41414141       5.248331549496858E-005
   1047597.18396082        6666666.66666667       4.548848648875911E-005
   1047597.18396082        6919191.91919192       3.850706878741904E-005
   1047597.18396082        7171717.17171717       3.184450627749446E-005
   1047597.18396082        7424242.42424243       2.573192182444643E-005
   1047597.18396082        7676767.67676768       2.031744227963401E-005
   1047597.18396082        7929292.92929293       1.567291201351861E-005
   1047597.18396082        8181818.18181818       1.180757868315071E-005
   1047597.18396082        8434343.43434343       8.683499979827479E-006
   1047597.18396082        8686868.68686869       6.230342409852922E-006
   1047597.18396082        8939393.93939394       4.358694518411396E-006
   1047597.18396082        9191919.19191919       2.971432051320964E-006
   1047597.18396082        9444444.44444444       1.972763920520146E-006
   1047597.18396082        9696969.69696970       1.274731550932037E-006
   1047597.18396082        9949494.94949495       8.011808568295391E-007
   1047597.18396082        10202020.2020202       4.894899593923267E-007
   1047597.18396082        10454545.4545455       2.905296658442834E-007
   1047597.18396082        10707070.7070707       1.674176460788705E-007
   1047597.18396082        10959595.9595960       9.360621399366719E-008
   1047597.18396082        11212121.2121212       5.074893935479417E-008
   1047597.18396082        11464646.4646465       2.666187751065919E-008
   1047597.18396082        11717171.7171717       1.356479354845438E-008
   1047597.18396082        11969696.9696970       6.678861721985350E-009
   1047597.18396082        12222222.2222222       3.180166507694828E-009
   1047597.18396082        12474747.4747475       1.463234339256742E-009
   1047597.18396082        12727272.7272727       6.499578105543946E-010
   1047597.18396082        12979797.9797980       2.783609700257779E-010
   1047597.18396082        13232323.2323232       1.147102106814081E-010
   1047597.18396082        13484848.4848485       4.531380258459202E-011
   1047597.18396082        13737373.7373737       1.702284726255363E-011
   1047597.18396082        13989898.9898990       5.967637732040573E-012
   1047597.18396082        14242424.2424242       1.853486118088719E-012
   1047597.18396082        14494949.4949495       4.159699741050057E-013
   1047597.18396082        14747474.7474747      -4.073991843022919E-014
   1047597.18396082        15000000.0000000       0.000000000000000E+000
   1163911.84573003       -10000000.0000000       0.000000000000000E+000
   1163911.84573003       -9747474.74747475       6.775898192281628E-009
   1163911.84573003       -9494949.49494950       2.004407662762512E-008
   1163911.84573003       -9242424.24242424       4.371709292438322E-008
   1163911.84573003       -8989898.98989899       8.355895338713656E-008
   1163911.84573003       -8737373.73737374       1.477184586582001E-007
   1163911.84573003       -8484848.48484848       2.472107666606922E-007
   1163911.84573003       -8232323.23232323       3.962506379137415E-007
   1163911.84573003       -7979797.97979798       6.122997369604187E-007
   1163911.84573003       -7727272.72727273       9.156734052028006E-007
   1163911.84573003       -7474747.47474748       1.328553534849508E-006
   1163911.84573003       -7222222.22222222       1.873273052942149E-006
   1163911.84573003       -6969696.96969697       2.569781272285899E-006
   1163911.84573003       -6717171.71717172       3.432304376917038E-006
   1163911.84573003       -6464646.46464646       4.465465800014627E-006
   1163911.84573003       -6212121.21212121       5.660620008721372E-006
   1163911.84573003       -5959595.95959596       6.993822157307773E-006
   1163911.84573003       -5707070.70707071       8.427278760928382E-006
   1163911.84573003       -5454545.45454546       9.915554091024306E-006
   1163911.84573003       -5202020.20202020       1.141583846416945E-005
   1163911.84573003       -4949494.94949495       1.289906084105382E-005
   1163911.84573003       -4696969.69696970       1.435749839699021E-005
   1163911.84573003       -4444444.44444444       1.580607795936306E-005
   1163911.84573003       -4191919.19191919       1.727777123266035E-005
   1163911.84573003       -3939393.93939394       1.881591563442951E-005
   1163911.84573003       -3686868.68686869       2.046654132114688E-005
   1163911.84573003       -3434343.43434343       2.227251192974643E-005
   1163911.84573003       -3181818.18181818       2.426996446987826E-005
   1163911.84573003       -2929292.92929293       2.648695740446433E-005
   1163911.84573003       -2676767.67676768       2.894428053337490E-005
   1163911.84573003       -2424242.42424242       3.165850127707513E-005
   1163911.84573003       -2171717.17171717       3.464684014830206E-005
   1163911.84573003       -1919191.91919192       3.793164914786080E-005
   1163911.84573003       -1666666.66666667       4.153909770007611E-005
   1163911.84573003       -1414141.41414141       4.548467023070296E-005
   1163911.84573003       -1161616.16161616       4.974247919984900E-005
   1163911.84573003       -909090.909090910       5.420844342915446E-005
   1163911.84573003       -656565.656565657       5.868081304174252E-005
   1163911.84573003       -404040.404040404       6.288096166632267E-005
   1163911.84573003       -151515.151515152       6.651824726750324E-005
   1163911.84573003        101010.101010101       6.937675258573366E-005
   1163911.84573003        353535.353535354       7.138607412945368E-005
   1163911.84573003        606060.606060605       7.264279183013976E-005
   1163911.84573003        858585.858585859       7.337159468270484E-005
   1163911.84573003        1111111.11111111       7.384365776964082E-005
   1163911.84573003        1363636.36363636       7.428980104071280E-005
   1163911.84573003        1616161.61616162       7.484594875698723E-005
   1163911.84573003        1868686.86868687       7.554763108757433E-005
   1163911.84573003        2121212.12121212       7.636190026898573E-005
   1163911.84573003        2373737.37373737       7.722909261193218E-005
   1163911.84573003        2626262.62626263       7.809225501990566E-005
   1163911.84573003        2878787.87878788       7.890828880408244E-005
   1163911.84573003        3131313.13131313       7.964633510222643E-005
   1163911.84573003        3383838.38383838       8.028077501950796E-005
   1163911.84573003        3636363.63636364       8.078304348693689E-005
   1163911.84573003        3888888.88888889       8.111334588929292E-005
   1163911.84573003        4141414.14141414       8.121213393300949E-005
   1163911.84573003        4393939.39393939       8.099166765925665E-005
   1163911.84573003        4646464.64646465       8.032971038730399E-005
   1163911.84573003        4898989.89898990       7.906989507025692E-005
   1163911.84573003        5151515.15151515       7.703524345287728E-005
   1163911.84573003        5404040.40404040       7.405992028558579E-005
   1163911.84573003        5656565.65656566       7.003676612955216E-005
   1163911.84573003        5909090.90909091       6.496596331594390E-005
   1163911.84573003        6161616.16161616       5.898199753282364E-005
   1163911.84573003        6414141.41414141       5.234195290579271E-005
   1163911.84573003        6666666.66666667       4.537751503277393E-005
   1163911.84573003        6919191.91919192       3.843164967488395E-005
   1163911.84573003        7171717.17171717       3.180467812033255E-005
   1163911.84573003        7424242.42424243       2.572350846565044E-005
   1163911.84573003        7676767.67676768       2.033364531208142E-005
   1163911.84573003        7929292.92929293       1.570595573678586E-005
   1163911.84573003        8181818.18181818       1.185002070111549E-005
   1163911.84573003        8434343.43434343       8.729074490908095E-006
   1163911.84573003        8686868.68686869       6.274362452831027E-006
   1163911.84573003        8939393.93939394       4.398108472851297E-006
   1163911.84573003        9191919.19191919       3.004646199884144E-006
   1163911.84573003        9444444.44444444       1.999335450199473E-006
   1163911.84573003        9696969.69696970       1.295018434291586E-006
   1163911.84573003        9949494.94949495       8.160121136342462E-007
   1163911.84573003        10202020.2020202       4.998953981447581E-007
   1163911.84573003        10454545.4545455       2.975457608955174E-007
   1163911.84573003        10707070.7070707       1.719685590901258E-007
   1163911.84573003        10959595.9595960       9.644761878367362E-008
   1163911.84573003        11212121.2121212       5.245719600988830E-008
   1163911.84573003        11464646.4646465       2.765095685332534E-008
   1163911.84573003        11717171.7171717       1.411633410241245E-008
   1163911.84573003        11969696.9696970       6.975039867366477E-009
   1163911.84573003        12222222.2222222       3.333302466368892E-009
   1163911.84573003        12474747.4747475       1.539447542530475E-009
   1163911.84573003        12727272.7272727       6.864539707320610E-010
   1163911.84573003        12979797.9797980       2.951681198401237E-010
   1163911.84573003        13232323.2323232       1.221472621215138E-010
   1163911.84573003        13484848.4848485       4.847085386706597E-011
   1163911.84573003        13737373.7373737       1.830414597519902E-011
   1163911.84573003        13989898.9898990       6.460648178979648E-012
   1163911.84573003        14242424.2424242       2.029226856429119E-012
   1163911.84573003        14494949.4949495       4.697243067377950E-013
   1163911.84573003        14747474.7474747      -3.162780161962180E-014
   1163911.84573003        15000000.0000000       0.000000000000000E+000
   1286348.33180288       -10000000.0000000       0.000000000000000E+000
   1286348.33180288       -9747474.74747475       6.989468936480981E-009
   1286348.33180288       -9494949.49494950       2.049457366919674E-008
   1286348.33180288       -9242424.24242424       4.444571070821971E-008
   1286348.33180288       -8989898.98989899       8.460389358595146E-008
   1286348.33180288       -8737373.73737374       1.490865082669667E-007
   1286348.33180288       -8484848.48484848       2.488368427631915E-007
   1286348.33180288       -8232323.23232323       3.979437167955321E-007
   1286348.33180288       -7979797.97979798       6.136779723830352E-007
   1286348.33180288       -7727272.72727273       9.160970884449481E-007
   1286348.33180288       -7474747.47474748       1.327072012893519E-006
   1286348.33180288       -7222222.22222222       1.868610262090050E-006
   1286348.33180288       -6969696.96969697       2.560391953299431E-006
   1286348.33180288       -6717171.71717172       3.416533563277967E-006
   1286348.33180288       -6464646.46464646       4.441827293762548E-006
   1286348.33180288       -6212121.21212121       5.628164266952490E-006
   1286348.33180288       -5959595.95959596       6.952493584328287E-006
   1286348.33180288       -5707070.70707071       8.378103047571073E-006
   1286348.33180288       -5454545.45454546       9.860511712359755E-006
   1286348.33180288       -5202020.20202020       1.135740745406559E-005
   1286348.33180288       -4949494.94949495       1.283959263415250E-005
   1286348.33180288       -4696969.69696970       1.429868924980244E-005
   1286348.33180288       -4444444.44444444       1.574872900680715E-005
   1286348.33180288       -4191919.19191919       1.722185381370962E-005
   1286348.33180288       -3939393.93939394       1.876081782471741E-005
   1286348.33180288       -3686868.68686869       2.041134465892547E-005
   1286348.33180288       -3434343.43434343       2.221620105141791E-005
   1286348.33180288       -3181818.18181818       2.421153329648143E-005
   1286348.33180288       -2929292.92929293       2.642539933800114E-005
   1286348.33180288       -2676767.67676768       2.887842966868284E-005
   1286348.33180288       -2424242.42424242       3.158664058887214E-005
   1286348.33180288       -2171717.17171717       3.456595464962359E-005
   1286348.33180288       -1919191.91919192       3.783628444447930E-005
   1286348.33180288       -1666666.66666667       4.142013596277207E-005
   1286348.33180288       -1414141.41414141       4.532894524875689E-005
   1286348.33180288       -1161616.16161616       4.953455295869971E-005
   1286348.33180288       -909090.909090910       5.393528035934479E-005
   1286348.33180288       -656565.656565657       5.833832288054251E-005
   1286348.33180288       -404040.404040404       6.247949531518863E-005
   1286348.33180288       -151515.151515152       6.608369663562871E-005
   1286348.33180288        101010.101010101       6.894560354699617E-005
   1286348.33180288        353535.353535354       7.099577752643981E-005
   1286348.33180288        606060.606060605       7.232138471112299E-005
   1286348.33180288        858585.858585859       7.313103137725266E-005
   1286348.33180288        1111111.11111111       7.367940649061848E-005
   1286348.33180288        1363636.36363636       7.418603107868444E-005
   1286348.33180288        1616161.61616162       7.478303105792588E-005
   1286348.33180288        1868686.86868687       7.550825328929555E-005
   1286348.33180288        2121212.12121212       7.633385000510302E-005
   1286348.33180288        2373737.37373737       7.720508400584864E-005
   1286348.33180288        2626262.62626263       7.806836214977508E-005
   1286348.33180288        2878787.87878788       7.888232128155315E-005
   1286348.33180288        3131313.13131313       7.961670999890061E-005
   1286348.33180288        3383838.38383838       8.024587849706618E-005
   1286348.33180288        3636363.63636364       8.074089624749152E-005
   1286348.33180288        3888888.88888889       8.106142477834701E-005
   1286348.33180288        4141414.14141414       8.114729995106312E-005
   1286348.33180288        4393939.39393939       8.091024555844631E-005
   1286348.33180288        4646464.64646465       8.022784235986081E-005
   1286348.33180288        4898989.89898990       7.894432212794519E-005
   1286348.33180288        5151515.15151515       7.688458151998175E-005
   1286348.33180288        5404040.40404040       7.388622126900712E-005
   1286348.33180288        5656565.65656566       6.984674621919277E-005
   1286348.33180288        5909090.90909091       6.477104425474362E-005
   1286348.33180288        6161616.16161616       5.879662581250755E-005
   1286348.33180288        6414141.41414141       5.218054094600653E-005
   1286348.33180288        6666666.66666667       4.525119087985191E-005
   1286348.33180288        6919191.91919192       3.834611562614894E-005
   1286348.33180288        7171717.17171717       3.175980332025443E-005
   1286348.33180288        7424242.42424243       2.571440615588714E-005
   1286348.33180288        7676767.67676768       2.035250047134942E-005
   1286348.33180288        7929292.92929293       1.574389020976189E-005
   1286348.33180288        8181818.18181818       1.189856793548845E-005
   1286348.33180288        8434343.43434343       8.781122278437112E-006
   1286348.33180288        8686868.68686869       6.324598298728083E-006
   1286348.33180288        8939393.93939394       4.443076983379856E-006
   1286348.33180288        9191919.19191919       3.042544726639830E-006
   1286348.33180288        9444444.44444444       2.029665169552619E-006
   1286348.33180288        9696969.69696970       1.318187726072796E-006
   1286348.33180288        9949494.94949495       8.329633851125065E-007
   1286348.33180288        10202020.2020202       5.117991880940989E-007
   1286348.33180288        10454545.4545455       3.055808208385827E-007
   1286348.33180288        10707070.7070707       1.771868137531212E-007
   1286348.33180288        10959595.9595960       9.971014541936435E-008
   1286348.33180288        11212121.2121212       5.442158206218503E-008
   1286348.33180288        11464646.4646465       2.879019335382620E-008
   1286348.33180288        11717171.7171717       1.475272430104338E-008
   1286348.33180288        11969696.9696970       7.317424811417514E-009
   1286348.33180288        12222222.2222222       3.510682630470005E-009
   1286348.33180288        12474747.4747475       1.627912924943914E-009
   1286348.33180288        12727272.7272727       7.289113774474035E-010
   1286348.33180288        12979797.9797980       3.147660889545542E-010
   1286348.33180288        13232323.2323232       1.308404270744698E-010
   1286348.33180288        13484848.4848485       5.217063417847444E-011
   1286348.33180288        13737373.7373737       1.980985825652524E-011
   1286348.33180288        13989898.9898990       7.041803089287692E-012
   1286348.33180288        14242424.2424242       2.237197071845479E-012
   1286348.33180288        14494949.4949495       5.337513154786339E-013
   1286348.33180288        14747474.7474747      -2.048656500322515E-014
   1286348.33180288        15000000.0000000       0.000000000000000E+000
   1414906.64217937       -10000000.0000000       0.000000000000000E+000
   1414906.64217937       -9747474.74747475       7.223443282049105E-009
   1414906.64217937       -9494949.49494950       2.098991652668203E-008
   1414906.64217937       -9242424.24242424       4.524674031557321E-008
   1414906.64217937       -8989898.98989899       8.575005562583556E-008
   1414906.64217937       -8737373.73737374       1.505809224466837E-007
   1414906.64217937       -8484848.48484848       2.506011878242445E-007
   1414906.64217937       -8232323.23232323       3.997579784416348E-007
   1414906.64217937       -7979797.97979798       6.151081917948519E-007
   1414906.64217937       -7727272.72727273       9.164206278629788E-007
   1414906.64217937       -7474747.47474748       1.325218033965674E-006
   1414906.64217937       -7222222.22222222       1.863142521246649E-006
   1414906.64217937       -6969696.96969697       2.549569335104893E-006
   1414906.64217937       -6717171.71717172       3.398484839368707E-006
   1414906.64217937       -6464646.46464646       4.414858904179556E-006
   1414906.64217937       -6212121.21212121       5.591170923093793E-006
   1414906.64217937       -5959595.95959596       6.905363530605449E-006
   1414906.64217937       -5707070.70707071       8.321941296584412E-006
   1414906.64217937       -5454545.45454546       9.797516209088629E-006
   1414906.64217937       -5202020.20202020       1.129036963237207E-005
   1414906.64217937       -4949494.94949495       1.277119670912435E-005
   1414906.64217937       -4696969.69696970       1.423090382089017E-005
   1414906.64217937       -4444444.44444444       1.568251660756769E-005
   1414906.64217937       -4191919.19191919       1.715722854951407E-005
   1414906.64217937       -3939393.93939394       1.869711736608287E-005
   1414906.64217937       -3686868.68686869       2.034754515377555E-005
   1414906.64217937       -3434343.43434343       2.215116081207024E-005
   1414906.64217937       -3181818.18181818       2.414412116125908E-005
   1414906.64217937       -2929292.92929293       2.635449433489785E-005
   1414906.64217937       -2676767.67676768       2.880276106834797E-005
   1414906.64217937       -2424242.42424242       3.150438754764473E-005
   1414906.64217937       -2171717.17171717       3.447398931189735E-005
   1414906.64217937       -1919191.91919192       3.772903049143076E-005
   1414906.64217937       -1666666.66666667       4.128837088167080E-005
   1414906.64217937       -1414141.41414141       4.515947628731101E-005
   1414906.64217937       -1161616.16161616       4.931206926698162E-005
   1414906.64217937       -909090.909090910       5.364706692651561E-005
   1414906.64217937       -656565.656565657       5.798076161993324E-005
   1414906.64217937       -404040.404040404       6.206344446780416E-005
   1414906.64217937       -151515.151515152       6.563546505587629E-005
   1414906.64217937        101010.101010101       6.850194323090767E-005
   1414906.64217937        353535.353535354       7.059427986958219E-005
   1414906.64217937        606060.606060605       7.199016424406706E-005
   1414906.64217937        858585.858585859       7.288208593745723E-005
   1414906.64217937        1111111.11111111       7.350818252913878E-005
   1414906.64217937        1363636.36363636       7.407655884000300E-005
   1414906.64217937        1616161.61616162       7.471541571961385E-005
   1414906.64217937        1868686.86868687       7.546484422242009E-005
   1414906.64217937        2121212.12121212       7.630210272125098E-005
   1414906.64217937        2373737.37373737       7.717743603880838E-005
   1414906.64217937        2626262.62626263       7.804066806889394E-005
   1414906.64217937        2878787.87878788       7.885219913436736E-005
   1414906.64217937        3131313.13131313       7.958237710383194E-005
   1414906.64217937        3383838.38383838       8.020548223209392E-005
   1414906.64217937        3636363.63636364       8.069215631947628E-005
   1414906.64217937        3888888.88888889       8.100143977616770E-005
   1414906.64217937        4141414.14141414       8.107247313643950E-005
   1414906.64217937        4393939.39393939       8.081638710959361E-005
   1414906.64217937        4646464.64646465       8.011058952931366E-005
   1414906.64217937        4898989.89898990       7.880004916752913E-005
   1414906.64217937        5151515.15151515       7.671186491283104E-005
   1414906.64217937        5404040.40404040       7.368760395090753E-005
   1414906.64217937        5656565.65656566       6.963008418644214E-005
   1414906.64217937        5909090.90909091       6.454947240197475E-005
   1414906.64217937        6161616.16161616       5.858657309821785E-005
   1414906.64217937        6414141.41414141       5.199823309961912E-005
   1414906.64217937        6666666.66666667       4.510900671975522E-005
   1414906.64217937        6919191.91919192       3.825024662660276E-005
   1414906.64217937        7171717.17171717       3.170987656561906E-005
   1414906.64217937        7424242.42424243       2.570475231948128E-005
   1414906.64217937        7676767.67676768       2.037422847969552E-005
   1414906.64217937        7929292.92929293       1.578697578551405E-005
   1414906.64217937        8181818.18181818       1.195349071767281E-005
   1414906.64217937        8434343.43434343       8.839904599131217E-006
   1414906.64217937        8686868.68686869       6.381290475034790E-006
   1414906.64217937        8939393.93939394       4.493813238893474E-006
   1414906.64217937        9191919.19191919       3.085310383423842E-006
   1414906.64217937        9444444.44444444       2.063904836385850E-006
   1414906.64217937        9696969.69696970       1.344361513825009E-006
   1414906.64217937        9949494.94949495       8.521297646685331E-007
   1414906.64217937        10202020.2020202       5.252729750284773E-007
   1414906.64217937        10454545.4545455       3.146870092086548E-007
   1414906.64217937        10707070.7070707       1.831090768956359E-007
   1414906.64217937        10959595.9595960       1.034186561951754E-007
   1414906.64217937        11212121.2121212       5.665834714459816E-008
   1414906.64217937        11464646.4646465       3.008981737614502E-008
   1414906.64217937        11717171.7171717       1.548016462869464E-008
   1414906.64217937        11969696.9696970       7.709632421673076E-009
   1414906.64217937        12222222.2222222       3.714334836459368E-009
   1414906.64217937        12474747.4747475       1.729723625498266E-009
   1414906.64217937        12727272.7272727       7.778961717831032E-010
   1414906.64217937        12979797.9797980       3.374364188201906E-010
   1414906.64217937        13232323.2323232       1.409240513792677E-010
   1414906.64217937        13484848.4848485       5.647458959594504E-011
   1414906.64217937        13737373.7373737       2.156686340893683E-011
   1414906.64217937        13989898.9898990       7.722291226213751E-012
   1414906.64217937        14242424.2424242       2.481767203865488E-012
   1414906.64217937        14494949.4949495       6.095825584933959E-013
   1414906.64217937        14747474.7474747      -6.922798738202937E-015
   1414906.64217937        15000000.0000000       0.000000000000000E+000
   1549586.77685950       -10000000.0000000       0.000000000000000E+000
   1549586.77685950       -9747474.74747475       7.475733671328219E-009
   1549586.77685950       -9494949.49494950       2.152611245556984E-008
   1549586.77685950       -9242424.24242424       4.611350340703177E-008
   1549586.77685950       -8989898.98989899       8.698664734201895E-008
   1549586.77685950       -8737373.73737374       1.521848451411653E-007
   1549586.77685950       -8484848.48484848       2.524784887197984E-007
   1549586.77685950       -8232323.23232323       4.016569422489185E-007
   1549586.77685950       -7979797.97979798       6.165399033192979E-007
   1549586.77685950       -7727272.72727273       9.165767294478448E-007
   1549586.77685950       -7474747.47474748       1.322904826207316E-006
   1549586.77685950       -7222222.22222222       1.856760762416561E-006
   1549586.77685950       -6969696.96969697       2.537178302678261E-006
   1549586.77685950       -6717171.71717172       3.377990963749054E-006
   1549586.77685950       -6464646.46464646       4.384351193401385E-006
   1549586.77685950       -6212121.21212121       5.549373355737887E-006
   1549586.77685950       -5959595.95959596       6.852089588007993E-006
   1549586.77685950       -5707070.70707071       8.258357614120585E-006
   1549586.77685950       -5454545.45454546       9.726028170620423E-006
   1549586.77685950       -5202020.20202020       1.121408533224044E-005
   1549586.77685950       -4949494.94949495       1.269315034926691E-005
   1549586.77685950       -4696969.69696970       1.415336216706982E-005
   1549586.77685950       -4444444.44444444       1.560662971714012E-005
   1549586.77685950       -4191919.19191919       1.708307298244974E-005
   1549586.77685950       -3939393.93939394       1.862399111248651E-005
   1549586.77685950       -3686868.68686869       2.027432201790784E-005
   1549586.77685950       -3434343.43434343       2.207657128872036E-005
   1549586.77685950       -3181818.18181818       2.406690633055553E-005
   1549586.77685950       -2929292.92929293       2.627341816647688E-005
   1549586.77685950       -2676767.67676768       2.871645328746730E-005
   1549586.77685950       -2424242.42424242       3.141094192041253E-005
   1549586.77685950       -2171717.17171717       3.437021057953652E-005
   1549586.77685950       -1919191.91919192       3.760931575246341E-005
   1549586.77685950       -1666666.66666667       4.114356530069063E-005
   1549586.77685950       -1414141.41414141       4.497662368131337E-005
   1549586.77685950       -1161616.16161616       4.907631224030821E-005
   1549586.77685950       -909090.909090910       5.334631290172965E-005
   1549586.77685950       -656565.656565657       5.761201023480530E-005
   1549586.77685950       -404040.404040404       6.163793072097927E-005
   1549586.77685950       -151515.151515152       6.517947155389457E-005
   1549586.77685950        101010.101010101       6.805182007468903E-005
   1549586.77685950        353535.353535354       7.018705516846379E-005
   1549586.77685950        606060.606060605       7.165349855395405E-005
   1549586.77685950        858585.858585859       7.262779369894802E-005
   1549586.77685950        1111111.11111111       7.333177002823716E-005
   1549586.77685950        1363636.36363636       7.396220133347932E-005
   1549586.77685950        1616161.61616162       7.464329322097849E-005
   1549586.77685950        1868686.86868687       7.541725262110876E-005
   1549586.77685950        2121212.12121212       7.626634945323944E-005
   1549586.77685950        2373737.37373737       7.714577513369759E-005
   1549586.77685950        2626262.62626263       7.800876807281282E-005
   1549586.77685950        2878787.87878788       7.881748846082329E-005
   1549586.77685950        3131313.13131313       7.954286029698992E-005
   1549586.77685950        3383838.38383838       8.015904719910940E-005
   1549586.77685950        3636363.63636364       8.063619592142251E-005
   1549586.77685950        3888888.88888889       8.093264462446178E-005
   1549586.77685950        4141414.14141414       8.098675767069406E-005
   1549586.77685950        4393939.39393939       8.070902007725251E-005
   1549586.77685950        4646464.64646465       7.997669054390488E-005
   1549586.77685950        4898989.89898990       7.863564087229819E-005
   1549586.77685950        5151515.15151515       7.651554040149723E-005
   1549586.77685950        5404040.40404040       7.346249778334568E-005
   1549586.77685950        5656565.65656566       6.938532259843925E-005
   1549586.77685950        5909090.90909091       6.430003023653779E-005
   1549586.77685950        6161616.16161616       5.835094623022579E-005
   1549586.77685950        6414141.41414141       5.179447930321633E-005
   1549586.77685950        6666666.66666667       4.495071248357235E-005
   1549586.77685950        6919191.91919192       3.814401314468286E-005
   1549586.77685950        7171717.17171717       3.165500354956054E-005
   1549586.77685950        7424242.42424243       2.569471812465169E-005
   1549586.77685950        7676767.67676768       2.039901974118475E-005
   1549586.77685950        7929292.92929293       1.583539722819228E-005
   1549586.77685950        8181818.18181818       1.201495809369358E-005
   1549586.77685950        8434343.43434343       8.905572777798820E-006
   1549586.77685950        8686868.68686869       6.444573752839492E-006
   1549586.77685950        8939393.93939394       4.550437035531342E-006
   1549586.77685950        9191919.19191919       3.133048912529179E-006
   1549586.77685950        9444444.44444444       2.102146365704413E-006
   1549586.77685950        9696969.69696970       1.373617831951332E-006
   1549586.77685950        9949494.94949495       8.735755372848444E-007
   1549586.77685950        10202020.2020202       5.403679106964723E-007
   1549586.77685950        10454545.4545455       3.249035221642654E-007
   1549586.77685950        10707070.7070707       1.897642197922382E-007
   1549586.77685950        10959595.9595960       1.075935715900050E-007
   1549586.77685950        11212121.2121212       5.918135197346089E-008
   1549586.77685950        11464646.4646465       3.155885472808760E-008
   1549586.77685950        11717171.7171717       1.630429264757901E-008
   1549586.77685950        11969696.9696970       8.155039878551116E-009
   1549586.77685950        12222222.2222222       3.946199230107670E-009
   1549586.77685950        12474747.4747475       1.845948411804713E-009
   1549586.77685950        12727272.7272727       8.339728124325111E-010
   1549586.77685950        12979797.9797980       3.634648514141157E-010
   1549586.77685950        13232323.2323232       1.525367233844939E-010
   1549586.77685950        13484848.4848485       6.144706859640033E-011
   1549586.77685950        13737373.7373737       2.360371280430015E-011
   1549586.77685950        13989898.9898990       8.514163556167796E-012
   1549586.77685950        14242424.2424242       2.767714330457673E-012
   1549586.77685950        14494949.4949495       6.989239656640835E-013
   1549586.77685950        14747474.7474747       9.519912268875925E-015
   1549586.77685950        15000000.0000000       0.000000000000000E+000
   1690388.73584328       -10000000.0000000       0.000000000000000E+000
   1690388.73584328       -9747474.74747475       7.743335651744210E-009
   1690388.73584328       -9494949.49494950       2.209712011966731E-008
   1690388.73584328       -9242424.24242424       4.703585088736249E-008
   1690388.73584328       -8989898.98989899       8.829757157525330E-008
   1690388.73584328       -8737373.73737374       1.538738167782529E-007
   1690388.73584328       -8484848.48484848       2.544331295128508E-007
   1690388.73584328       -8232323.23232323       4.035909495443354E-007
   1690388.73584328       -7979797.97979798       6.179068179542940E-007
   1690388.73584328       -7727272.72727273       9.164806014233228E-007
   1690388.73584328       -7474747.47474748       1.320028198579129E-006
   1690388.73584328       -7222222.22222222       1.849341293016810E-006
   1690388.73584328       -6969696.96969697       2.523075390973704E-006
   1690388.73584328       -6717171.71717172       3.354886308971627E-006
   1690388.73584328       -6464646.46464646       4.350109203914425E-006
   1690388.73584328       -6212121.21212121       5.502533114749818E-006
   1690388.73584328       -5959595.95959596       6.792368848112629E-006
   1690388.73584328       -5707070.70707071       8.186961179481080E-006
   1690388.73584328       -5454545.45454546       9.645550920700940E-006
   1690388.73584328       -5202020.20202020       1.112794764926834E-005
   1690388.73584328       -4949494.94949495       1.260474876025130E-005
   1690388.73584328       -4696969.69696970       1.406528652423805E-005
   1690388.73584328       -4444444.44444444       1.552024623209789E-005
   1690388.73584328       -4191919.19191919       1.699854463572482E-005
   1690388.73584328       -3939393.93939394       1.854059137170086E-005
   1690388.73584328       -3686868.68686869       2.019082904465955E-005
   1690388.73584328       -3434343.43434343       2.199158891025847E-005
   1690388.73584328       -3181818.18181818       2.397904698803618E-005
   1690388.73584328       -2929292.92929293       2.618133127289417E-005
   1690388.73584328       -2676767.67676768       2.861867493897270E-005
   1690388.73584328       -2424242.42424242       3.130549855103406E-005
   1690388.73584328       -2171717.17171717       3.425388203482748E-005
   1690388.73584328       -1919191.91919192       3.747655884661965E-005
   1690388.73584328       -1666666.66666667       4.098544452645304E-005
   1690388.73584328       -1414141.41414141       4.478064466565840E-005
   1690388.73584328       -1161616.16161616       4.882834242199998E-005
   1690388.73584328       -909090.909090910       5.303512405167867E-005
   1690388.73584328       -656565.656565657       5.723532464446355E-005
   1690388.73584328       -404040.404040404       6.120723526300383E-005
   1690388.73584328       -151515.151515152       6.472064443048725E-005
   1690388.73584328        101010.101010101       6.760025294541142E-005
   1690388.73584328        353535.353535354       6.977863104405175E-005
   1690388.73584328        606060.606060605       7.131498417502373E-005
   1690388.73584328        858585.858585859       7.237062965491213E-005
   1690388.73584328        1111111.11111111       7.315158717716115E-005
   1690388.73584328        1363636.36363636       7.384355600042287E-005
   1690388.73584328        1616161.61616162       7.456672791062079E-005
   1690388.73584328        1868686.86868687       7.536525328854450E-005
   1690388.73584328        2121212.12121212       7.622623399150271E-005
   1690388.73584328        2373737.37373737       7.710969379596067E-005
   1690388.73584328        2626262.62626263       7.797223059003638E-005
   1690388.73584328        2878787.87878788       7.877773271907554E-005
   1690388.73584328        3131313.13131313       7.949766379462200E-005
   1690388.73584328        3383838.38383838       8.010601728224488E-005
   1690388.73584328        3636363.63636364       8.057237312780360E-005
   1690388.73584328        3888888.88888889       8.085428337268751E-005
   1690388.73584328        4141414.14141414       8.088925586205175E-005
   1690388.73584328        4393939.39393939       8.058708444130838E-005
   1690388.73584328        4646464.64646465       7.982492057608269E-005
   1690388.73584328        4898989.89898990       7.844973717691969E-005
   1690388.73584328        5151515.15151515       7.629418548344386E-005
   1690388.73584328        5404040.40404040       7.320953242661175E-005
   1690388.73584328        5656565.65656566       6.911127735754615E-005
   1690388.73584328        5909090.90909091       6.402183330503438E-005
   1690388.73584328        6161616.16161616       5.808921345183016E-005
   1690388.73584328        6414141.41414141       5.156907683106662E-005
   1690388.73584328        6666666.66666667       4.477635008703675E-005
   1690388.73584328        6919191.91919192       3.802759329730401E-005
   1690388.73584328        7171717.17171717       3.159540210870352E-005
   1690388.73584328        7424242.42424243       2.568449704220151E-005
   1690388.73584328        7676767.67676768       2.042701446129348E-005
   1690388.73584328        7929292.92929293       1.588923932961108E-005
   1690388.73584328        8181818.18181818       1.208301216995880E-005
   1690388.73584328        8434343.43434343       8.978143633304434E-006
   1690388.73584328        8686868.68686869       6.514455147486380E-006
   1690388.73584328        8939393.93939394       4.612956119267530E-006
   1690388.73584328        9191919.19191919       3.185773941355792E-006
   1690388.73584328        9444444.44444444       2.144410102225610E-006
   1690388.73584328        9696969.69696970       1.405981907381609E-006
   1690388.73584328        9949494.94949495       8.973278870474818E-007
   1690388.73584328        10202020.2020202       5.571102947418286E-007
   1690388.73584328        10454545.4545455       3.362536798649290E-007
   1690388.73584328        10707070.7070707       1.971714480534050E-007
   1690388.73584328        10959595.9595960       1.122497126772004E-007
   1690388.73584328        11212121.2121212       6.200137914236615E-008
   1690388.73584328        11464646.4646465       3.320473244155616E-008
   1690388.73584328        11717171.7171717       1.722996667816196E-008
   1690388.73584328        11969696.9696970       8.656672000553356E-009
   1690388.73584328        12222222.2222222       4.208071181933132E-009
   1690388.73584328        12474747.4747475       1.977604358741643E-009
   1690388.73584328        12727272.7272727       8.976916561421460E-010
   1690388.73584328        12979797.9797980       3.931359928140629E-010
   1690388.73584328        13232323.2323232       1.658191219914518E-010
   1690388.73584328        13484848.4848485       6.715451720242897E-011
   1690388.73584328        13737373.7373737       2.595035695413705E-011
   1690388.73584328        13989898.9898990       9.430253728479705E-012
   1690388.73584328        14242424.2424242       3.100205650234868E-012
   1690388.73584328        14494949.4949495       8.036564406912503E-013
   1690388.73584328        14747474.7474747       2.936443811287220E-014
   1690388.73584328        15000000.0000000       0.000000000000000E+000
   1837312.51913070       -10000000.0000000       0.000000000000000E+000
   1837312.51913070       -9747474.74747475       8.022310525287317E-009
   1837312.51913070       -9494949.49494950       2.269472162188538E-008
   1837312.51913070       -9242424.24242424       4.799989062595912E-008
   1837312.51913070       -8989898.98989899       8.966098234348402E-008
   1837312.51913070       -8737373.73737374       1.556151231293015E-007
   1837312.51913070       -8484848.48484848       2.564182911368508E-007
   1837312.51913070       -8232323.23232323       4.054959731157941E-007
   1837312.51913070       -7979797.97979798       6.191253405351170E-007
   1837312.51913070       -7727272.72727273       9.160281303284588E-007
   1837312.51913070       -7474747.47474748       1.316464468674187E-006
   1837312.51913070       -7222222.22222222       1.840743649014237E-006
   1837312.51913070       -6969696.96969697       2.507106897094453E-006
   1837312.51913070       -6717171.71717172       3.329005770076121E-006
   1837312.51913070       -6464646.46464646       4.311952896512855E-006
   1837312.51913070       -6212121.21212121       5.450442700835165E-006
   1837312.51913070       -5959595.95959596       6.725943655337261E-006
   1837312.51913070       -5707070.70707071       8.107415083711684E-006
   1837312.51913070       -5454545.45454546       9.555641800831079E-006
   1837312.51913070       -5202020.20202020       1.103139486524024E-005
   1837312.51913070       -4949494.94949495       1.250531711000448E-005
   1837312.51913070       -4696969.69696970       1.396591177829904E-005
   1837312.51913070       -4444444.44444444       1.542254138173746E-005
   1837312.51913070       -4191919.19191919       1.690278745699151E-005
   1837312.51913070       -3939393.93939394       1.844605089605763E-005
   1837312.51913070       -3686868.68686869       2.009619870315952E-005
   1837312.51913070       -3434343.43434343       2.189535007670151E-005
   1837312.51913070       -3181818.18181818       2.387968457241735E-005
   1837312.51913070       -2929292.92929293       2.607738173523974E-005
   1837312.51913070       -2676767.67676768       2.850858682866723E-005
   1837312.51913070       -2424242.42424242       3.118724749898959E-005
   1837312.51913070       -2171717.17171717       3.412426003743194E-005
   1837312.51913070       -1919191.91919192       3.733015474939855E-005
   1837312.51913070       -1666666.66666667       4.081366447364035E-005
   1837312.51913070       -1414141.41414141       4.457163067880411E-005
   1837312.51913070       -1161616.16161616       4.856888782029623E-005
   1837312.51913070       -909090.909090910       5.271503309945442E-005
   1837312.51913070       -656565.656565657       5.685310054331729E-005
   1837312.51913070       -404040.404040404       6.077450478505764E-005
   1837312.51913070       -151515.151515152       6.426259039338758E-005
   1837312.51913070        101010.101010101       6.715089636256804E-005
   1837312.51913070        353535.353535354       6.937228452948286E-005
   1837312.51913070        606060.606060605       7.097719845931359E-005
   1837312.51913070        858585.858585859       7.211232866899389E-005
   1837312.51913070        1111111.11111111       7.296857036878054E-005
   1837312.51913070        1363636.36363636       7.372093490102397E-005
   1837312.51913070        1616161.61616162       7.448562523983112E-005
   1837312.51913070        1868686.86868687       7.530853288997565E-005
   1837312.51913070        2121212.12121212       7.618134762606228E-005
   1837312.51913070        2373737.37373737       7.706874920857017E-005
   1837312.51913070        2626262.62626263       7.793059748052849E-005
   1837312.51913070        2878787.87878788       7.873245410690688E-005
   1837312.51913070        3131313.13131313       7.944627466011294E-005
   1837312.51913070        3383838.38383838       8.004582327950021E-005
   1837312.51913070        3636363.63636364       8.050003796274926E-005
   1837312.51913070        3888888.88888889       8.076559944361880E-005
   1837312.51913070        4141414.14141414       8.077908145201681E-005
   1837312.51913070        4393939.39393939       8.044955167489139E-005
   1837312.51913070        4646464.64646465       7.965411869040257E-005
   1837312.51913070        4898989.89898990       7.824109083349045E-005
   1837312.51913070        5151515.15151515       7.604655737797091E-005
   1837312.51913070        5404040.40404040       7.292759731719813E-005
   1837312.51913070        5656565.65656566       6.880710395469675E-005
   1837312.51913070        5909090.90909091       6.371439640316341E-005
   1837312.51913070        6161616.16161616       5.780126254572949E-005
   1837312.51913070        6414141.41414141       5.132221366679560E-005
   1837312.51913070        6666666.66666667       4.458627851851280E-005
   1837312.51913070        6919191.91919192       3.790137982944952E-005
   1837312.51913070        7171717.17171717       3.153139409619348E-005
   1837312.51913070        7424242.42424243       2.567428599040551E-005
   1837312.51913070        7676767.67676768       2.045827753739606E-005
   1837312.51913070        7929292.92929293       1.594845933757752E-005
   1837312.51913070        8181818.18181818       1.215754089173419E-005
   1837312.51913070        8434343.43434343       9.057474448300215E-006
   1837312.51913070        8686868.68686869       6.590792103526966E-006
   1837312.51913070        8939393.93939394       4.681247989592959E-006
   1837312.51913070        9191919.19191919       3.243392376073278E-006
   1837312.51913070        9444444.44444444       2.190633502305625E-006
   1837312.51913070        9696969.69696970       1.441417680222745E-006
   1837312.51913070        9949494.94949495       9.233707515376282E-007
   1837312.51913070        10202020.2020202       5.754972660612655E-007
   1837312.51913070        10454545.4545455       3.487420060214147E-007
   1837312.51913070        10707070.7070707       2.053383895021584E-007
   1837312.51913070        10959595.9595960       1.173950931229717E-007
   1837312.51913070        11212121.2121212       6.512539765016017E-008
   1837312.51913070        11464646.4646465       3.503284782774019E-008
   1837312.51913070        11717171.7171717       1.826102314026745E-008
   1837312.51913070        11969696.9696970       9.217070145660203E-009
   1837312.51913070        12222222.2222222       4.501533450669275E-009
   1837312.51913070        12474747.4747475       2.125623295991173E-009
   1837312.51913070        12727272.7272727       9.695731324895767E-010
   1837312.51913070        12979797.9797980       4.267262166746907E-010
   1837312.51913070        13232323.2323232       1.809110032359034E-010
   1837312.51913070        13484848.4848485       7.366427459534919E-011
   1837312.51913070        13737373.7373737       2.863769710120832E-011
   1837312.51913070        13989898.9898990       1.048402578615924E-011
   1837312.51913070        14242424.2424242       3.484753750962876E-012
   1837312.51913070        14494949.4949495       9.258265777924242E-013
   1837312.51913070        14747474.7474747       5.320087704162496E-014
   1837312.51913070        15000000.0000000       0.000000000000000E+000
   1990358.12672176       -10000000.0000000       0.000000000000000E+000
   1990358.12672176       -9747474.74747475       8.307814310109341E-009
   1990358.12672176       -9494949.49494950       2.330848066335009E-008
   1990358.12672176       -9242424.24242424       4.898784231479094E-008
   1990358.12672176       -8989898.98989899       9.104902206481493E-008
   1990358.12672176       -8737373.73737374       1.573673943309130E-007
   1990358.12672176       -8484848.48484848       2.583753795386158E-007
   1990358.12672176       -8232323.23232323       4.072928282227290E-007
   1990358.12672176       -7979797.97979798       6.200935053836151E-007
   1990358.12672176       -7727272.72727273       9.150944807587030E-007
   1990358.12672176       -7474747.47474748       1.312068688896598E-006
   1990358.12672176       -7222222.22222222       1.830808481791823E-006
   1990358.12672176       -6969696.96969697       2.489106610278014E-006
   1990358.12672176       -6717171.71717172       3.300182758571012E-006
   1990358.12672176       -6464646.46464646       4.269716126151519E-006
   1990358.12672176       -6212121.21212121       5.392926483812055E-006
   1990358.12672176       -5959595.95959596       6.652605426800368E-006
   1990358.12672176       -5707070.70707071       8.019443594951508E-006
   1990358.12672176       -5454545.45454546       9.455922618869224E-006
   1990358.12672176       -5202020.20202020       1.092392293614211E-005
   1990358.12672176       -4949494.94949495       1.239422341417225E-005
   1990358.12672176       -4696969.69696970       1.385449725217499E-005
   1990358.12672176       -4444444.44444444       1.531269756424644E-005
   1990358.12672176       -4191919.19191919       1.679493958583330E-005
   1990358.12672176       -3939393.93939394       1.833948895139148E-005
   1990358.12672176       -3686868.68686869       1.998954702778541E-005
   1990358.12672176       -3434343.43434343       2.178697528855089E-005
   1990358.12672176       -3181818.18181818       2.376794734633591E-005
   1990358.12672176       -2929292.92929293       2.596070821991152E-005
   1990358.12672176       -2676767.67676768       2.838534390317852E-005
   1990358.12672176       -2424242.42424242       3.105537419018484E-005
   1990358.12672176       -2171717.17171717       3.398059059648727E-005
   1990358.12672176       -1919191.91919192       3.716946588293822E-005
   1990358.12672176       -1666666.66666667       4.062779326814548E-005
   1990358.12672176       -1414141.41414141       4.434947496924881E-005
   1990358.12672176       -1161616.16161616       4.829829340092833E-005
   1990358.12672176       -909090.909090910       5.238692899942579E-005
   1990358.12672176       -656565.656565657       5.646678359394196E-005
   1990358.12672176       -404040.404040404       6.034164720529080E-005
   1990358.12672176       -151515.151515152       6.380748317135234E-005
   1990358.12672176        101010.101010101       6.670593078545939E-005
   1990358.12672176        353535.353535354       6.896994265811294E-005
   1990358.12672176        606060.606060605       7.064161732239889E-005
   1990358.12672176        858585.858585859       7.185382409397137E-005
   1990358.12672176        1111111.11111111       7.278313357713079E-005
   1990358.12672176        1363636.36363636       7.359434135853141E-005
   1990358.12672176        1616161.61616162       7.439972039534156E-005
   1990358.12672176        1868686.86868687       7.524668548568124E-005
   1990358.12672176        2121212.12121212       7.613122799558372E-005
   1990358.12672176        2373737.37373737       7.702246353506519E-005
   1990358.12672176        2626262.62626263       7.788338516553400E-005
   1990358.12672176        2878787.87878788       7.868115554987619E-005
   1990358.12672176        3131313.13131313       7.938816598909577E-005
   1990358.12672176        3383838.38383838       7.997788781110112E-005
   1990358.12672176        3636363.63636364       8.041853976661847E-005
   1990358.12672176        3888888.88888889       8.066584648861865E-005
   1990358.12672176        4141414.14141414       8.065537538382540E-005
   1990358.12672176        4393939.39393939       8.029544727882086E-005
   1990358.12672176        4646464.64646465       7.946321925809838E-005
   1990358.12672176        4898989.89898990       7.800860952778202E-005
   1990358.12672176        5151515.15151515       7.577164633709919E-005
   1990358.12672176        5404040.40404040       7.261590408178388E-005
   1990358.12672176        5656565.65656566       6.847236360191922E-005
   1990358.12672176        5909090.90909091       6.337769547177938E-005
   1990358.12672176        6161616.16161616       5.748745024583141E-005
   1990358.12672176        6414141.41414141       5.105449963710035E-005
   1990358.12672176        6666666.66666667       4.438118501525409E-005
   1990358.12672176        6919191.91919192       3.776597358926874E-005
   1990358.12672176        7171717.17171717       3.146338582146833E-005
   1990358.12672176        7424242.42424243       2.566425801516108E-005
   1990358.12672176        7676767.67676768       2.049276808368494E-005
   1990358.12672176        7929292.92929293       1.601285669939062E-005
   1990358.12672176        8181818.18181818       1.223825012552509E-005
   1990358.12672176        8434343.43434343       9.143238496225853E-006
   1990358.12672176        8686868.68686869       6.673271858333168E-006
   1990358.12672176        8939393.93939394       4.755043041378463E-006
   1990358.12672176        9191919.19191919       3.305691008582080E-006
   1990358.12672176        9444444.44444444       2.240660769301377E-006
   1990358.12672176        9696969.69696970       1.479819989335487E-006
   1990358.12672176        9949494.94949495       9.516390867715655E-007
   1990358.12672176        10202020.2020202       5.954927116883854E-007
   1990358.12672176        10454545.4545455       3.623513962950022E-007
   1990358.12672176        10707070.7070707       2.142591962459611E-007
   1990358.12672176        10959595.9595960       1.230296895971262E-007
   1990358.12672176        11212121.2121212       6.855579433364862E-008
   1990358.12672176        11464646.4646465       3.704610577833103E-008
   1990358.12672176        11717171.7171717       1.940000869609826E-008
   1990358.12672176        11969696.9696970       9.838143338166283E-009
   1990358.12672176        12222222.2222222       4.827876866294459E-009
   1990358.12672176        12474747.4747475       2.290811363643526E-009
   1990358.12672176        12727272.7272727       1.050088040561544E-009
   1990358.12672176        12979797.9797980       4.644945118162495E-010
   1990358.12672176        13232323.2323232       1.979471569079107E-010
   1990358.12672176        13484848.4848485       8.104288028716418E-011
   1990358.12672176        13737373.7373737       3.169691748362743E-011
   1990358.12672176        13989898.9898990       1.168932882144321E-011
   1990358.12672176        14242424.2424242       3.927134894345896E-012
   1990358.12672176        14494949.4949495       1.067624036008182E-012
   1990358.12672176        14747474.7474747       8.168354676264903E-014
   1990358.12672176        15000000.0000000       0.000000000000000E+000
   2149525.55861647       -10000000.0000000       0.000000000000000E+000
   2149525.55861647       -9747474.74747475       8.594177594749927E-009
   2149525.55861647       -9494949.49494950       2.392580708892218E-008
   2149525.55861647       -9242424.24242424       4.997805639120002E-008
   2149525.55861647       -8989898.98989899       9.242779570080292E-008
   2149525.55861647       -8737373.73737374       1.590805339946704E-007
   2149525.55861647       -8484848.48484848       2.602338923393186E-007
   2149525.55861647       -8232323.23232323       4.088869304798849E-007
   2149525.55861647       -7979797.97979798       6.206905394427604E-007
   2149525.55861647       -7727272.72727273       9.135333347235091E-007
   2149525.55861647       -7474747.47474748       1.306673405511662E-006
   2149525.55861647       -7222222.22222222       1.819355702537571E-006
   2149525.55861647       -6969696.96969697       2.468893326006339E-006
   2149525.55861647       -6717171.71717172       3.268246328270425E-006
   2149525.55861647       -6464646.46464646       4.223244015039850E-006
   2149525.55861647       -6212121.21212121       5.329839383599691E-006
   2149525.55861647       -5959595.95959596       6.572195929261247E-006
   2149525.55861647       -5707070.70707071       7.922837080981729E-006
   2149525.55861647       -5454545.45454546       9.346088469197866E-006
   2149525.55861647       -5202020.20202020       1.080509737522847E-005
   2149525.55861647       -4949494.94949495       1.227089181988493E-005
   2149525.55861647       -4696969.69696970       1.373033959582507E-005
   2149525.55861647       -4444444.44444444       1.518991559094940E-005
   2149525.55861647       -4191919.19191919       1.667414250281141E-005
   2149525.55861647       -3939393.93939394       1.822001854724316E-005
   2149525.55861647       -3686868.68686869       1.986997937111275E-005
   2149525.55861647       -3434343.43434343       2.166557382761150E-005
   2149525.55861647       -3181818.18181818       2.364295421701925E-005
   2149525.55861647       -2929292.92929293       2.583044291651118E-005
   2149525.55861647       -2676767.67676768       2.824809706576390E-005
   2149525.55861647       -2424242.42424242       3.090905970756104E-005
   2149525.55861647       -2171717.17171717       3.382210770094171E-005
   2149525.55861647       -1919191.91919192       3.699381837262318E-005
   2149525.55861647       -1666666.66666667       4.042730640075467E-005
   2149525.55861647       -1414141.41414141       4.411386981847056E-005
   2149525.55861647       -1161616.16161616       4.801652651845322E-005
   2149525.55861647       -909090.909090910       5.205107884246803E-005
   2149525.55861647       -656565.656565657       5.607691504520551E-005
   2149525.55861647       -404040.404040404       5.990940287200433E-005
   2149525.55861647       -151515.151515152       6.335615407582745E-005
   2149525.55861647        101010.101010101       6.626615950429692E-005
   2149525.55861647        353535.353535354       6.857227096679018E-005
   2149525.55861647        606060.606060605       7.030868485515389E-005
   2149525.55861647        858585.858585859       7.159529532414714E-005
   2149525.55861647        1111111.11111111       7.259519700699635E-005
   2149525.55861647        1363636.36363636       7.346348564716965E-005
   2149525.55861647        1616161.61616162       7.430858648764368E-005
   2149525.55861647        1868686.86868687       7.517921684353927E-005
   2149525.55861647        2121212.12121212       7.607536155234810E-005
   2149525.55861647        2373737.37373737       7.697032568467007E-005
   2149525.55861647        2626262.62626263       7.783008646068713E-005
   2149525.55861647        2878787.87878788       7.862332322462192E-005
   2149525.55861647        3131313.13131313       7.932280072172230E-005
   2149525.55861647        3383838.38383838       7.990163109964369E-005
   2149525.55861647        3636363.63636364       8.032723581214431E-005
   2149525.55861647        3888888.88888889       8.055430100787942E-005
   2149525.55861647        4141414.14141414       8.051732397766851E-005
   2149525.55861647        4393939.39393939       8.012387641907964E-005
   2149525.55861647        4646464.64646465       7.925128703147535E-005
   2149525.55861647        4898989.89898990       7.775140170118727E-005
   2149525.55861647        5151515.15151515       7.546873166870878E-005
   2149525.55861647        5404040.40404040       7.227404913495612E-005
   2149525.55861647        5656565.65656566       6.810708538205808E-005
   2149525.55861647        5909090.90909091       6.301222031383856E-005
   2149525.55861647        6161616.16161616       5.714863751029457E-005
   2149525.55861647        6414141.41414141       5.076698008463940E-005
   2149525.55861647        6666666.66666667       4.416207796181425E-005
   2149525.55861647        6919191.91919192       3.762216040376826E-005
   2149525.55861647        7171717.17171717       3.139183532913593E-005
   2149525.55861647        7424242.42424243       2.565452598286890E-005
   2149525.55861647        7676767.67676768       2.053030396990948E-005
   2149525.55861647        7929292.92929293       1.608204106687309E-005
   2149525.55861647        8181818.18181818       1.232463626338451E-005
   2149525.55861647        8434343.43434343       9.234902392168979E-006
   2149525.55861647        8686868.68686869       6.761393153859136E-006
   2149525.55861647        8939393.93939394       4.833910038960911E-006
   2149525.55861647        9191919.19191919       3.372325128046948E-006
   2149525.55861647        9444444.44444444       2.294234037532138E-006
   2149525.55861647        9696969.69696970       1.521007847754349E-006
   2149525.55861647        9949494.94949495       9.820138311472827E-007
   2149525.55861647        10202020.2020202       6.170235793245492E-007
   2149525.55861647        10454545.4545455       3.770404894001560E-007
   2149525.55861647        10707070.7070707       2.239127266397613E-007
   2149525.55861647        10959595.9595960       1.291442260318402E-007
   2149525.55861647        11212121.2121212       7.228958978340032E-008
   2149525.55861647        11464646.4646465       3.924443207362249E-008
   2149525.55861647        11717171.7171717       2.064789000355564E-008
   2149525.55861647        11969696.9696970       1.052100220651852E-008
   2149525.55861647        12222222.2222222       5.188009295678807E-009
   2149525.55861647        12474747.4747475       2.473801254419750E-009
   2149525.55861647        12727272.7272727       1.139633601892572E-009
   2149525.55861647        12979797.9797980       5.066710207862179E-010
   2149525.55861647        13232323.2323232       2.170521791779901E-010
   2149525.55861647        13484848.4848485       8.935380747683446E-011
   2149525.55861647        13737373.7373737       3.515855445379075E-011
   2149525.55861647        13989898.9898990       1.306003760424495E-011
   2149525.55861647        14242424.2424242       4.433260976706208E-012
   2149525.55861647        14494949.4949495       1.231341791314879E-012
   2149525.55861647        14747474.7474747       1.155229560624917E-013
   2149525.55861647        15000000.0000000       0.000000000000000E+000
   2314814.81481482       -10000000.0000000       0.000000000000000E+000
   2314814.81481482       -9747474.74747475       8.875036473567096E-009
   2314814.81481482       -9494949.49494950       2.453214332124172E-008
   2314814.81481482       -9242424.24242424       5.094523013031146E-008
   2314814.81481482       -8989898.98989899       9.375763389910012E-008
   2314814.81481482       -8737373.73737374       1.606960540723884E-007
   2314814.81481482       -8484848.48484848       2.619118301382974E-007
   2314814.81481482       -8232323.23232323       4.101687448455625E-007
   2314814.81481482       -7979797.97979798       6.207772419395053E-007
   2314814.81481482       -7727272.72727273       9.111770073776128E-007
   2314814.81481482       -7474747.47474748       1.300088229675692E-006
   2314814.81481482       -7222222.22222222       1.806183185919657E-006
   2314814.81481482       -6969696.96969697       2.446268428070192E-006
   2314814.81481482       -6717171.71717172       3.233017633680802E-006
   2314814.81481482       -6464646.46464646       4.172388756120002E-006
   2314814.81481482       -6212121.21212121       5.261063097451993E-006
   2314814.81481482       -5959595.95959596       6.484605505594591E-006
   2314814.81481482       -5707070.70707071       7.817453828768497E-006
   2314814.81481482       -5454545.45454546       9.225914039582699E-006
   2314814.81481482       -5202020.20202020       1.067456369726667E-005
   2314814.81481482       -4949494.94949495       1.213481565146428E-005
   2314814.81481482       -4696969.69696970       1.359278639790968E-005
   2314814.81481482       -4444444.44444444       1.505342717776987E-005
   2314814.81481482       -4191919.19191919       1.653955153756561E-005
   2314814.81481482       -3939393.93939394       1.808675486437563E-005
   2314814.81481482       -3686868.68686869       1.973659706393843E-005
   2314814.81481482       -3434343.43434343       2.153024902067194E-005
   2314814.81481482       -3181818.18181818       2.350381883109088E-005
   2314814.81481482       -2929292.92929293       2.568571449668813E-005
   2314814.81481482       -2676767.67676768       2.809599489853350E-005
   2314814.81481482       -2424242.42424242       3.074748122526510E-005
   2314814.81481482       -2171717.17171717       3.364803287733362E-005
   2314814.81481482       -1919191.91919192       3.680250244859529E-005
   2314814.81481482       -1666666.66666667       4.021159239031194E-005
   2314814.81481482       -1414141.41414141       4.386432609839695E-005
   2314814.81481482       -1161616.16161616       4.772322353253276E-005
   2314814.81481482       -909090.909090910       5.170721659978569E-005
   2314814.81481482       -656565.656565657       5.568327350917983E-005
   2314814.81481482       -404040.404040404       5.947753890495677E-005
   2314814.81481482       -151515.151515152       6.290832321108682E-005
   2314814.81481482        101010.101010101       6.583124890722663E-005
   2314814.81481482        353535.353535354       6.817889236921200E-005
   2314814.81481482        606060.606060605       6.997798850768387E-005
   2314814.81481482        858585.858585859       7.133629128405007E-005
   2314814.81481482        1111111.11111111       7.240426409338471E-005
   2314814.81481482        1363636.36363636       7.332782784245302E-005
   2314814.81481482        1616161.61616162       7.421165618733205E-005
   2314814.81481482        1868686.86868687       7.510555464651256E-005
   2314814.81481482        2121212.12121212       7.601318836337883E-005
   2314814.81481482        2373737.37373737       7.691179398362014E-005
   2314814.81481482        2626262.62626263       7.777017285404645E-005
   2314814.81481482        2878787.87878788       7.855842946898052E-005
   2314814.81481482        3131313.13131313       7.924963596686108E-005
   2314814.81481482        3383838.38383838       7.981647750749419E-005
   2314814.81481482        3636363.63636364       8.022550103602273E-005
   2314814.81481482        3888888.88888889       8.043027655450663E-005
   2314814.81481482        4141414.14141414       8.036417923145203E-005
   2314814.81481482        4393939.39393939       7.993405218298376E-005
   2314814.81481482        4646464.64646465       7.901755501056017E-005
   2314814.81481482        4898989.89898990       7.746882455750280E-005
   2314814.81481482        5151515.15151515       7.513743797459276E-005
   2314814.81481482        5404040.40404040       7.190207272941363E-005
   2314814.81481482        5656565.65656566       6.771181943903268E-005
   2314814.81481482        5909090.90909091       6.261901228057438E-005
   2314814.81481482        6161616.16161616       5.678620464437253E-005
   2314814.81481482        6414141.41414141       5.046112673725943E-005
   2314814.81481482        6666666.66666667       4.393025748371569E-005
   2314814.81481482        6919191.91919192       3.747086892701831E-005
   2314814.81481482        7171717.17171717       3.131720560465261E-005
   2314814.81481482        7424242.42424243       2.564509756669656E-005
   2314814.81481482        7676767.67676768       2.057052243905743E-005
   2314814.81481482        7929292.92929293       1.615540003270515E-005
   2314814.81481482        8181818.18181818       1.241596092954787E-005
   2314814.81481482        8434343.43434343       9.331706763135539E-006
   2314814.81481482        8686868.68686869       6.854451598338677E-006
   2314814.81481482        8939393.93939394       4.917244986801698E-006
   2314814.81481482        9191919.19191919       3.442809963614779E-006
   2314814.81481482        9444444.44444444       2.350986718445853E-006
   2314814.81481482        9696969.69696970       1.564719244707318E-006
   2314814.81481482        9949494.94949495       1.014317866831839E-006
   2314814.81481482        10202020.2020202       6.399767891738557E-007
   2314814.81481482        10454545.4545455       3.927413637407151E-007
   2314814.81481482        10707070.7070707       2.342608807085939E-007
   2314814.81481482        10959595.9595960       1.357190135270888E-007
   2314814.81481482        11212121.2121212       7.631766106958746E-008
   2314814.81481482        11464646.4646465       4.162427374520539E-008
   2314814.81481482        11717171.7171717       2.200374600659063E-008
   2314814.81481482        11969696.9696970       1.126577759214254E-008
   2314814.81481482        12222222.2222222       5.582353370306207E-009
   2314814.81481482        12474747.4747475       2.674997097085015E-009
   2314814.81481482        12727272.7272727       1.238505087785714E-009
   2314814.81481482        12979797.9797980       5.534430993792121E-010
   2314814.81481482        13232323.2323232       2.383339416196936E-010
   2314814.81481482        13484848.4848485       9.865454998612824E-011
   2314814.81481482        13737373.7373737       3.905126267914133E-011
   2314814.81481482        13989898.9898990       1.460955915935424E-011
   2314814.81481482        14242424.2424242       5.008995873015731E-012
   2314814.81481482        14494949.4949495       1.419315376555282E-012
   2314814.81481482        14747474.7474747       1.554714451427367E-013
   2314814.81481482        15000000.0000000       0.000000000000000E+000
   2486225.89531680       -10000000.0000000       0.000000000000000E+000
   2486225.89531680       -9747474.74747475       9.143509523595279E-009
   2486225.89531680       -9494949.49494950       2.511128030528524E-008
   2486225.89531680       -9242424.24242424       5.186084573507669E-008
   2486225.89531680       -8989898.98989899       9.499368770569126E-008
   2486225.89531680       -8737373.73737374       1.621478791846368E-007
   2486225.89531680       -8484848.48484848       2.633167443062346E-007
   2486225.89531680       -8232323.23232323       4.110150555427663E-007
   2486225.89531680       -7979797.97979798       6.201973601941018E-007
   2486225.89531680       -7727272.72727273       9.078376802497911E-007
   2486225.89531680       -7474747.47474748       1.292100530341344E-006
   2486225.89531680       -7222222.22222222       1.791066407050931E-006
   2486225.89531680       -6969696.96969697       2.421013949674496E-006
   2486225.89531680       -6717171.71717172       3.194306109220662E-006
   2486225.89531680       -6464646.46464646       4.117004116512352E-006
   2486225.89531680       -6212121.21212121       5.186499907925101E-006
   2486225.89531680       -5959595.95959596       6.389767954920754E-006
   2486225.89531680       -5707070.70707071       7.703218117558848E-006
   2486225.89531680       -5454545.45454546       9.095256511081026E-006
   2486225.89531680       -5202020.20202020       1.053205546863512E-005
   2486225.89531680       -4949494.94949495       1.198556939761906E-005
   2486225.89531680       -4696969.69696970       1.344124994989223E-005
   2486225.89531680       -4444444.44444444       1.490250837112102E-005
   2486225.89531680       -4191919.19191919       1.639034760917213E-005
   2486225.89531680       -3939393.93939394       1.793882485213651E-005
   2486225.89531680       -3686868.68686869       1.958850499139892E-005
   2486225.89531680       -3434343.43434343       2.138010410279513E-005
   2486225.89531680       -3181818.18181818       2.334965396529630E-005
   2486225.89531680       -2929292.92929293       2.552565112757381E-005
   2486225.89531680       -2676767.67676768       2.792818532359398E-005
   2486225.89531680       -2424242.42424242       3.056981252046319E-005
   2486225.89531680       -2171717.17171717       3.345757548742567E-005
   2486225.89531680       -1919191.91919192       3.659477526570600E-005
   2486225.89531680       -1666666.66666667       3.997996428707496E-005
   2486225.89531680       -1414141.41414141       4.360020460291203E-005
   2486225.89531680       -1161616.16161616       4.741775702274858E-005
   2486225.89531680       -909090.909090910       5.135466368120788E-005
   2486225.89531680       -656565.656565657       5.528506056944715E-005
   2486225.89531680       -404040.404040404       5.904509777988160E-005
   2486225.89531680       -151515.151515152       6.246289122771854E-005
   2486225.89531680        101010.101010101       6.540002976017145E-005
   2486225.89531680        353535.353535354       6.778866144003392E-005
   2486225.89531680        606060.606060605       6.964847940468618E-005
   2486225.89531680        858585.858585859       7.107588662566561E-005
   2486225.89531680        1111111.11111111       7.220951936819332E-005
   2486225.89531680        1363636.36363636       7.318663223609410E-005
   2486225.89531680        1616161.61616162       7.410824884411882E-005
   2486225.89531680        1868686.86868687       7.502506088455352E-005
   2486225.89531680        2121212.12121212       7.594410763145445E-005
   2486225.89531680        2373737.37373737       7.684629905873962E-005
   2486225.89531680        2626262.62626263       7.770309689916980E-005
   2486225.89531680        2878787.87878788       7.848593587189850E-005
   2486225.89531680        3131313.13131313       7.916812765413653E-005
   2486225.89531680        3383838.38383838       7.972186262344019E-005
   2486225.89531680        3636363.63636364       8.011273861844590E-005
   2486225.89531680        3888888.88888889       8.029313914719451E-005
   2486225.89531680        4141414.14141414       8.019528068122331E-005
   2486225.89531680        4393939.39393939       7.972532555446453E-005
   2486225.89531680        4646464.64646465       7.876146364246814E-005
   2486225.89531680        4898989.89898990       7.716053192979416E-005
   2486225.89531680        5151515.15151515       7.477778809985792E-005
   2486225.89531680        5404040.40404040       7.150050961365179E-005
   2486225.89531680        5656565.65656566       6.728767520569125E-005
   2486225.89531680        5909090.90909091       6.219968038584774E-005
   2486225.89531680        6161616.16161616       5.640204011155720E-005
   2486225.89531680        6414141.41414141       5.013880087847055E-005
   2486225.89531680        6666666.66666667       4.368726064412715E-005
   2486225.89531680        6919191.91919192       3.731310823208643E-005
   2486225.89531680        7171717.17171717       3.123990401972757E-005
   2486225.89531680        7424242.42424243       2.563582287774131E-005
   2486225.89531680        7676767.67676768       2.061283869277559E-005
   2486225.89531680        7929292.92929293       1.623206862961671E-005
   2486225.89531680        8181818.18181818       1.251122970578081E-005
   2486225.89531680        8434343.43434343       9.432651901935435E-006
   2486225.89531680        8686868.68686869       6.951530040885746E-006
   2486225.89531680        8939393.93939394       5.004264464147541E-006
   2486225.89531680        9191919.19191919       3.516515764497597E-006
   2486225.89531680        9444444.44444444       2.410439599101773E-006
   2486225.89531680        9696969.69696970       1.610607893908664E-006
   2486225.89531680        9949494.94949495       1.048313268682978E-006
   2486225.89531680        10202020.2020202       6.641969397280579E-007
   2486225.89531680        10454545.4545455       4.093576860096527E-007
   2486225.89531680        10707070.7070707       2.452471682177528E-007
   2486225.89531680        10959595.9595960       1.427228934918137E-007
   2486225.89531680        11212121.2121212       8.062399854800578E-008
   2486225.89531680        11464646.4646465       4.417810127366051E-008
   2486225.89531680        11717171.7171717       2.346445025356052E-008
   2486225.89531680        11969696.9696970       1.207142731490117E-008
   2486225.89531680        12222222.2222222       6.010734414067417E-009
   2486225.89531680        12474747.4747475       2.894512463413576E-009
   2486225.89531680        12727272.7272727       1.346863110930469E-009
   2486225.89531680        12979797.9797980       6.049388579203981E-010
   2486225.89531680        13232323.2323232       2.618756956995906E-010
   2486225.89531680        13484848.4848485       1.089930145534075E-010
   2486225.89531680        13737373.7373737       4.340024793314518E-011
   2486225.89531680        13989898.9898990       1.635018843712228E-011
   2486225.89531680        14242424.2424242       5.659907800406320E-012
   2486225.89531680        14494949.4949495       1.633837427961701E-012
   2486225.89531680        14747474.7474747       2.023012023288252E-013
   2486225.89531680        15000000.0000000       0.000000000000000E+000
   2663758.80012244       -10000000.0000000       0.000000000000000E+000
   2663758.80012244       -9747474.74747475       9.392410572232062E-009
   2663758.80012244       -9494949.49494950       2.564579981993673E-008
   2663758.80012244       -9242424.24242424       5.269384203490539E-008
   2663758.80012244       -8989898.98989899       9.608688144144770E-008
   2663758.80012244       -8737373.73737374       1.633636635077628E-007
   2663758.80012244       -8484848.48484848       2.643474870056061E-007
   2663758.80012244       -8232323.23232323       4.112911565296202E-007
   2663758.80012244       -7979797.97979798       6.187801116808637E-007
   2663758.80012244       -7727272.72727273       9.033099738119981E-007
   2663758.80012244       -7474747.47474748       1.282477564992390E-006
   2663758.80012244       -7222222.22222222       1.773759437216793E-006
   2663758.80012244       -6969696.96969697       2.392891643263233E-006
   2663758.80012244       -6717171.71717172       3.151905959355901E-006
   2663758.80012244       -6464646.46464646       4.056939194974633E-006
   2663758.80012244       -6212121.21212121       5.106064444917948E-006
   2663758.80012244       -5959595.95959596       6.287652104865715E-006
   2663758.80012244       -5707070.70707071       7.580114157001360E-006
   2663758.80012244       -5454545.45454546       8.954054273596835E-006
   2663758.80012244       -5202020.20202020       1.037739897347132E-005
   2663758.80012244       -4949494.94949495       1.182281867580898E-005
   2663758.80012244       -4696969.69696970       1.327522040851883E-005
   2663758.80012244       -4444444.44444444       1.473649342766720E-005
   2663758.80012244       -4191919.19191919       1.622574994875503E-005
   2663758.80012244       -3939393.93939394       1.777537789059926E-005
   2663758.80012244       -3686868.68686869       1.942482005169649E-005
   2663758.80012244       -3434343.43434343       2.121424867865531E-005
   2663758.80012244       -3181818.18181818       2.317957623284321E-005
   2663758.80012244       -2929292.92929293       2.534938358100042E-005
   2663758.80012244       -2676767.67676768       2.774381724528545E-005
   2663758.80012244       -2424242.42424242       3.037522450055428E-005
   2663758.80012244       -2171717.17171717       3.324993327476327E-005
   2663758.80012244       -1919191.91919192       3.636986443477495E-005
   2663758.80012244       -1666666.66666667       3.973167249966321E-005
   2663758.80012244       -1414141.41414141       4.332074914431380E-005
   2663758.80012244       -1161616.16161616       4.709930443565601E-005
   2663758.80012244       -909090.909090910       5.099244918243337E-005
   2663758.80012244       -656565.656565657       5.488108278014567E-005
   2663758.80012244       -404040.404040404       5.861063820887059E-005
   2663758.80012244       -151515.151515152       6.201821994724096E-005
   2663758.80012244        101010.101010101       6.497078594795994E-005
   2663758.80012244        353535.353535354       6.739992712864423E-005
   2663758.80012244        606060.606060605       6.931868365346826E-005
   2663758.80012244        858585.858585859       7.081283178923739E-005
   2663758.80012244        1111111.11111111       7.200992243217780E-005
   2663758.80012244        1363636.36363636       7.303901925241354E-005
   2663758.80012244        1616161.61616162       7.399759592148447E-005
   2663758.80012244        1868686.86868687       7.493704310228921E-005
   2663758.80012244        2121212.12121212       7.586748248059306E-005
   2663758.80012244        2373737.37373737       7.677324628888988E-005
   2663758.80012244        2626262.62626263       7.762829438778534E-005
   2663758.80012244        2878787.87878788       7.840529629897997E-005
   2663758.80012244        3131313.13131313       7.907773526541983E-005
   2663758.80012244        3383838.38383838       7.961724059206948E-005
   2663758.80012244        3636363.63636364       7.998839099479564E-005
   2663758.80012244        3888888.88888889       8.014232329403153E-005
   2663758.80012244        4141414.14141414       8.001007792546410E-005
   2663758.80012244        4393939.39393939       7.949721572927304E-005
   2663758.80012244        4646464.64646465       7.848269922442128E-005
   2663758.80012244        4898989.89898990       7.682651880998617E-005
   2663758.80012244        5151515.15151515       7.439024826973837E-005
   2663758.80012244        5404040.40404040       7.107042544551345E-005
   2663758.80012244        5656565.65656566       6.683633793371990E-005
   2663758.80012244        5909090.90909091       6.175638912522100E-005
   2663758.80012244        6161616.16161616       5.599849740237590E-005
   2663758.80012244        6414141.41414141       4.980218512750546E-005
   2663758.80012244        6666666.66666667       4.343477979675042E-005
   2663758.80012244        6919191.91919192       3.714988568866185E-005
   2663758.80012244        7171717.17171717       3.116020994357914E-005
   2663758.80012244        7424242.42424243       2.562633737248897E-005
   2663758.80012244        7676767.67676768       2.065640522261782E-005
   2663758.80012244        7929292.92929293       1.631090315470148E-005
   2663758.80012244        8181818.18181818       1.260917704369028E-005
   2663758.80012244        8434343.43434343       9.536490134017792E-006
   2663758.80012244        8686868.68686869       7.051495282259845E-006
   2663758.80012244        8939393.93939394       5.094004407874514E-006
   2663758.80012244        9191919.19191919       3.592667235839616E-006
   2663758.80012244        9444444.44444444       2.472000210953623E-006
   2663758.80012244        9696969.69696970       1.658242297984566E-006
   2663758.80012244        9949494.94949495       1.083700101953618E-006
   2663758.80012244        10202020.2020202       6.894849892781327E-007
   2663758.80012244        10454545.4545455       4.267634355813348E-007
   2663758.80012244        10707070.7070707       2.567955914092214E-007
   2663758.80012244        10959595.9595960       1.501123364824670E-007
   2663758.80012244        11212121.2121212       8.518502894184551E-008
   2663758.80012244        11464646.4646465       4.689393146012048E-008
   2663758.80012244        11717171.7171717       2.502435368506165E-008
   2663758.80012244        11969696.9696970       1.293553653405014E-008
   2663758.80012244        12222222.2222222       6.472261204848990E-009
   2663758.80012244        12474747.4747475       3.132102663599915E-009
   2663758.80012244        12727272.7272727       1.464697036105712E-009
   2663758.80012244        12979797.9797980       6.612083281579127E-010
   2663758.80012244        13232323.2323232       2.877268379843868E-010
   2663758.80012244        13484848.4848485       1.204032082831362E-010
   2663758.80012244        13737373.7373737       4.822535164343687E-011
   2663758.80012244        13989898.9898990       1.829230220124478E-011
   2663758.80012244        14242424.2424242       6.390951425435039E-012
   2663758.80012244        14494949.4949495       1.877044502585825E-012
   2663758.80012244        14747474.7474747       2.567735159391745E-013
   2663758.80012244        15000000.0000000       0.000000000000000E+000
   2847413.52923171       -10000000.0000000       0.000000000000000E+000
   2847413.52923171       -9747474.74747475       9.614482968164541E-009
   2847413.52923171       -9494949.49494950       2.611762733368555E-008
   2847413.52923171       -9242424.24242424       5.341151338535215E-008
   2847413.52923171       -8989898.98989899       9.698522768571954E-008
   2847413.52923171       -8737373.73737374       1.642666338234784E-007
   2847413.52923171       -8484848.48484848       2.648966907713649E-007
   2847413.52923171       -8232323.23232323       4.108540147921805E-007
   2847413.52923171       -7979797.97979798       6.163439496580429E-007
   2847413.52923171       -7727272.72727273       8.973750318123390E-007
   2847413.52923171       -7474747.47474748       1.270970333958949E-006
   2847413.52923171       -7222222.22222222       1.753997736390198E-006
   2847413.52923171       -6969696.96969697       2.361643673322163E-006
   2847413.52923171       -6717171.71717172       3.105593734863544E-006
   2847413.52923171       -6464646.46464646       3.992032288534188E-006
   2847413.52923171       -6212121.21212121       5.019674178449397E-006
   2847413.52923171       -5959595.95959596       6.178250565543317E-006
   2847413.52923171       -5707070.70707071       7.448175912303998E-006
   2847413.52923171       -5454545.45454546       8.802320959501364E-006
   2847413.52923171       -5202020.20202020       1.021051360747481E-005
   2847413.52923171       -4949494.94949495       1.164632715155914E-005
   2847413.52923171       -4696969.69696970       1.309427745435762E-005
   2847413.52923171       -4444444.44444444       1.455478850390707E-005
   2847413.52923171       -4191919.19191919       1.604502942264638E-005
   2847413.52923171       -3939393.93939394       1.759559732596594E-005
   2847413.52923171       -3686868.68686869       1.924468041642739E-005
   2847413.52923171       -3434343.43434343       2.103180576018750E-005
   2847413.52923171       -3181818.18181818       2.299271112234662E-005
   2847413.52923171       -2929292.92929293       2.515604848822685E-005
   2847413.52923171       -2676767.67676768       2.754204223693490E-005
   2847413.52923171       -2424242.42424242       3.016288574248860E-005
   2847413.52923171       -2171717.17171717       3.302429285571412E-005
   2847413.52923171       -1919191.91919192       3.612697111090480E-005
   2847413.52923171       -1666666.66666667       3.946591586829771E-005
   2847413.52923171       -1414141.41414141       4.302511466914525E-005
   2847413.52923171       -1161616.16161616       4.676690545665930E-005
   2847413.52923171       -909090.909090910       5.061940888080395E-005
   2847413.52923171       -656565.656565657       5.446989959542610E-005
   2847413.52923171       -404040.404040404       5.817242900063376E-005
   2847413.52923171       -151515.151515152       6.157235669976498E-005
   2847413.52923171        101010.101010101       6.454148446528445E-005
   2847413.52923171        353535.353535354       6.701074177297781E-005
   2847413.52923171        606060.606060605       6.898687046061061E-005
   2847413.52923171        858585.858585859       7.054567227887268E-005
   2847413.52923171        1111111.11111111       7.180428225612508E-005
   2847413.52923171        1363636.36363636       7.288400589236680E-005
   2847413.52923171        1616161.61616162       7.387886017514719E-005
   2847413.52923171        1868686.86868687       7.484076237021125E-005
   2847413.52923171        2121212.12121212       7.578264304653578E-005
   2847413.52923171        2373737.37373737       7.669201735757519E-005
   2847413.52923171        2626262.62626263       7.754518600888931E-005
   2847413.52923171        2878787.87878788       7.831595959144034E-005
   2847413.52923171        3131313.13131313       7.897792634152376E-005
   2847413.52923171        3383838.38383838       7.950209128349025E-005
   2847413.52923171        3636363.63636364       7.985195073210347E-005
   2847413.52923171        3888888.88888889       7.997734779665271E-005
   2847413.52923171        4141414.14141414       7.980815256768611E-005
   2847413.52923171        4393939.39393939       7.924943888670859E-005
   2847413.52923171        4646464.64646465       7.818122869816345E-005
   2847413.52923171        4898989.89898990       7.646715850468202E-005
   2847413.52923171        5151515.15151515       7.397576001088166E-005
   2847413.52923171        5404040.40404040       7.061343242611034E-005
   2847413.52923171        5656565.65656566       6.636005661376155E-005
   2847413.52923171        5909090.90909091       6.129181187283324E-005
   2847413.52923171        6161616.16161616       5.557831577156551E-005
   2847413.52923171        6414141.41414141       4.945368224027287E-005
   2847413.52923171        6666666.66666667       4.317455504615874E-005
   2847413.52923171        6919191.91919192       3.698210796391423E-005
   2847413.52923171        7171717.17171717       3.107819434459258E-005
   2847413.52923171        7424242.42424243       2.561600403328328E-005
   2847413.52923171        7676767.67676768       2.070007550287193E-005
   2847413.52923171        7929292.92929293       1.639046228503762E-005
   2847413.52923171        8181818.18181818       1.270825963053772E-005
   2847413.52923171        8434343.43434343       9.641726542833399E-006
   2847413.52923171        8686868.68686869       7.153002277809682E-006
   2847413.52923171        8939393.93939394       5.185325144175322E-006
   2847413.52923171        9191919.19191919       3.670347887359791E-006
   2847413.52923171        9444444.44444444       2.534965863756026E-006
   2847413.52923171        9696969.69696970       1.707107415614225E-006
   2847413.52923171        9949494.94949495       1.120116980430425E-006
   2847413.52923171        10202020.2020202       7.155980699598949E-007
   2847413.52923171        10454545.4545455       4.448023193833458E-007
   2847413.52923171        10707070.7070707       2.688099240755046E-007
   2847413.52923171        10959595.9595960       1.578307527898419E-007
   2847413.52923171        11212121.2121212       8.996904150915224E-008
   2847413.52923171        11464646.4646465       4.975489398801029E-008
   2847413.52923171        11717171.7171717       2.667498153986403E-008
   2847413.52923171        11969696.9696970       1.385411935220354E-008
   2847413.52923171        12222222.2222222       6.965203601504111E-009
   2847413.52923171        12474747.4747475       3.387093318181272E-009
   2847413.52923171        12727272.7272727       1.591785418836516E-009
   2847413.52923171        12979797.9797980       7.222026351091052E-010
   2847413.52923171        13232323.2323232       3.158924763433293E-010
   2847413.52923171        13484848.4848485       1.329002639766700E-010
   2847413.52923171        13737373.7373737       5.353879527786669E-011
   2847413.52923171        13989898.9898990       2.044338955959653E-011
   2847413.52923171        14242424.2424242       7.206076951403034E-012
   2847413.52923171        14494949.4949495       2.150774331514943E-012
   2847413.52923171        14747474.7474747       3.195984433602040E-013
   2847413.52923171        15000000.0000000       0.000000000000000E+000
   3037190.08264463       -10000000.0000000       0.000000000000000E+000
   3037190.08264463       -9747474.74747475       9.802639392499250E-009
   3037190.08264463       -9494949.49494950       2.650866679906474E-008
   3037190.08264463       -9242424.24242424       5.398060764506696E-008
   3037190.08264463       -8989898.98989899       9.763547959530970E-008
   3037190.08264463       -8737373.73737374       1.647779347199610E-007
   3037190.08264463       -8484848.48484848       2.648539552301693E-007
   3037190.08264463       -8232323.23232323       4.095563948594118E-007
   3037190.08264463       -7979797.97979798       6.127015927738740E-007
   3037190.08264463       -7727272.72727273       8.898062061321663E-007
   3037190.08264463       -7474747.47474748       1.257319367720016E-006
   3037190.08264463       -7222222.22222222       1.731503135622674E-006
   3037190.08264463       -6969696.96969697       2.326995567310372E-006
   3037190.08264463       -6717171.71717172       3.055127897704735E-006
   3037190.08264463       -6464646.46464646       3.922105992081484E-006
   3037190.08264463       -6212121.21212121       4.927239838446629E-006
   3037190.08264463       -5959595.95959596       6.061566688502438E-006
   3037190.08264463       -5707070.70707071       7.307473396411464E-006
   3037190.08264463       -5454545.45454546       8.640134763015558E-006
   3037190.08264463       -5202020.20202020       1.003140739238409E-005
   3037190.08264463       -4949494.94949495       1.145595946915427E-005
   3037190.08264463       -4696969.69696970       1.289809947504937E-005
   3037190.08264463       -4444444.44444444       1.435688438081415E-005
   3037190.08264463       -4191919.19191919       1.584752195017528E-005
   3037190.08264463       -3939393.93939394       1.739871260058069E-005
   3037190.08264463       -3686868.68686869       1.904725546321296E-005
   3037190.08264463       -3434343.43434343       2.083191933915541E-005
   3037190.08264463       -3181818.18181818       2.278819838416257E-005
   3037190.08264463       -2929292.92929293       2.494479179818938E-005
   3037190.08264463       -2676767.67676768       2.732201635888852E-005
   3037190.08264463       -2424242.42424242       2.993196311638893E-005
   3037190.08264463       -2171717.17171717       3.277983009903561E-005
   3037190.08264463       -1919191.91919192       3.586527220977016E-005
   3037190.08264463       -1666666.66666667       3.918184974208969E-005
   3037190.08264463       -1414141.41414141       4.271238769187261E-005
   3037190.08264463       -1161616.16161616       4.641950320256666E-005
   3037190.08264463       -909090.909090910       5.023425527056082E-005
   3037190.08264463       -656565.656565657       5.404992653182527E-005
   3037190.08264463       -404040.404040404       5.772858262930904E-005
   3037190.08264463       -151515.151515152       6.112318753383716E-005
   3037190.08264463        101010.101010101       6.410993164341503E-005
   3037190.08264463        353535.353535354       6.661900268652123E-005
   3037190.08264463        606060.606060605       6.865116577491943E-005
   3037190.08264463        858585.858585859       7.027282888287744E-005
   3037190.08264463        1111111.11111111       7.159130644870479E-005
   3037190.08264463        1363636.36363636       7.272053163898037E-005
   3037190.08264463        1616161.61616162       7.375114700952794E-005
   3037190.08264463        1868686.86868687       7.473543722661252E-005
   3037190.08264463        2121212.12121212       7.568888748466614E-005
   3037190.08264463        2373737.37373737       7.660197065024174E-005
   3037190.08264463        2626262.62626263       7.745317826054565E-005
   3037190.08264463        2878787.87878788       7.821737167063828E-005
   3037190.08264463        3131313.13131313       7.886818041545905E-005
   3037190.08264463        3383838.38383838       7.937592681669252E-005
   3037190.08264463        3636363.63636364       7.970297056319798E-005
   3037190.08264463        3888888.88888889       7.979783028388111E-005
   3037190.08264463        4141414.14141414       7.958923800078789E-005
   3037190.08264463        4393939.39393939       7.898193306703672E-005
   3037190.08264463        4646464.64646465       7.785732742345342E-005
   3037190.08264463        4898989.89898990       7.608322772248653E-005
   3037190.08264463        5151515.15151515       7.353575292592105E-005
   3037190.08264463        5404040.40404040       7.013167752403768E-005
   3037190.08264463        5656565.65656566       6.586159704570942E-005
   3037190.08264463        5909090.90909091       6.080904536500919E-005
   3037190.08264463        6161616.16161616       5.514450317489160E-005
   3037190.08264463        6414141.41414141       4.909578238633981E-005
   3037190.08264463        6666666.66666667       4.290824483585561E-005
   3037190.08264463        6919191.91919192       3.681047063776819E-005
   3037190.08264463        7171717.17171717       3.099363718901852E-005
   3037190.08264463        7424242.42424243       2.560386007627924E-005
   3037190.08264463        7676767.67676768       2.074237628878725E-005
   3037190.08264463        7929292.92929293       1.646899861435264E-005
   3037190.08264463        8181818.18181818       1.280666034780447E-005
   3037190.08264463        8434343.43434343       9.746629427245109E-006
   3037190.08264463        8686868.68686869       7.254506676487103E-006
   3037190.08264463        8939393.93939394       5.276923181492597E-006
   3037190.08264463        9191919.19191919       3.748509618304749E-006
   3037190.08264463        9444444.44444444       2.598530568732688E-006
   3037190.08264463        9696969.69696970       1.756609104440046E-006
   3037190.08264463        9949494.94949495       1.157143528430021E-006
   3037190.08264463        10202020.2020202       7.422505550888298E-007
   3037190.08264463        10454545.4545455       4.632879764706659E-007
   3037190.08264463        10707070.7070707       2.811734648913673E-007
   3037190.08264463        10959595.9595960       1.658080727412837E-007
   3037190.08264463        11212121.2121212       9.493575802318335E-008
   3037190.08264463        11464646.4646465       5.273886868140116E-008
   3037190.08264463        11717171.7171717       2.840476128065927E-008
   3037190.08264463        11969696.9696970       1.482143164454254E-008
   3037190.08264463        12222222.2222222       7.486872596286351E-009
   3037190.08264463        12474747.4747475       3.658308122878405E-009
   3037190.08264463        12727272.7272727       1.727654908673829E-009
   3037190.08264463        12979797.9797980       7.877518355186556E-010
   3037190.08264463        13232323.2323232       3.463220798807824E-010
   3037190.08264463        13484848.4848485       1.464749139661846E-010
   3037190.08264463        13737373.7373737       5.934262320886583E-011
   3037190.08264463        13989898.9898990       2.280693052533945E-011
   3037190.08264463        14242424.2424242       8.107768564259094E-012
   3037190.08264463        14494949.4949495       2.456393530887690E-012
   3037190.08264463        14747474.7474747       3.913846110257225E-013
   3037190.08264463        15000000.0000000       0.000000000000000E+000
   3233088.46036119       -10000000.0000000       0.000000000000000E+000
   3233088.46036119       -9747474.74747475       9.950192701437799E-009
   3233088.46036119       -9494949.49494950       2.680147839549469E-008
   3233088.46036119       -9242424.24242424       5.436857204720142E-008
   3233088.46036119       -8989898.98989899       9.798506278007104E-008
   3233088.46036119       -8737373.73737374       1.648194081526881E-007
   3233088.46036119       -8484848.48484848       2.641096600677046E-007
   3233088.46036119       -8232323.23232323       4.072518556146006E-007
   3233088.46036119       -7979797.97979798       6.076662405857803E-007
   3233088.46036119       -7727272.72727273       8.803763131941117E-007
   3233088.46036119       -7474747.47474748       1.241262528877792E-006
   3233088.46036119       -7222222.22222222       1.705991285228044E-006
   3233088.46036119       -6969696.96969697       2.288661988260580E-006
   3233088.46036119       -6717171.71717172       3.000251300106734E-006
   3233088.46036119       -6464646.46464646       3.846964827472302E-006
   3233088.46036119       -6212121.21212121       4.828657320272427E-006
   3233088.46036119       -5959595.95959596       5.937601301155816E-006
   3233088.46036119       -5707070.70707071       7.158096668434526E-006
   3233088.46036119       -5454545.45454546       8.467623653330823E-006
   3233088.46036119       -5202020.20202020       9.840167490018722E-006
   3233088.46036119       -4949494.94949495       1.125167951003432E-005
   3233088.46036119       -4696969.69696970       1.268646935802107E-005
   3233088.46036119       -4444444.44444444       1.414236738543655E-005
   3233088.46036119       -4191919.19191919       1.563264141430010E-005
   3233088.46036119       -3939393.93939394       1.718401162185421E-005
   3233088.46036119       -3686868.68686869       1.883175620747197E-005
   3233088.46036119       -3434343.43434343       2.061376243669405E-005
   3233088.46036119       -3181818.18181818       2.256519777844184E-005
   3233088.46036119       -2929292.92929293       2.471477250458783E-005
   3233088.46036119       -2676767.67676768       2.708290221178762E-005
   3233088.46036119       -2424242.42424242       2.968162262291449E-005
   3233088.46036119       -2171717.17171717       3.251571053380767E-005
   3233088.46036119       -1919191.91919192       3.558392190003025E-005
   3233088.46036119       -1666666.66666667       3.887859127182015E-005
   3233088.46036119       -1414141.41414141       4.238159951267425E-005
   3233088.46036119       -1161616.16161616       4.605597036117997E-005
   3233088.46036119       -909090.909090910       4.983562101819507E-005
   3233088.46036119       -656565.656565657       5.361949776284378E-005
   3233088.46036119       -404040.404040404       5.727713470319308E-005
   3233088.46036119       -151515.151515152       6.066852699747650E-005
   3233088.46036119        101010.101010101       6.367386375786902E-005
   3233088.46036119        353535.353535354       6.622253371054932E-005
   3233088.46036119        606060.606060605       6.830961726699010E-005
   3233088.46036119        858585.858585859       6.999264284801162E-005
   3233088.46036119        1111111.11111111       7.136962796385316E-005
   3233088.46036119        1363636.36363636       7.254747120929155E-005
   3233088.46036119        1616161.61616162       7.361350870918070E-005
   3233088.46036119        1868686.86868687       7.462024387485744E-005
   3233088.46036119        2121212.12121212       7.558548093996188E-005
   3233088.46036119        2373737.37373737       7.650244040253366E-005
   3233088.46036119        2626262.62626263       7.735166343099016E-005
   3233088.46036119        2878787.87878788       7.810897678130266E-005
   3233088.46036119        3131313.13131313       7.874799199370923E-005
   3233088.46036119        3383838.38383838       7.923829688674754E-005
   3233088.46036119        3636363.63636364       7.954107176168178E-005
   3233088.46036119        3888888.88888889       7.960349924779868E-005
   3233088.46036119        4141414.14141414       7.935323519493187E-005
   3233088.46036119        4393939.39393939       7.869487645432428E-005
   3233088.46036119        4646464.64646465       7.751159612741342E-005
   3233088.46036119        4898989.89898990       7.567591460493830E-005
   3233088.46036119        5151515.15151515       7.307213245721666E-005
   3233088.46036119        5404040.40404040       6.962779743699325E-005
   3233088.46036119        5656565.65656566       6.534415560543957E-005
   3233088.46036119        5909090.90909091       6.031148363283999E-005
   3233088.46036119        6161616.16161616       5.470018336850381E-005
   3233088.46036119        6414141.41414141       4.873090421381452E-005
   3233088.46036119        6666666.66666667       4.263728217288555E-005
   3233088.46036119        6919191.91919192       3.663534462597214E-005
   3233088.46036119        7171717.17171717       3.090595020657061E-005
   3233088.46036119        7424242.42424243       2.558857434027094E-005
   3233088.46036119        7676767.67676768       2.078149300084488E-005
   3233088.46036119        7929292.92929293       1.654446354958130E-005
   3233088.46036119        8181818.18181818       1.290230454897872E-005
   3233088.46036119        8434343.43434343       9.849251381463661E-006
   3233088.46036119        8686868.68686869       7.354286081933838E-006
   3233088.46036119        8939393.93939394       5.367349893333811E-006
   3233088.46036119        9191919.19191919       3.825987568599524E-006
   3233088.46036119        9444444.44444444       2.661795867389045E-006
   3233088.46036119        9696969.69696970       1.806081376565755E-006
   3233088.46036119        9949494.94949495       1.194304807812709E-006
   3233088.46036119        10202020.2020202       7.691164556789368E-007
   3233088.46036119        10454545.4545455       4.820050504913612E-007
   3233088.46036119        10707070.7070707       2.937493356923503E-007
   3233088.46036119        10959595.9595960       1.739606545055130E-007
   3233088.46036119        11212121.2121212       1.000360900304780E-007
   3233088.46036119        11464646.4646465       5.581822386100090E-008
   3233088.46036119        11717171.7171717       3.019880144580009E-008
   3233088.46036119        11969696.9696970       1.582980736660986E-008
   3233088.46036119        12222222.2222222       8.033509900907265E-009
   3233088.46036119        12474747.4747475       3.943999696787549E-009
   3233088.46036119        12727272.7272727       1.871539626167101E-009
   3233088.46036119        12979797.9797980       8.575424008184652E-010
   3233088.46036119        13232323.2323232       3.788976601779795E-010
   3233088.46036119        13484848.4848485       1.610876043042278E-010
   3233088.46036119        13737373.7373737       6.562592055089258E-011
   3233088.46036119        13989898.9898990       2.538115064832164E-011
   3233088.46036119        14242424.2424242       9.096521479604419E-012
   3233088.46036119        14494949.4949495       2.794598367975027E-012
   3233088.46036119        14747474.7474747       4.725796239112528E-013
   3233088.46036119        15000000.0000000       0.000000000000000E+000
   3435108.66238139       -10000000.0000000       0.000000000000000E+000
   3435108.66238139       -9747474.74747475       1.005106771255688E-008
   3435108.66238139       -9494949.49494950       2.697995489724617E-008
   3435108.66238139       -9242424.24242424       5.454487503105423E-008
   3435108.66238139       -8989898.98989899       9.798419489727373E-008
   3435108.66238139       -8737373.73737374       1.643166929727539E-007
   3435108.66238139       -8484848.48484848       2.625592605807275E-007
   3435108.66238139       -8232323.23232323       4.038004455027969E-007
   3435108.66238139       -7979797.97979798       6.010587836208482E-007
   3435108.66238139       -7727272.72727273       8.688662872823692E-007
   3435108.66238139       -7474747.47474748       1.222544733982202E-006
   3435108.66238139       -7222222.22222222       1.677181649551151E-006
   3435108.66238139       -6969696.96969697       2.246355708034911E-006
   3435108.66238139       -6717171.71717172       2.940697380404342E-006
   3435108.66238139       -6464646.46464646       3.766396707516625E-006
   3435108.66238139       -6212121.21212121       4.723802848186604E-006
   3435108.66238139       -5959595.95959596       5.806341245260167E-006
   3435108.66238139       -5707070.70707071       7.000139446445019E-006
   3435108.66238139       -5454545.45454546       8.284947847155977E-006
   3435108.66238139       -5202020.20202020       9.636946272227624E-006
   3435108.66238139       -4949494.94949495       1.103354375980059E-005
   3435108.66238139       -4696969.69696970       1.245927619768921E-005
   3435108.66238139       -4444444.44444444       1.391092771097955E-005
   3435108.66238139       -4191919.19191919       1.539989141938654E-005
   3435108.66238139       -3939393.93939394       1.695085295990742E-005
   3435108.66238139       -3686868.68686869       1.859744602635408E-005
   3435108.66238139       -3434343.43434343       2.037654556084725E-005
   3435108.66238139       -3181818.18181818       2.232289520172127E-005
   3435108.66238139       -2929292.92929293       2.446516671377640E-005
   3435108.66238139       -2676767.67676768       2.682387133739502E-005
   3435108.66238139       -2424242.42424242       2.941103059811927E-005
   3435108.66238139       -2171717.17171717       3.223109001759967E-005
   3435108.66238139       -1919191.91919192       3.528205280622555E-005
   3435108.66238139       -1666666.66666667       3.855522286012760E-005
   3435108.66238139       -1414141.41414141       4.203173426636037E-005
   3435108.66238139       -1161616.16161616       4.567512436322104E-005
   3435108.66238139       -909090.909090910       4.942208306788982E-005
   3435108.66238139       -656565.656565657       5.317689936224799E-005
   3435108.66238139       -404040.404040404       5.681608454468137E-005
   3435108.66238139       -151515.151515152       6.020616252835490E-005
   3435108.66238139        101010.101010101       6.323099074780064E-005
   3435108.66238139        353535.353535354       6.581912380114920E-005
   3435108.66238139        606060.606060605       6.796022433995999E-005
   3435108.66238139        858585.858585859       6.970339572431183E-005
   3435108.66238139        1111111.11111111       7.113781538253830E-005
   3435108.66238139        1363636.36363636       7.236363762055110E-005
   3435108.66238139        1616161.61616162       7.346494329802880E-005
   3435108.66238139        1868686.86868687       7.449431340447254E-005
   3435108.66238139        2121212.12121212       7.547165272846985E-005
   3435108.66238139        2373737.37373737       7.639273458751961E-005
   3435108.66238139        2626262.62626263       7.724001849528749E-005
   3435108.66238139        2878787.87878788       7.799021761178629E-005
   3435108.66238139        3131313.13131313       7.861687219493625E-005
   3435108.66238139        3383838.38383838       7.908879231374968E-005
   3435108.66238139        3636363.63636364       7.936594998000540E-005
   3435108.66238139        3888888.88888889       7.939420225694304E-005
   3435108.66238139        4141414.14141414       7.910022251620204E-005
   3435108.66238139        4393939.39393939       7.838869622665309E-005
   3435108.66238139        4646464.64646465       7.714496318708477E-005
   3435108.66238139        4898989.89898990       7.524680498255731E-005
   3435108.66238139        5151515.15151515       7.258723767792320E-005
   3435108.66238139        5404040.40404040       6.910483632409686E-005
   3435108.66238139        5656565.65656566       6.481123231470763E-005
   3435108.66238139        5909090.90909091       5.980265382179006E-005
   3435108.66238139        6161616.16161616       5.424841368871600E-005
   3435108.66238139        6414141.41414141       4.836121932812632E-005
   3435108.66238139        6666666.66666667       4.236272745876053E-005
   3435108.66238139        6919191.91919192       3.645666990680511E-005
   3435108.66238139        7171717.17171717       3.081411375757111E-005
   3435108.66238139        7424242.42424243       2.556842177275308E-005
   3435108.66238139        7676767.67676768       2.081527234785275E-005
   3435108.66238139        7929292.92929293       1.661452787245233E-005
   3435108.66238139        8181818.18181818       1.299288965566515E-005
   3435108.66238139        8434343.43434343       9.947461199821279E-006
   3435108.66238139        8686868.68686869       7.450469840027606E-006
   3435108.66238139        8939393.93939394       5.455036766212665E-006
   3435108.66238139        9191919.19191919       3.901519935226319E-006
   3435108.66238139        9444444.44444444       2.723785354893954E-006
   3435108.66238139        9696969.69696970       1.854796356057090E-006
   3435108.66238139        9949494.94949495       1.231077681588339E-006
   3435108.66238139        10202020.2020202       7.958331716591174E-007
   3435108.66238139        10454545.4545455       5.007111827867546E-007
   3435108.66238139        10707070.7070707       3.063813846954496E-007
   3435108.66238139        10959595.9595960       1.821915744494267E-007
   3435108.66238139        11212121.2121212       1.052121278415330E-007
   3435108.66238139        11464646.4646465       5.895968850106765E-008
   3435108.66238139        11717171.7171717       3.203874372029703E-008
   3435108.66238139        11969696.9696970       1.686953255657358E-008
   3435108.66238139        12222222.2222222       8.600195593170923E-009
   3435108.66238139        12474747.4747475       4.241788340461540E-009
   3435108.66238139        12727272.7272727       2.022343596065175E-009
   3435108.66238139        12979797.9797980       9.310956516299935E-010
   3435108.66238139        13232323.2323232       4.134221093261397E-010
   3435108.66238139        13484848.4848485       1.766625319573814E-010
   3435108.66238139        13737373.7373737       7.236192626377870E-011
   3435108.66238139        13989898.9898990       2.815769969406743E-011
   3435108.66238139        14242424.2424242       1.017027532972271E-011
   3435108.66238139        14494949.4949495       3.165194466298625E-012
   3435108.66238139        14747474.7474747       5.634025656575677E-013
   3435108.66238139        15000000.0000000       0.000000000000000E+000
   3643250.68870523       -10000000.0000000       0.000000000000000E+000
   3643250.68870523       -9747474.74747475       1.009998982656102E-008
   3643250.68870523       -9494949.49494950       2.702995393985654E-008
   3643250.68870523       -9242424.24242424       5.448231815007162E-008
   3643250.68870523       -8989898.98989899       9.758807085811849E-008
   3643250.68870523       -8737373.73737374       1.632024854703796E-007
   3643250.68870523       -8484848.48484848       2.601078611225569E-007
   3643250.68870523       -8232323.23232323       3.990748379205246E-007
   3643250.68870523       -7979797.97979798       5.927156993991689E-007
   3643250.68870523       -7727272.72727273       8.550748955236302E-007
   3643250.68870523       -7474747.47474748       1.200929288003483E-006
   3643250.68870523       -7222222.22222222       1.644809864439942E-006
   3643250.68870523       -6969696.96969697       2.199799859305859E-006
   3643250.68870523       -6717171.71717172       2.876200583861120E-006
   3643250.68870523       -6464646.46464646       3.680179328217918E-006
   3643250.68870523       -6212121.21212121       4.612533139421058E-006
   3643250.68870523       -5959595.95959596       5.667751992043928E-006
   3643250.68870523       -5707070.70707071       6.833684787122250E-006
   3643250.68870523       -5454545.45454546       8.092281669009824E-006
   3643250.68870523       -5202020.20202020       9.421944306156759E-006
   3643250.68870523       -4949494.94949495       1.080169021879668E-005
   3643250.68870523       -4696969.69696970       1.221651262515709E-005
   3643250.68870523       -4444444.44444444       1.366236450794875E-005
   3643250.68870523       -4191919.19191919       1.514887528107870E-005
   3643250.68870523       -3939393.93939394       1.669867744446900E-005
   3643250.68870523       -3686868.68686869       1.834365144944336E-005
   3643250.68870523       -3434343.43434343       2.011952549939151E-005
   3643250.68870523       -3181818.18181818       2.206050921507729E-005
   3643250.68870523       -2929292.92929293       2.419517213263165E-005
   3643250.68870523       -2676767.67676768       2.654410708134777E-005
   3643250.68870523       -2424242.42424242       2.911935543660180E-005
   3643250.68870523       -2171717.17171717       3.192511589853667E-005
   3643250.68870523       -1919191.91919192       3.495877738658143E-005
   3643250.68870523       -1666666.66666667       3.821079480727313E-005
   3643250.68870523       -1414141.41414141       4.166173405288053E-005
   3643250.68870523       -1161616.16161616       4.527573599973989E-005
   3643250.68870523       -909090.909090910       4.899217504625112E-005
   3643250.68870523       -656565.656565657       5.272038484423535E-005
   3643250.68870523       -404040.404040404       5.634341245841743E-005
   3643250.68870523       -151515.151515152       5.973387176722505E-005
   3643250.68870523        101010.101010101       6.277901200372979E-005
   3643250.68870523        353535.353535354       6.540653994982113E-005
   3643250.68870523        606060.606060605       6.760094711149338E-005
   3643250.68870523        858585.858585859       6.940331382396662E-005
   3643250.68870523        1111111.11111111       7.089437306956283E-005
   3643250.68870523        1363636.36363636       7.216777913165004E-005
   3643250.68870523        1616161.61616162       7.330438982052230E-005
   3643250.68870523        1868686.86868687       7.435672682252552E-005
   3643250.68870523        2121212.12121212       7.534659199216026E-005
   3643250.68870523        2373737.37373737       7.627213154201904E-005
   3643250.68870523        2626262.62626263       7.711760278561751E-005
   3643250.68870523        2878787.87878788       7.786053404045749E-005
   3643250.68870523        3131313.13131313       7.847434866466778E-005
   3643250.68870523        3383838.38383838       7.892704623830488E-005
   3643250.68870523        3636363.63636364       7.917737767852306E-005
   3643250.68870523        3888888.88888889       7.916990903411149E-005
   3643250.68870523        4141414.14141414       7.883045765344958E-005
   3643250.68870523        4393939.39393939       7.806406530188904E-005
   3643250.68870523        4646464.64646465       7.675866884924181E-005
   3643250.68870523        4898989.89898990       7.479784314058358E-005
   3643250.68870523        5151515.15151515       7.208376605987217E-005
   3643250.68870523        5404040.40404040       6.856612544542157E-005
   3643250.68870523        5656565.65656566       6.426646611067769E-005
   3643250.68870523        5909090.90909091       5.928602137382146E-005
   3643250.68870523        6161616.16161616       5.379198503518772E-005
   3643250.68870523        6414141.41414141       4.798847397425779E-005
   3643250.68870523        6666666.66666667       4.208513170327143E-005
   3643250.68870523        6919191.91919192       3.627386840843462E-005
   3643250.68870523        7171717.17171717       3.071663670389521E-005
   3643250.68870523        7424242.42424243       2.554128080943371E-005
   3643250.68870523        7676767.67676768       2.084124532902846E-005
   3643250.68870523        7929292.92929293       1.667661916370175E-005
   3643250.68870523        8181818.18181818       1.307592805022852E-005
   3643250.68870523        8434343.43434343       1.003898595975634E-005
   3643250.68870523        8686868.68686869       7.541076500697147E-006
   3643250.68870523        8939393.93939394       5.538326407869945E-006
   3643250.68870523        9191919.19191919       3.973772117810812E-006
   3643250.68870523        9444444.44444444       2.783462462637198E-006
   3643250.68870523        9696969.69696970       1.901976683581497E-006
   3643250.68870523        9949494.94949495       1.266898996773335E-006
   3643250.68870523        10202020.2020202       8.220065712163995E-007
   3643250.68870523        10454545.4545455       5.191399503494871E-007
   3643250.68870523        10707070.7070707       3.188957405520388E-007
   3643250.68870523        10959595.9595960       1.903913493081260E-007
   3643250.68870523        11212121.2121212       1.103974043320922E-007
   3643250.68870523        11464646.4646465       6.212439154897342E-008
   3643250.68870523        11717171.7171717       3.390271187099464E-008
   3643250.68870523        11969696.9696970       1.792877261676046E-008
   3643250.68870523        12222222.2222222       9.180783461752242E-009
   3643250.68870523        12474747.4747475       4.548614324156994E-009
   3643250.68870523        12727272.7272727       2.178609336794183E-009
   3643250.68870523        12979797.9797980       1.007748763773186E-009
   3643250.68870523        13232323.2323232       4.496084972562469E-010
   3643250.68870523        13484848.4848485       1.930819817973272E-010
   3643250.68870523        13737373.7373737       7.950520898605538E-011
   3643250.68870523        13989898.9898990       3.112032459230264E-011
   3643250.68870523        14242424.2424242       1.132383142035952E-011
   3643250.68870523        14494949.4949495       3.566865226828670E-012
   3643250.68870523        14747474.7474747       6.637712844168920E-013
   3643250.68870523        15000000.0000000       0.000000000000000E+000
   3857514.53933272       -10000000.0000000       0.000000000000000E+000
   3857514.53933272       -9747474.74747475       1.009265149025893E-008
   3857514.53933272       -9494949.49494950       2.693985200897439E-008
   3857514.53933272       -9242424.24242424       5.415824922141068E-008
   3857514.53933272       -8989898.98989899       9.675897114770606E-008
   3857514.53933272       -8737373.73737374       1.614197658109891E-007
   3857514.53933272       -8484848.48484848       2.566748098262223E-007
   3857514.53933272       -8232323.23232323       3.929665749980667E-007
   3857514.53933272       -7979797.97979798       5.824972190073903E-007
   3857514.53933272       -7727272.72727273       8.388290230060595E-007
   3857514.53933272       -7474747.47474748       1.176210299886370E-006
   3857514.53933272       -7222222.22222222       1.608641965026104E-006
   3857514.53933272       -6969696.96969697       2.148743148053834E-006
   3857514.53933272       -6717171.71717172       2.806511056151442E-006
   3857514.53933272       -6464646.46464646       3.588092123854472E-006
   3857514.53933272       -6212121.21212121       4.494691967797463E-006
   3857514.53933272       -5959595.95959596       5.521776515111638E-006
   3857514.53933272       -5707070.70707071       6.658795546702629E-006
   3857514.53933272       -5454545.45454546       7.889797534033803E-006
   3857514.53933272       -5202020.20202020       9.195392417234374E-006
   3857514.53933272       -4949494.94949495       1.055632406645523E-005
   3857514.53933272       -4696969.69696970       1.195826803747792E-005
   3857514.53933272       -4444444.44444444       1.339658743265969E-005
   3857514.53933272       -4191919.19191919       1.487930375480157E-005
   3857514.53933272       -3939393.93939394       1.642701875826813E-005
   3857514.53933272       -3686868.68686869       1.806977279222051E-005
   3857514.53933272       -3434343.43434343       1.984201437970367E-005
   3857514.53933272       -3181818.18181818       2.177729800681836E-005
   3857514.53933272       -2929292.92929293       2.390401306436768E-005
   3857514.53933272       -2676767.67676768       2.624280803265111E-005
   3857514.53933272       -2424242.42424242       2.880576996866544E-005
   3857514.53933272       -2171717.17171717       3.159692886136493E-005
   3857514.53933272       -1919191.91919192       3.461318984569393E-005
   3857514.53933272       -1666666.66666667       3.784432794965486E-005
   3857514.53933272       -1414141.41414141       4.127050287274533E-005
   3857514.53933272       -1161616.16161616       4.485653484455067E-005
   3857514.53933272       -909090.909090910       4.854439373990709E-005
   3857514.53933272       -656565.656565657       5.224818171473151E-005
   3857514.53933272       -404040.404040404       5.585708525600957E-005
   3857514.53933272       -151515.151515152       5.924942633257659E-005
   3857514.53933272        101010.101010101       6.231561821424332E-005
   3857514.53933272        353535.353535354       6.498252721853620E-005
   3857514.53933272        606060.606060605       6.722970469364174E-005
   3857514.53933272        858585.858585859       6.909056467875150E-005
   3857514.53933272        1111111.11111111       7.063773588598830E-005
   3857514.53933272        1363636.36363636       7.195857269494231E-005
   3857514.53933272        1616161.61616162       7.313072135937891E-005
   3857514.53933272        1868686.86868687       7.420650845917227E-005
   3857514.53933272        2121212.12121212       7.520944200040239E-005
   3857514.53933272        2373737.37373737       7.613987530715492E-005
   3857514.53933272        2626262.62626263       7.698375429700413E-005
   3857514.53933272        2878787.87878788       7.771936027635152E-005
   3857514.53933272        3131313.13131313       7.831996341709119E-005
   3857514.53933272        3383838.38383838       7.875273244013682E-005
   3857514.53933272        3636363.63636364       7.897520235861718E-005
   3857514.53933272        3888888.88888889       7.893070823603990E-005
   3857514.53933272        4141414.14141414       7.854437001117716E-005
   3857514.53933272        4393939.39393939       7.772188484819899E-005
   3857514.53933272        4646464.64646465       7.635422901729922E-005
   3857514.53933272        4898989.89898990       7.433126520668747E-005
   3857514.53933272        5151515.15151515       7.156466511995626E-005
   3857514.53933272        5404040.40404040       6.801512805186816E-005
   3857514.53933272        5656565.65656566       6.371344039011666E-005
   3857514.53933272        5909090.90909091       5.876477745584200E-005
   3857514.53933272        6161616.16161616       5.333322026128268E-005
   3857514.53933272        6414141.41414141       4.761382490261451E-005
   3857514.53933272        6666666.66666667       4.180442532313708E-005
   3857514.53933272        6919191.91919192       3.608578779503654E-005
   3857514.53933272        7171717.17171717       3.061154703016290E-005
   3857514.53933272        7424242.42424243       2.550465779651924E-005
   3857514.53933272        7676767.67676768       2.085667204190807E-005
   3857514.53933272        7929292.92929293       1.672797576244267E-005
   3857514.53933272        8181818.18181818       1.314880201418122E-005
   3857514.53933272        8434343.43434343       1.012146171358855E-005
   3857514.53933272        8686868.68686869       7.624057444451797E-006
   3857514.53933272        8939393.93939394       5.615508060641546E-006
   3857514.53933272        9191919.19191919       4.041364257530804E-006
   3857514.53933272        9444444.44444444       2.839750868708031E-006
   3857514.53933272        9696969.69696970       1.946809987145669E-006
   3857514.53933272        9949494.94949495       1.301175388927396E-006
   3857514.53933272        10202020.2020202       8.472173216112390E-007
   3857514.53933272        10454545.4545455       5.370047425296364E-007
   3857514.53933272        10707070.7070707       3.311030456324033E-007
   3857514.53933272        10959595.9595960       1.984391301048472E-007
   3857514.53933272        11212121.2121212       1.155174722798056E-007
   3857514.53933272        11464646.4646465       6.526810023375243E-008
   3857514.53933272        11717171.7171717       3.576538108061471E-008
   3857514.53933272        11969696.9696970       1.899356893513060E-008
   3857514.53933272        12222222.2222222       9.767874294573880E-009
   3857514.53933272        12474747.4747475       4.860709859713289E-009
   3857514.53933272        12727272.7272727       2.338496100365142E-009
   3857514.53933272        12979797.9797980       1.086640226185914E-009
   3857514.53933272        13232323.2323232       4.870712886565141E-010
   3857514.53933272        13484848.4848485       2.101814289268427E-010
   3857514.53933272        13737373.7373737       8.698911968800204E-011
   3857514.53933272        13989898.9898990       3.424362978379789E-011
   3857514.53933272        14242424.2424242       1.254829182780910E-011
   3857514.53933272        14494949.4949495       3.996943010961542E-012
   3857514.53933272        14747474.7474747       7.732285192271358E-013
   3857514.53933272        15000000.0000000       0.000000000000000E+000
   4077900.21426385       -10000000.0000000       0.000000000000000E+000
   4077900.21426385       -9747474.74747475       1.002585927669683E-008
   4077900.21426385       -9494949.49494950       2.670099899250779E-008
   4077900.21426385       -9242424.24242424       5.355559809811654E-008
   4077900.21426385       -8989898.98989899       9.546814637751191E-008
   4077900.21426385       -8737373.73737374       1.589247748667163E-007
   4077900.21426385       -8484848.48484848       2.521980233378224E-007
   4077900.21426385       -8232323.23232323       3.853920358250936E-007
   4077900.21426385       -7979797.97979798       5.702952680544258E-007
   4077900.21426385       -7727272.72727273       8.199939078298557E-007
   4077900.21426385       -7474747.47474748       1.148225444007862E-006
   4077900.21426385       -7222222.22222222       1.568489681486249E-006
   4077900.21426385       -6969696.96969697       2.092977265241967E-006
   4077900.21426385       -6717171.71717172       2.731413075276485E-006
   4077900.21426385       -6464646.46464646       3.489933737861197E-006
   4077900.21426385       -6212121.21212121       4.370123848324568E-006
   4077900.21426385       -5959595.95959596       5.368342093471855E-006
   4077900.21426385       -5707070.70707071       6.475512171649601E-006
   4077900.21426385       -5454545.45454546       7.677655054856322E-006
   4077900.21426385       -5202020.20202020       8.957535619875991E-006
   4077900.21426385       -4949494.94949495       1.029770206045573E-005
   4077900.21426385       -4696969.69696970       1.168471867609627E-005
   4077900.21426385       -4444444.44444444       1.311361477983629E-005
   4077900.21426385       -4191919.19191919       1.459100022623444E-005
   4077900.21426385       -3939393.93939394       1.613551270326243E-005
   4077900.21426385       -3686868.68686869       1.777529443214862E-005
   4077900.21426385       -3434343.43434343       1.954338893994292E-005
   4077900.21426385       -3181818.18181818       2.147256683555417E-005
   4077900.21426385       -2929292.92929293       2.359094601083824E-005
   4077900.21426385       -2676767.67676768       2.591919215705771E-005
   4077900.21426385       -2424242.42424242       2.846945461326331E-005
   4077900.21426385       -2171717.17171717       3.124566559968994E-005
   4077900.21426385       -1919191.91919192       3.424436881547953E-005
   4077900.21426385       -1666666.66666667       3.745481678350879E-005
   4077900.21426385       -1414141.41414141       4.085691042276992E-005
   4077900.21426385       -1161616.16161616       4.441621353111800E-005
   4077900.21426385       -909090.909090910       4.807720314576948E-005
   4077900.21426385       -656565.656565657       5.175849427525847E-005
   4077900.21426385       -404040.404040404       5.535505694673724E-005
   4077900.21426385       -151515.151515152       5.875059010529655E-005
   4077900.21426385        101010.101010101       6.183848757749808E-005
   4077900.21426385        353535.353535354       6.454480348682980E-005
   4077900.21426385        606060.606060605       6.684436892538805E-005
   4077900.21426385        858585.858585859       6.876324990410708E-005
   4077900.21426385        1111111.11111111       7.036626124365949E-005
   4077900.21426385        1363636.36363636       7.173461547012754E-005
   4077900.21426385        1616161.61616162       7.294273654381523E-005
   4077900.21426385        1868686.86868687       7.404261804924330E-005
   4077900.21426385        2121212.12121212       7.505929316405404E-005
   4077900.21426385        2373737.37373737       7.599516962576522E-005
   4077900.21426385        2626262.62626263       7.683778449478411E-005
   4077900.21426385        2878787.87878788       7.756612019117564E-005
   4077900.21426385        3131313.13131313       7.815326831129465E-005
   4077900.21426385        3383838.38383838       7.856556035452677E-005
   4077900.21426385        3636363.63636364       7.875933998312130E-005
   4077900.21426385        3888888.88888889       7.867679707109553E-005
   4077900.21426385        4141414.14141414       7.824254245775673E-005
   4077900.21426385        4393939.39393939       7.736325137001825E-005
   4077900.21426385        4646464.64646465       7.593337785217524E-005
   4077900.21426385        4898989.89898990       7.384950587825663E-005
   4077900.21426385        5151515.15151515       7.103299465611732E-005
   4077900.21426385        5404040.40404040       6.745525776940792E-005
   4077900.21426385        5656565.65656566       6.315547228688911E-005
   4077900.21426385        5909090.90909091       5.824162638238063E-005
   4077900.21426385        6161616.16161616       5.287379052715380E-005
   4077900.21426385        6414141.41414141       4.723770770401522E-005
   4077900.21426385        6666666.66666667       4.151984709219044E-005
   4077900.21426385        6919191.91919192       3.589068589655395E-005
   4077900.21426385        7171717.17171717       3.049641834155350E-005
   4077900.21426385        7424242.42424243       2.545573996744451E-005
   4077900.21426385        7676767.67676768       2.085860743965568E-005
   4077900.21426385        7929292.92929293       1.676571515185427E-005
   4077900.21426385        8181818.18181818       1.320882817627886E-005
   4077900.21426385        8434343.43434343       1.019249034682767E-005
   4077900.21426385        8686868.68686869       7.697344597272413E-006
   4077900.21426385        8939393.93939394       5.684856006620354E-006
   4077900.21426385        9191919.19191919       4.102901008355266E-006
   4077900.21426385        9444444.44444444       2.891556761161389E-006
   4077900.21426385        9696969.69696970       1.988464942839844E-006
   4077900.21426385        9949494.94949495       1.333294445859103E-006
   4077900.21426385        10202020.2020202       8.710283496509051E-007
   4077900.21426385        10454545.4545455       5.540035391870462E-007
   4077900.21426385        10707070.7070707       3.428013760585352E-007
   4077900.21426385        10959595.9595960       2.062043944907807E-007
   4077900.21426385        11212121.2121212       1.204908261218092E-007
   4077900.21426385        11464646.4646465       6.834168498826436E-008
   4077900.21426385        11717171.7171717       3.759818926287194E-008
   4077900.21426385        11969696.9696970       2.004792021130145E-008
   4077900.21426385        12222222.2222222       1.035283727154060E-008
   4077900.21426385        12474747.4747475       5.173597061107447E-009
   4077900.21426385        12727272.7272727       2.499771454941098E-009
   4077900.21426385        12979797.9797980       1.166701798048965E-009
   4077900.21426385        13232323.2323232       5.253205564033268E-010
   4077900.21426385        13484848.4848485       2.277459441851415E-010
   4077900.21426385        13737373.7373737       9.472377607062735E-011
   4077900.21426385        13989898.9898990       3.749203931732523E-011
   4077900.21426385        14242424.2424242       1.383056841548700E-011
   4077900.21426385        14494949.4949495       4.451201401200160E-012
   4077900.21426385        14747474.7474747       8.908723154401841E-013
   4077900.21426385        15000000.0000000       0.000000000000000E+000
   4304407.71349862       -10000000.0000000       0.000000000000000E+000
   4304407.71349862       -9747474.74747475       9.897661718820958E-009
   4304407.71349862       -9494949.49494950       2.630806507418156E-008
   4304407.71349862       -9242424.24242424       5.266367827056449E-008
   4304407.71349862       -8989898.98989899       9.369734683598938E-008
   4304407.71349862       -8737373.73737374       1.556895285784434E-007
   4304407.71349862       -8484848.48484848       2.466377411224157E-007
   4304407.71349862       -8232323.23232323       3.762977243555676E-007
   4304407.71349862       -7979797.97979798       5.560406457220983E-007
   4304407.71349862       -7727272.72727273       7.984826279590988E-007
   4304407.71349862       -7474747.47474748       1.116868185782879E-006
   4304407.71349862       -7222222.22222222       1.524225742505140E-006
   4304407.71349862       -6969696.96969697       2.032355318196554E-006
   4304407.71349862       -6717171.71717172       2.650746069840352E-006
   4304407.71349862       -6464646.46464646       3.385544142064854E-006
   4304407.71349862       -6212121.21212121       4.238694609382979E-006
   4304407.71349862       -5959595.95959596       5.207375787645383E-006
   4304407.71349862       -5707070.70707071       6.283859688370901E-006
   4304407.71349862       -5454545.45454546       7.455998041290479E-006
   4304407.71349862       -5202020.20202020       8.708621965281848E-006
   4304407.71349862       -4949494.94949495       1.002611824846370E-005
   4304407.71349862       -4696969.69696970       1.139611617020226E-005
   4304407.71349862       -4444444.44444444       1.281356884341069E-005
   4304407.71349862       -4191919.19191919       1.428390338595737E-005
   4304407.71349862       -3939393.93939394       1.582390494714642E-005
   4304407.71349862       -3686868.68686869       1.745979457404828E-005
   4304407.71349862       -3434343.43434343       1.922309997527363E-005
   4304407.71349862       -3181818.18181818       2.114567601367888E-005
   4304407.71349862       -2929292.92929293       2.325526599136425E-005
   4304407.71349862       -2676767.67676768       2.557250174678597E-005
   4304407.71349862       -2424242.42424242       2.810960142192185E-005
   4304407.71349862       -2171717.17171717       3.087046242500978E-005
   4304407.71349862       -1919191.91919192       3.385138094723782E-005
   4304407.71349862       -1666666.66666667       3.704123334038580E-005
   4304407.71349862       -1414141.41414141       4.041979630556534E-005
   4304407.71349862       -1161616.16161616       4.395343194684549E-005
   4304407.71349862       -909090.909090910       4.758903788916545E-005
   4304407.71349862       -656565.656565657       5.124950533454377E-005
   4304407.71349862       -404040.404040404       5.483526805563948E-005
   4304407.71349862       -151515.151515152       5.823511602699511E-005
   4304407.71349862        101010.101010101       6.134528050142530E-005
   4304407.71349862        353535.353535354       6.409105269346157E-005
   4304407.71349862        606060.606060605       6.644275663629264E-005
   4304407.71349862        858585.858585859       6.841939667877949E-005
   4304407.71349862        1111111.11111111       7.007821988730346E-005
   4304407.71349862        1363636.36363636       7.149441514968929E-005
   4304407.71349862        1616161.61616162       7.273914988518340E-005
   4304407.71349862        1868686.86868687       7.386394159419441E-005
   4304407.71349862        2121212.12121212       7.489517474538545E-005
   4304407.71349862        2373737.37373737       7.583717051500042E-005
   4304407.71349862        2626262.62626263       7.667897149960324E-005
   4304407.71349862        2878787.87878788       7.740022067832704E-005
   4304407.71349862        3131313.13131313       7.797381794666173E-005
   4304407.71349862        3383838.38383838       7.836526650198656E-005
   4304407.71349862        3636363.63636364       7.852976321710645E-005
   4304407.71349862        3888888.88888889       7.840846333092022E-005
   4304407.71349862        4141414.14141414       7.792568208395748E-005
   4304407.71349862        4393939.39393939       7.698940848054262E-005
   4304407.71349862        4646464.64646465       7.549799053897266E-005
   4304407.71349862        4898989.89898990       7.335508235946783E-005
   4304407.71349862        5151515.15151515       7.049176750734445E-005
   4304407.71349862        5404040.40404040       6.688968359366487E-005
   4304407.71349862        5656565.65656566       6.259540374018869E-005
   4304407.71349862        5909090.90909091       5.771859397304693E-005
   4304407.71349862        6161616.16161616       5.241457013841631E-005
   4304407.71349862        6414141.41414141       4.685975453015730E-005
   4304407.71349862        6666666.66666667       4.122992468658666E-005
   4304407.71349862        6919191.91919192       3.568626157079809E-005
   4304407.71349862        7171717.17171717       3.036843343004138E-005
   4304407.71349862        7424242.42424243       2.539147512681213E-005
   4304407.71349862        7676767.67676768       2.084398462182947E-005
   4304407.71349862        7929292.92929293       1.678691288475415E-005
   4304407.71349862        8181818.18181818       1.325332779513275E-005
   4304407.71349862        8434343.43434343       1.024969948076833E-005
   4304407.71349862        8686868.68686869       7.758899774362887E-006
   4304407.71349862        8939393.93939394       5.744669041525100E-006
   4304407.71349862        9191919.19191919       4.157002261247667E-006
   4304407.71349862        9444444.44444444       2.937792104030082E-006
   4304407.71349862        9696969.69696970       2.026108394040330E-006
   4304407.71349862        9949494.94949495       1.362636922273222E-006
   4304407.71349862        10202020.2020202       8.929932714215759E-007
   4304407.71349862        10454545.4545455       5.698245214811442E-007
   4304407.71349862        10707070.7070707       3.537798317498352E-007
   4304407.71349862        10959595.9595960       2.135491467541532E-007
   4304407.71349862        11212121.2121212       1.252301873941396E-007
   4304407.71349862        11464646.4646465       7.129183143426609E-008
   4304407.71349862        11717171.7171717       3.936970787395839E-008
   4304407.71349862        11969696.9696970       2.107396176581234E-008
   4304407.71349862        12222222.2222222       1.092588868447209E-008
   4304407.71349862        12474747.4747475       5.482117858664283E-009
   4304407.71349862        12727272.7272727       2.659819833925209E-009
   4304407.71349862        12979797.9797980       1.246659043494808E-009
   4304407.71349862        13232323.2323232       5.637603200766379E-010
   4304407.71349862        13484848.4848485       2.455084838863907E-010
   4304407.71349862        13737373.7373737       1.025948623507751E-010
   4304407.71349862        13989898.9898990       4.081909160791244E-011
   4304407.71349862        14242424.2424242       1.515301831783084E-011
   4304407.71349862        14494949.4949495       4.923690609885371E-012
   4304407.71349862        14747474.7474747       1.015297446648533E-012
   4304407.71349862        15000000.0000000       0.000000000000000E+000
   4537037.03703704       -10000000.0000000       0.000000000000000E+000
   4537037.03703704       -9747474.74747475       9.707452453011240E-009
   4537037.03703704       -9494949.49494950       2.575927989426598E-008
   4537037.03703704       -9242424.24242424       5.147872513202516E-008
   4537037.03703704       -8989898.98989899       9.143990078818298E-008
   4537037.03703704       -8737373.73737374       1.517036872497490E-007
   4537037.03703704       -8484848.48484848       2.399794320748627E-007
   4537037.03703704       -8232323.23232323       3.656644905626918E-007
   4537037.03703704       -7979797.97979798       5.397089168908497E-007
   4537037.03703704       -7727272.72727273       7.742641327935871E-007
   4537037.03703704       -7474747.47474748       1.082098532197429E-006
   4537037.03703704       -7222222.22222222       1.475797973843008E-006
   4537037.03703704       -6969696.96969697       1.966809791548456E-006
   4537037.03703704       -6717171.71717172       2.564426532052115E-006
   4537037.03703704       -6464646.46464646       3.274829716446040E-006
   4537037.03703704       -6212121.21212121       4.100317527233881E-006
   4537037.03703704       -5959595.95959596       5.038828084531998E-006
   4537037.03703704       -5707070.70707071       6.083864591737411E-006
   4537037.03703704       -5454545.45454546       7.224961350699521E-006
   4537037.03703704       -5202020.20202020       8.448899088396525E-006
   4537037.03703704       -4949494.94949495       9.741893812524677E-006
   4537037.03703704       -4696969.69696970       1.109277667673508E-005
   4537037.03703704       -4444444.44444444       1.249666966140359E-005
   4537037.03703704       -4191919.19191919       1.395806775802066E-005
   4537037.03703704       -3939393.93939394       1.549205723161624E-005
   4537037.03703704       -3686868.68686869       1.712295441883685E-005
   4537037.03703704       -3434343.43434343       1.888068194736932E-005
   4537037.03703704       -3181818.18181818       2.079604950485590E-005
   4537037.03703704       -2929292.92929293       2.289631369902715E-005
   4537037.03703704       -2676767.67676768       2.520200931650287E-005
   4537037.03703704       -2424242.42424242       2.772541912983693E-005
   4537037.03703704       -2171717.17171717       3.047045991079291E-005
   4537037.03703704       -1919191.91919192       3.343328551299411E-005
   4537037.03703704       -1666666.66666667       3.660253195987858E-005
   4537037.03703704       -1414141.41414141       3.995797492639070E-005
   4537037.03703704       -1161616.16161616       4.346682184851963E-005
   4537037.03703704       -909090.909090910       4.707830683414523E-005
   4537037.03703704       -656565.656565657       5.071937801192023E-005
   4537037.03703704       -404040.404040404       5.429564507611564E-005
   4537037.03703704       -151515.151515152       5.770074313095354E-005
   4537037.03703704        101010.101010101       6.083363455995243E-005
   4537037.03703704        353535.353535354       6.361891820774999E-005
   4537037.03703704        606060.606060605       6.602262178955586E-005
   4537037.03703704        858585.858585859       6.805694881449457E-005
   4537037.03703704        1111111.11111111       6.977178600573835E-005
   4537037.03703704        1363636.36363636       7.123637939728740E-005
   4537037.03703704        1616161.61616162       7.251858104223660E-005
   4537037.03703704        1868686.86868687       7.366928099455888E-005
   4537037.03703704        2121212.12121212       7.471604519736925E-005
   4537037.03703704        2373737.37373737       7.566497731952789E-005
   4537037.03703704        2626262.62626263       7.650655154027985E-005
   4537037.03703704        2878787.87878788       7.722104292031583E-005
   4537037.03703704        3131313.13131313       7.778115985531526E-005
   4537037.03703704        3383838.38383838       7.815160222000439E-005
   4537037.03703704        3636363.63636364       7.828648443402968E-005
   4537037.03703704        3888888.88888889       7.812605996021995E-005
   4537037.03703704        4141414.14141414       7.759458056431875E-005
   4537037.03703704        4393939.39393939       7.660168500865144E-005
   4537037.03703704        4646464.64646465       7.504998992858421E-005
   4537037.03703704        4898989.89898990       7.285046265330660E-005
   4537037.03703704        5151515.15151515       6.994378072182149E-005
   4537037.03703704        5404040.40404040       6.632113848888844E-005
   4537037.03703704        5656565.65656566       6.203541508275450E-005
   4537037.03703704        5909090.90909091       5.719687820097395E-005
   4537037.03703704        6161616.16161616       5.195554814886331E-005
   4537037.03703704        6414141.41414141       4.647877367582099E-005
   4537037.03703704        6666666.66666667       4.093251269354642E-005
   4537037.03703704        6919191.91919192       3.546973221632556E-005
   4537037.03703704        7171717.17171717       3.022448134892713E-005
   4537037.03703704        7424242.42424243       2.530867261973507E-005
   4537037.03703704        7676767.67676768       2.080970983619836E-005
   4537037.03703704        7929292.92929293       1.678868670995523E-005
   4537037.03703704        8181818.18181818       1.327969842476540E-005
   4537037.03703704        8434343.43434343       1.029080194302298E-005
   4537037.03703704        8686868.68686869       7.806763068083046E-006
   4537037.03703704        8939393.93939394       5.793309170386538E-006
   4537037.03703704        9191919.19191919       4.202333547034413E-006
   4537037.03703704        9444444.44444444       2.977398056505011E-006
   4537037.03703704        9696969.69696970       2.058922983676558E-006
   4537037.03703704        9949494.94949495       1.388589671178357E-006
   4537037.03703704        10202020.2020202       9.126655990846215E-007
   4537037.03703704        10454545.4545455       5.841524148723730E-007
   4537037.03703704        10707070.7070707       3.638227523163867E-007
   4537037.03703704        10959595.9595960       2.203306132937723E-007
   4537037.03703704        11212121.2121212       1.296441577283555E-007
   4537037.03703704        11464646.4646465       7.406200967407995E-008
   4537037.03703704        11717171.7171717       4.104618345076291E-008
   4537037.03703704        11969696.9696970       2.205225251911905E-008
   4537037.03703704        12222222.2222222       1.147623531034266E-008
   4537037.03703704        12474747.4747475       5.780500916799763E-009
   4537037.03703704        12727272.7272727       2.815671281311032E-009
   4537037.03703704        12979797.9797980       1.325042378890391E-009
   4537037.03703704        13232323.2323232       6.016921014340326E-010
   4537037.03703704        13484848.4848485       2.631506458046898E-010
   4537037.03703704        13737373.7373737       1.104635377327316E-010
   4537037.03703704        13989898.9898990       4.416720624695885E-011
   4537037.03703704        14242424.2424242       1.649326770795401E-011
   4537037.03703704        14494949.4949495       5.406640709141516E-012
   4537037.03703704        14747474.7474747       1.144555505329211E-012
   4537037.03703704        15000000.0000000       0.000000000000000E+000
   4775788.18487909       -10000000.0000000       0.000000000000000E+000
   4775788.18487909       -9747474.74747475       9.456038386877064E-009
   4775788.18487909       -9494949.49494950       2.505656506554043E-008
   4775788.18487909       -9242424.24242424       5.000416682935169E-008
   4775788.18487909       -8989898.98989899       8.870129259445758E-008
   4775788.18487909       -8737373.73737374       1.469756539418121E-007
   4775788.18487909       -8484848.48484848       2.322356347652522E-007
   4775788.18487909       -8232323.23232323       3.535103600524685E-007
   4775788.18487909       -7979797.97979798       5.213245598292038E-007
   4775788.18487909       -7727272.72727273       7.473691812894026E-007
   4775788.18487909       -7474747.47474748       1.043951419330811E-006
   4775788.18487909       -7222222.22222222       1.423240973048911E-006
   4775788.18487909       -6969696.96969697       1.896368417806002E-006
   4775788.18487909       -6717171.71717172       2.472468790925578E-006
   4775788.18487909       -6464646.46464646       3.157788949420219E-006
   4775788.18487909       -6212121.21212121       3.954982675110472E-006
   4775788.18487909       -5959595.95959596       4.862702850794376E-006
   4775788.18487909       -5707070.70707071       5.875580828887770E-006
   4775788.18487909       -5454545.45454546       6.984688210673333E-006
   4775788.18487909       -5202020.20202020       8.178620378140754E-006
   4775788.18487909       -4949494.94949495       9.445373613727318E-006
   4775788.18487909       -4696969.69696970       1.077507296687828E-005
   4775788.18487909       -4444444.44444444       1.216322870246703E-005
   4775788.18487909       -4191919.19191919       1.361366279631065E-005
   4775788.18487909       -3939393.93939394       1.513995222235545E-005
   4775788.18487909       -3686868.68686869       1.676456673243661E-005
   4775788.18487909       -3434343.43434343       1.851576277258726E-005
   4775788.18487909       -3181818.18181818       2.042318421992632E-005
   4775788.18487909       -2929292.92929293       2.251348362393413E-005
   4775788.18487909       -2676767.67676768       2.480702458351313E-005
   4775788.18487909       -2424242.42424242       2.731613933643529E-005
   4775788.18487909       -2171717.17171717       3.004480867115914E-005
   4775788.18487909       -1919191.91919192       3.298914010251733E-005
   4775788.18487909       -1666666.66666667       3.613765505943192E-005
   4775788.18487909       -1414141.41414141       3.947024123165949E-005
   4775788.18487909       -1161616.16161616       4.295499215165625E-005
   4775788.18487909       -909090.909090910       4.654339726600696E-005
   4775788.18487909       -656565.656565657       5.016625814089194E-005
   4775788.18487909       -404040.404040404       5.373410066939343E-005
   4775788.18487909       -151515.151515152       5.714519448409182E-005
   4775788.18487909        101010.101010101       6.030116040499968E-005
   4775788.18487909        353535.353535354       6.312599699827605E-005
   4775788.18487909        606060.606060605       6.558164807930315E-005
   4775788.18487909        858585.858585859       6.767375784493089E-005
   4775788.18487909        1111111.11111111       6.944502693351709E-005
   4775788.18487909        1363636.36363636       7.095880450917749E-005
   4775788.18487909        1616161.61616162       7.227954301747229E-005
   4775788.18487909        1868686.86868687       7.345734239131906E-005
   4775788.18487909        2121212.12121212       7.452078104154544E-005
   4775788.18487909        2373737.37373737       7.547762214647177E-005
   4775788.18487909        2626262.62626263       7.631970858236196E-005
   4775788.18487909        2878787.87878788       7.702793149502453E-005
   4775788.18487909        3131313.13131313       7.757482197065925E-005
   4775788.18487909        3383838.38383838       7.792431777644472E-005
   4775788.18487909        3636363.63636364       7.802953377653821E-005
   4775788.18487909        3888888.88888889       7.782997288878710E-005
   4775788.18487909        4141414.14141414       7.725006571552798E-005
   4775788.18487909        4393939.39393939       7.620142266122745E-005
   4775788.18487909        4646464.64646465       7.459124301844513E-005
   4775788.18487909        4898989.89898990       7.233792817380287E-005
   4775788.18487909        5151515.15151515       6.939145186018517E-005
   4775788.18487909        5404040.40404040       6.575175044409529E-005
   4775788.18487909        5656565.65656566       6.147688159844203E-005
   4775788.18487909        5909090.90909091       5.667676036990505E-005
   4775788.18487909        6161616.16161616       5.149580927113859E-005
   4775788.18487909        6414141.41414141       4.609279623414820E-005
   4775788.18487909        6666666.66666667       4.062488656900288E-005
   4775788.18487909        6919191.91919192       3.523795179682683E-005
   4775788.18487909        7171717.17171717       3.006127967716372E-005
   4775788.18487909        7424242.42424243       2.520411704528209E-005
   4775788.18487909        7676767.67676768       2.075276160217959E-005
   4775788.18487909        7929292.92929293       1.676827974637756E-005
   4775788.18487909        8181818.18181818       1.328548227752168E-005
   4775788.18487909        8434343.43434343       1.031365139021504E-005
   4775788.18487909        8686868.68686869       7.839097863001324E-006
   4775788.18487909        8939393.93939394       5.829237847578285E-006
   4775788.18487909        9191919.19191919       4.237634968317716E-006
   4775788.18487909        9444444.44444444       3.009367765327992E-006
   4775788.18487909        9696969.69696970       2.086124777028121E-006
   4775788.18487909        9949494.94949495       1.410558948950987E-006
   4775788.18487909        10202020.2020202       9.296085065954848E-007
   4775788.18487909        10454545.4545455       5.966754323005285E-007
   4775788.18487909        10707070.7070707       3.727144845761897E-007
   4775788.18487909        10959595.9595960       2.264043964499330E-007
   4775788.18487909        11212121.2121212       1.336392245755889E-007
   4775788.18487909        11464646.4646465       7.659369815684493E-008
   4775788.18487909        11717171.7171717       4.259225271593060E-008
   4775788.18487909        11969696.9696970       2.296217424741627E-008
   4775788.18487909        12222222.2222222       1.199228688134671E-008
   4775788.18487909        12474747.4747475       6.062469073745428E-009
   4775788.18487909        12727272.7272727       2.964052864580835E-009
   4775788.18487909        12979797.9797980       1.400210220373951E-009
   4775788.18487909        13232323.2323232       6.383246438925283E-010
   4775788.18487909        13484848.4848485       2.803064200663013E-010
   4775788.18487909        13737373.7373737       1.181677307058448E-010
   4775788.18487909        13989898.9898990       4.746805914501403E-011
   4775788.18487909        14242424.2424242       1.782428606631513E-011
   4775788.18487909        14494949.4949495       5.890458107302999E-012
   4775788.18487909        14747474.7474747       1.276141721269671E-012
   4775788.18487909        15000000.0000000       0.000000000000000E+000
   5020661.15702479       -10000000.0000000       0.000000000000000E+000
   5020661.15702479       -9747474.74747475       9.145662178374257E-009
   5020661.15702479       -9494949.49494950       2.420555734000477E-008
   5020661.15702479       -9242424.24242424       4.825063915180280E-008
   5020661.15702479       -8989898.98989899       8.549923926441316E-008
   5020661.15702479       -8737373.73737374       1.415328501157940E-007
   5020661.15702479       -8484848.48484848       2.234466026895895E-007
   5020661.15702479       -8232323.23232323       3.398917506730920E-007
   5020661.15702479       -7979797.97979798       5.009630333099912E-007
   5020661.15702479       -7727272.72727273       7.178936923192741E-007
   5020661.15702479       -7474747.47474748       1.002542010120288E-006
   5020661.15702479       -7222222.22222222       1.366684295660339E-006
   5020661.15702479       -6969696.96969697       1.821166431725382E-006
   5020661.15702479       -6717171.71717172       2.375002555113600E-006
   5020661.15702479       -6464646.46464646       3.034536090021322E-006
   5020661.15702479       -6212121.21212121       3.802786413015262E-006
   5020661.15702479       -5959595.95959596       4.679090549141120E-006
   5020661.15702479       -5707070.70707071       5.659122516353613E-006
   5020661.15702479       -5454545.45454546       6.735356979241587E-006
   5020661.15702479       -5202020.20202020       7.898061324043740E-006
   5020661.15702479       -4949494.94949495       9.136931211335447E-006
   5020661.15702479       -4696969.69696970       1.044343161863866E-005
   5020661.15702479       -4444444.44444444       1.181364423848011E-005
   5020661.15702479       -4191919.19191919       1.325097153942151E-005
   5020661.15702479       -3939393.93939394       1.476769737688549E-005
   5020661.15702479       -3686868.68686869       1.638454390151032E-005
   5020661.15702479       -3434343.43434343       1.812807383122114E-005
   5020661.15702479       -3181818.18181818       2.002666010187717E-005
   5020661.15702479       -2929292.92929293       2.210623327753182E-005
   5020661.15702479       -2676767.67676768       2.438690267702449E-005
   5020661.15702479       -2424242.42424242       2.688102394623934E-005
   5020661.15702479       -2171717.17171717       2.959267638246806E-005
   5020661.15702479       -1919191.91919192       3.251800750812337E-005
   5020661.15702479       -1666666.66666667       3.564553999514391E-005
   5020661.15702479       -1414141.41414141       3.895537740877070E-005
   5020661.15702479       -1161616.16161616       4.241653505878099E-005
   5020661.15702479       -909090.909090910       4.598267986100738E-005
   5020661.15702479       -656565.656565657       4.958827752622477E-005
   5020661.15702479       -404040.404040404       5.314853488675517E-005
   5020661.15702479       -151515.151515152       5.656617633166780E-005
   5020661.15702479        101010.101010101       5.974543894359848E-005
   5020661.15702479        353535.353535354       6.260983492053119E-005
   5020661.15702479        606060.606060605       6.511744228962274E-005
   5020661.15702479        858585.858585859       6.726757438576801E-005
   5020661.15702479        1111111.11111111       6.909589260381369E-005
   5020661.15702479        1363636.36363636       7.065986335888391E-005
   5020661.15702479        1616161.61616162       7.202042926135130E-005
   5020661.15702479        1868686.86868687       7.322672313995214E-005
   5020661.15702479        2121212.12121212       7.430816418500456E-005
   5020661.15702479        2373737.37373737       7.527405758389020E-005
   5020661.15702479        2626262.62626263       7.611756205798136E-005
   5020661.15702479        2878787.87878788       7.682018129892490E-005
   5020661.15702479        3131313.13131313       7.735429745043908E-005
   5020661.15702479        3383838.38383838       7.768314313236494E-005
   5020661.15702479        3636363.63636364       7.775893289855749E-005
   5020661.15702479        3888888.88888889       7.752058342549458E-005
   5020661.15702479        4141414.14141414       7.689294676966674E-005
   5020661.15702479        4393939.39393939       7.578989781761629E-005
   5020661.15702479        4646464.64646465       7.412345496911411E-005
   5020661.15702479        4898989.89898990       7.181944238342928E-005
   5020661.15702479        5151515.15151515       6.883667609916063E-005
   5020661.15702479        5404040.40404040       6.518291386342874E-005
   5020661.15702479        5656565.65656566       6.092028969543280E-005
   5020661.15702479        5909090.90909091       5.615758833184718E-005
   5020661.15702479        6161616.16161616       5.103358794215658E-005
   5020661.15702479        6414141.41414141       4.569918596137347E-005
   5020661.15702479        6666666.66666667       4.030388308100931E-005
   5020661.15702479        6919191.91919192       3.498755729289117E-005
   5020661.15702479        7171717.17171717       2.987550986733664E-005
   5020661.15702479        7424242.42424243       2.507468419766448E-005
   5020661.15702479        7676767.67676768       2.067028566220421E-005
   5020661.15702479        7929292.92929293       1.672313659747557E-005
   5020661.15702479        8181818.18181818       1.326842699556681E-005
   5020661.15702479        8434343.43434343       1.031629115673852E-005
   5020661.15702479        8686868.68686869       7.854230502460053E-006
   5020661.15702479        8939393.93939394       5.851048418281321E-006
   5020661.15702479        9191919.19191919       4.261747729993170E-006
   5020661.15702479        9444444.44444444       3.032767871356771E-006
   5020661.15702479        9696969.69696970       2.106980401512804E-006
   5020661.15702479        9949494.94949495       1.427983754078578E-006
   5020661.15702479        10202020.2020202       9.434049146622739E-007
   5020661.15702479        10454545.4545455       6.070926543029669E-007
   5020661.15702479        10707070.7070707       3.802445958758104E-007
   5020661.15702479        10959595.9595960       2.316280223713871E-007
   5020661.15702479        11212121.2121212       1.371220837059364E-007
   5020661.15702479        11464646.4646465       7.882784424807297E-008
   5020661.15702479        11717171.7171717       4.397182394772055E-008
   5020661.15702479        11969696.9696970       2.378244133164345E-008
   5020661.15702479        12222222.2222222       1.246193829580052E-008
   5020661.15702479        12474747.4747475       6.321388687937081E-009
   5020661.15702479        12727272.7272727       3.101464094944121E-009
   5020661.15702479        12979797.9797980       1.470385253724225E-009
   5020661.15702479        13232323.2323232       6.727904773827256E-010
   5020661.15702479        13484848.4848485       2.965693469064530E-010
   5020661.15702479        13737373.7373737       1.255250487226719E-010
   5020661.15702479        13989898.9898990       5.064368447114091E-011
   5020661.15702479        14242424.2424242       1.911476714254077E-011
   5020661.15702479        14494949.4949495       6.363838922636061E-012
   5020661.15702479        14747474.7474747       1.407016193864492E-012
   5020661.15702479        15000000.0000000       0.000000000000000E+000
   5271655.95347413       -10000000.0000000       0.000000000000000E+000
   5271655.95347413       -9747474.74747475       8.779973073678467E-009
   5271655.95347413       -9494949.49494950       2.321551616983420E-008
   5271655.95347413       -9242424.24242424       4.623576022307320E-008
   5271655.95347413       -8989898.98989899       8.186329940093642E-008
   5271655.95347413       -8737373.73737374       1.354211912795678E-007
   5271655.95347413       -8484848.48484848       2.136797337498226E-007
   5271655.95347413       -8232323.23232323       3.249029895615232E-007
   5271655.95347413       -7979797.97979798       4.787505916138502E-007
   5271655.95347413       -7727272.72727273       6.859992170023940E-007
   5271655.95347413       -7474747.47474748       9.580674279205508E-007
   5271655.95347413       -7222222.22222222       1.306356385900710E-006
   5271655.95347413       -6969696.96969697       1.741453997534314E-006
   5271655.95347413       -6717171.71717172       2.272285397812876E-006
   5271655.95347413       -6464646.46464646       2.905320173377974E-006
   5271655.95347413       -6212121.21212121       3.643957698016924E-006
   5271655.95347413       -5959595.95959596       4.488200935319210E-006
   5271655.95347413       -5707070.70707071       5.434699755713198E-006
   5271655.95347413       -5454545.45454546       6.477214659941976E-006
   5271655.95347413       -5202020.20202020       7.607544938317784E-006
   5271655.95347413       -4949494.94949495       8.816982882033507E-006
   5271655.95347413       -4696969.69696970       1.009833684495240E-005
   5271655.95347413       -4444444.44444444       1.144840004229600E-005
   5271655.95347413       -4191919.19191919       1.287038996086831E-005
   5271655.95347413       -3939393.93939394       1.437552836841889E-005
   5271655.95347413       -3686868.68686869       1.598292564900562E-005
   5271655.95347413       -3434343.43434343       1.771746026416696E-005
   5271655.95347413       -3181818.18181818       1.960615109050087E-005
   5271655.95347413       -2929292.92929293       2.167409365114403E-005
   5271655.95347413       -2676767.67676768       2.394105372578790E-005
   5271655.95347413       -2424242.42424242       2.641937400992973E-005
   5271655.95347413       -2171717.17171717       2.911325616814693E-005
   5271655.95347413       -1919191.91919192       3.201896390250973E-005
   5271655.95347413       -1666666.66666667       3.512512711790184E-005
   5271655.95347413       -1414141.41414141       3.841216066745013E-005
   5271655.95347413       -1161616.16161616       4.185003317257806E-005
   5271655.95347413       -909090.909090910       4.539451461117837E-005
   5271655.95347413       -656565.656565657       4.898355823050712E-005
   5271655.95347413       -404040.404040404       5.253683758849342E-005
   5271655.95347413       -151515.151515152       5.596137862310887E-005
   5271655.95347413        101010.101010101       5.916401998177466E-005
   5271655.95347413        353535.353535354       6.206792335940920E-005
   5271655.95347413        606060.606060605       6.462752867018023E-005
   5271655.95347413        858585.858585859       6.683603999915101E-005
   5271655.95347413        1111111.11111111       6.872220492012085E-005
   5271655.95347413        1363636.36363636       7.033759270242555E-005
   5271655.95347413        1616161.61616162       7.173949967559226E-005
   5271655.95347413        1868686.86868687       7.297589734726625E-005
   5271655.95347413        2121212.12121212       7.407686757801225E-005
   5271655.95347413        2373737.37373737       7.505314260783872E-005
   5271655.95347413        2626262.62626263       7.589915263831076E-005
   5271655.95347413        2878787.87878788       7.659702230682763E-005
   5271655.95347413        3131313.13131313       7.711902701973488E-005
   5271655.95347413        3383838.38383838       7.742776578566301E-005
   5271655.95347413        3636363.63636364       7.747466530185592E-005
   5271655.95347413        3888888.88888889       7.719822698135364E-005
   5271655.95347413        4141414.14141414       7.652395657254317E-005
   5271655.95347413        4393939.39393939       7.536824291076853E-005
   5271655.95347413        4646464.64646465       7.364806916447751E-005
   5271655.95347413        4898989.89898990       7.129653729864311E-005
   5271655.95347413        5151515.15151515       6.828071830451220E-005
   5271655.95347413        5404040.40404040       6.461521504784725E-005
   5271655.95347413        5656565.65656566       6.036522219594180E-005
   5271655.95347413        5909090.90909091       5.563783375287561E-005
   5271655.95347413        6161616.16161616       5.056638913074457E-005
   5271655.95347413        6414141.41414141       4.529479928908410E-005
   5271655.95347413        6666666.66666667       3.996607088820921E-005
   5271655.95347413        6919191.91919192       3.471512727624673E-005
   5271655.95347413        7171717.17171717       2.966395165185689E-005
   5271655.95347413        7424242.42424243       2.491744840323084E-005
   5271655.95347413        7676767.67676768       2.055967805512914E-005
   5271655.95347413        7929292.92929293       1.665096725425665E-005
   5271655.95347413        8181818.18181818       1.322653552884254E-005
   5271655.95347413        8434343.43434343       1.029699424814421E-005
   5271655.95347413        8686868.68686869       7.850683272052173E-006
   5271655.95347413        8939393.93939394       5.857493858472105E-006
   5271655.95347413        9191919.19191919       4.273637610081830E-006
   5271655.95347413        9444444.44444444       3.046758218060642E-006
   5271655.95347413        9696969.69696970       2.120823291664889E-006
   5271655.95347413        9949494.94949495       1.440348869218729E-006
   5271655.95347413        10202020.2020202       9.536676370261357E-007
   5271655.95347413        10454545.4545455       6.151216530644625E-007
   5271655.95347413        10707070.7070707       3.862133959843710E-007
   5271655.95347413        10959595.9595960       2.358647907549027E-007
   5271655.95347413        11212121.2121212       1.400022203289688E-007
   5271655.95347413        11464646.4646465       8.070652726208682E-008
   5271655.95347413        11717171.7171717       4.514910600663060E-008
   5271655.95347413        11969696.9696970       2.449171185009388E-008
   5271655.95347413        12222222.2222222       1.287291767052607E-008
   5271655.95347413        12474747.4747475       6.550459617728862E-009
   5271655.95347413        12727272.7272727       3.224276218752435E-009
   5271655.95347413        12979797.9797980       1.533704070824718E-009
   5271655.95347413        13232323.2323232       7.041696212127356E-010
   5271655.95347413        13484848.4848485       3.115033092589383E-010
   5271655.95347413        13737373.7373737       1.323374505115003E-010
   5271655.95347413        13989898.9898990       5.360838718821551E-011
   5271655.95347413        14242424.2424242       2.032985917722854E-011
   5271655.95347413        14494949.4949495       6.814018064540965E-012
   5271655.95347413        14747474.7474747       1.533665897066863E-012
   5271655.95347413        15000000.0000000       0.000000000000000E+000
   5528772.57422712       -10000000.0000000       0.000000000000000E+000
   5528772.57422712       -9747474.74747475       8.363946920146259E-009
   5528772.57422712       -9494949.49494950       2.209911066300048E-008
   5528772.57422712       -9242424.24242424       4.398367853457228E-008
   5528772.57422712       -8989898.98989899       7.783406523553880E-008
   5528772.57422712       -8737373.73737374       1.287038425262360E-007
   5528772.57422712       -8484848.48484848       2.030278667198661E-007
   5528772.57422712       -8232323.23232323       3.086741900844260E-007
   5528772.57422712       -7979797.97979798       4.548618636816975E-007
   5528772.57422712       -7727272.72727273       6.519104818638187E-007
   5528772.57422712       -7474747.47474748       9.108047595546435E-007
   5528772.57422712       -7222222.22222222       1.242583879323229E-006
   5528772.57422712       -6969696.96969697       1.657598081663034E-006
   5528772.57422712       -6717171.71717172       2.164708897078978E-006
   5528772.57422712       -6464646.46464646       2.770537348677592E-006
   5528772.57422712       -6212121.21212121       3.478878206754875E-006
   5528772.57422712       -5959595.95959596       4.290391357495795E-006
   5528772.57422712       -5707070.70707071       5.202653233473867E-006
   5528772.57422712       -5454545.45454546       6.210613222323268E-006
   5528772.57422712       -5202020.20202020       7.307473556218955E-006
   5528772.57422712       -4949494.94949495       8.486009680510838E-006
   5528772.57422712       -4696969.69696970       9.740341490239042E-006
   5528772.57422712       -4444444.44444444       1.106806862957430E-005
   5528772.57422712       -4191919.19191919       1.247242811910380E-005
   5528772.57422712       -3939393.93939394       1.396381269978470E-005
   5528772.57422712       -3686868.68686869       1.555988665305124E-005
   5528772.57422712       -3434343.43434343       1.728389164108896E-005
   5528772.57422712       -3181818.18181818       1.916143704988801E-005
   5528772.57422712       -2929292.92929293       2.121668103420770E-005
   5528772.57422712       -2676767.67676768       2.346895397404207E-005
   5528772.57422712       -2424242.42424242       2.593054011371932E-005
   5528772.57422712       -2171717.17171717       2.860577648021678E-005
   5528772.57422712       -1919191.91919192       3.149110843060912E-005
   5528772.57422712       -1666666.66666667       3.457536914501452E-005
   5528772.57422712       -1414141.41414141       3.783937223507609E-005
   5528772.57422712       -1161616.16161616       4.125406774455483E-005
   5528772.57422712       -909090.909090910       4.477725786675328E-005
   5528772.57422712       -656565.656565657       4.835021805116794E-005
   5528772.57422712       -404040.404040404       5.189689221298636E-005
   5528772.57422712       -151515.151515152       5.532847707746879E-005
   5528772.57422712        101010.101010101       5.855442252508206E-005
   5528772.57422712        353535.353535354       6.149769746600751E-005
   5528772.57422712        606060.606060605       6.410934460650996E-005
   5528772.57422712        858585.858585859       6.637667983753657E-005
   5528772.57422712        1111111.11111111       6.832164726606511E-005
   5528772.57422712        1363636.36363636       6.998987997098333E-005
   5528772.57422712        1616161.61616162       7.143486554379206E-005
   5528772.57422712        1868686.86868687       7.270319992202099E-005
   5528772.57422712        2121212.12121212       7.382543912237142E-005
   5528772.57422712        2373737.37373737       7.481362658797357E-005
   5528772.57422712        2626262.62626263       7.566342600174036E-005
   5528772.57422712        2878787.87878788       7.635760221840745E-005
   5528772.57422712        3131313.13131313       7.686837906379527E-005
   5528772.57422712        3383838.38383838       7.715780624512595E-005
   5528772.57422712        3636363.63636364       7.717664437474491E-005
   5528772.57422712        3888888.88888889       7.686315017057976E-005
   5528772.57422712        4141414.14141414       7.614369424440397E-005
   5528772.57422712        4393939.39393939       7.493737304130011E-005
   5528772.57422712        4646464.64646465       7.316618144186397E-005
   5528772.57422712        4898989.89898990       7.077022799032497E-005
   5528772.57422712        5151515.15151515       6.772415026262009E-005
   5528772.57422712        5404040.40404040       6.404841867190962E-005
   5528772.57422712        5656565.65656566       5.981041282133395E-005
   5528772.57422712        5909090.90909091       5.511521485178605E-005
   5528772.57422712        6161616.16161616       5.009115970795330E-005
   5528772.57422712        6414141.41414141       4.487617509893833E-005
   5528772.57422712        6666666.66666667       3.960793067669050E-005
   5528772.57422712        6919191.91919192       3.441733485696341E-005
   5528772.57422712        7171717.17171717       2.942360296898136E-005
   5528772.57422712        7424242.42424243       2.472977192643875E-005
   5528772.57422712        7676767.67676768       2.041865042532472E-005
   5528772.57422712        7929292.92929293       1.654979534335608E-005
   5528772.57422712        8181818.18181818       1.315810321834852E-005
   5528772.57422712        8434343.43434343       1.025429344477866E-005
   5528772.57422712        8686868.68686869       7.827200090728794E-006
   5528772.57422712        8939393.93939394       5.847509377679891E-006
   5528772.57422712        9191919.19191919       4.272414989482885E-006
   5528772.57422712        9444444.44444444       3.050609395764880E-006
   5528772.57422712        9696969.69696970       2.127068689392863E-006
   5528772.57422712        9949494.94949495       1.447197287977756E-006
   5528772.57422712        10202020.2020202       9.600493151885468E-007
   5528772.57422712        10454545.4545455       6.205061408773552E-007
   5528772.57422712        10707070.7070707       3.904376014155098E-007
   5528772.57422712        10959595.9595960       2.389878079377759E-007
   5528772.57422712        11212121.2121212       1.421946690661439E-007
   5528772.57422712        11464646.4646465       8.217477330757219E-008
   5528772.57422712        11717171.7171717       4.608975472473321E-008
   5528772.57422712        11969696.9696970       2.506928300419373E-008
   5528772.57422712        12222222.2222222       1.321319132206608E-008
   5528772.57422712        12474747.4747475       6.742941523601808E-009
   5528772.57422712        12727272.7272727       3.328853493674259E-009
   5528772.57422712        12979797.9797980       1.588279457458892E-009
   5528772.57422712        13232323.2323232       7.315202171377462E-010
   5528772.57422712        13484848.4848485       3.246569399783749E-010
   5528772.57422712        13737373.7373737       1.383977114248478E-010
   5528772.57422712        13989898.9898990       5.627149792483226E-011
   5528772.57422712        14242424.2424242       2.143226523540507E-011
   5528772.57422712        14494949.4949495       7.227164649606769E-012
   5528772.57422712        14747474.7474747       1.652211428261484E-012
   5528772.57422712        15000000.0000000       0.000000000000000E+000
   5792011.01928375       -10000000.0000000       0.000000000000000E+000
   5792011.01928375       -9747474.74747475       7.903760302485506E-009
   5792011.01928375       -9494949.49494950       2.087208728262942E-008
   5792011.01928375       -9242424.24242424       4.152440652056166E-008
   5792011.01928375       -8989898.98989899       7.346198980951267E-008
   5792011.01928375       -8737373.73737374       1.214593626271254E-007
   5792011.01928375       -8484848.48484848       1.916066031859486E-007
   5792011.01928375       -8232323.23232323       2.913676768059304E-007
   5792011.01928375       -7979797.97979798       4.295153943537255E-007
   5792011.01928375       -7727272.72727273       6.159101925832438E-007
   5792011.01928375       -7474747.47474748       8.611054804382616E-007
   5792011.01928375       -7222222.22222222       1.175786331107967E-006
   5792011.01928375       -6969696.96969697       1.570078607261838E-006
   5792011.01928375       -6717171.71717172       2.052797856828382E-006
   5792011.01928375       -6464646.46464646       2.630735260556050E-006
   5792011.01928375       -6212121.21212121       3.308094071617714E-006
   5792011.01928375       -5959595.95959596       4.086187360139821E-006
   5792011.01928375       -5707070.70707071       4.963483378827668E-006
   5792011.01928375       -5454545.45454546       5.936044198554647E-006
   5792011.01928375       -5202020.20202020       6.998363141944285E-006
   5792011.01928375       -4949494.94949495       8.144585170106407E-006
   5792011.01928375       -4696969.69696970       9.370084540690060E-006
   5792011.01928375       -4444444.44444444       1.067331957609813E-005
   5792011.01928375       -4191919.19191919       1.205771398304795E-005
   5792011.01928375       -3939393.93939394       1.353305414571580E-005
   5792011.01928375       -3686868.68686869       1.511574435503294E-005
   5792011.01928375       -3434343.43434343       1.682747309255600E-005
   5792011.01928375       -3181818.18181818       1.869241672596126E-005
   5792011.01928375       -2929292.92929293       2.073371030192187E-005
   5792011.01928375       -2676767.67676768       2.297015857114145E-005
   5792011.01928375       -2424242.42424242       2.541393447135140E-005
   5792011.01928375       -2171717.17171717       2.806951262402419E-005
   5792011.01928375       -1919191.91919192       3.093357435290469E-005
   5792011.01928375       -1666666.66666667       3.399524198469583E-005
   5792011.01928375       -1414141.41414141       3.723580771399314E-005
   5792011.01928375       -1161616.16161616       4.062722822183487E-005
   5792011.01928375       -909090.909090910       4.412927066647207E-005
   5792011.01928375       -656565.656565657       4.768637735347590E-005
   5792011.01928375       -404040.404040404       5.122658105288604E-005
   5792011.01928375       -151515.151515152       5.466513695325559E-005
   5792011.01928375        101010.101010101       5.791413693978590E-005
   5792011.01928375        353535.353535354       6.089653625640338E-005
   5792011.01928375        606060.606060605       6.356023790990333E-005
   5792011.01928375        858585.858585859       6.588689640641077E-005
   5792011.01928375        1111111.11111111       6.789175444670469E-005
   5792011.01928375        1363636.36363636       6.961444974853861E-005
   5792011.01928375        1616161.61616162       7.110447347297611E-005
   5792011.01928375        1868686.86868687       7.240680912504675E-005
   5792011.01928375        2121212.12121212       7.355228375734405E-005
   5792011.01928375        2373737.37373737       7.455413130848231E-005
   5792011.01928375        2626262.62626263       7.540921455772893E-005
   5792011.01928375        2878787.87878788       7.610096705800727E-005
   5792011.01928375        3131313.13131313       7.660162773441830E-005
   5792011.01928375        3383838.38383838       7.687279174054764E-005
   5792011.01928375        3636363.63636364       7.686468031169111E-005
   5792011.01928375        3888888.88888889       7.651546838078100E-005
   5792011.01928375        4141414.14141414       7.575257171982456E-005
   5792011.01928375        4393939.39393939       7.449792287904387E-005
   5792011.01928375        4646464.64646465       7.267847499303756E-005
   5792011.01928375        4898989.89898990       7.024096177217700E-005
   5792011.01928375        5151515.15151515       6.716683734109329E-005
   5792011.01928375        5404040.40404040       6.348151373146276E-005
   5792011.01928375        5656565.65656566       5.925386006436524E-005
   5792011.01928375        5909090.90909091       5.458686660156698E-005
   5792011.01928375        6161616.16161616       4.960448712791669E-005
   5792011.01928375        6414141.41414141       4.443973017799309E-005
   5792011.01928375        6666666.66666667       3.922602379326866E-005
   5792011.01928375        6919191.91919192       3.409107901754707E-005
   5792011.01928375        7171717.17171717       2.915177472900535E-005
   5792011.01928375        7424242.42424243       2.450937015791136E-005
   5792011.01928375        7676767.67676768       2.024527436664853E-005
   5792011.01928375        7929292.92929293       1.641798939529146E-005
   5792011.01928375        8181818.18181818       1.306174172607923E-005
   5792011.01928375        8434343.43434343       1.018700153534321E-005
   5792011.01928375        8686868.68686869       7.782764981629867E-006
   5792011.01928375        8939393.93939394       5.820229865483597E-006
   5792011.01928375        9191919.19191919       4.257351297936416E-006
   5792011.01928375        9444444.44444444       3.043717879603373E-006
   5792011.01928375        9696969.69696970       2.125227103123488E-006
   5792011.01928375        9949494.94949495       1.448141719934724E-006
   5792011.01928375        10202020.2020202       9.622518583935539E-007
   5792011.01928375        10454545.4545455       6.230234027566265E-007
   5792011.01928375        10707070.7070707       3.927559522622572E-007
   5792011.01928375        10959595.9595960       2.408840622690901E-007
   5792011.01928375        11212121.2121212       1.436228538005479E-007
   5792011.01928375        11464646.4646465       8.318245617762541E-008
   5792011.01928375        11717171.7171717       4.676209520958906E-008
   5792011.01928375        11969696.9696970       2.549584610060589E-008
   5792011.01928375        12222222.2222222       1.347141164034858E-008
   5792011.01928375        12474747.4747475       6.892408971832863E-009
   5792011.01928375        12727272.7272727       3.411692650492188E-009
   5792011.01928375        12979797.9797980       1.632273532567263E-009
   5792011.01928375        13232323.2323232       7.539152993563295E-010
   5792011.01928375        13484848.4848485       3.355813227269965E-010
   5792011.01928375        13737373.7373737       1.434975653827619E-010
   5792011.01928375        13989898.9898990       5.854093406457262E-011
   5792011.01928375        14242424.2424242       2.238370517251283E-011
   5792011.01928375        14494949.4949495       7.588922965391947E-012
   5792011.01928375        14747474.7474747       1.758559038397536E-012
   5792011.01928375        15000000.0000000       0.000000000000000E+000
   6061371.28864402       -10000000.0000000       0.000000000000000E+000
   6061371.28864402       -9747474.74747475       7.406623460386451E-009
   6061371.28864402       -9494949.49494950       1.955282721375198E-008
   6061371.28864402       -9242424.24242424       3.889295587317441E-008
   6061371.28864402       -8989898.98989899       6.880589727807855E-008
   6061371.28864402       -8737373.73737374       1.137793481555799E-007
   6061371.28864402       -8484848.48484848       1.795508477399947E-007
   6061371.28864402       -8232323.23232323       2.731732306779483E-007
   6061371.28864402       -7979797.97979798       4.029674871395444E-007
   6061371.28864402       -7727272.72727273       5.783314924181321E-007
   6061371.28864402       -7474747.47474748       8.093867360776945E-007
   6061371.28864402       -7222222.22222222       1.106466813260190E-006
   6061371.28864402       -6969696.96969697       1.479479268710931E-006
   6061371.28864402       -6717171.71717172       1.937202773820659E-006
   6061371.28864402       -6464646.46464646       2.486609191384307E-006
   6061371.28864402       -6212121.21212121       3.132318152291694E-006
   6061371.28864402       -5959595.95959596       3.876293411078528E-006
   6061371.28864402       -5707070.70707071       4.717870683822509E-006
   6061371.28864402       -5454545.45454546       5.654167270083385E-006
   6061371.28864402       -5202020.20202020       6.680875745956117E-006
   6061371.28864402       -4949494.94949495       7.793405424662988E-006
   6061371.28864402       -4696969.69696970       8.988313353921471E-006
   6061371.28864402       -4444444.44444444       1.026493260169920E-005
   6061371.28864402       -4191919.19191919       1.162700040436524E-005
   6061371.28864402       -3939393.93939394       1.308389856087127E-005
   6061371.28864402       -3686868.68686869       1.465096724548165E-005
   6061371.28864402       -3434343.43434343       1.634845699431482E-005
   6061371.28864402       -3181818.18181818       1.819912177612559E-005
   6061371.28864402       -2929292.92929293       2.022500975697062E-005
   6061371.28864402       -2676767.67676768       2.244431616887368E-005
   6061371.28864402       -2424242.42424242       2.486904487583915E-005
   6061371.28864402       -2171717.17171717       2.750380008470310E-005
   6061371.28864402       -1919191.91919192       3.034554189402271E-005
   6061371.28864402       -1666666.66666667       3.338375716813006E-005
   6061371.28864402       -1414141.41414141       3.660028896511030E-005
   6061371.28864402       -1161616.16161616       3.996812326893312E-005
   6061371.28864402       -909090.909090910       4.344892853829624E-005
   6061371.28864402       -656565.656565657       4.699016743592918E-005
   6061371.28864402       -404040.404040404       5.052379220573155E-005
   6061371.28864402       -151515.151515152       5.396901869909767E-005
   6061371.28864402        101010.101010101       5.724062919668685E-005
   6061371.28864402        353535.353535354       6.026176487206916E-005
   6061371.28864402        606060.606060605       6.297746610492251E-005
   6061371.28864402        858585.858585859       6.536396486076014E-005
   6061371.28864402        1111111.11111111       6.742990344454909E-005
   6061371.28864402        1363636.36363636       6.920885022175082E-005
   6061371.28864402        1616161.61616162       7.074608850432196E-005
   6061371.28864402        1868686.86868687       7.208472765539713E-005
   6061371.28864402        2121212.12121212       7.325564367706875E-005
   6061371.28864402        2373737.37373737       7.427313093124177E-005
   6061371.28864402        2626262.62626263       7.513521708806930E-005
   6061371.28864402        2878787.87878788       7.582603979404665E-005
   6061371.28864402        3131313.13131313       7.631792933181088E-005
   6061371.28864402        3383838.38383838       7.657212875948761E-005
   6061371.28864402        3636363.63636364       7.653844702577884E-005
   6061371.28864402        3888888.88888889       7.615512568797943E-005
   6061371.28864402        4141414.14141414       7.535076700920985E-005
   6061371.28864402        4393939.39393939       7.405019758347313E-005
   6061371.28864402        4646464.64646465       7.218517978217526E-005
   6061371.28864402        4898989.89898990       6.970860416834708E-005
   6061371.28864402        5151515.15151515       6.660797206711862E-005
   6061371.28864402        5404040.40404040       6.291280912064406E-005
   6061371.28864402        5656565.65656566       5.869298241421544E-005
   6061371.28864402        5909090.90909091       5.404953424478015E-005
   6061371.28864402        6161616.16161616       4.910279947431154E-005
   6061371.28864402        6414141.41414141       4.398193712487773E-005
   6061371.28864402        6666666.66666667       3.881713172437203E-005
   6061371.28864402        6919191.91919192       3.373358292767064E-005
   6061371.28864402        7171717.17171717       2.884615431802040E-005
   6061371.28864402        7424242.42424243       2.425435018762214E-005
   6061371.28864402        7676767.67676768       2.003800456734236E-005
   6061371.28864402        7929292.92929293       1.625427789857844E-005
   6061371.28864402        8181818.18181818       1.293639083860518E-005
   6061371.28864402        8434343.43434343       1.009422257436683E-005
   6061371.28864402        8686868.68686869       7.716613924177244E-006
   6061371.28864402        8939393.93939394       5.775002471635520E-006
   6061371.28864402        9191919.19191919       4.227891906569002E-006
   6061371.28864402        9444444.44444444       3.025618610406178E-006
   6061371.28864402        9696969.69696970       2.114915971908172E-006
   6061371.28864402        9949494.94949495       1.442874880993636E-006
   6061371.28864402        10202020.2020202       9.600351024983635E-007
   6061371.28864402        10454545.4545455       6.224912608074128E-007
   6061371.28864402        10707070.7070707       3.930345756177415E-007
   6061371.28864402        10959595.9595960       2.414583841482095E-007
   6061371.28864402        11212121.2121212       1.442213933977856E-007
   6061371.28864402        11464646.4646465       8.368620601800370E-008
   6061371.28864402        11717171.7171717       4.713836894569779E-008
   6061371.28864402        11969696.9696970       2.575426928930430E-008
   6061371.28864402        12222222.2222222       1.363738900287880E-008
   6061371.28864402        12474747.4747475       6.993024691897832E-009
   6061371.28864402        12727272.7272727       3.469574814718371E-009
   6061371.28864402        12979797.9797980       1.663978810857371E-009
   6061371.28864402        13232323.2323232       7.704842798333305E-010
   6061371.28864402        13484848.4848485       3.438503327987761E-010
   6061371.28864402        13737373.7373737       1.474372396115899E-010
   6061371.28864402        13989898.9898990       6.032745135878559E-011
   6061371.28864402        14242424.2424242       2.314669544586821E-011
   6061371.28864402        14494949.4949495       7.885084139978244E-012
   6061371.28864402        14747474.7474747       1.848594166777012E-012
   6061371.28864402        15000000.0000000       0.000000000000000E+000
   6336853.38230793       -10000000.0000000       0.000000000000000E+000
   6336853.38230793       -9747474.74747475       6.880574749814755E-009
   6336853.38230793       -9494949.49494950       1.816180734896721E-008
   6336853.38230793       -9242424.24242424       3.612829892822423E-008
   6336853.38230793       -8989898.98989899       6.393122396915245E-008
   6336853.38230793       -8737373.73737374       1.057656793579148E-007
   6336853.38230793       -8484848.48484848       1.670107561619419E-007
   6336853.38230793       -8232323.23232323       2.543024533671112E-007
   6336853.38230793       -7979797.97979798       3.755047620870772E-007
   6336853.38230793       -7727272.72727273       5.395486012117956E-007
   6336853.38230793       -7474747.47474748       7.561201151333584E-007
   6336853.38230793       -7222222.22222222       1.035199117797599E-006
   6336853.38230793       -6969696.96969697       1.386473815045553E-006
   6336853.38230793       -6717171.71717172       1.818686345594485E-006
   6336853.38230793       -6464646.46464646       2.338990562795839E-006
   6336853.38230793       -6212121.21212121       2.952422937886567E-006
   6336853.38230793       -5959595.95959596       3.661592947120723E-006
   6336853.38230793       -5707070.70707071       4.466685142978460E-006
   6336853.38230793       -5454545.45454546       5.365829541394686E-006
   6336853.38230793       -5202020.20202020       6.355846066633261E-006
   6336853.38230793       -4949494.94949495       7.433317483619141E-006
   6336853.38230793       -4696969.69696970       8.595907960821310E-006
   6336853.38230793       -4444444.44444444       9.843814276251270E-006
   6336853.38230793       -4191919.19191919       1.118117518600388E-005
   6336853.38230793       -3939393.93939394       1.261714138789659E-005
   6336853.38230793       -3686868.68686869       1.416618387154141E-005
   6336853.38230793       -3434343.43434343       1.584725527142661E-005
   6336853.38230793       -3181818.18181818       1.768173187810415E-005
   6336853.38230793       -2929292.92929293       1.969053757438821E-005
   6336853.38230793       -2676767.67676768       2.189118544029540E-005
   6336853.38230793       -2424242.42424242       2.429545066567074E-005
   6336853.38230793       -2171717.17171717       2.690804982371379E-005
   6336853.38230793       -1919191.91919192       2.972625296609606E-005
   6336853.38230793       -1666666.66666667       3.273997606100433E-005
   6336853.38230793       -1414141.41414141       3.593167769850088E-005
   6336853.38230793       -1161616.16161616       3.927539345656088E-005
   6336853.38230793       -909090.909090910       4.273463296746095E-005
   6336853.38230793       -656565.656565657       4.625974061819516E-005
   6336853.38230793       -404040.404040404       4.978642837878805E-005
   6336853.38230793       -151515.151515152       5.323778567335310E-005
   6336853.38230793        101010.101010101       5.653134743496868E-005
   6336853.38230793        353535.353535354       5.959065933042300E-005
   6336853.38230793        606060.606060605       6.235819814553506E-005
   6336853.38230793        858585.858585859       6.480503033183463E-005
   6336853.38230793        1111111.11111111       6.693330547738588E-005
   6336853.38230793        1363636.36363636       6.877043999916211E-005
   6336853.38230793        1616161.61616162       7.035727664824978E-005
   6336853.38230793        1868686.86868687       7.173476237986387E-005
   6336853.38230793        2121212.12121212       7.293357667451402E-005
   6336853.38230793        2373737.37373737       7.396892984408802E-005
   6336853.38230793        2626262.62626263       7.483997626534498E-005
   6336853.38230793        2878787.87878788       7.553159702786529E-005
   6336853.38230793        3131313.13131313       7.601629718596782E-005
   6336853.38230793        3383838.38383838       7.625507491525227E-005
   6336853.38230793        3636363.63636364       7.619744996696887E-005
   6336853.38230793        3888888.88888889       7.578185854400882E-005
   6336853.38230793        4141414.14141414       7.493818607389980E-005
   6336853.38230793        4393939.39393939       7.359413962289713E-005
   6336853.38230793        4646464.64646465       7.168605709569920E-005
   6336853.38230793        4898989.89898990       6.917245884047060E-005
   6336853.38230793        5151515.15151515       6.604614583051208E-005
   6336853.38230793        5404040.40404040       6.234006256187768E-005
   6336853.38230793        5656565.65656566       5.812479216248529E-005
   6336853.38230793        5909090.90909091       5.349976452148583E-005
   6336853.38230793        6161616.16161616       4.858254319902184E-005
   6336853.38230793        6414141.41414141       4.349946660373372E-005
   6336853.38230793        6666666.66666667       3.837835518633508E-005
   6336853.38230793        6919191.91919192       3.334245408168179E-005
   6336853.38230793        7171717.17171717       2.850483692913344E-005
   6336853.38230793        7424242.42424243       2.396322421500180E-005
   6336853.38230793        7676767.67676768       1.979568313455789E-005
   6336853.38230793        7929292.92929293       1.605775055886689E-005
   6336853.38230793        8181818.18181818       1.278132016041422E-005
   6336853.38230793        8434343.43434343       9.975355624634984E-006
   6336853.38230793        8686868.68686869       7.628241006015413E-006
   6336853.38230793        8939393.93939394       5.711394786604192E-006
   6336853.38230793        9191919.19191919       4.183665598161933E-006
   6336853.38230793        9444444.44444444       2.995994926673763E-006
   6336853.38230793        9696969.69696970       2.095869314846692E-006
   6336853.38230793        9949494.94949495       1.431178294320736E-006
   6336853.38230793        10202020.2020202       9.532244082177647E-007
   6336853.38230793        10454545.4545455       6.187743168708620E-007
   6336853.38230793        10707070.7070707       3.911718835300051E-007
   6336853.38230793        10959595.9595960       2.406371244039405E-007
   6336853.38230793        11212121.2121212       1.439387499263165E-007
   6336853.38230793        11464646.4646465       8.365123881787273E-008
   6336853.38230793        11717171.7171717       4.719594729318383E-008
   6336853.38230793        11969696.9696970       2.583037062509461E-008
   6336853.38230793        12222222.2222222       1.370256481262989E-008
   6336853.38230793        12474747.4747475       7.039817582604562E-009
   6336853.38230793        12727272.7272727       3.499722396594051E-009
   6336853.38230793        12979797.9797980       1.681903190235625E-009
   6336853.38230793        13232323.2323232       7.804571119127564E-010
   6336853.38230793        13484848.4848485       3.490826284040885E-010
   6336853.38230793        13737373.7373737       1.500359247845952E-010
   6336853.38230793        13989898.9898990       6.154938570729560E-011
   6336853.38230793        14242424.2424242       2.368656456529990E-011
   6336853.38230793        14494949.4949495       8.102358092483301E-012
   6336853.38230793        14747474.7474747       1.918407844857726E-012
   6336853.38230793        15000000.0000000       0.000000000000000E+000
   6618457.30027548       -10000000.0000000       0.000000000000000E+000
   6618457.30027548       -9747474.74747475       6.334240087499656E-009
   6618457.30027548       -9494949.49494950       1.672098149270709E-008
   6618457.30027548       -9242424.24242424       3.327218881169666E-008
   6618457.30027548       -8989898.98989899       5.890804381652910E-008
   6618457.30027548       -8737373.73737374       9.752746179711137E-008
   6618457.30027548       -8484848.48484848       1.541472599546268E-007
   6618457.30027548       -8232323.23232323       2.349825291769331E-007
   6618457.30027548       -7979797.97979798       3.474358432001646E-007
   6618457.30027548       -7727272.72727273       4.999662000638917E-007
   6618457.30027548       -7474747.47474748       7.018186395625997E-007
   6618457.30027548       -7222222.22222222       9.626124616511556E-007
   6618457.30027548       -6969696.96969697       1.291808871621937E-006
   6618457.30027548       -6717171.71717172       1.698105235081962E-006
   6618457.30027548       -6464646.46464646       2.188829056804944E-006
   6618457.30027548       -6212121.21212121       2.769425155401844E-006
   6618457.30027548       -5959595.95959596       3.443138248813249E-006
   6618457.30027548       -5707070.70707071       4.210984298132351E-006
   6618457.30027548       -5454545.45454546       5.072073644744756E-006
   6618457.30027548       -5202020.20202020       6.024299047889953E-006
   6618457.30027548       -4949494.94949495       7.065342695681653E-006
   6618457.30027548       -4696969.69696970       8.193904395990561E-006
   6618457.30027548       -4444444.44444444       9.411016532281060E-006
   6618457.30027548       -4191919.19191919       1.072127364255803E-005
   6618457.30027548       -3939393.93939394       1.213373691493395E-005
   6618457.30027548       -3686868.68686869       1.366219271360649E-005
   6618457.30027548       -3434343.43434343       1.532445234989465E-005
   6618457.30027548       -3181818.18181818       1.714059087937648E-005
   6618457.30027548       -2929292.92929293       1.913039985126585E-005
   6618457.30027548       -2676767.67676768       2.131065360257466E-005
   6618457.30027548       -2424242.42424242       2.369284085023179E-005
   6618457.30027548       -2171717.17171717       2.628176571979414E-005
   6618457.30027548       -1919191.91919192       2.907502795052702E-005
   6618457.30027548       -1666666.66666667       3.206302604296818E-005
   6618457.30027548       -1414141.41414141       3.522889096800937E-005
   6618457.30027548       -1161616.16161616       3.854772582518184E-005
   6618457.30027548       -909090.909090910       4.198482474455051E-005
   6618457.30027548       -656565.656565657       4.549328225741143E-005
   6618457.30027548       -404040.404040404       4.901241774151689E-005
   6618457.30027548       -151515.151515152       5.246911413091467E-005
   6618457.30027548        101010.101010101       5.578373109391381E-005
   6618457.30027548        353535.353535354       5.888045411611429E-005
   6618457.30027548        606060.606060605       6.169951903942764E-005
   6618457.30027548        858585.858585859       6.420710786505786E-005
   6618457.30027548        1111111.11111111       6.639899996129504E-005
   6618457.30027548        1363636.36363636       6.829637582798172E-005
   6618457.30027548        1616161.61616162       6.993538722203601E-005
   6618457.30027548        1868686.86868687       7.135450290896013E-005
   6618457.30027548        2121212.12121212       7.258393266710977E-005
   6618457.30027548        2373737.37373737       7.363963836304865E-005
   6618457.30027548        2626262.62626263       7.452185400570047E-005
   6618457.30027548        2878787.87878788       7.521624377172097E-005
   6618457.30027548        3131313.13131313       7.569557519183913E-005
   6618457.30027548        3383838.38383838       7.592071050390403E-005
   6618457.30027548        3636363.63636364       7.584099545400307E-005
   6618457.30027548        3888888.88888889       7.539516404746035E-005
   6618457.30027548        4141414.14141414       7.451443402973084E-005
   6618457.30027548        4393939.39393939       7.312931130792036E-005
   6618457.30027548        4646464.64646465       7.118040662286372E-005
   6618457.30027548        4898989.89898990       6.863131438965038E-005
   6618457.30027548        5151515.15151515       6.547944541525664E-005
   6618457.30027548        5404040.40404040       6.176062339636647E-005
   6618457.30027548        5656565.65656566       5.754606471498645E-005
   6618457.30027548        5909090.90909091       5.293407239137622E-005
   6618457.30027548        6161616.16161616       4.804032135306920E-005
   6618457.30027548        6414141.41414141       4.298928380689537E-005
   6618457.30027548        6666666.66666667       3.790716932703956E-005
   6618457.30027548        6919191.91919192       3.291570746237599E-005
   6618457.30027548        7171717.17171717       2.812632840875957E-005
   6618457.30027548        7424242.42424243       2.363490223343344E-005
   6618457.30027548        7676767.67676768       1.951752924196967E-005
   6618457.30027548        7929292.92929293       1.582784913783454E-005
   6618457.30027548        8181818.18181818       1.259612318923678E-005
   6618457.30027548        8434343.43434343       9.830092667321237E-006
   6618457.30027548        8686868.68686869       7.517399896193475E-006
   6618457.30027548        8939393.93939394       5.629199145006133E-006
   6618457.30027548        9191919.19191919       4.124490786894674E-006
   6618457.30027548        9444444.44444444       2.954685791829333E-006
   6618457.30027548        9696969.69696970       2.067945178474096E-006
   6618457.30027548        9949494.94949495       1.412929353651342E-006
   6618457.30027548        10202020.2020202       9.417169383745003E-007
   6618457.30027548        10454545.4545455       6.117892315318256E-007
   6618457.30027548        10707070.7070707       3.871027984664112E-007
   6618457.30027548        10959595.9595960       2.383713849391609E-007
   6618457.30027548        11212121.2121212       1.427395933538582E-007
   6618457.30027548        11464646.4646465       8.305301580606408E-008
   6618457.30027548        11717171.7171717       4.691844884507177E-008
   6618457.30027548        11969696.9696970       2.571364036611488E-008
   6618457.30027548        12222222.2222222       1.366045985394759E-008
   6618457.30027548        12474747.4747475       7.028949964068411E-009
   6618457.30027548        12727272.7272727       3.499952039811187E-009
   6618457.30027548        12979797.9797980       1.684853966100382E-009
   6618457.30027548        13232323.2323232       7.832085576672612E-010
   6618457.30027548        13484848.4848485       3.509639995812610E-010
   6618457.30027548        13737373.7373737       1.511425615479861E-010
   6618457.30027548        13989898.9898990       6.213760382414552E-011
   6618457.30027548        14242424.2424242       2.397358441694933E-011
   6618457.30027548        14494949.4949495       8.229199825323140E-012
   6618457.30027548        14747474.7474747       1.964542423936127E-012
   6618457.30027548        15000000.0000000       0.000000000000000E+000
   6906183.04254668       -10000000.0000000       0.000000000000000E+000
   6906183.04254668       -9747474.74747475       5.776564859488162E-009
   6906183.04254668       -9494949.49494950       1.525310165403688E-008
   6906183.04254668       -9242424.24242424       3.036787778751711E-008
   6906183.04254668       -8989898.98989899       5.380894112297730E-008
   6906183.04254668       -8737373.73737374       8.917775899280070E-008
   6906183.04254668       -8484848.48484848       1.411273169134404E-007
   6906183.04254668       -8232323.23232323       2.154496229696867E-007
   6906183.04254668       -7979797.97979798       3.190825393034700E-007
   6906183.04254668       -7727272.72727273       4.600080822111846E-007
   6906183.04254668       -7474747.47474748       6.470226741628730E-007
   6906183.04254668       -7222222.22222222       8.893746015557776E-007
   6906183.04254668       -6969696.96969697       1.196284439782116E-006
   6906183.04254668       -6717171.71717172       1.576388479089134E-006
   6906183.04254668       -6464646.46464646       2.037169963931697E-006
   6906183.04254668       -6212121.21212121       2.584463783608983E-006
   6906183.04254668       -5959595.95959596       3.222131643000561E-006
   6906183.04254668       -5707070.70707071       3.952000725593933E-006
   6906183.04254668       -5454545.45454546       4.774134357277592E-006
   6906183.04254668       -5202020.20202020       5.687456810915623E-006
   6906183.04254668       -4949494.94949495       6.690692200364765E-006
   6906183.04254668       -4696969.69696970       7.783514124544732E-006
   6906183.04254668       -4444444.44444444       8.967754782628579E-006
   6906183.04254668       -4191919.19191919       1.024849255402135E-005
   6906183.04254668       -3939393.93939394       1.163480900005637E-005
   6906183.04254668       -3686868.68686869       1.313997293317894E-005
   6906183.04254668       -3434343.43434343       1.478081872025528E-005
   6906183.04254668       -3181818.18181818       1.657622389126426E-005
   6906183.04254668       -2929292.92929293       1.854487020264549E-005
   6906183.04254668       -2676767.67676768       2.070275698114516E-005
   6906183.04254668       -2424242.42424242       2.306103451857722E-005
   6906183.04254668       -2171717.17171717       2.562456432849760E-005
   6906183.04254668       -1919191.91919192       2.839128473307023E-005
   6906183.04254668       -1666666.66666667       3.135211885887667E-005
   6906183.04254668       -1414141.41414141       3.449091878269119E-005
   6906183.04254668       -1161616.16161616       3.778387054680583E-005
   6906183.04254668       -909090.909090910       4.119799942290627E-005
   6906183.04254668       -656565.656565657       4.468902491581112E-005
   6906183.04254668       -404040.404040404       4.819972703364378E-005
   6906183.04254668       -151515.151515152       5.166070568387092E-005
   6906183.04254668        101010.101010101       5.499522286466627E-005
   6906183.04254668        353535.353535354       5.812835297609666E-005
   6906183.04254668        606060.606060605       6.099843789976390E-005
   6906183.04254668        858585.858585859       6.356708563233270E-005
   6906183.04254668        1111111.11111111       6.582385110821668E-005
   6906183.04254668        1363636.36363636       6.778360188964890E-005
   6906183.04254668        1616161.61616162       6.947753552080747E-005
   6906183.04254668        1868686.86868687       7.094129934916783E-005
   6906183.04254668        2121212.12121212       7.220432854486865E-005
   6906183.04254668        2373737.37373737       7.328314629933897E-005
   6906183.04254668        2626262.62626263       7.417900461489504E-005
   6906183.04254668        2878787.87878788       7.487838629743280E-005
   6906183.04254668        3131313.13131313       7.535441005972658E-005
   6906183.04254668        3383838.38383838       7.556790991918986E-005
   6906183.04254668        3636363.63636364       7.546816175858834E-005
   6906183.04254668        3888888.88888889       7.499427291689917E-005
   6906183.04254668        4141414.14141414       7.407879517969964E-005
   6906183.04254668        4393939.39393939       7.265489093229731E-005
   6906183.04254668        4646464.64646465       7.066709084735062E-005
   6906183.04254668        4898989.89898990       6.808350812499934E-005
   6906183.04254668        5151515.15151515       6.490555916316079E-005
   6906183.04254668        5404040.40404040       6.117157023315993E-005
   6906183.04254668        5656565.65656566       5.695348421715795E-005
   6906183.04254668        5909090.90909091       5.234906809116163E-005
   6906183.04254668        6161616.16161616       4.747298390984889E-005
   6906183.04254668        6414141.41414141       4.244869765489146E-005
   6906183.04254668        6666666.66666667       3.740143866045193E-005
   6906183.04254668        6919191.91919192       3.245175795395883E-005
   6906183.04254668        7171717.17171717       2.770952637748682E-005
   6906183.04254668        7424242.42424243       2.326867004775357E-005
   6906183.04254668        7676767.67676768       1.920311894849691E-005
   6906183.04254668        7929292.92929293       1.556435145575690E-005
   6906183.04254668        8181818.18181818       1.238070625575388E-005
   6906183.04254668        8434343.43434343       9.658412289428763E-006
   6906183.04254668        8686868.68686869       7.384101597686888E-006
   6906183.04254668        8939393.93939394       5.528433545109483E-006
   6906183.04254668        9191919.19191919       4.050378663207821E-006
   6906183.04254668        9444444.44444444       2.901690287315959E-006
   6906183.04254668        9696969.69696970       2.031130731491222E-006
   6906183.04254668        9949494.94949495       1.388106438214832E-006
   6906183.04254668        10202020.2020202       9.254863860156205E-007
   6906183.04254668        10454545.4545455       6.015088219543334E-007
   6906183.04254668        10707070.7070707       3.808021156217619E-007
   6906183.04254668        10959595.9595960       2.346396451308160E-007
   6906183.04254668        11212121.2121212       1.406067612581322E-007
   6906183.04254668        11464646.4646465       8.187864316826511E-008
   6906183.04254668        11717171.7171717       4.629669765648601E-008
   6906183.04254668        11969696.9696970       2.539787021506463E-008
   6906183.04254668        12222222.2222222       1.350707081401829E-008
   6906183.04254668        12474747.4747475       6.957957399084012E-009
   6906183.04254668        12727272.7272727       3.468813827517892E-009
   6906183.04254668        12979797.9797980       1.672015359748053E-009
   6906183.04254668        13232323.2323232       7.782995928270377E-010
   6906183.04254668        13484848.4848485       3.492685493416070E-010
   6906183.04254668        13737373.7373737       1.506461952294331E-010
   6906183.04254668        13989898.9898990       6.204031455197920E-011
   6906183.04254668        14242424.2424242       2.398506573732905E-011
   6906183.04254668        14494949.4949495       8.256630626765071E-012
   6906183.04254668        14747474.7474747       1.984238737707965E-012
   6906183.04254668        15000000.0000000       0.000000000000000E+000
   7200030.60912152       -10000000.0000000       0.000000000000000E+000
   7200030.60912152       -9747474.74747475       5.216530102811194E-009
   7200030.60912152       -9494949.49494950       1.378100453131008E-008
   7200030.60912152       -9242424.24242424       2.745877944192367E-008
   7200030.60912152       -8989898.98989899       4.870680286727760E-008
   7200030.60912152       -8737373.73737374       8.083021940244772E-008
   7200030.60912152       -8484848.48484848       1.281190319913396E-007
   7200030.60912152       -8232323.23232323       1.959421204911334E-007
   7200030.60912152       -7979797.97979798       2.907708188106492E-007
   7200030.60912152       -7727272.72727273       4.201055011090819E-007
   7200030.60912152       -7474747.47474748       5.922853531654347E-007
   7200030.60912152       -7222222.22222222       8.161741594412440E-007
   7200030.60912152       -6969696.96969697       1.100733117823475E-006
   7200030.60912152       -6717171.71717172       1.454513869192187E-006
   7200030.60912152       -6464646.46464646       1.885128398919317E-006
   7200030.60912152       -6212121.21212121       2.398773389426146E-006
   7200030.60912152       -5959595.95959596       2.999900055403717E-006
   7200030.60912152       -5707070.70707071       3.691120723912062E-006
   7200030.60912152       -5454545.45454546       4.473424695197623E-006
   7200030.60912152       -5202020.20202020       5.346734621881886E-006
   7200030.60912152       -4949494.94949495       6.310772928341370E-006
   7200030.60912152       -4696969.69696970       7.366137176181334E-006
   7200030.60912152       -4444444.44444444       8.515423389207156E-006
   7200030.60912152       -4191919.19191919       9.764204057878268E-006
   7200030.60912152       -3939393.93939394       1.112166264391713E-005
   7200030.60912152       -3686868.68686869       1.260069580697391E-005
   7200030.60912152       -3434343.43434343       1.421732498848465E-005
   7200030.60912152       -3181818.18181818       1.598935516106830E-005
   7200030.60912152       -2929292.92929293       1.793441077043708E-005
   7200030.60912152       -2676767.67676768       2.006770359057034E-005
   7200030.60912152       -2424242.42424242       2.240000362062216E-005
   7200030.60912152       -2171717.17171717       2.493619712500063E-005
   7200030.60912152       -1919191.91919192       2.767456019363317E-005
   7200030.60912152       -1666666.66666667       3.060657135889086E-005
   7200030.60912152       -1414141.41414141       3.371684406271928E-005
   7200030.60912152       -1161616.16161616       3.698265992386419E-005
   7200030.60912152       -909090.909090910       4.037272513162165E-005
   7200030.60912152       -656565.656565657       4.384526492094416E-005
   7200030.60912152       -404040.404040404       4.734637715242044E-005
   7200030.60912152       -151515.151515152       5.081030244965185E-005
   7200030.60912152        101010.101010101       5.416328371185683E-005
   7200030.60912152        353535.353535354       5.733154328166028E-005
   7200030.60912152        606060.606060605       6.025189996941352E-005
   7200030.60912152        858585.858585859       6.288173215630457E-005
   7200030.60912152        1111111.11111111       6.520454801831421E-005
   7200030.60912152        1363636.36363636       6.722884152885741E-005
   7200030.60912152        1616161.61616162       6.898058653830457E-005
   7200030.60912152        1868686.86868687       7.049223972539160E-005
   7200030.60912152        2121212.12121212       7.179212160121657E-005
   7200030.60912152        2373737.37373737       7.289709446800921E-005
   7200030.60912152        2626262.62626263       7.380934570057859E-005
   7200030.60912152        2878787.87878788       7.451620299912421E-005
   7200030.60912152        3131313.13131313       7.499122223908152E-005
   7200030.60912152        3383838.38383838       7.519531288760301E-005
   7200030.60912152        3636363.63636364       7.507777179750071E-005
   7200030.60912152        3888888.88888889       7.457812661766586E-005
   7200030.60912152        4141414.14141414       7.363022031320323E-005
   7200030.60912152        4393939.39393939       7.216967894392944E-005
   7200030.60912152        4646464.64646465       7.014456993282656E-005
   7200030.60912152        4898989.89898990       6.752699592652273E-005
   7200030.60912152        5151515.15151515       6.432187841745386E-005
   7200030.60912152        5404040.40404040       6.056982816344274E-005
   7200030.60912152        5656565.65656566       5.634375303588307E-005
   7200030.60912152        5909090.90909091       5.174153804629645E-005
   7200030.60912152        6161616.16161616       4.687767056811524E-005
   7200030.60912152        6414141.41414141       4.187536853047236E-005
   7200030.60912152        6666666.66666667       3.685940033330018E-005
   7200030.60912152        6919191.91919192       3.194939101109102E-005
   7200030.60912152        7171717.17171717       2.725368755005161E-005
   7200030.60912152        7424242.42424243       2.286415888221087E-005
   7200030.60912152        7676767.67676768       1.885235978088997E-005
   7200030.60912152        7929292.92929293       1.526735175367730E-005
   7200030.60912152        8181818.18181818       1.213527445462699E-005
   7200030.60912152        8434343.43434343       9.460570498948481E-006
   7200030.60912152        8686868.68686869       7.228609282206087E-006
   7200030.60912152        8939393.93939394       5.409339608742082E-006
   7200030.60912152        9191919.19191919       3.961533431272611E-006
   7200030.60912152        9444444.44444444       2.837169370243750E-006
   7200030.60912152        9696969.69696970       1.985544901305499E-006
   7200030.60912152        9949494.94949495       1.356791917170687E-006
   7200030.60912152        10202020.2020202       9.045859694530520E-007
   7200030.60912152        10454545.4545455       5.879647969570219E-007
   7200030.60912152        10707070.7070707       3.722868381846687E-007
   7200030.60912152        10959595.9595960       2.294496459019376E-007
   7200030.60912152        11212121.2121212       1.375427037918334E-007
   7200030.60912152        11464646.4646465       8.012792929489802E-008
   7200030.60912152        11717171.7171717       4.532946288279317E-008
   7200030.60912152        11969696.9696970       2.488164874866427E-008
   7200030.60912152        12222222.2222222       1.324118827997383E-008
   7200030.60912152        12474747.4747475       6.825944368509185E-009
   7200030.60912152        12727272.7272727       3.405706730146736E-009
   7200030.60912152        12979797.9797980       1.643013819000976E-009
   7200030.60912152        13232323.2323232       7.655128005030433E-010
   7200030.60912152        13484848.4848485       3.438770568645232E-010
   7200030.60912152        13737373.7373737       1.484850741384411E-010
   7200030.60912152        13989898.9898990       6.122735009772497E-011
   7200030.60912152        14242424.2424242       2.370724464288168E-011
   7200030.60912152        14494949.4949495       8.178985376374762E-012
   7200030.60912152        14747474.7474747       1.975663702281244E-012
   7200030.60912152        15000000.0000000       0.000000000000000E+000
   7500000.00000000       -10000000.0000000       0.000000000000000E+000
   7500000.00000000       -9747474.74747475       4.662866579189757E-009
   7500000.00000000       -9494949.49494950       1.232689337405225E-008
   7500000.00000000       -9242424.24242424       2.458712659477557E-008
   7500000.00000000       -8989898.98989899       4.367261072222311E-008
   7500000.00000000       -8737373.73737374       7.259571100438854E-008
   7500000.00000000       -8484848.48484848       1.152867985439479E-007
   7500000.00000000       -8232323.23232323       1.766939059263208E-007
   7500000.00000000       -7979797.97979798       2.628218351183887E-007
   7500000.00000000       -7727272.72727273       3.806855614606567E-007
   7500000.00000000       -7474747.47474748       5.381579931527944E-007
   7500000.00000000       -7222222.22222222       7.437027911198058E-007
   7500000.00000000       -6969696.96969697       1.005998886419576E-006
   7500000.00000000       -6717171.71717172       1.333483414188854E-006
   7500000.00000000       -6464646.46464646       1.733861817393784E-006
   7500000.00000000       -6212121.21212121       2.213654576499934E-006
   7500000.00000000       -5959595.95959596       2.777865002507906E-006
   7500000.00000000       -5707070.70707071       3.429856360122881E-006
   7500000.00000000       -5454545.45454546       4.171513263073258E-006
   7500000.00000000       -5202020.20202020       5.003726736145632E-006
   7500000.00000000       -4949494.94949495       5.927183663231278E-006
   7500000.00000000       -4696969.69696970       6.943367401672384E-006
   7500000.00000000       -4444444.44444444       8.055606479834811E-006
   7500000.00000000       -4191919.19191919       9.269967850155870E-006
   7500000.00000000       -3939393.93939394       1.059579549393041E-005
   7500000.00000000       -3686868.68686869       1.204573644699729E-005
   7500000.00000000       -3434343.43434343       1.363515617267472E-005
   7500000.00000000       -3181818.18181818       1.538092646962027E-005
   7500000.00000000       -2929292.92929293       1.729969442238571E-005
   7500000.00000000       -2676767.67676768       1.940589762598997E-005
   7500000.00000000       -2424242.42424242       2.170989815583727E-005
   7500000.00000000       -2171717.17171717       2.421657537180830E-005
   7500000.00000000       -1919191.91919192       2.692453435095921E-005
   7500000.00000000       -1666666.66666667       2.982582885394713E-005
   7500000.00000000       -1414141.41414141       3.290586518031270E-005
   7500000.00000000       -1161616.16161616       3.614302997828440E-005
   7500000.00000000       -909090.909090910       3.950766300697587E-005
   7500000.00000000       -656565.656565657       4.296038157880408E-005
   7500000.00000000       -404040.404040404       4.645046145959273E-005
   7500000.00000000       -151515.151515152       4.991570510656186E-005
   7500000.00000000        101010.101010101       5.328541120598223E-005
   7500000.00000000        353535.353535354       5.648721430617289E-005
   7500000.00000000        606060.606060605       5.945680316895706E-005
   7500000.00000000        858585.858585859       6.214770834248959E-005
   7500000.00000000        1111111.11111111       6.453760925572914E-005
   7500000.00000000        1363636.36363636       6.662859246095118E-005
   7500000.00000000        1616161.61616162       6.844114067376541E-005
   7500000.00000000        1868686.86868687       7.000412777580299E-005
   7500000.00000000        2121212.12121212       7.134438196960296E-005
   7500000.00000000        2373737.37373737       7.247884431591477E-005
   7500000.00000000        2626262.62626263       7.341052686016632E-005
   7500000.00000000        2878787.87878788       7.412761318673938E-005
   7500000.00000000        3131313.13131313       7.460417537547209E-005
   7500000.00000000        3383838.38383838       7.480129528795445E-005
   7500000.00000000        3636363.63636364       7.466836694133959E-005
   7500000.00000000        3888888.88888889       7.414535754135334E-005
   7500000.00000000        4141414.14141414       7.316731894348109E-005
   7500000.00000000        4393939.39393939       7.167210974500536E-005
   7500000.00000000        4646464.64646465       6.961093987691560E-005
   7500000.00000000        4898989.89898990       6.695941817900190E-005
   7500000.00000000        5151515.15151515       6.372558294275097E-005
   7500000.00000000        5404040.40404040       5.995225591898040E-005
   7500000.00000000        5656565.65656566       5.571366029897409E-005
   7500000.00000000        5909090.90909091       5.110848122273045E-005
   7500000.00000000        6161616.16161616       4.625181319100001E-005
   7500000.00000000        6414141.41414141       4.126728482084446E-005
   7500000.00000000        6666666.66666667       3.627962647746392E-005
   7500000.00000000        6919191.91919192       3.140772102532471E-005
   7500000.00000000        7171717.17171717       2.675838865092487E-005
   7500000.00000000        7424242.42424243       2.242131194828671E-005
   7500000.00000000        7676767.67676768       1.846546378673927E-005
   7500000.00000000        7929292.92929293       1.493723989085157E-005
   7500000.00000000        8181818.18181818       1.186031618136118E-005
   7500000.00000000        8434343.43434343       9.237089694910636E-006
   7500000.00000000        8686868.68686869       7.051430835309747E-006
   7500000.00000000        8939393.93939394       5.272377935880883E-006
   7500000.00000000        9191919.19191919       3.858349803888873E-006
   7500000.00000000        9444444.44444444       2.761444930024958E-006
   7500000.00000000        9696969.69696970       1.931438500279781E-006
   7500000.00000000        9949494.94949495       1.319172938907202E-006
   7500000.00000000        10202020.2020202       8.791495635991770E-007
   7500000.00000000        10454545.4545455       5.712489927733199E-007
   7500000.00000000        10707070.7070707       3.616173570738638E-007
   7500000.00000000        10959595.9595960       2.228394195344045E-007
   7500000.00000000        11212121.2121212       1.335703223831143E-007
   7500000.00000000        11464646.4646465       7.781402879652447E-008
   7500000.00000000        11717171.7171717       4.402392785179883E-008
   7500000.00000000        11969696.9696970       2.416868666967559E-008
   7500000.00000000        12222222.2222222       1.286461192958553E-008
   7500000.00000000        12474747.4747475       6.633720309953577E-009
   7500000.00000000        12727272.7272727       3.310960847127405E-009
   7500000.00000000        12979797.9797980       1.597965580556808E-009
   7500000.00000000        13232323.2323232       7.448786808696265E-010
   7500000.00000000        13484848.4848485       3.347908860279609E-010
   7500000.00000000        13737373.7373737       1.446536607396061E-010
   7500000.00000000        13989898.9898990       5.969351772619304E-011
   7500000.00000000        14242424.2424242       2.313678086774397E-011
   7500000.00000000        14494949.4949495       7.994513832776364E-012
   7500000.00000000        14747474.7474747       1.938096115041511E-012
   7500000.00000000        15000000.0000000       0.000000000000000E+000
   7806091.21518212       -10000000.0000000       0.000000000000000E+000
   7806091.21518212       -9747474.74747475       4.123780034944768E-009
   7806091.21518212       -9494949.49494950       1.091164772149026E-008
   7806091.21518212       -9242424.24242424       2.179268135292695E-008
   7806091.21518212       -8989898.98989899       3.877331884586030E-008
   7806091.21518212       -8737373.73737374       6.457908467334184E-008
   7806091.21518212       -8484848.48484848       1.027866194077019E-007
   7806091.21518212       -8232323.23232323       1.579278759089703E-007
   7806091.21518212       -7979797.97979798       2.355432455494381E-007
   7806091.21518212       -7727272.72727273       3.421599507288410E-007
   7806091.21518212       -7474747.47474748       4.851758648577712E-007
   7806091.21518212       -7222222.22222222       6.726376765324633E-007
   7806091.21518212       -6969696.96969697       9.129160846082174E-007
   7806091.21518212       -6717171.71717172       1.214298714153168E-006
   7806091.21518212       -6464646.46464646       1.584541937401521E-006
   7806091.21518212       -6212121.21212121       2.030442994359076E-006
   7806091.21518212       -5959595.95959596       2.557509843981858E-006
   7806091.21518212       -5707070.70707071       3.169812974673618E-006
   7806091.21518212       -5454545.45454546       3.870094934658538E-006
   7806091.21518212       -5202020.20202020       4.660183662164006E-006
   7806091.21518212       -4949494.94949495       5.541701658280132E-006
   7806091.21518212       -4696969.69696970       6.516989127597508E-006
   7806091.21518212       -4444444.44444444       7.590082571058225E-006
   7806091.21518212       -4191919.19191919       8.767540078523754E-006
   7806091.21518212       -3939393.93939394       1.005890813746489E-005
   7806091.21518212       -3686868.68686869       1.147668517982553E-005
   7806091.21518212       -3434343.43434343       1.303572585928151E-005
   7806091.21518212       -3181818.18181818       1.475211569755094E-005
   7806091.21518212       -2929292.92929293       1.664162781181857E-005
   7806091.21518212       -2676767.67676768       1.871796565520775E-005
   7806091.21518212       -2424242.42424242       2.099107372662125E-005
   7806091.21518212       -2171717.17171717       2.346579771095485E-005
   7806091.21518212       -1919191.91919192       2.614105734930979E-005
   7806091.21518212       -1666666.66666667       2.900949131629386E-005
   7806091.21518212       -1414141.41414141       3.205732133591102E-005
   7806091.21518212       -1161616.16161616       3.526404489612503E-005
   7806091.21518212       -909090.909090910       3.860159052052951E-005
   7806091.21518212       -656565.656565657       4.203285931932277E-005
   7806091.21518212       -404040.404040404       4.551016706698119E-005
   7806091.21518212       -151515.151515152       4.897479408333719E-005
   7806091.21518212        101010.101010101       5.235916139299049E-005
   7806091.21518212        353535.353535354       5.559257973701328E-005
   7806091.21518212        606060.606060605       5.861001970102371E-005
   7806091.21518212        858585.858585859       6.136158514804291E-005
   7806091.21518212        1111111.11111111       6.381939301160920E-005
   7806091.21518212        1363636.36363636       6.597912670218584E-005
   7806091.21518212        1616161.61616162       6.785552261459085E-005
   7806091.21518212        1868686.86868687       6.947346207937296E-005
   7806091.21518212        2121212.12121212       7.085786470604318E-005
   7806091.21518212        2373737.37373737       7.202544599516971E-005
   7806091.21518212        2626262.62626263       7.297989622586950E-005
   7806091.21518212        2878787.87878788       7.371024372516957E-005
   7806091.21518212        3131313.13131313       7.419114408379245E-005
   7806091.21518212        3383838.38383838       7.438393915620733E-005
   7806091.21518212        3636363.63636364       7.423818117914195E-005
   7806091.21518212        3888888.88888889       7.369427076314670E-005
   7806091.21518212        4141414.14141414       7.268835376379897E-005
   7806091.21518212        4393939.39393939       7.116026458839716E-005
   7806091.21518212        4646464.64646465       6.906396738245177E-005
   7806091.21518212        4898989.89898990       6.637815396194556E-005
   7806091.21518212        5151515.15151515       6.311370327697895E-005
   7806091.21518212        5404040.40404040       5.931569943134452E-005
   7806091.21518212        5656565.65656566       5.506011142198294E-005
   7806091.21518212        5909090.90909091       5.044710828813914E-005
   7806091.21518212        6161616.16161616       4.559310871698162E-005
   7806091.21518212        6414141.41414141       4.062271989633257E-005
   7806091.21518212        6666666.66666667       3.566097598802883E-005
   7806091.21518212        6919191.91919192       3.082614548008567E-005
   7806091.21518212        7171717.17171717       2.622348672763213E-005
   7806091.21518212        7424242.42424243       2.194035190888729E-005
   7806091.21518212        7676767.67676768       1.804292165222143E-005
   7806091.21518212        7929292.92929293       1.457468107296735E-005
   7806091.21518212        8181818.18181818       1.155658738800618E-005
   7806091.21518212        8434343.43434343       8.988746527315847E-006
   7806091.21518212        8686868.68686869       6.853309593804345E-006
   7806091.21518212        8939393.93939394       5.118221158289735E-006
   7806091.21518212        9191919.19191919       3.741407928994275E-006
   7806091.21518212        9444444.44444444       2.674996221066307E-006
   7806091.21518212        9696969.69696970       1.869191847725294E-006
   7806091.21518212        9949494.94949495       1.275539962489969E-006
   7806091.21518212        10202020.2020202       8.493908954144493E-007
   7806091.21518212        10454545.4545455       5.515130238436138E-007
   7806091.21518212        10707070.7070707       3.488973882901205E-007
   7806091.21518212        10959595.9595960       2.148773855385977E-007
   7806091.21518212        11212121.2121212       1.287331344042244E-007
   7806091.21518212        11464646.4646465       7.496361919297338E-008
   7806091.21518212        11717171.7171717       4.239584775262586E-008
   7806091.21518212        11969696.9696970       2.326794263943656E-008
   7806091.21518212        12222222.2222222       1.238224297028606E-008
   7806091.21518212        12474747.4747475       6.383863044686190E-009
   7806091.21518212        12727272.7272727       3.185878383379748E-009
   7806091.21518212        12979797.9797980       1.537501712239837E-009
   7806091.21518212        13232323.2323232       7.166901666069551E-010
   7806091.21518212        13484848.4848485       3.221399733130916E-010
   7806091.21518212        13737373.7373737       1.392068007976662E-010
   7806091.21518212        13989898.9898990       5.746065402564312E-011
   7806091.21518212        14242424.2424242       2.228170056197523E-011
   7806091.21518212        14494949.4949495       7.705768007080036E-012
   7806091.21518212        14747474.7474747       1.872049528669708E-012
   7806091.21518212        15000000.0000000       0.000000000000000E+000
   8118304.25466789       -10000000.0000000       0.000000000000000E+000
   8118304.25466789       -9747474.74747475       3.606700281193088E-009
   8118304.25466789       -9494949.49494950       9.554192850383102E-009
   8118304.25466789       -9242424.24242424       1.911155434090664E-008
   8118304.25466789       -8989898.98989899       3.406990545417046E-008
   8118304.25466789       -8737373.73737374       5.687619101983400E-008
   8118304.25466789       -8484848.48484848       9.076177343568407E-008
   8118304.25466789       -8232323.23232323       1.398498978492345E-007
   8118304.25466789       -7979797.97979798       2.092210726031328E-007
   8118304.25466789       -7727272.72727273       3.049142997879006E-007
   8118304.25466789       -7474747.47474748       4.338446560370671E-007
   8118304.25466789       -7222222.22222222       6.036247197279287E-007
   8118304.25466789       -6969696.96969697       8.222890457299891E-007
   8118304.25466789       -6717171.71717172       1.097936839129133E-006
   8118304.25466789       -6464646.46464646       1.438326845997376E-006
   8118304.25466789       -6212121.21212121       1.850477957110315E-006
   8118304.25466789       -5959595.95959596       2.340345690052683E-006
   8118304.25466789       -5707070.70707071       2.912653896383278E-006
   8118304.25466789       -5454545.45454546       3.570956825584283E-006
   8118304.25466789       -5202020.20202020       4.317982638927706E-006
   8118304.25466789       -4949494.94949495       5.156260909007965E-006
   8118304.25466789       -4696969.69696970       6.088965226938162E-006
   8118304.25466789       -4444444.44444444       7.120822003626808E-006
   8118304.25466789       -4191919.19191919       8.258877477759724E-006
   8118304.25466789       -3939393.93939394       9.512911907514698E-006
   8118304.25466789       -3686868.68686869       1.089535773950073E-005
   8118304.25466789       -3434343.43434343       1.242068966304913E-005
   8118304.25466789       -3181818.18181818       1.410435507876407E-005
   8118304.25466789       -2929292.92929293       1.596137484482243E-005
   8118304.25466789       -2676767.67676768       1.800478417317944E-005
   8118304.25466789       -2424242.42424242       2.024412130646596E-005
   8118304.25466789       -2171717.17171717       2.268418051264950E-005
   8118304.25466789       -1919191.91919192       2.532417944375590E-005
   8118304.25466789       -1666666.66666667       2.815734264804672E-005
   8118304.25466789       -1414141.41414141       3.117072102412456E-005
   8118304.25466789       -1161616.16161616       3.434492460200803E-005
   8118304.25466789       -909090.909090910       3.765342799510718E-005
   8118304.25466789       -656565.656565657       4.106131307205819E-005
   8118304.25466789       -404040.404040404       4.452379937944866E-005
   8118304.25466789       -151515.151515152       4.798555411801124E-005
   8118304.25466789        101010.101010101       5.138217440967579E-005
   8118304.25466789        353535.353535354       5.464490469424051E-005
   8118304.25466789        606060.606060605       5.770842319495598E-005
   8118304.25466789        858585.858585859       6.051986771265156E-005
   8118304.25466789        1111111.11111111       6.304611404657148E-005
   8118304.25466789        1363636.36363636       6.527649666423863E-005
   8118304.25466789        1616161.61616162       6.721977486579849E-005
   8118304.25466789        1868686.86868687       6.889641778790131E-005
   8118304.25466789        2121212.12121212       7.032898244009409E-005
   8118304.25466789        2373737.37373737       7.153360541966820E-005
   8118304.25466789        2626262.62626263       7.251446507273329E-005
   8118304.25466789        2878787.87878788       7.326139347330467E-005
   8118304.25466789        3131313.13131313       7.374967978340559E-005
   8118304.25466789        3383838.38383838       7.394100136859379E-005
   8118304.25466789        3636363.63636364       7.378511471357584E-005
   8118304.25466789        3888888.88888889       7.322282573468911E-005
   8118304.25466789        4141414.14141414       7.219123458819007E-005
   8118304.25466789        4393939.39393939       7.063188150317268E-005
   8118304.25466789        4646464.64646465       6.850111633800134E-005
   8118304.25466789        4898989.89898990       6.578035857025482E-005
   8118304.25466789        5151515.15151515       6.248315734404988E-005
   8118304.25466789        5404040.40404040       5.865701338177840E-005
   8118304.25466789        5656565.65656566       5.438012513179736E-005
   8118304.25466789        5909090.90909091       4.975481377227458E-005
   8118304.25466789        6161616.16161616       4.489947400428169E-005
   8118304.25466789        6414141.41414141       3.994018000699488E-005
   8118304.25466789        6666666.66666667       3.500254399331743E-005
   8118304.25466789        6919191.91919192       3.020430075720114E-005
   8118304.25466789        7171717.17171717       2.564908274170833E-005
   8118304.25466789        7424242.42424243       2.142175172123904E-005
   8118304.25466789        7676767.67676768       1.758547947400777E-005
   8118304.25466789        7929292.92929293       1.418059715983940E-005
   8118304.25466789        8181818.18181818       1.122509628190022E-005
   8118304.25466789        8434343.43434343       8.716559168151000E-006
   8118304.25466789        8686868.68686869       6.635213657967748E-006
   8118304.25466789        8939393.93939394       4.947744969800661E-006
   8118304.25466789        9191919.19191919       3.611465939956464E-006
   8118304.25466789        9444444.44444444       2.578453792569705E-006
   8118304.25466789        9696969.69696970       1.799309950783118E-006
   8118304.25466789        9949494.94949495       1.226283049828478E-006
   8118304.25466789        10202020.2020202       8.156007905893026E-007
   8118304.25466789        10454545.4545455       5.289663163594583E-007
   8118304.25466789        10707070.7070707       3.342726263026935E-007
   8118304.25466789        10959595.9595960       2.056614693337512E-007
   8118304.25466789        11212121.2121212       1.230947239669704E-007
   8118304.25466789        11464646.4646465       7.161657660503513E-008
   8118304.25466789        11717171.7171717       4.046936939267985E-008
   8118304.25466789        11969696.9696970       2.219352997992936E-008
   8118304.25466789        12222222.2222222       1.180203997020269E-008
   8118304.25466789        12474747.4747475       6.080700338615452E-009
   8118304.25466789        12727272.7272727       3.032727476466902E-009
   8118304.25466789        12979797.9797980       1.462767069114674E-009
   8118304.25466789        13232323.2323232       6.815032835012788E-010
   8118304.25466789        13484848.4848485       3.061837605701981E-010
   8118304.25466789        13737373.7373737       1.322604567630476E-010
   8118304.25466789        13989898.9898990       5.457808818068942E-011
   8118304.25466789        14242424.2424242       2.116164857984491E-011
   8118304.25466789        14494949.4949495       7.319720177351782E-012
   8118304.25466789        14747474.7474747       1.779314790671946E-012
   8118304.25466789        15000000.0000000       0.000000000000000E+000
   8436639.11845730       -10000000.0000000       0.000000000000000E+000
   8436639.11845730       -9747474.74747475       3.118066110798077E-009
   8436639.11845730       -9494949.49494950       8.270958329374474E-009
   8436639.11845730       -9242424.24242424       1.657518656588143E-008
   8436639.11845730       -8989898.98989899       2.961568241795326E-008
   8436639.11845730       -8737373.73737374       4.957127214830305E-008
   8436639.11845730       -8484848.48484848       7.933899181516016E-008
   8436639.11845730       -8232323.23232323       1.226434233304671E-007
   8436639.11845730       -7979797.97979798       1.841123646410641E-007
   8436639.11845730       -7727272.72727273       2.692984723531798E-007
   8436639.11845730       -7474747.47474748       3.846279618326140E-007
   8436639.11845730       -7222222.22222222       5.372628281123352E-007
   8436639.11845730       -6969696.96969697       7.348727999912697E-007
   8436639.11845730       -6717171.71717172       9.853271749833754E-007
   8436639.11845730       -6464646.46464646       1.296333850470135E-006
   8436639.11845730       -6212121.21212121       1.675071397101377E-006
   8436639.11845730       -5959595.95959596       2.127876943995990E-006
   8436639.11845730       -5707070.70707071       2.660063674622750E-006
   8436639.11845730       -5454545.45454546       3.275941168811064E-006
   8436639.11845730       -5202020.20202020       3.979093025451779E-006
   8436639.11845730       -4949494.94949495       4.772923437627261E-006
   8436639.11845730       -4696969.69696970       5.661417143686707E-006
   8436639.11845730       -4444444.44444444       6.649976720440307E-006
   8436639.11845730       -4191919.19191919       7.746135565036884E-006
   8436639.11845730       -3939393.93939394       8.959932885767177E-006
   8436639.11845730       -3686868.68686869       1.030380323566240E-005
   8436639.11845730       -3434343.43434343       1.179195724605305E-005
   8436639.11845730       -3181818.18181818       1.343934851194964E-005
   8436639.11845730       -2929292.92929293       1.526037995823466E-005
   8436639.11845730       -2676767.67676768       1.726750802637443E-005
   8436639.11845730       -2424242.42424242       1.946989893186861E-005
   8436639.11845730       -2171717.17171717       2.187229091135329E-005
   8436639.11845730       -1919191.91919192       2.447418408526095E-005
   8436639.11845730       -1666666.66666667       2.726938321866235E-005
   8436639.11845730       -1414141.41414141       3.024577383971379E-005
   8436639.11845730       -1161616.16161616       3.338507574114055E-005
   8436639.11845730       -909090.909090910       3.666226860898442E-005
   8436639.11845730       -656565.656565657       4.004451718614993E-005
   8436639.11845730       -404040.404040404       4.348981019498122E-005
   8436639.11845730       -151515.151515152       4.694610243345796E-005
   8436639.11845730        101010.101010101       5.035220403543314E-005
   8436639.11845730        353535.353535354       5.364153746911868E-005
   8436639.11845730        606060.606060605       5.674892179438636E-005
   8436639.11845730        858585.858585859       5.961902672667301E-005
   8436639.11845730        1111111.11111111       6.221386864883854E-005
   8436639.11845730        1363636.36363636       6.451654903082194E-005
   8436639.11845730        1616161.61616162       6.652965769527677E-005
   8436639.11845730        1868686.86868687       6.826883259848463E-005
   8436639.11845730        2121212.12121212       6.975377987413547E-005
   8436639.11845730        2373737.37373737       7.099965113339773E-005
   8436639.11845730        2626262.62626263       7.201087089137205E-005
   8436639.11845730        2878787.87878788       7.277799557730107E-005
   8436639.11845730        3131313.13131313       7.327697436101095E-005
   8436639.11845730        3383838.38383838       7.346988046125562E-005
   8436639.11845730        3636363.63636364       7.330670601466351E-005
   8436639.11845730        3888888.88888889       7.272861630321678E-005
   8436639.11845730        4141414.14141414       7.167350934295702E-005
   8436639.11845730        4393939.39393939       7.008435905809337E-005
   8436639.11845730        4646464.64646465       6.791956260490411E-005
   8436639.11845730        4898989.89898990       6.516298233060959E-005
   8436639.11845730        5151515.15151515       6.183076227406086E-005
   8436639.11845730        5404040.40404040       5.797305573665223E-005
   8436639.11845730        5656565.65656566       5.367080658389584E-005
   8436639.11845730        5909090.90909091       4.902913157599345E-005
   8436639.11845730        6161616.16161616       4.416899251038039E-005
   8436639.11845730        6414141.41414141       3.921835106914639E-005
   8436639.11845730        6666666.66666667       3.430361464251387E-005
   8436639.11845730        6919191.91919192       2.954202321055838E-005
   8436639.11845730        7171717.17171717       2.503549064627300E-005
   8436639.11845730        7424242.42424243       2.086621020846908E-005
   8436639.11845730        7676767.67676768       1.709411905618751E-005
   8436639.11845730        7929292.92929293       1.375615016751695E-005
   8436639.11845730        8181818.18181818       1.086708894205334E-005
   8436639.11845730        8434343.43434343       8.421774380952501E-006
   8436639.11845730        8686868.68686869       6.398324100465751E-006
   8436639.11845730        8939393.93939394       4.762017397312809E-006
   8436639.11845730        9191919.19191919       3.469450339405583E-006
   8436639.11845730        9444444.44444444       2.472591074415973E-006
   8436639.11845730        9696969.69696970       1.722415357527380E-006
   8436639.11845730        9949494.94949495       1.171885993057466E-006
   8436639.11845730        10202020.2020202       7.781425149469248E-007
   8436639.11845730        10454545.4545455       5.038725450294996E-007
   8436639.11845730        10707070.7070707       3.179281183026243E-007
   8436639.11845730        10959595.9595960       1.953172391461836E-007
   8436639.11845730        11212121.2121212       1.167374695951996E-007
   8436639.11845730        11464646.4646465       6.782513984580408E-008
   8436639.11845730        11717171.7171717       3.827650307704989E-008
   8436639.11845730        11969696.9696970       2.096439595346275E-008
   8436639.11845730        12222222.2222222       1.113483173588453E-008
   8436639.11845730        12474747.4747475       5.730205070413183E-009
   8436639.11845730        12727272.7272727       2.854685837785523E-009
   8436639.11845730        12979797.9797980       1.375391239023583E-009
   8436639.11845730        13232323.2323232       6.401228010460311E-010
   8436639.11845730        13484848.4848485       2.873044154603618E-010
   8436639.11845730        13737373.7373737       1.239886516103441E-010
   8436639.11845730        13989898.9898990       5.112133505171774E-011
   8436639.11845730        14242424.2424242       1.980736613072983E-011
   8436639.11845730        14494949.4949495       6.847576444888982E-012
   8436639.11845730        14747474.7474747       1.662911067184760E-012
   8436639.11845730        15000000.0000000       0.000000000000000E+000
   8761095.80655035       -10000000.0000000       0.000000000000000E+000
   8761095.80655035       -9747474.74747475       2.663156658639237E-009
   8761095.80655035       -9494949.49494950       7.075451252435276E-009
   8761095.80655035       -9242424.24242424       1.420954045662775E-008
   8761095.80655035       -8989898.98989899       2.545493748823653E-008
   8761095.80655035       -8737373.73737374       4.273483847865180E-008
   8761095.80655035       -8484848.48484848       6.862529713377373E-008
   8761095.80655035       -8232323.23232323       1.064649586510329E-007
   8761095.80655035       -7979797.97979798       1.604389110492114E-007
   8761095.80655035       -7727272.72727273       2.356180909071089E-007
   8761095.80655035       -7474747.47474748       3.379361576178382E-007
   8761095.80655035       -7222222.22222222       4.740896636127179E-007
   8761095.80655035       -6969696.96969697       6.513552636110083E-007
   8761095.80655035       -6717171.71717172       8.773296794545450E-007
   8761095.80655035       -6464646.46464646       1.159613552155269E-006
   8761095.80655035       -6212121.21212121       1.505477705334495E-006
   8761095.80655035       -5959595.95959596       1.921567176518361E-006
   8761095.80655035       -5707070.70707071       2.413710758863187E-006
   8761095.80655035       -5454545.45454546       2.986906308283131E-006
   8761095.80655035       -5202020.20202020       3.645538024737977E-006
   8761095.80655035       -4949494.94949495       4.393844931386132E-006
   8761095.80655035       -4696969.69696970       5.236597691020725E-006
   8761095.80655035       -4444444.44444444       6.179862338554326E-006
   8761095.80655035       -4191919.19191919       7.231660020037690E-006
   8761095.80655035       -3939393.93939394       8.402310835026550E-006
   8761095.80655035       -3686868.68686869       9.704308707634902E-006
   8761095.80655035       -3434343.43434343       1.115170195359102E-005
   8761095.80655035       -3181818.18181818       1.275908713016511E-005
   8761095.80655035       -2929292.92929293       1.454039044805721E-005
   8761095.80655035       -2676767.67676768       1.650759903357441E-005
   8761095.80655035       -2424242.42424242       1.866956484760292E-005
   8761095.80655035       -2171717.17171717       2.103098231764438E-005
   8761095.80655035       -1919191.91919192       2.359162411693795E-005
   8761095.80655035       -1666666.66666667       2.634586582732672E-005
   8761095.80655035       -1414141.41414141       2.928242585614854E-005
   8761095.80655035       -1161616.16161616       3.238412634205712E-005
   8761095.80655035       -909090.909090910       3.562741219168479E-005
   8761095.80655035       -656565.656565657       3.898143822088965E-005
   8761095.80655035       -404040.404040404       4.240682968260495E-005
   8761095.80655035       -151515.151515152       4.585472079377469E-005
   8761095.80655035        101010.101010101       4.926715135682345E-005
   8761095.80655035        353535.353535354       5.257994612740738E-005
   8761095.80655035        606060.606060605       5.572849747603341E-005
   8761095.80655035        858585.858585859       5.865553770454577E-005
   8761095.80655035        1111111.11111111       6.131866882451359E-005
   8761095.80655035        1363636.36363636       6.369494816632185E-005
   8761095.80655035        1616161.61616162       6.578065755903458E-005
   8761095.80655035        1868686.86868687       6.758619901139157E-005
   8761095.80655035        2121212.12121212       6.912791184935650E-005
   8761095.80655035        2373737.37373737       7.041950220704878E-005
   8761095.80655035        2626262.62626263       7.146533961661885E-005
   8761095.80655035        2878787.87878788       7.225657785516020E-005
   8761095.80655035        3131313.13131313       7.276982152388751E-005
   8761095.80655035        3383838.38383838       7.296758109614362E-005
   8761095.80655035        3636363.63636364       7.280010143132610E-005
   8761095.80655035        3888888.88888889       7.220884765091166E-005
   8761095.80655035        4141414.14141414       7.113235019302959E-005
   8761095.80655035        4393939.39393939       6.951475184069738E-005
   8761095.80655035        4646464.64646465       6.731619559751265E-005
   8761095.80655035        4898989.89898990       6.452277106789842E-005
   8761095.80655035        5151515.15151515       6.115322478858681E-005
   8761095.80655035        5404040.40404040       5.726066181353486E-005
   8761095.80655035        5656565.65656566       5.292930517518166E-005
   8761095.80655035        5909090.90909091       4.826768260405508E-005
   8761095.80655035        6161616.16161616       4.339986015085326E-005
   8761095.80655035        6414141.41414141       3.845604957242880E-005
   8761095.80655035        6666666.66666667       3.356362049322039E-005
   8761095.80655035        6919191.91919192       2.883931740272127E-005
   8761095.80655035        7171717.17171717       2.438321302554968E-005
   8761095.80655035        7424242.42424243       2.027463301471334E-005
   8761095.80655035        7676767.67676768       1.657004219393071E-005
   8761095.80655035        7929292.92929293       1.330272834190926E-005
   8761095.80655035        8181818.18181818       1.048403618874033E-005
   8761095.80655035        8434343.43434343       8.105854695702933E-006
   8761095.80655035        8686868.68686869       6.144022351014829E-006
   8761095.80655035        8939393.93939394       4.562286561664968E-006
   8761095.80655035        9191919.19191919       3.316444433820166E-006
   8761095.80655035        9444444.44444444       2.358313803547221E-006
   8761095.80655035        9696969.69696970       1.639238834441548E-006
   8761095.80655035        9949494.94949495       1.112918398831923E-006
   8761095.80655035        10202020.2020202       7.374453046774939E-007
   8761095.80655035        10454545.4545455       4.765445432115062E-007
   8761095.80655035        10707070.7070707       3.000844095417018E-007
   8761095.80655035        10959595.9595960       1.839950955275753E-007
   8761095.80655035        11212121.2121212       1.097605712222709E-007
   8761095.80655035        11464646.4646465       6.365257678367869E-008
   8761095.80655035        11717171.7171717       3.585625466446549E-008
   8761095.80655035        11969696.9696970       1.960377796025311E-008
   8761095.80655035        12222222.2222222       1.039398936204786E-008
   8761095.80655035        12474747.4747475       5.339804911688103E-009
   8761095.80655035        12727272.7272727       2.655734503753899E-009
   8761095.80655035        12979797.9797980       1.277431509602565E-009
   8761095.80655035        13232323.2323232       5.935728166503563E-010
   8761095.80655035        13484848.4848485       2.659922720503867E-010
   8761095.80655035        13737373.7373737       1.146165709698621E-010
   8761095.80655035        13989898.9898990       4.718898504074596E-011
   8761095.80655035        14242424.2424242       1.825937578528040E-011
   8761095.80655035        14494949.4949495       6.304277492136507E-012
   8761095.80655035        14747474.7474747       1.526942456866778E-012
   8761095.80655035        15000000.0000000       0.000000000000000E+000
   9091674.31894705       -10000000.0000000       0.000000000000000E+000
   9091674.31894705       -9747474.74747475       2.245977299906881E-009
   9091674.31894705       -9494949.49494950       5.977964091036519E-009
   9091674.31894705       -9242424.24242424       1.203453676006889E-008
   9091674.31894705       -8989898.98989899       2.162196902478512E-008
   9091674.31894705       -8737373.73737374       3.642212152451936E-008
   9091674.31894705       -8484848.48484848       5.870563581741878E-008
   9091674.31894705       -8232323.23232323       9.144057178129959E-008
   9091674.31894705       -7979797.97979798       1.383822478541630E-007
   9091674.31894705       -7727272.72727273       2.041275972945547E-007
   9091674.31894705       -7474747.47474748       2.941170154227536E-007
   9091674.31894705       -7222222.22222222       4.145692838796917E-007
   9091674.31894705       -6969696.96969697       5.723413770308987E-007
   9091674.31894705       -6717171.71717172       7.747150389339143E-007
   9091674.31894705       -6464646.46464646       1.029125649481891E-006
   9091674.31894705       -6212121.21212121       1.342864986531476E-006
   9091674.31894705       -5959595.95959596       1.722805916791527E-006
   9091674.31894705       -5707070.70707071       2.175210336121992E-006
   9091674.31894705       -5454545.45454546       2.705686722801093E-006
   9091674.31894705       -5202020.20202020       3.319353866950621E-006
   9091674.31894705       -4949494.94949495       4.021235923305751E-006
   9091674.31894705       -4696969.69696970       4.816857534563181E-006
   9091674.31894705       -4444444.44444444       5.712932760619709E-006
   9091674.31894705       -4191919.19191919       6.717970675253651E-006
   9091674.31894705       -3939393.93939394       7.842591907857408E-006
   9091674.31894705       -3686868.68686869       9.099398978432305E-006
   9091674.31894705       -3434343.43434343       1.050236693160334E-005
   9091674.31894705       -3181818.18181818       1.206586213745053E-005
   9091674.31894705       -2929292.92929293       1.380347690296776E-005
   9091674.31894705       -2676767.67676768       1.572685392252631E-005
   9091674.31894705       -2424242.42424242       1.784461141493149E-005
   9091674.31894705       -2171717.17171717       2.016143200171876E-005
   9091674.31894705       -1919191.91919192       2.267736095737023E-005
   9091674.31894705       -1666666.66666667       2.538733516824432E-005
   9091674.31894705       -1414141.41414141       2.828089877103033E-005
   9091674.31894705       -1161616.16161616       3.134196441598340E-005
   9091674.31894705       -909090.909090910       3.454840310895056E-005
   9091674.31894705       -656565.656565657       3.787127193897358E-005
   9091674.31894705       -404040.404040404       4.127370257795933E-005
   9091674.31894705       -151515.151515152       4.470989172766608E-005
   9091674.31894705        101010.101010101       4.812510271591670E-005
   9091674.31894705        353535.353535354       5.145776005275205E-005
   9091674.31894705        606060.606060605       5.464425174518403E-005
   9091674.31894705        858585.858585859       5.762592866137397E-005
   9091674.31894705        1111111.11111111       6.035648683249414E-005
   9091674.31894705        1363636.36363636       6.280721086394270E-005
   9091674.31894705        1616161.61616162       6.496800633358096E-005
   9091674.31894705        1868686.86868687       6.684366535428034E-005
   9091674.31894705        2121212.12121212       6.844662721562808E-005
   9091674.31894705        2373737.37373737       6.978863887848660E-005
   9091674.31894705        2626262.62626263       7.087364811033954E-005
   9091674.31894705        2878787.87878788       7.169322180099835E-005
   9091674.31894705        3131313.13131313       7.222457590131746E-005
   9091674.31894705        3383838.38383838       7.243067583262091E-005
   9091674.31894705        3636363.63636364       7.226202164312618E-005
   9091674.31894705        3888888.88888889       7.166030908010036E-005
   9091674.31894705        4141414.14141414       7.056453351912959E-005
   9091674.31894705        4393939.39393939       6.891975660107802E-005
   9091674.31894705        4646464.64646465       6.668760665345893E-005
   9091674.31894705        4898989.89898990       6.385625022544274E-005
   9091674.31894705        5151515.15151515       6.044711468758666E-005
   9091674.31894705        5404040.40404040       5.651660449516607E-005
   9091674.31894705        5656565.65656566       5.215276438926803E-005
   9091674.31894705        5909090.90909091       4.746812105165188E-005
   9091674.31894705        6161616.16161616       4.259033515045121E-005
   9091674.31894705        6414141.41414141       3.765218062748423E-005
   9091674.31894705        6666666.66666667       3.278211017298291E-005
   9091674.31894705        6919191.91919192       2.809633238148112E-005
   9091674.31894705        7171717.17171717       2.369292378762368E-005
   9091674.31894705        7424242.42424243       1.964811928058701E-005
   9091674.31894705        7676767.67676768       1.601465922828538E-005
   9091674.31894705        7929292.92929293       1.282193507010228E-005
   9091674.31894705        8181818.18181818       1.007762196145674E-005
   9091674.31894705        8434343.43434343       7.770465933078673E-006
   9091674.31894705        8686868.68686869       5.873876989016748E-006
   9091674.31894705        8939393.93939394       4.349967148586946E-006
   9091674.31894705        9191919.19191919       3.153675026525817E-006
   9091674.31894705        9444444.44444444       2.236647484538453E-006
   9091674.31894705        9696969.69696970       1.550608045697118E-006
   9091674.31894705        9949494.94949495       1.050025888080189E-006
   9091674.31894705        10202020.2020202       6.939962228358742E-007
   9091674.31894705        10454545.4545455       4.473378015123073E-007
   9091674.31894705        10707070.7070707       2.809925526398571E-007
   9091674.31894705        10959595.9595960       1.718665855812815E-007
   9091674.31894705        11212121.2121212       1.022774302617759E-007
   9091674.31894705        11464646.4646465       5.917139144694796E-008
   9091674.31894705        11717171.7171717       3.325344421943243E-008
   9091674.31894705        11969696.9696970       1.813845405743692E-008
   9091674.31894705        12222222.2222222       9.594968447068791E-009
   9091674.31894705        12474747.4747475       4.918113177371741E-009
   9091674.31894705        12727272.7272727       2.440505562155476E-009
   9091674.31894705        12979797.9797980       1.171290006877760E-009
   9091674.31894705        13232323.2323232       5.430534190518261E-010
   9091674.31894705        13484848.4848485       2.428240756744754E-010
   9091674.31894705        13737373.7373737       1.044101079798886E-010
   9091674.31894705        13989898.9898990       4.289792234106182E-011
   9091674.31894705        14242424.2424242       1.656593090160403E-011
   9091674.31894705        14494949.4949495       5.707708795513803E-012
   9091674.31894705        14747474.7474747       1.376366830835818E-012
   9091674.31894705        15000000.0000000       0.000000000000000E+000
   9428374.65564738       -10000000.0000000       0.000000000000000E+000
   9428374.65564738       -9747474.74747475       1.869204991474152E-009
   9428374.65564738       -9494949.49494950       4.985429703773965E-009
   9428374.65564738       -9242424.24242424       1.006376125976817E-008
   9428374.65564738       -8989898.98989899       1.814055394539057E-008
   9428374.65564738       -8737373.73737374       3.067216735971563E-008
   9428374.65564738       -8484848.48484848       4.964140193624136E-008
   9428374.65564738       -8232323.23232323       7.766357788496850E-008
   9428374.65564738       -7979797.97979798       1.180801518193148E-007
   9428374.65564738       -7727272.72727273       1.750251130339082E-007
   9428374.65564738       -7474747.47474748       2.534484043466051E-007
   9428374.65564738       -7222222.22222222       3.590820919446485E-007
   9428374.65564738       -6969696.96969697       4.983396827698602E-007
   9428374.65564738       -6717171.71717172       6.781472733518114E-007
   9428374.65564738       -6464646.46464646       9.057170525820837E-007
   9428374.65564738       -6212121.21212121       1.188288327124736E-006
   9428374.65564738       -5959595.95959596       1.532876973217722E-006
   9428374.65564738       -5707070.70707071       1.946087984868511E-006
   9428374.65564738       -5454545.45454546       2.434052843540437E-006
   9428374.65564738       -5202020.20202020       3.002547366937162E-006
   9428374.65564738       -4949494.94949495       3.657319532728339E-006
   9428374.65564738       -4696969.69696970       4.404606259273803E-006
   9428374.65564738       -4444444.44444444       5.251747754383943E-006
   9428374.65564738       -4191919.19191919       6.207737809394681E-006
   9428374.65564738       -3939393.93939394       7.283514142548473E-006
   9428374.65564738       -3686868.68686869       8.491830488669725E-006
   9428374.65564738       -3434343.43434343       9.846666419033237E-006
   9428374.65564738       -3181818.18181818       1.136227371769736E-005
   9428374.65564738       -2929292.92929293       1.305205059257608E-005
   9428374.65564738       -2676767.67676768       1.492743047011445E-005
   9428374.65564738       -2424242.42424242       1.699689883139964E-005
   9428374.65564738       -2171717.17171717       1.926518009502822E-005
   9428374.65564738       -1919191.91919192       2.173260645305079E-005
   9428374.65564738       -1666666.66666667       2.439467075237305E-005
   9428374.65564738       -1414141.41414141       2.724173294357244E-005
   9428374.65564738       -1161616.16161616       3.025878071237508E-005
   9428374.65564738       -909090.909090910       3.342507251546713E-005
   9428374.65564738       -656565.656565657       3.671348483015557E-005
   9428374.65564738       -404040.404040404       4.008952895040382E-005
   9428374.65564738       -151515.151515152       4.351033923134521E-005
   9428374.65564738        101010.101010101       4.692437212089019E-005
   9428374.65564738        353535.353535354       5.027281644445269E-005
   9428374.65564738        606060.606060605       5.349345769169926E-005
   9428374.65564738        858585.858585859       5.652683645710719E-005
   9428374.65564738        1111111.11111111       5.932331097021593E-005
   9428374.65564738        1363636.36363636       6.184875418911850E-005
   9428374.65564738        1616161.61616162       6.408671387269831E-005
   9428374.65564738        1868686.86868687       6.603604848486417E-005
   9428374.65564738        2121212.12121212       6.770476132900853E-005
   9428374.65564738        2373737.37373737       6.910207827147965E-005
   9428374.65564738        2626262.62626263       7.023108854453791E-005
   9428374.65564738        2878787.87878788       7.108352116588943E-005
   9428374.65564738        3131313.13131313       7.163711027064553E-005
   9428374.65564738        3383838.38383838       7.185526412609767E-005
   9428374.65564738        3636363.63636364       7.168872452318745E-005
   9428374.65564738        3888888.88888889       7.107934199125183E-005
   9428374.65564738        4141414.14141414       6.996641312347365E-005
   9428374.65564738        4393939.39393939       6.829568895825539E-005
   9428374.65564738        4646464.64646465       6.603006530477482E-005
   9428374.65564738        4898989.89898990       6.315969555995104E-005
   9428374.65564738        5151515.15151515       5.970882619727408E-005
   9428374.65564738        5404040.40404040       5.573754641085014E-005
   9428374.65564738        5656565.65656566       5.133826931044100E-005
   9428374.65564738        5909090.90909091       4.662808378453704E-005
   9428374.65564738        6161616.16161616       4.173869479470339E-005
   9428374.65564738        6414141.41414141       3.680570478926243E-005
   9428374.65564738        6666666.66666667       3.195872515797727E-005
   9428374.65564738        6919191.91919192       2.731334645446132E-005
   9428374.65564738        7171717.17171717       2.296545821844400E-005
   9428374.65564738        7424242.42424243       1.898795429435050E-005
   9428374.65564738        7676767.67676768       1.542958210095583E-005
   9428374.65564738        7929292.92929293       1.231558083476724E-005
   9428374.65564738        8181818.18181818       9.649733389543199E-006
   9428374.65564738        8434343.43434343       7.417465248355627E-006
   9428374.65564738        8686868.68686869       5.589630110151296E-006
   9428374.65564738        8939393.93939394       4.126625759801095E-006
   9428374.65564738        9191919.19191919       2.982497547620947E-006
   9428374.65564738        9444444.44444444       2.108723070720513E-006
   9428374.65564738        9696969.69696970       1.457434423636465E-006
   9428374.65564738        9949494.94949495       9.839185963654495E-007
   9428374.65564738        10202020.2020202       6.483305152270853E-007
   9428374.65564738        10454545.4545455       4.166427093907043E-007
   9428374.65564738        10707070.7070707       2.609281125166648E-007
   9428374.65564738        10959595.9595960       1.591199490076113E-007
   9428374.65564738        11212121.2121212       9.441246603478635E-008
   9428374.65564738        11464646.4646465       5.446113380912687E-008
   9428374.65564738        11717171.7171717       3.051725535359445E-008
   9428374.65564738        11969696.9696970       1.659781786223393E-008
   9428374.65564738        12222222.2222222       8.754741113839885E-009
   9428374.65564738        12474747.4747475       4.474593143693669E-009
   9428374.65564738        12727272.7272727       2.214091234774960E-009
   9428374.65564738        12979797.9797980       1.059609251927915E-009
   9428374.65564738        13232323.2323232       4.898857716516246E-010
   9428374.65564738        13484848.4848485       2.184352669208330E-010
   9428374.65564738        13737373.7373737       9.366247280388724E-011
   9428374.65564738        13989898.9898990       3.837716886582331E-011
   9428374.65564738        14242424.2424242       1.478036235057674E-011
   9428374.65564738        14494949.4949495       5.077673524511314E-012
   9428374.65564738        14747474.7474747       1.216693204989042E-012
   9428374.65564738        15000000.0000000       0.000000000000000E+000
   9771196.81665136       -10000000.0000000       0.000000000000000E+000
   9771196.81665136       -9747474.74747475       1.534194440202573E-009
   9771196.81665136       -9494949.49494950       4.101427505020807E-009
   9771196.81665136       -9242424.24242424       8.304450301458098E-009
   9771196.81665136       -8989898.98989899       1.502386679695206E-008
   9771196.81665136       -8737373.73737374       2.550760369066207E-008
   9771196.81665136       -8484848.48484848       4.146990912635250E-008
   9771196.81665136       -8232323.23232323       6.519349571495354E-008
   9771196.81665136       -7979797.97979798       9.962476520280491E-008
   9771196.81665136       -7727272.72727273       1.484493072199951E-007
   9771196.81665136       -7474747.47474748       2.161333639108215E-007
   9771196.81665136       -7222222.22222222       3.079174763453630E-007
   9771196.81665136       -6969696.96969697       4.297518228288985E-007
   9771196.81665136       -6717171.71717172       5.881693609986770E-007
   9771196.81665136       -6464646.46464646       7.901029548764972E-007
   9771196.81665136       -6212121.21212121       1.042665767889044E-006
   9771196.81665136       -5959595.95959596       1.352928996481682E-006
   9771196.81665136       -5707070.70707071       1.727744871557137E-006
   9771196.81665136       -5454545.45454546       2.173671427667302E-006
   9771196.81665136       -5202020.20202020       2.697052694161622E-006
   9771196.81665136       -4949494.94949495       3.304286679113569E-006
   9771196.81665136       -4696969.69696970       4.002268886263454E-006
   9771196.81665136       -4444444.44444444       4.798934046512532E-006
   9771196.81665136       -4191919.19191919       5.703750669981426E-006
   9771196.81665136       -3939393.93939394       6.727984957863565E-006
   9771196.81665136       -3686868.68686869       7.884577825274893E-006
   9771196.81665136       -3434343.43434343       9.187580778762566E-006
   9771196.81665136       -3181818.18181818       1.065123461808588E-005
   9771196.81665136       -2929292.92929293       1.228887643936838E-005
   9771196.81665136       -2676767.67676768       1.411187048074363E-005
   9771196.81665136       -2424242.42424242       1.612868741170600E-005
   9771196.81665136       -2171717.17171717       1.834416904616264E-005
   9771196.81665136       -1919191.91919192       2.075896681705050E-005
   9771196.81665136       -1666666.66666667       2.336913305194303E-005
   9771196.81665136       -1414141.41414141       2.616583433522139E-005
   9771196.81665136       -1161616.16161616       2.913511578497784E-005
   9771196.81665136       -909090.909090910       3.225758521561411E-005
   9771196.81665136       -656565.656565657       3.550786047381390E-005
   9771196.81665136       -404040.404040404       3.885370989992940E-005
   9771196.81665136       -151515.151515152       4.225507429129688E-005
   9771196.81665136        101010.101010101       4.566354832080781E-005
   9771196.81665136        353535.353535354       4.902321174279047E-005
   9771196.81665136        606060.606060605       5.227361822580441E-005
   9771196.81665136        858585.858585859       5.535507178438205E-005
   9771196.81665136        1111111.11111111       5.821521319604481E-005
   9771196.81665136        1363636.36363636       6.081495797681822E-005
   9771196.81665136        1616161.61616162       6.313161647176954E-005
   9771196.81665136        1868686.86868687       6.515786146169247E-005
   9771196.81665136        2121212.12121212       6.689674062539838E-005
   9771196.81665136        2373737.37373737       6.835435826239217E-005
   9771196.81665136        2626262.62626263       6.953243703857749E-005
   9771196.81665136        2878787.87878788       7.042254166828772E-005
   9771196.81665136        3131313.13131313       7.100277175652480E-005
   9771196.81665136        3383838.38383838       7.123692886856042E-005
   9771196.81665136        3636363.63636364       7.107596437809471E-005
   9771196.81665136        3888888.88888889       7.046180288697384E-005
   9771196.81665136        4141414.14141414       6.933388668426629E-005
   9771196.81665136        4393939.39393939       6.763845134326266E-005
   9771196.81665136        4646464.64646465       6.533948529174961E-005
   9771196.81665136        4898989.89898990       6.242909368898206E-005
   9771196.81665136        5151515.15151515       5.893453160382199E-005
   9771196.81665136        5404040.40404040       5.491998882168949E-005
   9771196.81665136        5656565.65656566       5.048279591227841E-005
   9771196.81665136        5909090.90909091       4.574514575345733E-005
   9771196.81665136        6161616.16161616       4.084320088239310E-005
   9771196.81665136        6414141.41414141       3.591561466995191E-005
   9771196.81665136        6666666.66666667       3.109318626977083E-005
   9771196.81665136        6919191.91919192       2.649076088359595E-005
   9771196.81665136        7171717.17171717       2.220181073417968E-005
   9771196.81665136        7424242.42424243       1.829560838916193E-005
   9771196.81665136        7676767.67676768       1.481662211018548E-005
   9771196.81665136        7929292.92929293       1.178567834824671E-005
   9771196.81665136        8181818.18181818       9.202452645295763E-006
   9771196.81665136        8434343.43434343       7.048889763718185E-006
   9771196.81665136        8686868.68686869       5.293183340342832E-006
   9771196.81665136        8939393.93939394       3.893965241762801E-006
   9771196.81665136        9191919.19191919       2.804379752119930E-006
   9771196.81665136        9444444.44444444       1.975761030742125E-006
   9771196.81665136        9696969.69696970       1.360698420845860E-006
   9771196.81665136        9949494.94949495       9.153581779994691E-007
   9771196.81665136        10202020.2020202       6.010206676267185E-007
   9771196.81665136        10454545.4545455       3.848757281618537E-007
   9771196.81665136        10707070.7070707       2.401843328264461E-007
   9771196.81665136        10959595.9595960       1.459550344069688E-007
   9771196.81665136        11212121.2121212       8.629747842379404E-008
   9771196.81665136        11464646.4646465       4.960589537535367E-008
   9771196.81665136        11717171.7171717       2.769957530716732E-008
   9771196.81665136        11969696.9696970       1.501281932384989E-008
   9771196.81665136        12222222.2222222       7.891145265484563E-009
   9771196.81665136        12474747.4747475       4.019173203142890E-009
   9771196.81665136        12727272.7272727       1.981824853825438E-009
   9771196.81665136        12979797.9797980       9.451522604417220E-010
   9771196.81665136        13232323.2323232       4.354490252732435E-010
   9771196.81665136        13484848.4848485       1.934881204689547E-010
   9771196.81665136        13737373.7373737       8.267878947557835E-011
   9771196.81665136        13989898.9898990       3.376079851043353E-011
   9771196.81665136        14242424.2424242       1.295802271642631E-011
   9771196.81665136        14494949.4949495       4.434708803939854E-012
   9771196.81665136        14747474.7474747       1.053632502650354E-012
   9771196.81665136        15000000.0000000       0.000000000000000E+000
   10120140.8019590       -10000000.0000000       0.000000000000000E+000
   10120140.8019590       -9747474.74747475       1.241042772675341E-009
   10120140.8019590       -9494949.49494950       3.326335780261157E-009
   10120140.8019590       -9242424.24242424       6.757747973668579E-009
   10120140.8019590       -8989898.98989899       1.227484275200796E-008
   10120140.8019590       -8737373.73737374       2.093507771052315E-008
   10120140.8019590       -8484848.48484848       3.420481974818476E-008
   10120140.8019590       -8232323.23232323       5.405630737167621E-008
   10120140.8019590       -7979797.97979798       8.306242254233491E-008
   10120140.8019590       -7727272.72727273       1.244784013400824E-007
   10120140.8019590       -7474747.47474748       1.822977587470139E-007
   10120140.8019590       -7222222.22222222       2.612694496407927E-007
   10120140.8019590       -6969696.96969697       3.668653790046627E-007
   10120140.8019590       -6717171.71717172       5.051924287786917E-007
   10120140.8019590       -6464646.46464646       6.828515224612569E-007
   10120140.8019590       -6212121.21212121       9.067577354224877E-007
   10120140.8019590       -5959595.95959596       1.183949099690728E-006
   10120140.8019590       -5707070.70707071       1.521425333679968E-006
   10120140.8019590       -5454545.45454546       1.926067346908680E-006
   10120140.8019590       -5202020.20202020       2.404688237795707E-006
   10120140.8019590       -4949494.94949495       2.964249681232090E-006
   10120140.8019590       -4696969.69696970       3.612238717548781E-006
   10120140.8019590       -4444444.44444444       4.357140581659396E-006
   10120140.8019590       -4191919.19191919       5.208878367139778E-006
   10120140.8019590       -3939393.93939394       6.179050090290414E-006
   10120140.8019590       -3686868.68686869       7.280811768916332E-006
   10120140.8019590       -3434343.43434343       8.528343763869188E-006
   10120140.8019590       -3181818.18181818       9.935966827535641E-006
   10120140.8019590       -2929292.92929293       1.151707997668123E-005
   10120140.8019590       -2676767.67676768       1.328311796954393E-005
   10120140.8019590       -2424242.42424242       1.524266684805021E-005
   10120140.8019590       -2171717.17171717       1.740078219580246E-005
   10120140.8019590       -1919191.91919192       1.975848772402002E-005
   10120140.8019590       -1666666.66666667       2.231241236552577E-005
   10120140.8019590       -1414141.41414141       2.505452518657166E-005
   10120140.8019590       -1161616.16161616       2.797191141449528E-005
   10120140.8019590       -909090.909090910       3.104649130566998E-005
   10120140.8019590       -656565.656565657       3.425455100825457E-005
   10120140.8019590       -404040.404040404       3.756599853048953E-005
   10120140.8019590       -151515.151515152       4.094344559100476E-005
   10120140.8019590        101010.101010101       4.434154678595460E-005
   10120140.8019590        353535.353535354       4.770735794516754E-005
   10120140.8019590        606060.606060605       5.098253016685288E-005
   10120140.8019590        858585.858585859       5.410769245261298E-005
   10120140.8019590        1111111.11111111       5.702842873961294E-005
   10120140.8019590        1363636.36363636       5.970124316695982E-005
   10120140.8019590        1616161.61616162       6.209744370498604E-005
   10120140.8019590        1868686.86868687       6.420335972884428E-005
   10120140.8019590        2121212.12121212       6.601660332911613E-005
   10120140.8019590        2373737.37373737       6.753953339377635E-005
   10120140.8019590        2626262.62626263       6.877192978021747E-005
   10120140.8019590        2878787.87878788       6.970478417951890E-005
   10120140.8019590        3131313.13131313       7.031633851200004E-005
   10120140.8019590        3383838.38383838       7.057069133886023E-005
   10120140.8019590        3636363.63636364       7.041894804458067E-005
   10120140.8019590        3888888.88888889       6.980302178278120E-005
   10120140.8019590        4141414.14141414       6.866235609273742E-005
   10120140.8019590        4393939.39393939       6.694349347312022E-005
   10120140.8019590        4646464.64646465       6.461138260876627E-005
   10120140.8019590        4898989.89898990       6.166009580273185E-005
   10120140.8019590        5151515.15151515       5.812013108021472E-005
   10120140.8019590        5404040.40404040       5.406022099218567E-005
   10120140.8019590        5656565.65656566       4.958316517217169E-005
   10120140.8019590        5909090.90909091       4.481678356883398E-005
   10120140.8019590        6161616.16161616       3.990207525705437E-005
   10120140.8019590        6414141.41414141       3.498092227076695E-005
   10120140.8019590        6666666.66666667       3.018529058943543E-005
   10120140.8019590        6919191.91919192       2.562910305872497E-005
   10120140.8019590        7171717.17171717       2.140314075933065E-005
   10120140.8019590        7424242.42424243       1.757274236948178E-005
   10120140.8019590        7676767.67676768       1.417779250909718E-005
   10120140.8019590        7929292.92929293       1.123444089262497E-005
   10120140.8019590        8181818.18181818       8.738050534790784E-006
   10120140.8019590        8434343.43434343       6.666945722300873E-006
   10120140.8019590        8686868.68686869       4.986583451746079E-006
   10120140.8019590        8939393.93939394       3.653807997866364E-006
   10120140.8019590        9191919.19191919       2.620884056959014E-006
   10120140.8019590        9444444.44444444       1.839053934508711E-006
   10120140.8019590        9696969.69696970       1.261433328117867E-006
   10120140.8019590        9949494.94949495       8.451435292313951E-007
   10120140.8019590        10202020.2020202       5.526643898504895E-007
   10120140.8019590        10454545.4545455       3.524697126636613E-007
   10120140.8019590        10707070.7070707       2.190646592257606E-007
   10120140.8019590        10959595.9595960       1.325777511782110E-007
   10120140.8019590        11212121.2121212       7.806768927938531E-008
   10120140.8019590        11464646.4646465       4.469159155501684E-008
   10120140.8019590        11717171.7171717       2.485319912402882E-008
   10120140.8019590        11969696.9696970       1.341482225268512E-008
   10120140.8019590        12222222.2222222       7.022184837972801E-009
   10120140.8019590        12474747.4747475       3.561834296594323E-009
   10120140.8019590        12727272.7272727       1.749046771008463E-009
   10120140.8019590        12979797.9797980       8.306747800402384E-010
   10120140.8019590        13232323.2323232       3.811132960945775E-010
   10120140.8019590        13484848.4848485       1.686379981901342E-010
   10120140.8019590        13737373.7373737       7.175982975489040E-011
   10120140.8019590        13989898.9898990       2.918047639175543E-011
   10120140.8019590        14242424.2424242       1.115307783751816E-011
   10120140.8019590        14494949.4949495       3.798846078271141E-012
   10120140.8019590        14747474.7474747       8.927327592206985E-013
   10120140.8019590        15000000.0000000       0.000000000000000E+000
   10475206.6115703       -10000000.0000000       0.000000000000000E+000
   10475206.6115703       -9747474.74747475       9.887067344515824E-010
   10475206.6115703       -9494949.49494950       2.657616256487323E-009
   10475206.6115703       -9242424.24242424       5.419211698611293E-009
   10475206.6115703       -8989898.98989899       9.886951793001187E-009
   10475206.6115703       -8737373.73737374       1.694632464898518E-008
   10475206.6115703       -8484848.48484848       2.783748939138873E-008
   10475206.6115703       -8232323.23232323       4.424598775827038E-008
   10475206.6115703       -7979797.97979798       6.839516932309004E-008
   10475206.6115703       -7727272.72727273       1.031313450697652E-007
   10475206.6115703       -7474747.47474748       1.519906180725328E-007
   10475206.6115703       -7222222.22222222       2.192354855984001E-007
   10475206.6115703       -6969696.96969697       3.098503792991244E-007
   10475206.6115703       -6717171.71717172       4.294889737794499E-007
   10475206.6115703       -6464646.46464646       5.843728178462443E-007
   10475206.6115703       -6212121.21212121       7.811506911559984E-007
   10475206.6115703       -5959595.95959596       1.026740410172189E-006
   10475206.6115703       -5707070.70707071       1.328187801309344E-006
   10475206.6115703       -5454545.45454546       1.692587782537153E-006
   10475206.6115703       -5202020.20202020       2.127114573802141E-006
   10475206.6115703       -4949494.94949495       2.639195249608329E-006
   10475206.6115703       -4696969.69696970       3.236827473708227E-006
   10475206.6115703       -4444444.44444444       3.928988733569467E-006
   10475206.6115703       -4191919.19191919       4.726023506252306E-006
   10475206.6115703       -3939393.93939394       5.639853686652404E-006
   10475206.6115703       -3686868.68686869       6.683867873256786E-006
   10475206.6115703       -3434343.43434343       7.872420534070754E-006
   10475206.6115703       -3181818.18181818       9.219989636594713E-006
   10475206.6115703       -2929292.92929293       1.074014647982407E-005
   10475206.6115703       -2676767.67676768       1.244453064432679E-005
   10475206.6115703       -2424242.42424242       1.434198051582573E-005
   10475206.6115703       -2171717.17171717       1.643787970960511E-005
   10475206.6115703       -1919191.91919192       1.873369919613276E-005
   10475206.6115703       -1666666.66666667       2.122667953251557E-005
   10475206.6115703       -1414141.41414141       2.390959799856811E-005
   10475206.6115703       -1161616.16161616       2.677056626270528E-005
   10475206.6115703       -909090.909090910       2.979278266179178E-005
   10475206.6115703       -656565.656565657       3.295413390300156E-005
   10475206.6115703       -404040.404040404       3.622655651010123E-005
   10475206.6115703       -151515.151515152       3.957519577667366E-005
   10475206.6115703        101010.101010101       4.295766688614784E-005
   10475206.6115703        353535.353535354       4.632404380593220E-005
   10475206.6115703        606060.606060605       4.961835375576006E-005
   10475206.6115703        858585.858585859       5.278208429460143E-005
   10475206.6115703        1111111.11111111       5.575944731999232E-005
   10475206.6115703        1363636.36363636       5.850316659100215E-005
   10475206.6115703        1616161.61616162       6.097890573796172E-005
   10475206.6115703        1868686.86868687       6.316660940903337E-005
   10475206.6115703        2121212.12121212       6.505804086973171E-005
   10475206.6115703        2373737.37373737       6.665118760593966E-005
   10475206.6115703        2626262.62626263       6.794325089271017E-005
   10475206.6115703        2878787.87878788       6.892415473931512E-005
   10475206.6115703        3131313.13131313       6.957197927486666E-005
   10475206.6115703        3383838.38383838       6.985096618020223E-005
   10475206.6115703        3636363.63636364       6.971228898435332E-005
   10475206.6115703        3888888.88888889       6.909775703448064E-005
   10475206.6115703        4141414.14141414       6.794668291714158E-005
   10475206.6115703        4393939.39393939       6.620576717644904E-005
   10475206.6115703        4646464.64646465       6.384082817216995E-005
   10475206.6115703        4898989.89898990       6.084796778976482E-005
   10475206.6115703        5151515.15151515       5.726120218436872E-005
   10475206.6115703        5404040.40404040       5.315427322118118E-005
   10475206.6115703        5656565.65656566       4.863600454790803E-005
   10475206.6115703        5909090.90909091       4.384034912517419E-005
   10475206.6115703        6161616.16161616       3.891348684375902E-005
   10475206.6115703        6414141.41414141       3.400065817503663E-005
   10475206.6115703        6666666.66666667       2.923491972604478E-005
   10475206.6115703        6919191.91919192       2.472903987674130E-005
   10475206.6115703        7171717.17171717       2.057078721721630E-005
   10475206.6115703        7424242.42424243       1.682121970533098E-005
   10475206.6115703        7676767.67676768       1.351531596600665E-005
   10475206.6115703        7929292.92929293       1.066428372585084E-005
   10475206.6115703        8181818.18181818       8.258981602190733E-006
   10475206.6115703        8434343.43434343       6.273997929290978E-006
   10475206.6115703        8686868.68686869       4.672007395228308E-006
   10475206.6115703        8939393.93939394       3.408078185710131E-006
   10475206.6115703        9191919.19191919       2.433648520302717E-006
   10475206.6115703        9444444.44444444       1.699947658258072E-006
   10475206.6115703        9696969.69696970       1.160707834497020E-006
   10475206.6115703        9949494.94949495       7.740954558075813E-007
   10475206.6115703        10202020.2020202       5.038717726866241E-007
   10475206.6115703        10454545.4545455       3.198636236848738E-007
   10475206.6115703        10707070.7070707       1.978748395516558E-007
   10475206.6115703        10959595.9595960       1.191942443130481E-007
   10475206.6115703        11212121.2121212       6.985761302964508E-008
   10475206.6115703        11464646.4646465       3.980314547439648E-008
   10475206.6115703        11717171.7171717       2.202998110322856E-008
   10475206.6115703        11969696.9696970       1.183443619761381E-008
   10475206.6115703        12222222.2222222       6.165319160258578E-009
   10475206.6115703        12474747.4747475       3.112193753513846E-009
   10475206.6115703        12727272.7272727       1.520869827915487E-009
   10475206.6115703        12979797.9797980       7.187981578204045E-010
   10475206.6115703        13232323.2323232       3.281734286425361E-010
   10475206.6115703        13484848.4848485       1.445002251555021E-010
   10475206.6115703        13737373.7373737       6.118615581810363E-011
   10475206.6115703        13989898.9898990       2.475823435225904E-011
   10475206.6115703        14242424.2424242       9.415420053878298E-012
   10475206.6115703        14494949.4949495       3.188425803751044E-012
   10475206.6115703        14747474.7474747       7.390326338393838E-013
   10475206.6115703        15000000.0000000       0.000000000000000E+000
   10836394.2454852       -10000000.0000000       0.000000000000000E+000
   10836394.2454852       -9747474.74747475       7.751632078591010E-010
   10836394.2454852       -9494949.49494950       2.090209004734333E-009
   10836394.2454852       -9242424.24242424       4.279528180259220E-009
   10836394.2454852       -8989898.98989899       7.845327337045095E-009
   10836394.2454852       -8737373.73737374       1.351979098077096E-008
   10836394.2454852       -8484848.48484848       2.233913414443719E-008
   10836394.2454852       -8232323.23232323       3.572720215841155E-008
   10836394.2454852       -7979797.97979798       5.558387562848948E-008
   10836394.2454852       -7727272.72727273       8.437109139124425E-008
   10836394.2454852       -7474747.47474748       1.251871408585453E-007
   10836394.2454852       -7222222.22222222       1.818186210989197E-007
   10836394.2454852       -6969696.96969697       2.587596563411465E-007
   10836394.2454852       -6717171.71717172       3.611904540930466E-007
   10836394.2454852       -6464646.46464646       4.949124715620081E-007
   10836394.2454852       -6212121.21212121       6.662456956428224E-007
   10836394.2454852       -5959595.95959596       8.819044238536477E-007
   10836394.2454852       -5707070.70707071       1.148880069995995E-006
   10836394.2454852       -5454545.45454546       1.474369936654035E-006
   10836394.2454852       -5202020.20202020       1.865794694386046E-006
   10836394.2454852       -4949494.94949495       2.330938042231621E-006
   10836394.2454852       -4696969.69696970       2.878213853077844E-006
   10836394.2454852       -4444444.44444444       3.517018448291901E-006
   10836394.2454852       -4191919.19191919       4.258069189176976E-006
   10836394.2454852       -3939393.93939394       5.113589582648360E-006
   10836394.2454852       -3686868.68686869       6.097204866244381E-006
   10836394.2454852       -3434343.43434343       7.223475062266170E-006
   10836394.2454852       -3181818.18181818       8.507097311497424E-006
   10836394.2454852       -2929292.92929293       9.961910280114074E-006
   10836394.2454852       -2676767.67676768       1.159988252014600E-005
   10836394.2454852       -2424242.42424242       1.343024253236379E-005
   10836394.2454852       -2171717.17171717       1.545882964100034E-005
   10836394.2454852       -1919191.91919192       1.768765839192763E-005
   10836394.2454852       -1666666.66666667       2.011463714057582E-005
   10836394.2454852       -1414141.41414141       2.273337200678943E-005
   10836394.2454852       -1161616.16161616       2.553299537192845E-005
   10836394.2454852       -909090.909090910       2.849795416663932E-005
   10836394.2454852       -656565.656565657       3.160767411424499E-005
   10836394.2454852       -404040.404040404       3.483601645584790E-005
   10836394.2454852       -151515.151515152       3.815052364273947E-005
   10836394.2454852        101010.101010101       4.151165461176737E-005
   10836394.2454852        353535.353535354       4.487250098410273E-005
   10836394.2454852        606060.606060605       4.817968712767903E-005
   10836394.2454852        858585.858585859       5.137604873654935E-005
   10836394.2454852        1111111.11111111       5.440511500276089E-005
   10836394.2454852        1363636.36363636       5.721653205803372E-005
   10836394.2454852        1616161.61616162       5.977080255837680E-005
   10836394.2454852        1868686.86868687       6.204158104241513E-005
   10836394.2454852        2121212.12121212       6.401446488707210E-005
   10836394.2454852        2373737.37373737       6.568246938355207E-005
   10836394.2454852        2626262.62626263       6.703953745581135E-005
   10836394.2454852        2878787.87878788       6.807394598495629E-005
   10836394.2454852        3131313.13131313       6.876321933476107E-005
   10836394.2454852        3383838.38383838       6.907151901278630E-005
   10836394.2454852        3636363.63636364       6.894996137149305E-005
   10836394.2454852        3888888.88888889       6.834014834559747E-005
   10836394.2454852        4141414.14141414       6.718114090051121E-005
   10836394.2454852        4393939.39393939       6.541967791282823E-005
   10836394.2454852        4646464.64646465       6.302239799354465E-005
   10836394.2454852        4898989.89898990       5.998754004449138E-005
   10836394.2454852        5151515.15151515       5.635295232267432E-005
   10836394.2454852        5404040.40404040       5.219787650255037E-005
   10836394.2454852        5656565.65656566       4.763771930935364E-005
   10836394.2454852        5909090.90909091       4.281305533876439E-005
   10836394.2454852        6161616.16161616       3.787555193621425E-005
   10836394.2454852        6414141.41414141       3.297388408207667E-005
   10836394.2454852        6666666.66666667       2.824206062862718E-005
   10836394.2454852        6919191.91919192       2.379140217044834E-005
   10836394.2454852        7171717.17171717       1.970629210120855E-005
   10836394.2454852        7424242.42424243       1.604312560606106E-005
   10836394.2454852        7676767.67676768       1.283163670956372E-005
   10836394.2454852        7929292.92929293       1.007782818742254E-005
   10836394.2454852        8181818.18181818       7.767880300383405E-006
   10836394.2454852        8434343.43434343       5.872559050188934E-006
   10836394.2454852        8686868.68686869       4.351746409977871E-006
   10836394.2454852        8939393.93939394       3.158782592886052E-006
   10836394.2454852        9191919.19191919       2.244366401265821E-006
   10836394.2454852        9444444.44444444       1.559821278486932E-006
   10836394.2454852        9696969.69696970       1.059607501254055E-006
   10836394.2454852        9949494.94949495       7.030405220095670E-007
   10836394.2454852        10202020.2020202       4.552518835762212E-007
   10836394.2454852        10454545.4545455       2.874918952040977E-007
   10836394.2454852        10707070.7070707       1.769148412353477E-007
   10836394.2454852        10959595.9595960       1.060049960341312E-007
   10836394.2454852        11212121.2121212       6.179691947102032E-008
   10836394.2454852        11464646.4646465       3.502169662282807E-008
   10836394.2454852        11717171.7171717       1.927902239268759E-008
   10836394.2454852        11969696.9696970       1.030038371170277E-008
   10836394.2454852        12222222.2222222       5.336781482839805E-009
   10836394.2454852        12474747.4747475       2.679110691287286E-009
   10836394.2454852        12727272.7272727       1.301959503308745E-009
   10836394.2454852        12979797.9797980       6.118915363909761E-010
   10836394.2454852        13232323.2323232       2.777883353734466E-010
   10836394.2454852        13484848.4848485       1.216201126010593E-010
   10836394.2454852        13737373.7373737       5.120394002358554E-011
   10836394.2454852        13989898.9898990       2.060008693302253E-011
   10836394.2454852        14242424.2424242       7.787972042305114E-012
   10836394.2454852        14494949.4949495       2.619073631577386E-012
   10836394.2454852        14747474.7474747       5.967659057343849E-013
   10836394.2454852        15000000.0000000       0.000000000000000E+000
   11203703.7037037       -10000000.0000000       0.000000000000000E+000
   11203703.7037037       -9747474.74747475       5.976012966055194E-010
   11203703.7037037       -9494949.49494950       1.617009294467730E-009
   11203703.7037037       -9242424.24242424       3.325389405944683E-009
   11203703.7037037       -8989898.98989899       6.128172070049682E-009
   11203703.7037037       -8737373.73737374       1.062270454574944E-008
   11203703.7037037       -8484848.48484848       1.766368171156210E-008
   11203703.7037037       -8232323.23232323       2.843900591963591E-008
   11203703.7037037       -7979797.97979798       4.455276226978695E-008
   11203703.7037037       -7727272.72727273       6.810979068175789E-008
   11203703.7037037       -7474747.47474748       1.017942158493708E-007
   11203703.7037037       -7222222.22222222       1.489327369290442E-007
   11203703.7037037       -6969696.96969697       2.135330783736312E-007
   11203703.7037037       -6717171.71717172       3.002894188857715E-007
   11203703.7037037       -6464646.46464646       4.145504598526942E-007
   11203703.7037037       -6212121.21212121       5.622524619072455E-007
   11203703.7037037       -5959595.95959596       7.498289604382870E-007
   11203703.7037037       -5707070.70707071       9.841199333111529E-007
   11203703.7037037       -5454545.45454546       1.272313440831594E-006
   11203703.7037037       -5202020.20202020       1.621957800187065E-006
   11203703.7037037       -4949494.94949495       2.041076142832830E-006
   11203703.7037037       -4696969.69696970       2.538391862059651E-006
   11203703.7037037       -4444444.44444444       3.123631556290078E-006
   11203703.7037037       -4191919.19191919       3.807820330816993E-006
   11203703.7037037       -3939393.93939394       4.603444177616757E-006
   11203703.7037037       -3686868.68686869       5.524352537624152E-006
   11203703.7037037       -3434343.43434343       6.585325823717744E-006
   11203703.7037037       -3181818.18181818       7.801324677955090E-006
   11203703.7037037       -2929292.92929293       9.186532168514635E-006
   11203703.7037037       -2676767.67676768       1.075335527944086E-005
   11203703.7037037       -2424242.42424242       1.251154493539713E-005
   11203703.7037037       -2171717.17171717       1.446753141067510E-005
   11203703.7037037       -1919191.91919192       1.662398781273794E-005
   11203703.7037037       -1666666.66666667       1.897956925947833E-005
   11203703.7037037       -1414141.41414141       2.152875081722955E-005
   11203703.7037037       -1161616.16161616       2.426169273970962E-005
   11203703.7037037       -909090.909090910       2.716406930527602E-005
   11203703.7037037       -656565.656565657       3.021679152303704E-005
   11203703.7037037       -404040.404040404       3.339555025847012E-005
   11203703.7037037       -151515.151515152       3.667015254230567E-005
   11203703.7037037        101010.101010101       4.000377121856815E-005
   11203703.7037037        353535.353535354       4.335247530870339E-005
   11203703.7037037        606060.606060605       4.666564533439235E-005
   11203703.7037037        858585.858585859       4.988789587873456E-005
   11203703.7037037        1111111.11111111       5.296274514449161E-005
   11203703.7037037        1363636.36363636       5.583751666677768E-005
   11203703.7037037        1616161.61616162       5.846815558274450E-005
   11203703.7037037        1868686.86868687       6.082227144672651E-005
   11203703.7037037        2121212.12121212       6.287910466240361E-005
   11203703.7037037        2373737.37373737       6.462615555921133E-005
   11203703.7037037        2626262.62626263       6.605340825689285E-005
   11203703.7037037        2878787.87878788       6.714683599354113E-005
   11203703.7037037        3131313.13131313       6.788291786253696E-005
   11203703.7037037        3383838.38383838       6.822543056590731E-005
   11203703.7037037        3636363.63636364       6.812525726760453E-005
   11203703.7037037        3888888.88888889       6.752367065838517E-005
   11203703.7037037        4141414.14141414       6.635936818750698E-005
   11203703.7037037        4393939.39393939       6.457903594226969E-005
   11203703.7037037        4646464.64646465       6.215012414996089E-005
   11203703.7037037        4898989.89898990       5.907316044336558E-005
   11203703.7037037        5151515.15151515       5.539017760432697E-005
   11203703.7037037        5404040.40404040       5.118643197039168E-005
   11203703.7037037        5656565.65656566       4.658447654109271E-005
   11203703.7037037        5909090.90909091       4.173197649949489E-005
   11203703.7037037        6161616.16161616       3.678634993006239E-005
   11203703.7037037        6414141.41414141       3.189972051902106E-005
   11203703.7037037        6666666.66666667       2.720684033049192E-005
   11203703.7037037        6919191.91919192       2.281722105952430E-005
   11203703.7037037        7171717.17171717       1.881143347557719E-005
   11203703.7037037        7424242.42424243       1.524079286189164E-005
   11203703.7037037        7676767.67676768       1.212943690365526E-005
   11203703.7037037        7929292.92929293       9.477907849766206E-006
   11203703.7037037        8181818.18181818       7.267557518819144E-006
   11203703.7037037        8434343.43434343       5.465278121814767E-006
   11203703.7037037        8686868.68686869       4.028188713337211E-006
   11203703.7037037        8939393.93939394       2.907989883239864E-006
   11203703.7037037        9191919.19191919       2.054764184471097E-006
   11203703.7037037        9444444.44444444       1.420065706647412E-006
   11203703.7037037        9696969.69696970       9.592153271372145E-007
   11203703.7037037        9949494.94949495       6.327943359943917E-007
   11203703.7037037        10202020.2020202       4.073990884876424E-007
   11203703.7037037        10454545.4545455       2.557737405379165E-007
   11203703.7037037        10707070.7070707       1.564708421262674E-007
   11203703.7037037        10959595.9595960       9.319906917001938E-008
   11203703.7037037        11212121.2121212       5.400645826862151E-008
   11203703.7037037        11464646.4646465       3.042196094056655E-008
   11203703.7037037        11717171.7171717       1.664498461833178E-008
   11203703.7037037        11969696.9696970       8.838463855916278E-009
   11203703.7037037        12222222.2222222       4.550966017532423E-009
   11203703.7037037        12474747.4747475       2.270337300012374E-009
   11203703.7037037        12727272.7272727       1.096343131836043E-009
   11203703.7037037        12979797.9797980       5.119715318342497E-010
   11203703.7037037        13232323.2323232       2.309303325768783E-010
   11203703.7037037        13484848.4848485       1.004484183619180E-010
   11203703.7037037        13737373.7373737       4.201359385281531E-011
   11203703.7037037        13989898.9898990       1.679101837887296E-011
   11203703.7037037        14242424.2424242       6.304613601351673E-012
   11203703.7037037        14494949.4949495       2.102929303397557E-012
   11203703.7037037        14747474.7474747       4.691443671399200E-013
   11203703.7037037        15000000.0000000       0.000000000000000E+000
   11577134.9862259       -10000000.0000000       0.000000000000000E+000
   11577134.9862259       -9747474.74747475       4.526326075611303E-010
   11577134.9862259       -9494949.49494950       1.229393732294983E-009
   11577134.9862259       -9242424.24242424       2.540469839204058E-009
   11577134.9862259       -8989898.98989899       4.708348653960904E-009
   11577134.9862259       -8737373.73737374       8.213459154516110E-009
   11577134.9862259       -8484848.48484848       1.375112945313611E-008
   11577134.9862259       -8232323.23232323       2.229932461306425E-008
   11577134.9862259       -7979797.97979798       3.519507930559881E-008
   11577134.9862259       -7727272.72727273       5.421562009384772E-008
   11577134.9862259       -7474747.47474748       8.165817427779926E-008
   11577134.9862259       -7222222.22222222       1.204107726873006E-007
   11577134.9862259       -6969696.96969697       1.740054908524756E-007
   11577134.9862259       -6717171.71717172       2.466461503612848E-007
   11577134.9862259       -6464646.46464646       3.432051483491167E-007
   11577134.9862259       -6212121.21212121       4.691892911428506E-007
   11577134.9862259       -5959595.95959596       6.306823773197958E-007
   11577134.9862259       -5707070.70707071       8.342821062539607E-007
   11577134.9862259       -5454545.45454546       1.087058647872468E-006
   11577134.9862259       -5202020.20202020       1.396568050046908E-006
   11577134.9862259       -4949494.94949495       1.770949999220656E-006
   11577134.9862259       -4696969.69696970       2.219120513338381E-006
   11577134.9862259       -4444444.44444444       2.751033798376841E-006
   11577134.9862259       -4191919.19191919       3.377940615452695E-006
   11577134.9862259       -3939393.93939394       4.112531767361472E-006
   11577134.9862259       -3686868.68686869       4.968849255778667E-006
   11577134.9862259       -3434343.43434343       5.961889058525290E-006
   11577134.9862259       -3181818.18181818       7.106899126718751E-006
   11577134.9862259       -2929292.92929293       8.418462812266177E-006
   11577134.9862259       -2676767.67676768       9.909515847431856E-006
   11577134.9862259       -2424242.42424242       1.159045205605587E-005
   11577134.9862259       -2171717.17171717       1.346842851882023E-005
   11577134.9862259       -1919191.91919192       1.554690579634889E-005
   11577134.9862259       -1666666.66666667       1.782538700501281E-005
   11577134.9862259       -1414141.41414141       2.029927918862190E-005
   11577134.9862259       -1161616.16161616       2.295979565341979E-005
   11577134.9862259       -909090.909090910       2.579382936978540E-005
   11577134.9862259       -656565.656565657       2.878373328164163E-005
   11577134.9862259       -404040.404040404       3.190694326541697E-005
   11577134.9862259       -151515.151515152       3.513540520998272E-005
   11577134.9862259        101010.101010101       3.843486817306359E-005
   11577134.9862259        353535.353535354       4.176430345069015E-005
   11577134.9862259        606060.606060605       4.507594365106976E-005
   11577134.9862259        858585.858585859       4.831654188155274E-005
   11577134.9862259        1111111.11111111       5.143023638214881E-005
   11577134.9862259        1363636.36363636       5.436281026923161E-005
   11577134.9862259        1616161.61616162       5.706636080422747E-005
   11577134.9862259        1868686.86868687       5.950285523043055E-005
   11577134.9862259        2121212.12121212       6.164513926674428E-005
   11577134.9862259        2373737.37373737       6.347475029651029E-005
   11577134.9862259        2626262.62626263       6.497702388795333E-005
   11577134.9862259        2878787.87878788       6.613491205493879E-005
   11577134.9862259        3131313.13131313       6.692326322668043E-005
   11577134.9862259        3383838.38383838       6.730507280844789E-005
   11577134.9862259        3636363.63636364       6.723075138816776E-005
   11577134.9862259        3888888.88888889       6.664109283288511E-005
   11577134.9862259        4141414.14141414       6.547432297678154E-005
   11577134.9862259        4393939.39393939       6.367701090711166E-005
   11577134.9862259        4646464.64646465       6.121745046718824E-005
   11577134.9862259        4898989.89898990       5.809865447414031E-005
   11577134.9862259        5151515.15151515       5.436723197918582E-005
   11577134.9862259        5404040.40404040       5.011499380791475E-005
   11577134.9862259        5656565.65656566       4.547220522748197E-005
   11577134.9862259        5909090.90909091       4.059406633638315E-005
   11577134.9862259        6161616.16161616       3.564395719797072E-005
   11577134.9862259        6414141.41414141       3.077739188803613E-005
   11577134.9862259        6666666.66666667       2.612957612363579E-005
   11577134.9862259        6919191.91919192       2.180777700761619E-005
   11577134.9862259        7171717.17171717       1.788826801461895E-005
   11577134.9862259        7424242.42424243       1.441683400898508E-005
   11577134.9862259        7676767.67676768       1.141165643203370E-005
   11577134.9862259        7929292.92929293       8.867575714231333E-006
   11577134.9862259        8181818.18181818       6.760996465071683E-006
   11577134.9862259        8434343.43434343       5.054927408528277E-006
   11577134.9862259        8686868.68686869       3.703800125254181E-006
   11577134.9862259        8939393.93939394       2.657807823062934E-006
   11577134.9862259        9191919.19191919       1.866577922682076E-006
   11577134.9862259        9444444.44444444       1.282061119518002E-006
   11577134.9862259        9696969.69696970       8.605916035557902E-007
   11577134.9862259        9949494.94949495       5.641445534951837E-007
   11577134.9862259        10202020.2020202       3.608794124531307E-007
   11577134.9862259        10454545.4545455       2.251027001617333E-007
   11577134.9862259        10707070.7070707       1.368075621519587E-007
   11577134.9862259        10959595.9595960       8.094871188949904E-008
   11577134.9862259        11212121.2121212       4.659461470264744E-008
   11577134.9862259        11464646.4646465       2.606986617737571E-008
   11577134.9862259        11717171.7171717       1.416661548384928E-008
   11577134.9862259        11969696.9696970       7.470668760041039E-009
   11577134.9862259        12222222.2222222       3.819919344902100E-009
   11577134.9862259        12474747.4747475       1.892237633286487E-009
   11577134.9862259        12727272.7272727       9.072606579168948E-010
   11577134.9862259        12979797.9797980       4.206262638295155E-010
   11577134.9862259        13232323.2323232       1.883480923865562E-010
   11577134.9862259        13484848.4848485       8.132406582361880E-011
   11577134.9862259        13737373.7373737       3.376207868985790E-011
   11577134.9862259        13989898.9898990       1.339173683036357E-011
   11577134.9862259        14242424.2424242       4.988899396134087E-012
   11577134.9862259        14494949.4949495       1.648192172997154E-012
   11577134.9862259        14747474.7474747       3.582377086592734E-013
   11577134.9862259        15000000.0000000       0.000000000000000E+000
   11956688.0930517       -10000000.0000000       0.000000000000000E+000
   11956688.0930517       -9747474.74747475       3.365058236721553E-010
   11956688.0930517       -9494949.49494950       9.177613122278901E-010
   11956688.0930517       -9242424.24242424       1.906441905476861E-009
   11956688.0930517       -8989898.98989899       3.555054708836956E-009
   11956688.0930517       -8737373.73737374       6.244165956269774E-009
   11956688.0930517       -8484848.48484848       1.053120627031774E-008
   11956688.0930517       -8232323.23232323       1.720995124665004E-008
   11956688.0930517       -7979797.97979798       2.737961399075600E-008
   11956688.0930517       -7727272.72727273       4.252087510545665E-008
   11956688.0930517       -7474747.47474748       6.457437248676579E-008
   11956688.0930517       -7222222.22222222       9.601547666895454E-008
   11956688.0930517       -6969696.96969697       1.399180195332232E-007
   11956688.0930517       -6717171.71717172       1.999995759641509E-007
   11956688.0930517       -6464646.46464646       2.806425316526410E-007
   11956688.0930517       -6212121.21212121       3.868890560422231E-007
   11956688.0930517       -5959595.95959596       5.244144972944211E-007
   11956688.0930517       -5707070.70707071       6.994922196748754E-007
   11956688.0930517       -5454545.45454546       9.189719195827598E-007
   11956688.0930517       -5202020.20202020       1.190299689039019E-006
   11956688.0930517       -4949494.94949495       1.521606492772100E-006
   11956688.0930517       -4696969.69696970       1.921876726643056E-006
   11956688.0930517       -4444444.44444444       2.401177444279122E-006
   11956688.0930517       -4191919.19191919       2.970886845900159E-006
   11956688.0930517       -3939393.93939394       3.643823721036224E-006
   11956688.0930517       -3686868.68686869       4.434169844557290E-006
   11956688.0930517       -3434343.43434343       5.357109454421457E-006
   11956688.0930517       -3181818.18181818       6.428177957329154E-006
   11956688.0930517       -2929292.92929293       7.662390296033596E-006
   11956688.0930517       -2676767.67676768       9.073277637955585E-006
   11956688.0930517       -2424242.42424242       1.067197896268281E-005
   11956688.0930517       -2171717.17171717       1.246650689444608E-005
   11956688.0930517       -1919191.91919192       1.446124551830889E-005
   11956688.0930517       -1666666.66666667       1.665666641240577E-005
   11956688.0930517       -1414141.41414141       1.904919609176182E-005
   11956688.0930517       -1161616.16161616       2.163114872609433E-005
   11956688.0930517       -909090.909090910       2.439064494445261E-005
   11956688.0930517       -656565.656565657       2.731145028461113E-005
   11956688.0930517       -404040.404040404       3.037267394302494E-005
   11956688.0930517       -151515.151515152       3.354828497885442E-005
   11956688.0930517        101010.101010101       3.680646869871375E-005
   11956688.0930517        353535.353535354       4.010899538846123E-005
   11956688.0930517        606060.606060605       4.341098512379021E-005
   11956688.0930517        858585.858585859       4.666160957536909E-005
   11956688.0930517        1111111.11111111       4.980619532173004E-005
   11956688.0930517        1363636.36363636       5.278976505477180E-005
   11956688.0930517        1616161.61616162       5.556136112313500E-005
   11956688.0930517        1868686.86868687       5.807786583586881E-005
   11956688.0930517        2121212.12121212       6.030586751689218E-005
   11956688.0930517        2373737.37373737       6.222062546912800E-005
   11956688.0930517        2626262.62626263       6.380218649286176E-005
   11956688.0930517        2878787.87878788       6.502972835204825E-005
   11956688.0930517        3131313.13131313       6.587579477582294E-005
   11956688.0930517        3383838.38383838       6.630210446812690E-005
   11956688.0930517        3636363.63636364       6.625827972724048E-005
   11956688.0930517        3888888.88888889       6.568444655556346E-005
   11956688.0930517        4141414.14141414       6.451824759841755E-005
   11956688.0930517        4393939.39393939       6.270609468024935E-005
   11956688.0930517        4646464.64646465       6.021719775579310E-005
   11956688.0930517        4898989.89898990       5.705729732857032E-005
   11956688.0930517        5151515.15151515       5.327801135664287E-005
   11956688.0930517        5404040.40404040       4.897827011945995E-005
   11956688.0930517        5656565.65656566       4.429661663275274E-005
   11956688.0930517        5909090.90909091       3.939619759009910E-005
   11956688.0930517        6161616.16161616       3.444650229596426E-005
   11956688.0930517        6414141.41414141       2.960629124537229E-005
   11956688.0930517        6666666.66666667       2.501084264180973E-005
   11956688.0930517        6919191.91919192       2.076466213313664E-005
   11956688.0930517        7171717.17171717       1.693918280310017E-005
   11956688.0930517        7424242.42424243       1.357417891632709E-005
   11956688.0930517        7676767.67676768       1.068151481456810E-005
   11956688.0930517        7929292.92929293       8.250111046783897E-006
   11956688.0930517        8181818.18181818       6.251346580272817E-006
   11956688.0930517        8434343.43434343       4.644386518903278E-006
   11956688.0930517        8686868.68686869       3.381101857598123E-006
   11956688.0930517        8939393.93939394       2.410358047764199E-006
   11956688.0930517        9191919.19191919       1.681527753890575E-006
   11956688.0930517        9444444.44444444       1.147153272367600E-006
   11956688.0930517        9696969.69696970       7.647533006754456E-007
   11956688.0930517        9949494.94949495       4.978339212758665E-007
   11956688.0930517        10202020.2020202       3.162172804797233E-007
   11956688.0930517        10454545.4545455       1.958367509626602E-007
   11956688.0930517        10707070.7070707       1.181612091722169E-007
   11956688.0930517        10959595.9595960       6.940454118362837E-008
   11956688.0930517        11212121.2121212       3.965415909475648E-008
   11956688.0930517        11464646.4646465       2.202057724178740E-008
   11956688.0930517        11717171.7171717       1.187556320356874E-008
   11956688.0930517        11969696.9696970       6.214502204049302E-009
   11956688.0930517        12222222.2222222       3.152965881593459E-009
   11956688.0930517        12474747.4747475       1.549591054272607E-009
   11956688.0930517        12727272.7272727       7.370663570758688E-010
   11956688.0930517        12979797.9797980       3.389686745400250E-010
   11956688.0930517        13232323.2323232       1.505456659462864E-010
   11956688.0930517        13484848.4848485       6.446527883842967E-011
   11956688.0930517        13737373.7373737       2.653941379855087E-011
   11956688.0930517        13989898.9898990       1.043741095951429E-011
   11956688.0930517        14242424.2424242       3.853650797352568E-012
   11956688.0930517        14494949.4949495       1.259011869671545E-012
   11956688.0930517        14747474.7474747       2.649577269007353E-013
   11956688.0930517        15000000.0000000       0.000000000000000E+000
   12342363.0241812       -10000000.0000000       0.000000000000000E+000
   12342363.0241812       -9747474.74747475       2.453122618791480E-010
   12342363.0241812       -9494949.49494950       6.720560600919670E-010
   12342363.0241812       -9242424.24242424       1.403967783434714E-009
   12342363.0241812       -8989898.98989899       2.635480922406487E-009
   12342363.0241812       -8737373.73737374       4.663219520689084E-009
   12342363.0241812       -8484848.48484848       7.927123596801968E-009
   12342363.0241812       -8232323.23232323       1.306177320655115E-008
   12342363.0241812       -7979797.97979798       2.095766289540602E-008
   12342363.0241812       -7727272.72727273       3.283088247653664E-008
   12342363.0241812       -7474747.47474748       5.029810178334470E-008
   12342363.0241812       -7222222.22222222       7.545215385885508E-008
   12342363.0241812       -6969696.96969697       1.109322075725537E-007
   12342363.0241812       -6717171.71717172       1.599819919882966E-007
   12342363.0241812       -6464646.46464646       2.264903505978559E-007
   12342363.0241812       -6212121.21212121       3.150111328662940E-007
   12342363.0241812       -5959595.95959596       4.307644471878318E-007
   12342363.0241812       -5707070.70707071       5.796284425554449E-007
   12342363.0241812       -5454545.45454546       7.681388665260694E-007
   12342363.0241812       -5202020.20202020       1.003519915342690E-006
   12342363.0241812       -4949494.94949495       1.293769870135678E-006
   12342363.0241812       -4696969.69696970       1.647813458252062E-006
   12342363.0241812       -4444444.44444444       2.075706706847315E-006
   12342363.0241812       -4191919.19191919       2.588842893765247E-006
   12342363.0241812       -3939393.93939394       3.200073472533729E-006
   12342363.0241812       -3686868.68686869       3.923645241646993E-006
   12342363.0241812       -3434343.43434343       4.774878815872715E-006
   12342363.0241812       -3181818.18181818       5.769570595515425E-006
   12342363.0241812       -2929292.92929293       6.923170311391459E-006
   12342363.0241812       -2676767.67676768       8.249843102106020E-006
   12342363.0241812       -2424242.42424242       9.761550805196048E-006
   12342363.0241812       -2171717.17171717       1.146727499130013E-005
   12342363.0241812       -1919191.91919192       1.337245812988397E-005
   12342363.0241812       -1666666.66666667       1.547867423079315E-005
   12342363.0241812       -1414141.41414141       1.778348016629763E-005
   12342363.0241812       -1161616.16161616       2.028036460681732E-005
   12342363.0241812       -909090.909090910       2.295870754691907E-005
   12342363.0241812       -656565.656565657       2.580367638309609E-005
   12342363.0241812       -404040.404040404       2.879599819510323E-005
   12342363.0241812       -151515.151515152       3.191156304557875E-005
   12342363.0241812        101010.101010101       3.512085603602090E-005
   12342363.0241812        353535.353535354       3.838832308132504E-005
   12342363.0241812        606060.606060605       4.167195257001462E-005
   12342363.0241812        858585.858585859       4.492353151867157E-005
   12342363.0241812        1111111.11111111       4.809006155439255E-005
   12342363.0241812        1363636.36363636       5.111655146892771E-005
   12342363.0241812        1616161.61616162       5.394983390245429E-005
   12342363.0241812        1868686.86868687       5.654240387858581E-005
   12342363.0241812        2121212.12121212       5.885491687546268E-005
   12342363.0241812        2373737.37373737       6.085620752407603E-005
   12342363.0241812        2626262.62626263       6.252048751579481E-005
   12342363.0241812        2878787.87878788       6.382240766919442E-005
   12342363.0241812        3131313.13131313       6.473146143649448E-005
   12342363.0241812        3383838.38383838       6.520749549209337E-005
   12342363.0241812        3636363.63636364       6.519894043793512E-005
   12342363.0241812        3888888.88888889       6.464501285052163E-005
   12342363.0241812        4141414.14141414       6.348264770190280E-005
   12342363.0241812        4393939.39393939       6.165807879453494E-005
   12342363.0241812        4646464.64646465       5.914154473123573E-005
   12342363.0241812        4898989.89898990       5.594180395861183E-005
   12342363.0241812        5151515.15151515       5.211595854027821E-005
   12342363.0241812        5404040.40404040       4.777064734487133E-005
   12342363.0241812        5656565.65656566       4.305325014418315E-005
   12342363.0241812        5909090.90909091       3.813522762027012E-005
   12342363.0241812        6161616.16161616       3.319224612499342E-005
   12342363.0241812        6414141.41414141       2.838606731380475E-005
   12342363.0241812        6666666.66666667       2.385155713339382E-005
   12342363.0241812        6919191.91919192       1.968985589293635E-005
   12342363.0241812        7171717.17171717       1.596695555731544E-005
   12342363.0241812        7424242.42424243       1.271611629175946E-005
   12342363.0241812        7676767.67676768       9.942533421913164E-006
   12342363.0241812        7929292.92929293       7.629023996181405E-006
   12342363.0241812        8181818.18181818       5.741913846464948E-006
   12342363.0241812        8434343.43434343       4.236622506732970E-006
   12342363.0241812        8686868.68686869       3.062644618702577E-006
   12342363.0241812        8939393.93939394       2.167747930904106E-006
   12342363.0241812        9191919.19191919       1.501290498941862E-006
   12342363.0241812        9444444.44444444       1.016628851107555E-006
   12342363.0241812        9696969.69696970       6.726532924573456E-007
   12342363.0241812        9949494.94949495       4.345437340757999E-007
   12342363.0241812        10202020.2020202       2.738830132832287E-007
   12342363.0241812        10454545.4545455       1.682893106241713E-007
   12342363.0241812        10707070.7070707       1.007333116220836E-007
   12342363.0241812        10959595.9595960       5.869151226151963E-008
   12342363.0241812        11212121.2121212       3.325973756276764E-008
   12342363.0241812        11464646.4646465       1.831701065005746E-008
   12342363.0241812        11717171.7171717       9.795542547687950E-009
   12342363.0241812        11969696.9696970       5.082537751712475E-009
   12342363.0241812        12222222.2222222       2.556488551578570E-009
   12342363.0241812        12474747.4747475       1.245491521990683E-009
   12342363.0241812        12727272.7272727       5.871870448059157E-010
   12342363.0241812        12979797.9797980       2.676216494088285E-010
   12342363.0241812        13232323.2323232       1.177786113002445E-010
   12342363.0241812        13484848.4848485       4.996949986330966E-011
   12342363.0241812        13737373.7373737       2.037948106243231E-011
   12342363.0241812        13989898.9898990       7.938398265499613E-012
   12342363.0241812        14242424.2424242       2.901410164990892E-012
   12342363.0241812        14494949.4949495       9.357137737127995E-013
   12342363.0241812        14747474.7474747       1.891420024741358E-013
   12342363.0241812        15000000.0000000       0.000000000000000E+000
   12734159.7796143       -10000000.0000000       0.000000000000000E+000
   12734159.7796143       -9747474.74747475       1.751707795383242E-010
   12734159.7796143       -9494949.49494950       4.822416679297830E-010
   12734159.7796143       -9242424.24242424       1.013611313528358E-009
   12734159.7796143       -8989898.98989899       1.916358441283457E-009
   12734159.7796143       -8737373.73737374       3.417733819480875E-009
   12734159.7796143       -8484848.48484848       5.859204992116270E-009
   12734159.7796143       -8232323.23232323       9.739938227426682E-009
   12734159.7796143       -7979797.97979798       1.577008557242417E-008
   12734159.7796143       -7727272.72727273       2.493325454306068E-008
   12734159.7796143       -7474747.47474748       3.855625272930706E-008
   12734159.7796143       -7222222.22222222       5.838276558900263E-008
   12734159.7796143       -6969696.96969697       8.664630339358299E-008
   12734159.7796143       -6717171.71717172       1.261369348741459E-007
   12734159.7796143       -6464646.46464646       1.802565179941038E-007
   12734159.7796143       -6212121.21212121       2.530588969906264E-007
   12734159.7796143       -5959595.95959596       3.492753021207816E-007
   12734159.7796143       -5707070.70707071       4.743309984953167E-007
   12734159.7796143       -5454545.45454546       6.343662518701808E-007
   12734159.7796143       -5202020.20202020       8.362806872184607E-007
   12734159.7796143       -4949494.94949495       1.087821229068297E-006
   12734159.7796143       -4696969.69696970       1.397725194032228E-006
   12734159.7796143       -4444444.44444444       1.775908427443768E-006
   12734159.7796143       -4191919.19191919       2.233655902709764E-006
   12734159.7796143       -3939393.93939394       2.783739913369022E-006
   12734159.7796143       -3686868.68686869       3.440376135223342E-006
   12734159.7796143       -3434343.43434343       4.218944158331782E-006
   12734159.7796143       -3181818.18181818       5.135446067096102E-006
   12734159.7796143       -2929292.92929293       6.205738201329683E-006
   12734159.7796143       -2676767.67676768       7.444625650533497E-006
   12734159.7796143       -2424242.42424242       8.864940068728980E-006
   12734159.7796143       -2171717.17171717       1.047672163571603E-005
   12734159.7796143       -1919191.91919192       1.228659520911546E-005
   12734159.7796143       -1666666.66666667       1.429737641916758E-005
   12734159.7796143       -1414141.41414141       1.650788258095980E-005
   12734159.7796143       -1161616.16161616       1.891287714515740E-005
   12734159.7796143       -909090.909090910       2.150305822806325E-005
   12734159.7796143       -656565.656565657       2.426500810740897E-005
   12734159.7796143       -404040.404040404       2.718103686727666E-005
   12734159.7796143       -151515.151515152       3.022887094219486E-005
   12734159.7796143        101010.101010101       3.338116818663228E-005
   12734159.7796143        353535.353535354       3.660491566044505E-005
   12734159.7796143        606060.606060605       3.986090546233984E-005
   12734159.7796143        858585.858585859       4.310365517956356E-005
   12734159.7796143        1111111.11111111       4.628223293502484E-005
   12734159.7796143        1363636.36363636       4.934231629964440E-005
   12734159.7796143        1616161.61616162       5.222938834435210E-005
   12734159.7796143        1868686.86868687       5.489236814999184E-005
   12734159.7796143        2121212.12121212       5.728648972132579E-005
   12734159.7796143        2373737.37373737       5.937421376572984E-005
   12734159.7796143        2626262.62626263       6.112351087105503E-005
   12734159.7796143        2878787.87878788       6.250379772079069E-005
   12734159.7796143        3131313.13131313       6.348072907630488E-005
   12734159.7796143        3383838.38383838       6.401159224503209E-005
   12734159.7796143        3636363.63636364       6.404312780087002E-005
   12734159.7796143        3888888.88888889       6.351333590478962E-005
   12734159.7796143        4141414.14141414       6.235829536070976E-005
   12734159.7796143        4393939.39393939       6.052405466011886E-005
   12734159.7796143        4646464.64646465       5.798203245590309E-005
   12734159.7796143        4898989.89898990       5.474434466917730E-005
   12734159.7796143        5151515.15151515       5.087409627011304E-005
   12734159.7796143        5404040.40404040       4.648624509575883E-005
   12734159.7796143        5656565.65656566       4.173755079999762E-005
   12734159.7796143        5909090.90909091       3.680809528361541E-005
   12734159.7796143        6161616.16161616       3.187969097254330E-005
   12734159.7796143        6414141.41414141       2.711673612425089E-005
   12734159.7796143        6666666.66666667       2.265308375773742E-005
   12734159.7796143        6919191.91919192       1.858581357945156E-005
   12734159.7796143        7171717.17171717       1.497482164567498E-005
   12734159.7796143        7424242.42424243       1.184633684330499E-005
   12734159.7796143        7676767.67676768       9.198555506009611E-006
   12734159.7796143        7929292.92929293       7.008055653909340E-006
   12734159.7796143        8181818.18181818       5.236145541345233E-006
   12734159.7796143        8434343.43434343       3.834664541826161E-006
   12734159.7796143        8686868.68686869       2.750978171997266E-006
   12734159.7796143        8939393.93939394       1.932039187413614E-006
   12734159.7796143        9191919.19191919       1.327470353781852E-006
   12734159.7796143        9444444.44444444       8.916901313042431E-007
   12734159.7796143        9696969.69696970       5.851598216949234E-007
   12734159.7796143        9949494.94949495       3.748781426332768E-007
   12734159.7796143        10202020.2020202       2.342814858627456E-007
   12734159.7796143        10454545.4545455       1.427214790337705E-007
   12734159.7796143        10707070.7070707       8.468570099024969E-008
   12734159.7796143        10959595.9595960       4.890586155266397E-008
   12734159.7796143        11212121.2121212       2.746612878339885E-008
   12734159.7796143        11464646.4646465       1.498891512863960E-008
   12734159.7796143        11717171.7171717       7.941896567144826E-009
   12734159.7796143        11969696.9696970       4.082239470350216E-009
   12734159.7796143        12222222.2222222       2.033875374819371E-009
   12734159.7796143        12474747.4747475       9.813468682352088E-010
   12734159.7796143        12727272.7272727       4.581378201101900E-010
   12734159.7796143        12979797.9797980       2.067347620555065E-010
   12734159.7796143        13232323.2323232       9.006672486258030E-011
   12734159.7796143        13484848.4848485       3.782162837167157E-011
   12734159.7796143        13737373.7373737       1.526480067137034E-011
   12734159.7796143        13989898.9898990       5.882768834196789E-012
   12734159.7796143        14242424.2424242       2.125653733484487E-012
   12734159.7796143        14494949.4949495       6.753120361929435E-013
   12734159.7796143        14747474.7474747       1.297208398703838E-013
   12734159.7796143        15000000.0000000       0.000000000000000E+000
   13132078.3593511       -10000000.0000000       0.000000000000000E+000
   13132078.3593511       -9747474.74747475       1.223829508128450E-010
   13132078.3593511       -9494949.49494950       3.387044963572108E-010
   13132078.3593511       -9242424.24242424       7.166239465751260E-010
   13132078.3593511       -8989898.98989899       1.365316184272031E-009
   13132078.3593511       -8737373.73737374       2.455721530467916E-009
   13132078.3593511       -8484848.48484848       4.248203837685544E-009
   13132078.3593511       -8232323.23232323       7.128686642543497E-009
   13132078.3593511       -7979797.97979798       1.165406700665369E-008
   13132078.3593511       -7727272.72727273       1.860699820113141E-008
   13132078.3593511       -7474747.47474748       2.905912777354983E-008
   13132078.3593511       -7222222.22222222       4.444066309342683E-008
   13132078.3593511       -6969696.96969697       6.661289595728792E-008
   13132078.3593511       -6717171.71717172       9.793935951177940E-008
   13132078.3593511       -6464646.46464646       1.413510469061576E-007
   13132078.3593511       -6212121.21212121       2.004021048730566E-007
   13132078.3593511       -5959595.95959596       2.793150976279537E-007
   13132078.3593511       -5707070.70707071       3.830194944551582E-007
   13132078.3593511       -5454545.45454546       5.171929423160072E-007
   13132078.3593511       -5202020.20202020       6.883204039713593E-007
   13132078.3593511       -4949494.94949495       9.037880903824054E-007
   13132078.3593511       -4696969.69696970       1.172022931055864E-006
   13132078.3593511       -4444444.44444444       1.502670682728603E-006
   13132078.3593511       -4191919.19191919       1.906777779099623E-006
   13132078.3593511       -3939393.93939394       2.396912377563807E-006
   13132078.3593511       -3686868.68686869       2.987143598045117E-006
   13132078.3593511       -3434343.43434343       3.692807666434196E-006
   13132078.3593511       -3181818.18181818       4.530027181146949E-006
   13132078.3593511       -2929292.92929293       5.515003050694273E-006
   13132078.3593511       -2676767.67676768       6.663149787605677E-006
   13132078.3593511       -2424242.42424242       7.988179235146016E-006
   13132078.3593511       -2171717.17171717       9.501247808111111E-006
   13132078.3593511       -1919191.91919192       1.121026548828795E-005
   13132078.3593511       -1666666.66666667       1.311942344126552E-005
   13132078.3593511       -1414141.41414141       1.522894117948983E-005
   13132078.3593511       -1161616.16161616       1.753498141136519E-005
   13132078.3593511       -909090.909090910       2.002964855993179E-005
   13132078.3593511       -656565.656565657       2.270098148512366E-005
   13132078.3593511       -404040.404040404       2.553286403704405E-005
   13132078.3593511       -151515.151515152       2.850479664717352E-005
   13132078.3593511        101010.101010101       3.159149835810670E-005
   13132078.3593511        353535.353535354       3.476236113922484E-005
   13132078.3593511        606060.606060605       3.798088220844772E-005
   13132078.3593511        858585.858585859       4.120435041934530E-005
   13132078.3593511        1111111.11111111       4.438418969078599E-005
   13132078.3593511        1363636.36363636       4.746733889998204E-005
   13132078.3593511        1616161.61616162       5.039876626996325E-005
   13132078.3593511        1868686.86868687       5.312470225997974E-005
   13132078.3593511        2121212.12121212       5.559564210367642E-005
   13132078.3593511        2373737.37373737       5.776793772825546E-005
   13132078.3593511        2626262.62626263       5.960309672130897E-005
   13132078.3593511        2878787.87878788       6.106469204888135E-005
   13132078.3593511        3131313.13131313       6.211374949168700E-005
   13132078.3593511        3383838.38383838       6.270423725168159E-005
   13132078.3593511        3636363.63636364       6.278061266985974E-005
   13132078.3593511        3888888.88888889       6.227927659013004E-005
   13132078.3593511        4141414.14141414       6.113526744605958E-005
   13132078.3593511        4393939.39393939       5.929444711696217E-005
   13132078.3593511        4646464.64646465       5.672960227727108E-005
   13132078.3593511        4898989.89898990       5.345659576883768E-005
   13132078.3593511        5151515.15151515       4.954509740480501E-005
   13132078.3593511        5404040.40404040       4.511900975115035E-005
   13132078.3593511        5656565.65656566       4.034498579021493E-005
   13132078.3593511        5909090.90909091       3.541195489828562E-005
   13132078.3593511        6161616.16161616       3.050772241370137E-005
   13132078.3593511        6414141.41414141       2.579881925500107E-005
   13132078.3593511        6666666.66666667       2.141735694522282E-005
   13132078.3593511        6919191.91919192       1.745556607307265E-005
   13132078.3593511        7171717.17171717       1.396654525180893E-005
   13132078.3593511        7424242.42424243       1.096897490199684E-005
   13132078.3593511        7676767.67676768       8.453760836146115E-006
   13132078.3593511        7929292.92929293       6.391170731856884E-006
   13132078.3593511        8181818.18181818       4.737607250220534E-006
   13132078.3593511        8434343.43434343       3.441571686012141E-006
   13132078.3593511        8686868.68686869       2.448615572743351E-006
   13132078.3593511        8939393.93939394       1.705213000215941E-006
   13132078.3593511        9191919.19191919       1.161567866380286E-006
   13132078.3593511        9444444.44444444       7.734293685741164E-007
   13132078.3593511        9696969.69696970       5.030367227344608E-007
   13132078.3593511        9949494.94949495       3.193498211404773E-007
   13132078.3593511        10202020.2020202       1.977423864162553E-007
   13132078.3593511        10454545.4545455       1.193358569942216E-007
   13132078.3593511        10707070.7070707       7.013688615112378E-008
   13132078.3593511        10959595.9595960       4.011318093719540E-008
   13132078.3593511        11212121.2121212       2.230736000188916E-008
   13132078.3593511        11464646.4646465       1.205256731135380E-008
   13132078.3593511        11717171.7171717       6.321575437919444E-009
   13132078.3593511        11969696.9696970       3.216051489444571E-009
   13132078.3593511        12222222.2222222       1.585631075592088E-009
   13132078.3593511        12474747.4747475       7.569746648749190E-010
   13132078.3593511        12727272.7272727       3.495917556032793E-010
   13132078.3593511        12979797.9797980       1.560297719964585E-010
   13132078.3593511        13232323.2323232       6.722139182144172E-011
   13132078.3593511        13484848.4848485       2.790934203062194E-011
   13132078.3593511        13737373.7373737       1.113456917126545E-011
   13132078.3593511        13989898.9898990       4.240250206270966E-012
   13132078.3593511        14242424.2424242       1.512582176806129E-012
   13132078.3593511        14494949.4949495       4.722330653510565E-013
   13132078.3593511        14747474.7474747       8.494239205579240E-014
   13132078.3593511        15000000.0000000       0.000000000000000E+000
   13536118.7633915       -10000000.0000000       0.000000000000000E+000
   13536118.7633915       -9747474.74747475       8.355260134954205E-011
   13536118.7633915       -9494949.49494950       2.325689345709669E-010
   13536118.7633915       -9242424.24242424       4.955720304224899E-010
   13536118.7633915       -8989898.98989899       9.519889474994198E-010
   13536118.7633915       -8737373.73737374       1.727917614576491E-009
   13536118.7633915       -8484848.48484848       3.018152703583675E-009
   13536118.7633915       -8232323.23232323       5.115615166842185E-009
   13536118.7633915       -7979797.97979798       8.449252951207034E-009
   13536118.7633915       -7727272.72727273       1.363101971668578E-008
   13536118.7633915       -7474747.47474748       2.151180393586790E-008
   13536118.7633915       -7222222.22222222       3.324521175213941E-008
   13536118.7633915       -6969696.96969697       5.035702105318462E-008
   13536118.7633915       -6717171.71717172       7.481714991235809E-008
   13536118.7633915       -6464646.46464646       1.091104710627238E-007
   13536118.7633915       -6212121.21212121       1.563032076428736E-007
   13536118.7633915       -5959595.95959596       2.201034278570719E-007
   13536118.7633915       -5707070.70707071       3.049175886110595E-007
   13536118.7633915       -5454545.45454546       4.159098826230025E-007
   13536118.7633915       -5202020.20202020       5.590760168405574E-007
   13536118.7633915       -4949494.94949495       7.413452910417835E-007
   13536118.7633915       -4696969.69696970       9.707206127351654E-007
   13536118.7633915       -4444444.44444444       1.256451992482709E-006
   13536118.7633915       -4191919.19191919       1.609215267430691E-006
   13536118.7633915       -3939393.93939394       2.041240938225262E-006
   13536118.7633915       -3686868.68686869       2.566320549954462E-006
   13536118.7633915       -3434343.43434343       3.199622031893132E-006
   13536118.7633915       -3181818.18181818       3.957274135410471E-006
   13536118.7633915       -2929292.92929293       4.855725303642347E-006
   13536118.7633915       -2676767.67676768       5.910929444333942E-006
   13536118.7633915       -2424242.42424242       7.137447239904455E-006
   13536118.7633915       -2171717.17171717       8.547569100947928E-006
   13536118.7633915       -1919191.91919192       1.015056096613741E-005
   13536118.7633915       -1666666.66666667       1.195210606277876E-005
   13536118.7633915       -1414141.41414141       1.395396880640092E-005
   13536118.7633915       -1161616.16161616       1.615385351492499E-005
   13536118.7633915       -909090.909090910       1.854538779006971E-005
   13536118.7633915       -656565.656565657       2.111814098785223E-005
   13536118.7633915       -404040.404040404       2.385759239021790E-005
   13536118.7633915       -151515.151515152       2.674498172730181E-005
   13536118.7633915        101010.101010101       2.975699949316914E-005
   13536118.7633915        353535.353535354       3.286531405768003E-005
   13536118.7633915        606060.606060605       3.603600817089876E-005
   13536118.7633915        858585.858585859       3.922911986856032E-005
   13536118.7633915        1111111.11111111       4.239861679043833E-005
   13536118.7633915        1363636.36363636       4.549318223619237E-005
   13536118.7633915        1616161.61616162       4.845803958272003E-005
   13536118.7633915        1868686.86868687       5.123764792328521E-005
   13536118.7633915        2121212.12121212       5.377858652460757E-005
   13536118.7633915        2373737.37373737       5.603157901558949E-005
   13536118.7633915        2626262.62626263       5.795166729293868E-005
   13536118.7633915        2878787.87878788       5.949612321282682E-005
   13536118.7633915        3131313.13131313       6.062060354451226E-005
   13536118.7633915        3383838.38383838       6.127495857839611E-005
   13536118.7633915        3636363.63636364       6.140068510903221E-005
   13536118.7633915        3888888.88888889       6.093212085042561E-005
   13536118.7633915        4141414.14141414       5.980303347775104E-005
   13536118.7633915        4393939.39393939       5.795909459403800E-005
   13536118.7633915        4646464.64646465       5.537467975081679E-005
   13536118.7633915        4898989.89898990       5.206983706029514E-005
   13536118.7633915        5151515.15151515       4.812140321230683E-005
   13536118.7633915        5404040.40404040       4.366285664935572E-005
   13536118.7633915        5656565.65656566       3.887120815553752E-005
   13536118.7633915        5909090.90909091       3.394435339923225E-005
   13536118.7633915        6161616.16161616       2.907578769471249E-005
   13536118.7633915        6414141.41414141       2.443350973790608E-005
   13536118.7633915        6666666.66666667       2.014702260388084E-005
   13536118.7633915        6919191.91919192       1.630282789742853E-005
   13536118.7633915        7171717.17171717       1.294649070232430E-005
   13536118.7633915        7424242.42424243       1.008864422378683E-005
   13536118.7633915        7676767.67676768       7.712670961905592E-006
   13536118.7633915        7929292.92929293       5.782539601824592E-006
   13536118.7633915        8181818.18181818       4.249949808426202E-006
   13536118.7633915        8434343.43434343       3.060392392050709E-006
   13536118.7633915        8686868.68686869       2.157991519578564E-006
   13536118.7633915        8939393.93939394       1.489131721352646E-006
   13536118.7633915        9191919.19191919       1.004947637607062E-006
   13536118.7633915        9444444.44444444       6.628035436464785E-007
   13536118.7633915        9696969.69696970       4.269250526448205E-007
   13536118.7633915        9949494.94949495       2.683675718768273E-007
   13536118.7633915        10202020.2020202       1.645125312220248E-007
   13536118.7633915        10454545.4545455       9.827226587429479E-008
   13536118.7633915        10707070.7070707       5.716002604612772E-008
   13536118.7633915        10959595.9595960       3.234773900399140E-008
   13536118.7633915        11212121.2121212       1.779673574700763E-008
   13536118.7633915        11464646.4646465       9.511098143003404E-009
   13536118.7633915        11717171.7171717       4.933528417113241E-009
   13536118.7633915        11969696.9696970       2.481744645563911E-009
   13536118.7633915        12222222.2222222       1.209640896886916E-009
   13536118.7633915        12474747.4747475       5.707838654410571E-010
   13536118.7633915        12727272.7272727       2.604955924196424E-010
   13536118.7633915        12979797.9797980       1.148695892114967E-010
   13536118.7633915        13232323.2323232       4.888430514763790E-011
   13536118.7633915        13484848.4848485       2.004363674979252E-011
   13536118.7633915        13737373.7373737       7.894959342209199E-012
   13536118.7633915        13989898.9898990       2.967091555397398E-012
   13536118.7633915        14242424.2424242       1.043256507535199E-012
   13536118.7633915        14494949.4949495       3.191539260335340E-013
   13536118.7633915        14747474.7474747       5.262580360049147E-014
   13536118.7633915        15000000.0000000       0.000000000000000E+000
   13946280.9917355       -10000000.0000000       0.000000000000000E+000
   13946280.9917355       -9747474.74747475       5.566721907072215E-011
   13946280.9917355       -9494949.49494950       1.559175294961562E-010
   13946280.9917355       -9242424.24242424       3.347879602402707E-010
   13946280.9917355       -8989898.98989899       6.488410641278652E-010
   13946280.9917355       -8737373.73737374       1.189182203121250E-009
   13946280.9917355       -8484848.48484848       2.098632863122688E-009
   13946280.9917355       -8232323.23232323       3.595192184542073E-009
   13946280.9917355       -7979797.97979798       6.002983297073213E-009
   13946280.9917355       -7727272.72727273       9.791627127541421E-009
   13946280.9917355       -7474747.47474748       1.562449700227161E-008
   13946280.9917355       -7222222.22222222       2.441558752261449E-008
   13946280.9917355       -6969696.96969697       3.739384485918612E-008
   13946280.9917355       -6717171.71717172       5.617291006824581E-008
   13946280.9917355       -6464646.46464646       8.282359280620512E-008
   13946280.9917355       -6212121.21212121       1.199463993922069E-007
   13946280.9917355       -5959595.95959596       1.707425156559828E-007
   13946280.9917355       -5707070.70707071       2.390841115658023E-007
   13946280.9917355       -5454545.45454546       3.295886025028559E-007
   13946280.9917355       -5202020.20202020       4.477056436487027E-007
   13946280.9917355       -4949494.94949495       5.998279919521996E-007
   13946280.9917355       -4696969.69696970       7.934346467298096E-007
   13946280.9917355       -4444444.44444444       1.037263647544833E-006
   13946280.9917355       -4191919.19191919       1.341491988976248E-006
   13946280.9917355       -3939393.93939394       1.717876115788071E-006
   13946280.9917355       -3686868.68686869       2.179788601783038E-006
   13946280.9917355       -3434343.43434343       2.742085763669662E-006
   13946280.9917355       -3181818.18181818       3.420761642297361E-006
   13946280.9917355       -2929292.92929293       4.232380952586281E-006
   13946280.9917355       -2676767.67676768       5.193326048151637E-006
   13946280.9917355       -2424242.42424242       6.318929475021212E-006
   13946280.9917355       -2171717.17171717       7.622586651638070E-006
   13946280.9917355       -1919191.91919192       9.114948149702216E-006
   13946280.9917355       -1666666.66666667       1.080327541433668E-005
   13946280.9917355       -1414141.41414141       1.269100804712586E-005
   13946280.9917355       -1161616.16161616       1.477754180036960E-005
   13946280.9917355       -909090.909090910       1.705816811221168E-005
   13946280.9917355       -656565.656565657       1.952409370565669E-005
   13946280.9917355       -404040.404040404       2.216245023434831E-005
   13946280.9917355       -151515.151515152       2.495621544232055E-005
   13946280.9917355        101010.101010101       2.788399006518592E-005
   13946280.9917355        353535.353535354       3.091960752292324E-005
   13946280.9917355        606060.606060605       3.403160922507235E-005
   13946280.9917355        858585.858585859       3.718271291781401E-005
   13946280.9917355        1111111.11111111       4.032952490440025E-005
   13946280.9917355        1363636.36363636       4.342283669004495E-005
   13946280.9917355        1616161.61616162       4.640879830324097E-005
   13946280.9917355        1868686.86868687       4.923099479909740E-005
   13946280.9917355        2121212.12121212       5.183300701885162E-005
   13946280.9917355        2373737.37373737       5.416060805063636E-005
   13946280.9917355        2626262.62626263       5.616261087558730E-005
   13946280.9917355        2878787.87878788       5.778973180636016E-005
   13946280.9917355        3131313.13131313       5.899162877303334E-005
   13946280.9917355        3383838.38383838       5.971324384742278E-005
   13946280.9917355        3636363.63636364       5.989237645939832E-005
   13946280.9917355        3888888.88888889       5.946076060624477E-005
   13946280.9917355        4141414.14141414       5.835061003631346E-005
   13946280.9917355        4393939.39393939       5.650739205247687E-005
   13946280.9917355        4646464.64646465       5.390731976437254E-005
   13946280.9917355        4898989.89898990       5.057511036306100E-005
   13946280.9917355        5151515.15151515       4.659540268903503E-005
   13946280.9917355        5404040.40404040       4.211187204634933E-005
   13946280.9917355        5656565.65656566       3.731227648537333E-005
   13946280.9917355        5909090.90909091       3.240345654802029E-005
   13946280.9917355        6161616.16161616       2.758411322674886E-005
   13946280.9917355        6414141.41414141       2.302286514032836E-005
   13946280.9917355        6666666.66666667       1.884559410196106E-005
   13946280.9917355        6919191.91919192       1.513210876999093E-005
   13946280.9917355        7171717.17171717       1.191968837090155E-005
   13946280.9917355        7424242.42424243       9.210462482832819E-006
   13946280.9917355        7676767.67676768       6.980140384228499E-006
   13946280.9917355        7929292.92929293       5.186506136853823E-006
   13946280.9917355        8181818.18181818       3.776863888171763E-006
   13946280.9917355        8434343.43434343       2.694114608437482E-006
   13946280.9917355        8686868.68686869       1.881414627984487E-006
   13946280.9917355        8939393.93939394       1.285497576656770E-006
   13946280.9917355        9191919.19191919       8.588055056265159E-007
   13946280.9917355        9444444.44444444       5.606103160699169E-007
   13946280.9917355        9696969.69696970       3.573269180888480E-007
   13946280.9917355        9949494.94949495       2.222265005845727E-007
   13946280.9917355        10202020.2020202       1.347506885152187E-007
   13946280.9917355        10454545.4545455       7.960565424122508E-008
   13946280.9917355        10707070.7070707       4.578265436859053E-008
   13946280.9917355        10959595.9595960       2.561311101196063E-008
   13946280.9917355        11212121.2121212       1.392778540375265E-008
   13946280.9917355        11464646.4646465       7.355428476847083E-009
   13946280.9917355        11717171.7171717       3.769478145584327E-009
   13946280.9917355        11969696.9696970       1.872990542266185E-009
   13946280.9917355        12222222.2222222       9.015625895052155E-010
   13946280.9917355        12474747.4747475       4.200248206365999E-010
   13946280.9917355        12727272.7272727       1.892198726364992E-010
   13946280.9917355        12979797.9797980       8.234354943294798E-011
   13946280.9917355        13232323.2323232       3.457340254987089E-011
   13946280.9917355        13484848.4848485       1.398231992897868E-011
   13946280.9917355        13737373.7373737       5.430517114651931E-012
   13946280.9917355        13989898.9898990       2.011285132108392E-012
   13946280.9917355        14242424.2424242       6.958279260868470E-013
   13946280.9917355        14494949.4949495       2.078553840170686E-013
   13946280.9917355        14747474.7474747       3.041157409081413E-014
   13946280.9917355        15000000.0000000       0.000000000000000E+000
   14362565.0443832       -10000000.0000000       0.000000000000000E+000
   14362565.0443832       -9747474.74747475       3.614208233555894E-011
   14362565.0443832       -9494949.49494950       1.019166281216123E-010
   14362565.0443832       -9242424.24242424       2.206431899716728E-010
   14362565.0443832       -8989898.98989899       4.316954562247210E-010
   14362565.0443832       -8737373.73737374       7.994550191666632E-010
   14362565.0443832       -8484848.48484848       1.426403769648376E-009
   14362565.0443832       -8232323.23232323       2.471410808218433E-009
   14362565.0443832       -7979797.97979798       4.174428476626406E-009
   14362565.0443832       -7727272.72727273       6.888720742540144E-009
   14362565.0443832       -7474747.47474748       1.112146740545264E-008
   14362565.0443832       -7222222.22222222       1.758310204962609E-008
   14362565.0443832       -6969696.96969697       2.724507398108332E-008
   14362565.0443832       -6717171.71717172       4.140497202365607E-008
   14362565.0443832       -6464646.46464646       6.175730669082494E-008
   14362565.0443832       -6212121.21212121       9.046801922036935E-008
   14362565.0443832       -5959595.95959596       1.302513463237621E-007
   14362565.0443832       -5707070.70707071       1.844493494641399E-007
   14362565.0443832       -5454545.45454546       2.571172613995681E-007
   14362565.0443832       -5202020.20202020       3.531211929159815E-007
   14362565.0443832       -4949494.94949495       4.782570129020572E-007
   14362565.0443832       -4696969.69696970       6.393976099896163E-007
   14362565.0443832       -4444444.44444444       8.446672899526542E-007
   14362565.0443832       -4191919.19191919       1.103625660442214E-006
   14362565.0443832       -3939393.93939394       1.427422246928524E-006
   14362565.0443832       -3686868.68686869       1.828865368346712E-006
   14362565.0443832       -3434343.43434343       2.322344034343449E-006
   14362565.0443832       -3181818.18181818       2.923555081516999E-006
   14362565.0443832       -2929292.92929293       3.649017099767503E-006
   14362565.0443832       -2676767.67676768       4.515389793368920E-006
   14362565.0443832       -2424242.42424242       5.538652967338339E-006
   14362565.0443832       -2171717.17171717       6.733225997613644E-006
   14362565.0443832       -1919191.91919192       8.111121437273669E-006
   14362565.0443832       -1666666.66666667       9.681221779117399E-006
   14362565.0443832       -1414141.41414141       1.144874451842936E-005
   14362565.0443832       -1161616.16161616       1.341491998514596E-005
   14362565.0443832       -909090.909090910       1.557685820086448E-005
   14362565.0443832       -656565.656565657       1.792753962087976E-005
   14362565.0443832       -404040.404040404       2.045584246277627E-005
   14362565.0443832       -151515.151515152       2.314651975889397E-005
   14362565.0443832        101010.101010101       2.598005663659919E-005
   14362565.0443832        353535.353535354       2.893236669154481E-005
   14362565.0443832        606060.606060605       3.197432960814849E-005
   14362565.0443832        858585.858585859       3.507124368994128E-005
   14362565.0443832        1111111.11111111       3.818237093586073E-005
   14362565.0443832        1363636.36363636       4.126085607346169E-005
   14362565.0443832        1616161.61616162       4.425432460607514E-005
   14362565.0443832        1868686.86868687       4.710631697873210E-005
   14362565.0443832        2121212.12121212       4.975837250078915E-005
   14362565.0443832        2373737.37373737       5.215215126936543E-005
   14362565.0443832        2626262.62626263       5.423071370394188E-005
   14362565.0443832        2878787.87878788       5.593820855471102E-005
   14362565.0443832        3131313.13131313       5.721783718113906E-005
   14362565.0443832        3383838.38383838       5.800891160769470E-005
   14362565.0443832        3636363.63636364       5.824477800564233E-005
   14362565.0443832        3888888.88888889       5.785396633348137E-005
   14362565.0443832        4141414.14141414       5.676680119191458E-005
   14362565.0443832        4393939.39393939       5.492851556735167E-005
   14362565.0443832        4646464.64646465       5.231743067968052E-005
   14362565.0443832        4898989.89898990       4.896345550204411E-005
   14362565.0443832        5151515.15151515       4.495968746915436E-005
   14362565.0443832        5404040.40404040       4.046058683623019E-005
   14362565.0443832        5656565.65656566       3.566493927868133E-005
   14362565.0443832        5909090.90909091       3.078832894864581E-005
   14362565.0443832        6161616.16161616       2.603396188887911E-005
   14362565.0443832        6414141.41414141       2.157002489025086E-005
   14362565.0443832        6666666.66666667       1.751761737970031E-005
   14362565.0443832        6919191.91919192       1.394882148973971E-005
   14362565.0443832        7171717.17171717       1.089188771229655E-005
   14362565.0443832        7424242.42424243       8.340057737575293E-006
   14362565.0443832        7676767.67676768       6.261328314657799E-006
   14362565.0443832        7929292.92929293       4.607537722981487E-006
   14362565.0443832        8181818.18181818       3.322020244200488E-006
   14362565.0443832        8434343.43434343       2.345605874053750E-006
   14362565.0443832        8686868.68686869       1.621013984622640E-006
   14362565.0443832        8939393.93939394       1.095809297990206E-006
   14362565.0443832        9191919.19191919       7.241363513959130E-007
   14362565.0443832        9444444.44444444       4.674662836288014E-007
   14362565.0443832        9696969.69696970       2.945924055178053E-007
   14362565.0443832        9949494.94949495       1.811014225767044E-007
   14362565.0443832        10202020.2020202       1.085253304054599E-007
   14362565.0443832        10454545.4545455       6.334641323778972E-008
   14362565.0443832        10707070.7070707       3.598823783473587E-008
   14362565.0443832        10959595.9595960       1.988411334038957E-008
   14362565.0443832        11212121.2121212       1.067608272595436E-008
   14362565.0443832        11464646.4646465       5.565753532717025E-009
   14362565.0443832        11717171.7171717       2.815020377097930E-009
   14362565.0443832        11969696.9696970       1.380117021464179E-009
   14362565.0443832        12222222.2222222       6.553130789951291E-010
   14362565.0443832        12474747.4747475       3.010851906280371E-010
   14362565.0443832        12727272.7272727       1.337294428045987E-010
   14362565.0443832        12979797.9797980       5.736073450912715E-011
   14362565.0443832        13232323.2323232       2.373144319751804E-011
   14362565.0443832        13484848.4848485       9.454062527710414E-012
   14362565.0443832        13737373.7373737       3.615473568143574E-012
   14362565.0443832        13989898.9898990       1.317596445708325E-012
   14362565.0443832        14242424.2424242       4.476252450572741E-013
   14362565.0443832        14494949.4949495       1.299985430156052E-013
   14362565.0443832        14747474.7474747       1.598209073087146E-014
   14362565.0443832        15000000.0000000       0.000000000000000E+000
   14784970.9213346       -10000000.0000000       0.000000000000000E+000
   14784970.9213346       -9747474.74747475       2.283082159836649E-011
   14784970.9213346       -9494949.49494950       6.485565914286933E-011
   14784970.9213346       -9242424.24242424       1.416552202582443E-010
   14784970.9213346       -8989898.98989899       2.799815949325955E-010
   14784970.9213346       -8737373.73737374       5.242700608568212E-010
   14784970.9213346       -8484848.48484848       9.463849513645898E-010
   14784970.9213346       -8232323.23232323       1.659537421480436E-009
   14784970.9213346       -7979797.97979798       2.837525160036043E-009
   14784970.9213346       -7727272.72727273       4.740471395024539E-009
   14784970.9213346       -7474747.47474748       7.748128796456935E-009
   14784970.9213346       -7222222.22222222       1.240153376791288E-008
   14784970.9213346       -6969696.96969697       1.945334421599173E-008
   14784970.9213346       -6717171.71717172       2.992661990367424E-008
   14784970.9213346       -6464646.46464646       4.518123967559247E-008
   14784970.9213346       -6212121.21212121       6.698682156746157E-008
   14784970.9213346       -5959595.95959596       9.760123014086702E-008
   14784970.9213346       -5707070.70707071       1.398548331460140E-007
   14784970.9213346       -5454545.45454546       1.972427337982224E-007
   14784970.9213346       -5202020.20202020       2.740298809384721E-007
   14784970.9213346       -4949494.94949495       3.753760077597333E-007
   14784970.9213346       -4696969.69696970       5.074865347160396E-007
   14784970.9213346       -4444444.44444444       6.777892428862080E-007
   14784970.9213346       -4191919.19191919       8.951232544326761E-007
   14784970.9213346       -3939393.93939394       1.169908599488742E-006
   14784970.9213346       -3686868.68686869       1.514247576387419E-006
   14784970.9213346       -3434343.43434343       1.941901362161853E-006
   14784970.9213346       -3181818.18181818       2.468092473583702E-006
   14784970.9213346       -2929292.92929293       3.109105508316887E-006
   14784970.9213346       -2676767.67676768       3.881689782905515E-006
   14784970.9213346       -2424242.42424242       4.802300734719298E-006
   14784970.9213346       -2171717.17171717       5.886245602830576E-006
   14784970.9213346       -1919191.91919192       7.146817674772867E-006
   14784970.9213346       -1666666.66666667       8.594508077204074E-006
   14784970.9213346       -1414141.41414141       1.023637156212767E-005
   14784970.9213346       -1161616.16161616       1.207559246043576E-005
   14784970.9213346       -909090.909090910       1.411125370135217E-005
   14784970.9213346       -656565.656565657       1.633826655512047E-005
   14784970.9213346       -404040.404040404       1.874738512381852E-005
   14784970.9213346       -151515.151515152       2.132521663959338E-005
   14784970.9213346        101010.101010101       2.405414638299262E-005
   14784970.9213346        353535.353535354       2.691211874018757E-005
   14784970.9213346        606060.606060605       2.987225114405843E-005
   14784970.9213346        858585.858585859       3.290231231394738E-005
   14784970.9213346        1111111.11111111       3.596417916579536E-005
   14784970.9213346        1363636.36363636       3.901348673231971E-005
   14784970.9213346        1616161.61616162       4.199975053585761E-005
   14784970.9213346        1868686.86868687       4.486718787370431E-005
   14784970.9213346        2121212.12121212       4.755623370804074E-005
   14784970.9213346        2373737.37373737       5.000537836355902E-005
   14784970.9213346        2626262.62626263       5.215262260114524E-005
   14784970.9213346        2878787.87878788       5.393579867303545E-005
   14784970.9213346        3131313.13131313       5.529142157507644E-005
   14784970.9213346        3383838.38383838       5.615258760306514E-005
   14784970.9213346        3636363.63636364       5.644747081033409E-005
   14784970.9213346        3888888.88888889       5.610077006746981E-005
   14784970.9213346        4141414.14141414       5.504054545508717E-005
   14784970.9213346        4393939.39393939       5.321174916490310E-005
   14784970.9213346        4646464.64646465       5.059509718332818E-005
   14784970.9213346        4898989.89898990       4.722624172243424E-005
   14784970.9213346        5151515.15151515       4.320739768800455E-005
   14784970.9213346        5404040.40404040       3.870433382346900E-005
   14784970.9213346        5656565.65656566       3.392699127903810E-005
   14784970.9213346        5909090.90909091       2.909927019296328E-005
   14784970.9213346        6161616.16161616       2.442792762780022E-005
   14784970.9213346        6414141.41414141       2.007944536738449E-005
   14784970.9213346        6666666.66666667       1.616883615792795E-005
   14784970.9213346        6919191.91919192       1.275937619022328E-005
   14784970.9213346        7171717.17171717       9.869587990966533E-006
   14784970.9213346        7424242.42424243       7.483549052820213E-006
   14784970.9213346        7676767.67676768       5.561645400401374E-006
   14784970.9213346        7929292.92929293       4.050154103700824E-006
   14784970.9213346        8181818.18181818       2.888994282741318E-006
   14784970.9213346        8434343.43434343       2.017543568905951E-006
   14784970.9213346        8686868.68686869       1.378681083567998E-006
   14784970.9213346        8939393.93939394       9.213182031123573E-007
   14784970.9213346        9191919.19191919       6.017040704207576E-007
   14784970.9213346        9444444.44444444       3.837888697912978E-007
   14784970.9213346        9696969.69696970       2.389106008357225E-007
   14784970.9213346        9949494.94949495       1.450441383514483E-007
   14784970.9213346        10202020.2020202       8.581565593601867E-008
   14784970.9213346        10454545.4545455       4.944322717755389E-008
   14784970.9213346        10707070.7070707       2.771955819960583E-008
   14784970.9213346        10959595.9595960       1.510996269747491E-008
   14784970.9213346        11212121.2121212       8.001834459448655E-009
   14784970.9213346        11464646.4646465       4.113478160850972E-009
   14784970.9213346        11717171.7171717       2.050968899183819E-009
   14784970.9213346        11969696.9696970       9.909858769060150E-010
   14784970.9213346        12222222.2222222       4.636096039026860E-010
   14784970.9213346        12474747.4747475       2.098062838365736E-010
   14784970.9213346        12727272.7272727       9.175918631877843E-011
   14784970.9213346        12979797.9797980       3.874285728439080E-011
   14784970.9213346        13232323.2323232       1.577274097375849E-011
   14784970.9213346        13484848.4848485       6.180771745953620E-012
   14784970.9213346        13737373.7373737       2.323918101911840E-012
   14784970.9213346        13989898.9898990       8.319371749310694E-013
   14784970.9213346        14242424.2424242       2.769087427655504E-013
   14784970.9213346        14494949.4949495       7.775500671618134E-014
   14784970.9213346        14747474.7474747       7.232573912234884E-015
   14784970.9213346        15000000.0000000       0.000000000000000E+000
   15213498.6225895       -10000000.0000000       0.000000000000000E+000
   15213498.6225895       -9747474.74747475       1.400828696561386E-011
   15213498.6225895       -9494949.49494950       4.011390411088901E-011
   15213498.6225895       -9242424.24242424       8.845206482922899E-011
   15213498.6225895       -8989898.98989899       1.767358288399465E-010
   15213498.6225895       -8737373.73737374       3.348714703216655E-010
   15213498.6225895       -8484848.48484848       6.120315098091461E-010
   15213498.6225895       -8232323.23232323       1.086983021854165E-009
   15213498.6225895       -7979797.97979798       1.882701458882525E-009
   15213498.6225895       -7727272.72727273       3.186405693557762E-009
   15213498.6225895       -7474747.47474748       5.276162962292553E-009
   15213498.6225895       -7222222.22222222       8.555099871106897E-009
   15213498.6225895       -6969696.96969697       1.359399756364913E-008
   15213498.6225895       -6717171.71717172       2.118266274167233E-008
   15213498.6225895       -6464646.46464646       3.239002973494848E-008
   15213498.6225895       -6212121.21212121       4.863262216944737E-008
   15213498.6225895       -5959595.95959596       7.175102794366956E-008
   15213498.6225895       -5707070.70707071       1.040946925027319E-007
   15213498.6225895       -5454545.45454546       1.486167800825715E-007
   15213498.6225895       -5202020.20202020       2.089828954185083E-007
   15213498.6225895       -4949494.94949495       2.896992160396445E-007
   15213498.6225895       -4696969.69696970       3.962652988570719E-007
   15213498.6225895       -4444444.44444444       5.353522082278684E-007
   15213498.6225895       -4191919.19191919       7.149960849294162E-007
   15213498.6225895       -3939393.93939394       9.447817735402102E-007
   15213498.6225895       -3686868.68686869       1.235975125935305E-006
   15213498.6225895       -3434343.43434343       1.601552781722591E-006
   15213498.6225895       -3181818.18181818       2.056080061075478E-006
   15213498.6225895       -2929292.92929293       2.615402444540652E-006
   15213498.6225895       -2676767.67676768       3.296141028853921E-006
   15213498.6225895       -2424242.42424242       4.115012084101158E-006
   15213498.6225895       -2171717.17171717       5.088019746938852E-006
   15213498.6225895       -1919191.91919192       6.229593771485181E-006
   15213498.6225895       -1666666.66666667       7.551756509176247E-006
   15213498.6225895       -1414141.41414141       9.063400980264952E-006
   15213498.6225895       -1161616.16161616       1.076974266258638E-005
   15213498.6225895       -909090.909090910       1.267197268697155E-005
   15213498.6225895       -656565.656565657       1.476709638334992E-005
   15213498.6225895       -404040.404040404       1.704790040084163E-005
   15213498.6225895       -151515.151515152       1.950296583298920E-005
   15213498.6225895        101010.101010101       2.211663978365543E-005
   15213498.6225895        353535.353535354       2.486889165309327E-005
   15213498.6225895        606060.606060605       2.773500851221909E-005
   15213498.6225895        858585.858585859       3.068512690604662E-005
   15213498.6225895        1111111.11111111       3.368366318752310E-005
   15213498.6225895        1363636.36363636       3.668879140047232E-005
   15213498.6225895        1616161.61616162       3.965219951523168E-005
   15213498.6225895        1868686.86868687       4.251936822128500E-005
   15213498.6225895        2121212.12121212       4.523049054484523E-005
   15213498.6225895        2373737.37373737       4.772187125147168E-005
   15213498.6225895        2626262.62626263       4.992731529557587E-005
   15213498.6225895        2878787.87878788       5.177884870344430E-005
   15213498.6225895        3131313.13131313       5.320633900147395E-005
   15213498.6225895        3383838.38383838       5.413628492862249E-005
   15213498.6225895        3636363.63636364       5.449107521939304E-005
   15213498.6225895        3888888.88888889       5.419097415434435E-005
   15213498.6225895        4141414.14141414       5.316138838042654E-005
   15213498.6225895        4393939.39393939       5.134693437409514E-005
   15213498.6225895        4646464.64646465       4.873102178952630E-005
   15213498.6225895        4898989.89898990       4.535561247219694E-005
   15213498.6225895        5151515.15151515       4.133267334375205E-005
   15213498.6225895        5404040.40404040       3.683969836446715E-005
   15213498.6225895        5656565.65656566       3.209770586983151E-005
   15213498.6225895        5909090.90909091       2.733820518136919E-005
   15213498.6225895        6161616.16161616       2.277025998371342E-005
   15213498.6225895        6414141.41414141       1.855714146353402E-005
   15213498.6225895        6666666.66666667       1.480634402478967E-005
   15213498.6225895        6919191.91919192       1.157124785681655E-005
   15213498.6225895        7171717.17171717       8.860035373791090E-006
   15213498.6225895        7424242.42424243       6.647492736613375E-006
   15213498.6225895        7676767.67676768       4.886669998946969E-006
   15213498.6225895        7929292.92929293       3.518832528702241E-006
   15213498.6225895        8181818.18181818       2.481174701692167E-006
   15213498.6225895        8434343.43434343       1.712336575777001E-006
   15213498.6225895        8686868.68686869       1.156009160921030E-006
   15213498.6225895        8939393.93939394       7.629859007926322E-007
   15213498.6225895        9191919.19191919       4.920156471819553E-007
   15213498.6225895        9444444.44444444       3.097833280551954E-007
   15213498.6225895        9696969.69696970       1.903056911311896E-007
   15213498.6225895        9949494.94949495       1.139851301743580E-007
   15213498.6225895        10202020.2020202       6.651610205471694E-008
   15213498.6225895        10454545.4545455       3.778845813704268E-008
   15213498.6225895        10707070.7070707       2.088379998613588E-008
   15213498.6225895        10959595.9595960       1.121849936302857E-008
   15213498.6225895        11212121.2121212       5.853080653392415E-009
   15213498.6225895        11464646.4646465       2.963471622755351E-009
   15213498.6225895        11717171.7171717       1.454847331952759E-009
   15213498.6225895        11969696.9696970       6.919251398837530E-010
   15213498.6225895        12222222.2222222       3.185219929270432E-010
   15213498.6225895        12474747.4747475       1.417938351779353E-010
   15213498.6225895        12727272.7272727       6.098033588688409E-011
   15213498.6225895        12979797.9797980       2.530893673045562E-011
   15213498.6225895        13232323.2323232       1.012416924038500E-011
   15213498.6225895        13484848.4848485       3.896458605363480E-012
   15213498.6225895        13737373.7373737       1.438028491071861E-012
   15213498.6225895        13989898.9898990       5.047507595686922E-013
   15213498.6225895        14242424.2424242       1.641660367906091E-013
   15213498.6225895        14494949.4949495       4.424914036332758E-014
   15213498.6225895        14747474.7474747       2.382090869553401E-015
   15213498.6225895        15000000.0000000       0.000000000000000E+000
   15648148.1481481       -10000000.0000000       0.000000000000000E+000
   15648148.1481481       -9747474.74747475       8.332869735998541E-012
   15648148.1481481       -9494949.49494950       2.407221499986010E-011
   15648148.1481481       -9242424.24242424       5.362538217620653E-011
   15648148.1481481       -8989898.98989899       1.084019620240837E-010
   15648148.1481481       -8737373.73737374       2.079964036871982E-010
   15648148.1481481       -8484848.48484848       3.851845811964369E-010
   15648148.1481481       -8232323.23232323       6.933857391239532E-010
   15648148.1481481       -7979797.97979798       1.217469484796283E-009
   15648148.1481481       -7727272.72727273       2.088936276132380E-009
   15648148.1481481       -7474747.47474748       3.506596313289286E-009
   15648148.1481481       -7222222.22222222       5.763885059889039E-009
   15648148.1481481       -6969696.96969697       9.283856966644296E-009
   15648148.1481481       -6717171.71717172       1.466268826239855E-008
   15648148.1481481       -6464646.46464646       2.272223407255296E-008
   15648148.1481481       -6212121.21212121       3.457192820997114E-008
   15648148.1481481       -5959595.95959596       5.168026315297791E-008
   15648148.1481481       -5707070.70707071       7.595646776249898E-008
   15648148.1481481       -5454545.45454546       1.098439862273649E-007
   15648148.1481481       -5202020.20202020       1.564288807285548E-007
   15648148.1481481       -4949494.94949495       2.195677329463147E-007
   15648148.1481481       -4696969.69696970       3.040396675754056E-007
   15648148.1481481       -4444444.44444444       4.157238575061017E-007
   15648148.1481481       -4191919.19191919       5.617957000234595E-007
   15648148.1481481       -3939393.93939394       7.509219602709921E-007
   15648148.1481481       -3686868.68686869       9.934205980640446E-007
   15648148.1481481       -3434343.43434343       1.301339981236507E-006
   15648148.1481481       -3181818.18181818       1.688409783760311E-006
   15648148.1481481       -2929292.92929293       2.169824428770808E-006
   15648148.1481481       -2676767.67676768       2.761838475427471E-006
   15648148.1481481       -2424242.42424242       3.481178550247270E-006
   15648148.1481481       -2171717.17171717       4.344303925161649E-006
   15648148.1481481       -1919191.91919192       5.366572935403489E-006
   15648148.1481481       -1666666.66666667       6.561390386181079E-006
   15648148.1481481       -1414141.41414141       7.939417515649139E-006
   15648148.1481481       -1161616.16161616       9.507917497482026E-006
   15648148.1481481       -909090.909090910       1.127028469287247E-005
   15648148.1481481       -656565.656565657       1.322576800580428E-005
   15648148.1481481       -404040.404040404       1.536935622952985E-005
   15648148.1481481       -151515.151515152       1.769175792978463E-005
   15648148.1481481        101010.101010101       2.017938998026575E-005
   15648148.1481481        353535.353535354       2.281429060525103E-005
   15648148.1481481        606060.606060605       2.557389192953063E-005
   15648148.1481481        858585.858585859       2.843062073003680E-005
   15648148.1481481        1111111.11111111       3.135134671761453E-005
   15648148.1481481        1363636.36363636       3.429676905300986E-005
   15648148.1481481        1616161.61616162       3.722091361693829E-005
   15648148.1481481        1868686.86868687       4.007096558061542E-005
   15648148.1481481        2121212.12121212       4.278762020426012E-005
   15648148.1481481        2373737.37373737       4.530595536381813E-005
   15648148.1481481        2626262.62626263       4.755655165815588E-005
   15648148.1481481        2878787.87878788       4.946636770410996E-005
   15648148.1481481        3131313.13131313       5.095894853184084E-005
   15648148.1481481        3383838.38383838       5.195407531285225E-005
   15648148.1481481        3636363.63636364       5.236791842555914E-005
   15648148.1481481        3888888.88888889       5.211579354023140E-005
   15648148.1481481        4141414.14141414       5.112009488304102E-005
   15648148.1481481        4393939.39393939       4.932505958874739E-005
   15648148.1481481        4646464.64646465       4.671710234315693E-005
   15648148.1481481        4898989.89898990       4.334505879257685E-005
   15648148.1481481        5151515.15151515       3.933122220907665E-005
   15648148.1481481        5404040.40404040       3.486506751767095E-005
   15648148.1481481        5656565.65656566       3.017834173765805E-005
   15648148.1481481        5909090.90909091       2.550911997810398E-005
   15648148.1481481        6161616.16161616       2.106720437085973E-005
   15648148.1481481        6414141.41414141       1.701091718720739E-005
   15648148.1481481        6666666.66666667       1.343870537623808E-005
   15648148.1481481        6919191.91919192       1.039300087749394E-005
   15648148.1481481        7171717.17171717       7.871173615571124E-006
   15648148.1481481        7424242.42424243       5.838785628803494E-006
   15648148.1481481        7676767.67676768       4.242029547979378E-006
   15648148.1481481        7929292.92929293       3.017888150983991E-006
   15648148.1481481        8181818.18181818       2.101657521977233E-006
   15648148.1481481        8434343.43434343       1.432040988478289E-006
   15648148.1481481        8686868.68686869       9.542329787228371E-007
   15648148.1481481        8939393.93939394       6.214464491903931E-007
   15648148.1481481        9191919.19191919       3.953015795782841E-007
   15648148.1481481        9444444.44444444       2.454364107792009E-007
   15648148.1481481        9696969.69696970       1.486390442301650E-007
   15648148.1481481        9949494.94949495       8.774006239213000E-008
   15648148.1481481        10202020.2020202       5.044437884248067E-008
   15648148.1481481        10454545.4545455       2.822590635190721E-008
   15648148.1481481        10707070.7070707       1.535910698468358E-008
   15648148.1481481        10959595.9595960       8.121233612315661E-009
   15648148.1481481        11212121.2121212       4.169301217545635E-009
   15648148.1481481        11464646.4646465       2.076485575408137E-009
   15648148.1481481        11717171.7171717       1.002418941646111E-009
   15648148.1481481        11969696.9696970       4.686456466800105E-010
   15648148.1481481        12222222.2222222       2.119937243157362E-010
   15648148.1481481        12474747.4747475       9.269932926197545E-011
   15648148.1481481        12727272.7272727       3.914473941062335E-011
   15648148.1481481        12979797.9797980       1.594552287943602E-011
   15648148.1481481        13232323.2323232       6.257564108360332E-012
   15648148.1481481        13484848.4848485       2.361377414658081E-012
   15648148.1481481        13737373.7373737       8.538826910895900E-013
   15648148.1481481        13989898.9898990       2.932462417750278E-013
   15648148.1481481        14242424.2424242       9.290179200540808E-014
   15648148.1481481        14494949.4949495       2.380203787920619E-014
   15648148.1481481        14747474.7474747       2.407324911772726E-017
   15648148.1481481        15000000.0000000       0.000000000000000E+000
   16088919.4980104       -10000000.0000000       0.000000000000000E+000
   16088919.4980104       -9747474.74747475       4.795785441022370E-012
   16088919.4980104       -9494949.49494950       1.398846887676937E-011
   16088919.4980104       -9242424.24242424       3.150700115746994E-011
   16088919.4980104       -8989898.98989899       6.448785998881386E-011
   16088919.4980104       -8737373.73737374       1.254063363289884E-010
   16088919.4980104       -8484848.48484848       2.355062720027059E-010
   16088919.4980104       -8232323.23232323       4.300398535363612E-010
   16088919.4980104       -7979797.97979798       7.660361931138698E-010
   16088919.4980104       -7727272.72727273       1.333481763646656E-009
   16088919.4980104       -7474747.47474748       2.270939468302086E-009
   16088919.4980104       -7222222.22222222       3.786731170886912E-009
   16088919.4980104       -6969696.96969697       6.186834121299421E-009
   16088919.4980104       -6717171.71717172       9.910579821273696E-009
   16088919.4980104       -6464646.46464646       1.557510737510219E-008
   16088919.4980104       -6212121.21212121       2.402937240137507E-008
   16088919.4980104       -5959595.95959596       3.641846837936876E-008
   16088919.4980104       -5707070.70707071       5.425925224527400E-008
   16088919.4980104       -5454545.45454546       7.952894068075860E-008
   16088919.4980104       -5202020.20202020       1.147694600434567E-007
   16088919.4980104       -4949494.94949495       1.632115071908681E-007
   16088919.4980104       -4696969.69696970       2.289225279378358E-007
   16088919.4980104       -4444444.44444444       3.169806068686371E-007
   16088919.4980104       -4191919.19191919       4.336700840498594E-007
   16088919.4980104       -3939393.93939394       5.866842398719422E-007
   16088919.4980104       -3686868.68686869       7.853074826358739E-007
   16088919.4980104       -3434343.43434343       1.040538057031427E-006
   16088919.4980104       -3181818.18181818       1.365106742182170E-006
   16088919.4980104       -2929292.92929293       1.773350189952015E-006
   16088919.4980104       -2676767.67676768       2.280909921828099E-006
   16088919.4980104       -2424242.42424242       2.904247954426275E-006
   16088919.4980104       -2171717.17171717       3.659994609815071E-006
   16088919.4980104       -1919191.91919192       4.564169429396169E-006
   16088919.4980104       -1666666.66666667       5.631337793282643E-006
   16088919.4980104       -1414141.41414141       6.873779249944694E-006
   16088919.4980104       -1161616.16161616       8.300744558637081E-006
   16088919.4980104       -909090.909090910       9.917864319744904E-006
   16088919.4980104       -656565.656565657       1.172674302432676E-005
   16088919.4980104       -404040.404040404       1.372473317480243E-005
   16088919.4980104       -151515.151515152       1.590484419830603E-005
   16088919.4980104        101010.101010101       1.825571115063979E-005
   16088919.4980104        353535.353535354       2.076153633266438E-005
   16088919.4980104        606060.606060605       2.340192432660939E-005
   16088919.4980104        858585.858585859       2.615155493663988E-005
   16088919.4980104        1111111.11111111       2.897967785118160E-005
   16088919.4980104        1363636.36363636       3.184946990690808E-005
   16088919.4980104        1616161.61616162       3.471736897823820E-005
   16088919.4980104        1868686.86868687       3.753256699422456E-005
   16088919.4980104        2121212.12121212       4.023686145416593E-005
   16088919.4980104        2373737.37373737       4.276497781632814E-005
   16088919.4980104        2626262.62626263       4.504527903959391E-005
   16088919.4980104        2878787.87878788       4.700056886506163E-005
   16088919.4980104        3131313.13131313       4.854866965888067E-005
   16088919.4980104        3383838.38383838       4.960282490618808E-005
   16088919.4980104        3636363.63636364       5.007280445003543E-005
   16088919.4980104        3888888.88888889       4.986862708849996E-005
   16088919.4980104        4141414.14141414       4.890940538872462E-005
   16088919.4980104        4393939.39393939       4.713899838082806E-005
   16088919.4980104        4646464.64646465       4.454715600732883E-005
   16088919.4980104        4898989.89898990       4.119012980660874E-005
   16088919.4980104        5151515.15151515       3.720100793339325E-005
   16088919.4980104        5404040.40404040       3.278127439988871E-005
   16088919.4980104        5656565.65656566       2.817271269467608E-005
   16088919.4980104        5909090.90909091       2.361852501728675E-005
   16088919.4980104        6161616.16161616       1.932733510982098E-005
   16088919.4980104        6414141.41414141       1.545056068026664E-005
   16088919.4980104        6666666.66666667       1.207602220831855E-005
   16088919.4980104        6919191.91919192       9.234251804851852E-006
   16088919.4980104        7171717.17171717       6.911535090034416E-006
   16088919.4980104        7424242.42424243       5.064517958936622E-006
   16088919.4980104        7676767.67676768       3.633244546824098E-006
   16088919.4980104        7929292.92929293       2.551330860930776E-006
   16088919.4980104        8181818.18181818       1.753128886849773E-006
   16088919.4980104        8434343.43434343       1.178274102196347E-006
   16088919.4980104        8686868.68686869       7.741731606179086E-007
   16088919.4980104        8939393.93939394       4.969763393649703E-007
   16088919.4980104        9191919.19191919       3.115050524859022E-007
   16088919.4980104        9444444.44444444       1.905181491580649E-007
   16088919.4980104        9696969.69696970       1.136179349834252E-007
   16088919.4980104        9949494.94949495       6.602121034507774E-008
   16088919.4980104        10202020.2020202       3.735283457182807E-008
   16088919.4980104        10454545.4545455       2.056061096755188E-008
   16088919.4980104        10707070.7070707       1.100225080771298E-008
   16088919.4980104        10959595.9595960       5.718903524337930E-009
   16088919.4980104        11212121.2121212       2.885187758401875E-009
   16088919.4980104        11464646.4646465       1.411565745890237E-009
   16088919.4980104        11717171.7171717       6.691444355004804E-010
   16088919.4980104        11969696.9696970       3.070755628451135E-010
   16088919.4980104        12222222.2222222       1.362945723564405E-010
   16088919.4980104        12474747.4747475       5.845249490728694E-011
   16088919.4980104        12727272.7272727       2.419776107992491E-011
   16088919.4980104        12979797.9797980       9.658382770145870E-012
   16088919.4980104        13232323.2323232       3.711929193463215E-012
   16088919.4980104        13484848.4848485       1.370912716329480E-012
   16088919.4980104        13737373.7373737       4.847323424531439E-013
   16088919.4980104        13989898.9898990       1.624834446411445E-013
   16088919.4980104        14242424.2424242       4.994575690180287E-014
   16088919.4980104        14494949.4949495       1.199484815995938E-014
   16088919.4980104        14747474.7474747      -8.757812163693937E-016
   16088919.4980104        15000000.0000000       0.000000000000000E+000
   16535812.6721763       -10000000.0000000       0.000000000000000E+000
   16535812.6721763       -9747474.74747475       2.664357070168973E-012
   16535812.6721763       -9494949.49494950       7.854765119495380E-012
   16535812.6721763       -9242424.24242424       1.790309460936426E-011
   16535812.6721763       -8989898.98989899       3.713512727184136E-011
   16535812.6721763       -8737373.73737374       7.325388293494902E-011
   16535812.6721763       -8484848.48484848       1.396228737536571E-010
   16535812.6721763       -8232323.23232323       2.588357833926003E-010
   16535812.6721763       -7979797.97979798       4.681355910890605E-010
   16535812.6721763       -7727272.72727273       8.274058664941962E-010
   16535812.6721763       -7474747.47474748       1.430618661164321E-009
   16535812.6721763       -7222222.22222222       2.421769379173691E-009
   16535812.6721763       -6969696.96969697       4.016436837780462E-009
   16535812.6721763       -6717171.71717172       6.530158205852455E-009
   16535812.6721763       -6464646.46464646       1.041480137432343E-008
   16535812.6721763       -6212121.21212121       1.630408123387198E-008
   16535812.6721763       -5959595.95959596       2.506937767573876E-008
   16535812.6721763       -5707070.70707071       3.788719540485192E-008
   16535812.6721763       -5454545.45454546       5.632009241508133E-008
   16535812.6721763       -5202020.20202020       8.241373606432575E-008
   16535812.6721763       -4949494.94949495       1.188136934595492E-007
   16535812.6721763       -4696969.69696970       1.689059316115860E-007
   16535812.6721763       -4444444.44444444       2.369835948851048E-007
   16535812.6721763       -4191919.19191919       3.284381044967237E-007
   16535812.6721763       -3939393.93939394       4.499643454946605E-007
   16535812.6721763       -3686868.68686869       6.097586293207050E-007
   16535812.6721763       -3434343.43434343       8.176769834507185E-007
   16535812.6721763       -3181818.18181818       1.085313696888153E-006
   16535812.6721763       -2929292.92929293       1.425958892562998E-006
   16535812.6721763       -2676767.67676768       1.854400610867846E-006
   16535812.6721763       -2424242.42424242       2.386551259477841E-006
   16535812.6721763       -2171717.17171717       3.038898747039180E-006
   16535812.6721763       -1919191.91919192       3.827806414345444E-006
   16535812.6721763       -1666666.66666667       4.768709204665242E-006
   16535812.6721763       -1414141.41414141       5.875271924411009E-006
   16535812.6721763       -1161616.16161616       7.158584481849584E-006
   16535812.6721763       -909090.909090910       8.626464989836859E-006
   16535812.6721763       -656565.656565657       1.028292279722336E-005
   16535812.6721763       -404040.404040404       1.212780146956880E-005
   16535812.6721763       -151515.151515152       1.415658254753246E-005
   16535812.6721763        101010.101010101       1.636029424605017E-005
   16535812.6721763        353535.353535354       1.872544491611452E-005
   16535812.6721763        606060.606060605       2.123389482831182E-005
   16535812.6721763        858585.858585859       2.386259199537699E-005
   16535812.6721763        1111111.11111111       2.658312626666387E-005
   16535812.6721763        1363636.36363636       2.936110059313327E-005
   16535812.6721763        1616161.61616162       3.215537987504007E-005
   16535812.6721763        1868686.86868687       3.491734813007327E-005
   16535812.6721763        2121212.12121212       3.759035554655386E-005
   16535812.6721763        2373737.37373737       4.010952343154063E-005
   16535812.6721763        2626262.62626263       4.240196901832729E-005
   16535812.6721763        2878787.87878788       4.438735621750078E-005
   16535812.6721763        3131313.13131313       4.597861936082194E-005
   16535812.6721763        3383838.38383838       4.708295416285510E-005
   16535812.6721763        3636363.63636364       4.760385424366460E-005
   16535812.6721763        3888888.88888889       4.744593657804722E-005
   16535812.6721763        4141414.14141414       4.652492452191010E-005
   16535812.6721763        4393939.39393939       4.478439223059040E-005
   16535812.6721763        4646464.64646465       4.221778773233445E-005
   16535812.6721763        4898989.89898990       3.888927662359888E-005
   16535812.6721763        5151515.15151515       3.494304941007586E-005
   16535812.6721763        5404040.40404040       3.059232127915735E-005
   16535812.6721763        5656565.65656566       2.608779622202676E-005
   16535812.6721763        5909090.90909091       2.167591495962114E-005
   16535812.6721763        6161616.16161616       1.756184766612533E-005
   16535812.6721763        6414141.41414141       1.388797137263992E-005
   16535812.6721763        6666666.66666667       1.072991941130634E-005
   16535812.6721763        6919191.91919192       8.105550239410731E-006
   16535812.6721763        7171717.17171717       5.990060045768179E-006
   16535812.6721763        7424242.42424243       4.331770895809623E-006
   16535812.6721763        7676767.67676768       3.065535844520580E-006
   16535812.6721763        7929292.92929293       2.122702782138389E-006
   16535812.6721763        8181818.18181818       1.437742450162052E-006
   16535812.6721763        8434343.43434343       9.521325895182708E-007
   16535812.6721763        8686868.68686869       6.161900967269834E-007
   16535812.6721763        8939393.93939394       3.894759875208386E-007
   16535812.6721763        9191919.19191919       2.402821671564905E-007
   16535812.6721763        9444444.44444444       1.445928848386274E-007
   16535812.6721763        9696969.69696970       8.481121534102592E-008
   16535812.6721763        9949494.94949495       4.845359994532579E-008
   16535812.6721763        10202020.2020202       2.694268857201661E-008
   16535812.6721763        10454545.4545455       1.457017366293164E-008
   16535812.6721763        10707070.7070707       7.656947504841751E-009
   16535812.6721763        10959595.9595960       3.907180209807841E-009
   16535812.6721763        11212121.2121212       1.934322546337309E-009
   16535812.6721763        11464646.4646465       9.282893390468300E-010
   16535812.6721763        11717171.7171717       4.314669367248441E-010
   16535812.6721763        11969696.9696970       1.940570813032644E-010
   16535812.6721763        12222222.2222222       8.437655773331348E-011
   16535812.6721763        12474747.4747475       3.543203552900554E-011
   16535812.6721763        12727272.7272727       1.435466667410830E-011
   16535812.6721763        12979797.9797980       5.604026431038382E-012
   16535812.6721763        13232323.2323232       2.105195986697730E-012
   16535812.6721763        13484848.4848485       7.593767002378345E-013
   16535812.6721763        13737373.7373737       2.619433003389283E-013
   16535812.6721763        13989898.9898990       8.545548865000340E-014
   16535812.6721763        14242424.2424242       2.536127132099002E-014
   16535812.6721763        14494949.4949495       5.589786790361606E-015
   16535812.6721763        14747474.7474747      -1.020548674330196E-015
   16535812.6721763        15000000.0000000       0.000000000000000E+000
   16988827.6706459       -10000000.0000000       0.000000000000000E+000
   16988827.6706459       -9747474.74747475       1.425228458502967E-012
   16988827.6706459       -9494949.49494950       4.251884106877030E-012
   16988827.6706459       -9242424.24242424       9.816402871030524E-012
   16988827.6706459       -8989898.98989899       2.065429063186794E-011
   16988827.6706459       -8737373.73737374       4.136849754454596E-011
   16988827.6706459       -8484848.48484848       8.010059252297898E-011
   16988827.6706459       -8232323.23232323       1.508854976011750E-010
   16988827.6706459       -7979797.97979798       2.773129186285215E-010
   16988827.6706459       -7727272.72727273       4.980607598178191E-010
   16988827.6706459       -7474747.47474748       8.750240354353497E-010
   16988827.6706459       -7222222.22222222       1.504926605318301E-009
   16988827.6706459       -6969696.96969697       2.535456526698654E-009
   16988827.6706459       -6717171.71717172       4.187092704444414E-009
   16988827.6706459       -6464646.46464646       6.781882108142455E-009
   16988827.6706459       -6212121.21212121       1.078049390611119E-008
   16988827.6706459       -5959595.95959596       1.682896313278699E-008
   16988827.6706459       -5707070.70707071       2.581672443609653E-008
   16988827.6706459       -5454545.45454546       3.894792834242120E-008
   16988827.6706459       -5202020.20202020       5.782868259759938E-008
   16988827.6706459       -4949494.94949495       8.457364379026857E-008
   16988827.6706459       -4696969.69696970       1.219358278015458E-007
   16988827.6706459       -4444444.44444444       1.734627114775927E-007
   16988827.6706459       -4191919.19191919       2.436785281040066E-007
   16988827.6706459       -3939393.93939394       3.382863279362210E-007
   16988827.6706459       -3686868.68686869       4.643741852848912E-007
   16988827.6706459       -3434343.43434343       6.305996267432992E-007
   16988827.6706459       -3181818.18181818       8.473176535805390E-007
   16988827.6706459       -2929292.92929293       1.126613353848669E-006
   16988827.6706459       -2676767.67676768       1.482201952181210E-006
   16988827.6706459       -2424242.42424242       1.929168022333049E-006
   16988827.6706459       -2171717.17171717       2.483531136965312E-006
   16988827.6706459       -1919191.91919192       3.161645879279604E-006
   16988827.6706459       -1666666.66666667       3.979467044934983E-006
   16988827.6706459       -1414141.41414141       4.951732105471223E-006
   16988827.6706459       -1161616.16161616       6.091128157166871E-006
   16988827.6706459       -909090.909090910       7.407515452892010E-006
   16988827.6706459       -656565.656565657       8.907271143533551E-006
   16988827.6706459       -404040.404040404       1.059279426003608E-005
   16988827.6706459       -151515.151515152       1.246217906982576E-005
   16988827.6706459        101010.101010101       1.450902567509406E-005
   16988827.6706459        353535.353535354       1.672232357429186E-005
   16988827.6706459        606060.606060605       1.908632440194150E-005
   16988827.6706459        858585.858585859       2.158031849848938E-005
   16988827.6706459        1111111.11111111       2.417824627376670E-005
   16988827.6706459        1363636.36363636       2.684810824828481E-005
   16988827.6706459        1616161.61616162       2.955118728331012E-005
   16988827.6706459        1868686.86868687       3.224116091799252E-005
   16988827.6706459        2121212.12121212       3.486324750185270E-005
   16988827.6706459        2373737.37373737       3.735356667067069E-005
   16988827.6706459        2626262.62626263       3.963887059628827E-005
   16988827.6706459        2878787.87878788       4.163672512990455E-005
   16988827.6706459        3131313.13131313       4.325618290515536E-005
   16988827.6706459        3383838.38383838       4.439917067082759E-005
   16988827.6706459        3636363.63636364       4.496336690224023E-005
   16988827.6706459        3888888.88888889       4.484819225251941E-005
   16988827.6706459        4141414.14141414       4.396611065610986E-005
   16988827.6706459        4393939.39393939       4.226065343101641E-005
   16988827.6706459        4646464.64646465       3.972938229733701E-005
   16988827.6706459        4898989.89898990       3.644480743233512E-005
   16988827.6706459        5151515.15151515       3.256230392692802E-005
   16988827.6706459        5404040.40404040       2.830614654454714E-005
   16988827.6706459        5656565.65656566       2.393433894984214E-005
   16988827.6706459        5909090.90909091       1.969417953461940E-005
   16988827.6706459        6161616.16161616       1.578476525766348E-005
   16988827.6706459        6414141.41414141       1.233718012497085E-005
   16988827.6706459        6666666.66666667       9.413418699084612E-006
   16988827.6706459        6919191.91919192       7.018158802753506E-006
   16988827.6706459        7171717.17171717       5.115835382626370E-006
   16988827.6706459        7424242.42424243       3.647358389157340E-006
   16988827.6706459        7676767.67676768       2.543600381682081E-006
   16988827.6706459        7929292.92929293       1.734904353806494E-006
   16988827.6706459        8181818.18181818       1.156999784045516E-006
   16988827.6706459        8434343.43434343       7.541222658109056E-007
   16988827.6706459        8686868.68686869       4.801530151212041E-007
   16988827.6706459        8939393.93939394       2.984663612849115E-007
   16988827.6706459        9191919.19191919       1.810151200992796E-007
   16988827.6706459        9444444.44444444       1.070401547861024E-007
   16988827.6706459        9696969.69696970       6.167171284959906E-008
   16988827.6706459        9949494.94949495       3.459523270528599E-008
   16988827.6706459        10202020.2020202       1.888038996023117E-008
   16988827.6706459        10454545.4545455       1.001692240836216E-008
   16988827.6706459        10707070.7070707       5.162279123448931E-009
   16988827.6706459        10959595.9595960       2.582132705089891E-009
   16988827.6706459        11212121.2121212       1.252512402044172E-009
   16988827.6706459        11464646.4646465       5.886781102077917E-010
   16988827.6706459        11717171.7171717       2.678428122434722E-010
   16988827.6706459        11969696.9696970       1.178657608554690E-010
   16988827.6706459        12222222.2222222       5.011660686127940E-011
   16988827.6706459        12474747.4747475       2.056921075304377E-011
   16988827.6706459        12727272.7272727       8.139804027321209E-012
   16988827.6706459        12979797.9797980       3.101885095892220E-012
   16988827.6706459        13232323.2323232       1.136522854196342E-012
   16988827.6706459        13484848.4848485       3.994549126476088E-013
   16988827.6706459        13737373.7373737       1.340567103622496E-013
   16988827.6706459        13989898.9898990       4.241276356643270E-014
   16988827.6706459        14242424.2424242       1.207131164006360E-014
   16988827.6706459        14494949.4949495       2.357910659536659E-015
   16988827.6706459        14747474.7474747      -8.459067602519723E-016
   16988827.6706459        15000000.0000000       0.000000000000000E+000
   17447964.4934190       -10000000.0000000       0.000000000000000E+000
   17447964.4934190       -9747474.74747475       7.319389826661421E-013
   17447964.4934190       -9494949.49494950       2.212931764139151E-012
   17447964.4934190       -9242424.24242424       5.180691123491034E-012
   17447964.4934190       -8989898.98989899       1.106887915193196E-011
   17447964.4934190       -8737373.73737374       2.253310177199658E-011
   17447964.4934190       -8484848.48484848       4.436633920157277E-011
   17447964.4934190       -8232323.23232323       8.499973756445392E-011
   17447964.4934190       -7979797.97979798       1.588937923907840E-010
   17447964.4934190       -7727272.72727273       2.902429207608536E-010
   17447964.4934190       -7474747.47474748       5.185573659510660E-010
   17447964.4934190       -7222222.22222222       9.068459567558748E-010
   17447964.4934190       -6969696.96969697       1.553292238615341E-009
   17447964.4934190       -6717171.71717172       2.607483385429501E-009
   17447964.4934190       -6464646.46464646       4.292406828863229E-009
   17447964.4934190       -6212121.21212121       6.933574937378878E-009
   17447964.4934190       -5959595.95959596       1.099679575554846E-008
   17447964.4934190       -5707070.70707071       1.713632912407475E-008
   17447964.4934190       -5454545.45454546       2.625552528079758E-008
   17447964.4934190       -5202020.20202020       3.958258986298136E-008
   17447964.4934190       -4949494.94949495       5.876479445528927E-008
   17447964.4934190       -4696969.69696970       8.598494841666923E-008
   17447964.4934190       -4444444.44444444       1.241036135241761E-007
   17447964.4934190       -4191919.19191919       1.768284597703840E-007
   17447964.4934190       -3939393.93939394       2.489075174076134E-007
   17447964.4934190       -3686868.68686869       3.463357455311703E-007
   17447964.4934190       -3434343.43434343       4.765552608335354E-007
   17447964.4934190       -3181818.18181818       6.486206575972482E-007
   17447964.4934190       -2929292.92929293       8.732943769822538E-007
   17447964.4934190       -2676767.67676768       1.163035075959829E-006
   17447964.4934190       -2424242.42424242       1.531845814856167E-006
   17447964.4934190       -2171717.17171717       1.994959218780713E-006
   17447964.4934190       -1919191.91919192       2.568353112749436E-006
   17447964.4934190       -1666666.66666667       3.268110741496649E-006
   17447964.4934190       -1414141.41414141       4.109661516272821E-006
   17447964.4934190       -1161616.16161616       5.106957273822374E-006
   17447964.4934190       -909090.909090910       6.271650970540650E-006
   17447964.4934190       -656565.656565657       7.612345743192579E-006
   17447964.4934190       -404040.404040404       9.133969946866569E-006
   17447964.4934190       -151515.151515152       1.083730830738402E-005
   17447964.4934190        101010.101010101       1.271868450069342E-005
   17447964.4934190        353535.353535354       1.476975368506314E-005
   17447964.4934190        606060.606060605       1.697733376936942E-005
   17447964.4934190        858585.858585859       1.932318884699215E-005
   17447964.4934190        1111111.11111111       2.178368062943813E-005
   17447964.4934190        1363636.36363636       2.432922394721394E-005
   17447964.4934190        1616161.61616162       2.692352004693806E-005
   17447964.4934190        1868686.86868687       2.952259652352768E-005
   17447964.4934190        2121212.12121212       3.207375111150058E-005
   17447964.4934190        2373737.37373737       3.451456282833423E-005
   17447964.4934190        2626262.62626263       3.677217413489743E-005
   17447964.4934190        2878787.87878788       3.876305423795566E-005
   17447964.4934190        3131313.13131313       4.039347721816878E-005
   17447964.4934190        3383838.38383838       4.156111918741484E-005
   17447964.4934190        3636363.63636364       4.215863982487911E-005
   17447964.4934190        3888888.88888889       4.208082417602030E-005
   17447964.4934190        4141414.14141414       4.123731143168498E-005
   17447964.4934190        4393939.39393939       3.957203929716117E-005
   17447964.4934190        4646464.64646465       3.708717408973712E-005
   17447964.4934190        4898989.89898990       3.386390670981132E-005
   17447964.4934190        5151515.15151515       3.006858219800348E-005
   17447964.4934190        5404040.40404040       2.593537756248741E-005
   17447964.4934190        5656565.65656566       2.172739692703865E-005
   17447964.4934190        5909090.90909091       1.768990379285943E-005
   17447964.4934190        6161616.16161616       1.401300476184268E-005
   17447964.4934190        6414141.41414141       1.081421892019999E-005
   17447964.4934190        6666666.66666667       8.140672171370771E-006
   17447964.4934190        6919191.91919192       5.983717646898759E-006
   17447964.4934190        7171717.17171717       4.297750535462453E-006
   17447964.4934190        7424242.42424243       3.017519398649665E-006
   17447964.4934190        7676767.67676768       2.071366091631055E-006
   17447964.4934190        7929292.92929293       1.390020960509015E-006
   17447964.4934190        8181818.18181818       9.116446486389007E-007
   17447964.4934190        8434343.43434343       5.841078673986967E-007
   17447964.4934190        8686868.68686869       3.654298401169095E-007
   17447964.4934190        8939393.93939394       2.231038100997140E-007
   17447964.4934190        9191919.19191919       1.328394426254181E-007
   17447964.4934190        9444444.44444444       7.708526301600121E-008
   17447964.4934190        9696969.69696970       4.356452000394706E-008
   17447964.4934190        9949494.94949495       2.396033789623578E-008
   17447964.4934190        10202020.2020202       1.281510281538745E-008
   17447964.4934190        10454545.4545455       6.660109763516431E-009
   17447964.4934190        10707070.7070707       3.360641994331036E-009
   17447964.4934190        10959595.9595960       1.645077263263503E-009
   17447964.4934190        11212121.2121212       7.805568950860134E-010
   17447964.4934190        11464646.4646465       3.586708684061872E-010
   17447964.4934190        11717171.7171717       1.594651527128582E-010
   17447964.4934190        11969696.9696970       6.853317594984334E-011
   17447964.4934190        12222222.2222222       2.844234951027123E-011
   17447964.4934190        12474747.4747475       1.138654393371669E-011
   17447964.4934190        12727272.7272727       4.392027303154843E-012
   17447964.4934190        12979797.9797980       1.630009295087743E-012
   17447964.4934190        13232323.2323232       5.810507570659386E-013
   17447964.4934190        13484848.4848485       1.984234664618692E-013
   17447964.4934190        13737373.7373737       6.456480594943215E-014
   17447964.4934190        13989898.9898990       1.971568792878850E-014
   17447964.4934190        14242424.2424242       5.328807491193616E-015
   17447964.4934190        14494949.4949495       8.632799683154887E-016
   17447964.4934190        14747474.7474747      -5.913455201778535E-016
   17447964.4934190        15000000.0000000       0.000000000000000E+000
   17913223.1404959       -10000000.0000000       0.000000000000000E+000
   17913223.1404959       -9747474.74747475       3.596661230490358E-013
   17913223.1404959       -9494949.49494950       1.104048095838146E-012
   17913223.1404959       -9242424.24242424       2.624230629164803E-012
   17913223.1404959       -8989898.98989899       5.700164440809325E-012
   17913223.1404959       -8737373.73737374       1.180731846599835E-011
   17913223.1404959       -8484848.48484848       2.366544105834866E-011
   17913223.1404959       -8232323.23232323       4.616059085669113E-011
   17913223.1404959       -7979797.97979798       8.785117062516800E-011
   17913223.1404959       -7727272.72727273       1.633607731604603E-010
   17913223.1404959       -7474747.47474748       2.970772270499737E-010
   17913223.1404959       -7222222.22222222       5.287184555814774E-010
   17913223.1404959       -6969696.96969697       9.214882025074597E-010
   17913223.1404959       -6717171.71717172       1.573722262065211E-009
   17913223.1404959       -6464646.46464646       2.635112118994128E-009
   17913223.1404959       -6212121.21212121       4.328786068525550E-009
   17913223.1404959       -5959595.95959596       6.980738494923850E-009
   17913223.1404959       -5707070.70707071       1.105835625520539E-008
   17913223.1404959       -5454545.45454546       1.722014588416472E-008
   17913223.1404959       -5202020.20202020       2.637926044384255E-008
   17913223.1404959       -4949494.94949495       3.978403719009987E-008
   17913223.1404959       -4696969.69696970       5.911929618899792E-008
   17913223.1404959       -4444444.44444444       8.663216096554085E-008
   17913223.1404959       -4191919.19191919       1.252849340157197E-007
   17913223.1404959       -3939393.93939394       1.789343413650467E-007
   17913223.1404959       -3686868.68686869       2.525308684939527E-007
   17913223.1404959       -3434343.43434343       3.523243098966384E-007
   17913223.1404959       -3181818.18181818       4.860532322434660E-007
   17913223.1404959       -2929292.92929293       6.630885328382265E-007
   17913223.1404959       -2676767.67676768       8.944965201045952E-007
   17913223.1404959       -2424242.42424242       1.192986617926388E-006
   17913223.1404959       -2171717.17171717       1.572714113397711E-006
   17913223.1404959       -1919191.91919192       2.048919779069736E-006
   17913223.1404959       -1666666.66666667       2.637405052507304E-006
   17913223.1404959       -1414141.41414141       3.353861767654973E-006
   17913223.1404959       -1161616.16161616       4.213095979504243E-006
   17913223.1404959       -909090.909090910       5.228202182194935E-006
   17913223.1404959       -656565.656565657       6.409753066719753E-006
   17913223.1404959       -404040.404040404       7.765067492140194E-006
   17913223.1404959       -151515.151515152       9.297603819133507E-006
   17913223.1404959        101010.101010101       1.100649819082623E-005
   17913223.1404959        353535.353535354       1.288623225308477E-005
   17913223.1404959        606060.606060605       1.492637971742035E-005
   17913223.1404959        858585.858585859       1.711135449668473E-005
   17913223.1404959        1111111.11111111       1.942007133506837E-005
   17913223.1404959        1363636.36363636       2.182543593190961E-005
   17913223.1404959        1616161.61616162       2.429360628685104E-005
   17913223.1404959        1868686.86868687       2.678301114008469E-005
   17913223.1404959        2121212.12121212       2.924317543325787E-005
   17913223.1404959        2373737.37373737       3.161348258770761E-005
   17913223.1404959        2626262.62626263       3.382208780872031E-005
   17913223.1404959        2878787.87878788       3.578527785273914E-005
   17913223.1404959        3131313.13131313       3.740767570022166E-005
   17913223.1404959        3383838.38383838       3.858389660992288E-005
   17913223.1404959        3636363.63636364       3.920267965998865E-005
   17913223.1404959        3888888.88888889       3.915510340397934E-005
   17913223.1404959        4141414.14141414       3.834876808003414E-005
   17913223.1404959        4393939.39393939       3.672872222148245E-005
   17913223.1404959        4646464.64646465       3.430232001512135E-005
   17913223.1404959        4898989.89898990       3.115964205925337E-005
   17913223.1404959        5151515.15151515       2.747741479696878E-005
   17913223.1404959        5404040.40404040       2.349798556442202E-005
   17913223.1404959        5656565.65656566       1.948672758924101E-005
   17913223.1404959        5909090.90909091       1.568348207270327E-005
   17913223.1404959        6161616.16161616       1.226624040453554E-005
   17913223.1404959        6414141.41414141       9.336797305876710E-006
   17913223.1404959        6666666.66666667       6.926532441930095E-006
   17913223.1404959        6919191.91919192       5.013787784798462E-006
   17913223.1404959        7171717.17171717       3.544077485758480E-006
   17913223.1404959        7424242.42424243       2.447574896682131E-006
   17913223.1404959        7676767.67676768       1.651742846013036E-006
   17913223.1404959        7929292.92929293       1.089165887916477E-006
   17913223.1404959        8181818.18181818       7.015836932974361E-007
   17913223.1404959        8434343.43434343       4.412914513119512E-007
   17913223.1404959        8686868.68686869       2.709027157843530E-007
   17913223.1404959        8939393.93939394       1.622150336134280E-007
   17913223.1404959        9191919.19191919       9.468526101408543E-008
   17913223.1404959        9444444.44444444       5.383842185799809E-008
   17913223.1404959        9696969.69696970       2.979966566389922E-008
   17913223.1404959        9949494.94949495       1.604419043968051E-008
   17913223.1404959        10202020.2020202       8.396125128221801E-009
   17913223.1404959        10454545.4545455       4.267285822128761E-009
   17913223.1404959        10707070.7070707       2.104665544669435E-009
   17913223.1404959        10959595.9595960       1.006488750410258E-009
   17913223.1404959        11212121.2121212       4.662867784954125E-010
   17913223.1404959        11464646.4646465       2.090861727840582E-010
   17913223.1404959        11717171.7171717       9.066043075510307E-011
   17913223.1404959        11969696.9696970       3.797520584626642E-011
   17913223.1404959        12222222.2222222       1.535011126362223E-011
   17913223.1404959        12474747.4747475       5.980643035266716E-012
   17913223.1404959        12727272.7272727       2.243055679010184E-012
   17913223.1404959        12979797.9797980       8.085580029870786E-013
   17913223.1404959        13232323.2323232       2.795612171439802E-013
   17913223.1404959        13484848.4848485       9.241867473635115E-014
   17913223.1404959        13737373.7373737       2.902081691106299E-014
   17913223.1404959        13989898.9898990       8.493365071887449E-015
   17913223.1404959        14242424.2424242       2.145159275644047E-015
   17913223.1404959        14494949.4949495       2.453140054195275E-016
   17913223.1404959        14747474.7474747      -3.665901419413343E-016
   17913223.1404959        15000000.0000000       0.000000000000000E+000
   18384603.6118763       -10000000.0000000       0.000000000000000E+000
   18384603.6118763       -9747474.74747475       1.684264177304236E-013
   18384603.6118763       -9494949.49494950       5.261658255439151E-013
   18384603.6118763       -9242424.24242424       1.271682552349634E-012
   18384603.6118763       -8989898.98989899       2.812029336946433E-012
   18384603.6118763       -8737373.73737374       5.934435894204425E-012
   18384603.6118763       -8484848.48484848       1.212237638740031E-011
   18384603.6118763       -8232323.23232323       2.410019442748610E-011
   18384603.6118763       -7979797.97979798       4.674561249125824E-011
   18384603.6118763       -7727272.72727273       8.857733894926541E-011
   18384603.6118763       -7474747.47474748       1.641153745840473E-010
   18384603.6118763       -7222222.22222222       2.975274189378677E-010
   18384603.6118763       -6969696.96969697       5.281167732511393E-010
   18384603.6118763       -6717171.71717172       9.183740903129023E-010
   18384603.6118763       -6464646.46464646       1.565504776921433E-009
   18384603.6118763       -6212121.21212121       2.617554859454541E-009
   18384603.6118763       -5959595.95959596       4.295496153858870E-009
   18384603.6118763       -5707070.70707071       6.922914332458107E-009
   18384603.6118763       -5454545.45454546       1.096530266563629E-008
   18384603.6118763       -5202020.20202020       1.708143352267057E-008
   18384603.6118763       -4949494.94949495       2.618985589844674E-008
   18384603.6118763       -4696969.69696970       3.955413838735285E-008
   18384603.6118763       -4444444.44444444       5.889073915642959E-008
   18384603.6118763       -4191919.19191919       8.650281066203219E-008
   18384603.6118763       -3939393.93939394       1.254411937920005E-007
   18384603.6118763       -3686868.68686869       1.796898312247917E-007
   18384603.6118763       -3434343.43434343       2.543668048089039E-007
   18384603.6118763       -3181818.18181818       3.559247791158221E-007
   18384603.6118763       -2929292.92929293       4.923269757945558E-007
   18384603.6118763       -2676767.67676768       6.731684203694324E-007
   18384603.6118763       -2424242.42424242       9.097087217469781E-007
   18384603.6118763       -2171717.17171717       1.214783573492235E-006
   18384603.6118763       -1919191.91919192       1.602568586409799E-006
   18384603.6118763       -1666666.66666667       2.088181245745388E-006
   18384603.6118763       -1414141.41414141       2.687123845598631E-006
   18384603.6118763       -1161616.16161616       3.414589989462435E-006
   18384603.6118763       -909090.909090910       4.284676325757302E-006
   18384603.6118763       -656565.656565657       5.309555646191424E-006
   18384603.6118763       -404040.404040404       6.498673429849466E-006
   18384603.6118763       -151515.151515152       7.858024392025131E-006
   18384603.6118763        101010.101010101       9.389547473277107E-006
   18384603.6118763        353535.353535354       1.109064867712907E-005
   18384603.6118763        606060.606060605       1.295382620970106E-005
   18384603.6118763        858585.858585859       1.496633898020748E-005
   18384603.6118763        1111111.11111111       1.710983558639175E-005
   18384603.6118763        1363636.36363636       1.935985244779815E-005
   18384603.6118763        1616161.61616162       2.168510018278203E-005
   18384603.6118763        1868686.86868687       2.404648894980589E-005
   18384603.6118763        2121212.12121212       2.639589928514209E-005
   18384603.6118763        2373737.37373737       2.867478806445682E-005
   18384603.6118763        2626262.62626263       3.081283032192434E-005
   18384603.6118763        2878787.87878788       3.272693750977338E-005
   18384603.6118763        3131313.13131313       3.432117670523742E-005
   18384603.6118763        3383838.38383838       3.548839063417162E-005
   18384603.6118763        3636363.63636364       3.611473925274487E-005
   18384603.6118763        3888888.88888889       3.608887015129408E-005
   18384603.6118763        4141414.14141414       3.531749485448831E-005
   18384603.6118763        4393939.39393939       3.374775618414089E-005
   18384603.6118763        4646464.64646465       3.139287244969308E-005
   18384603.6118763        4898989.89898990       2.835185197813236E-005
   18384603.6118763        5151515.15151515       2.481076047978383E-005
   18384603.6118763        5404040.40404040       2.101773399232301E-005
   18384603.6118763        5656565.65656566       1.723693286030390E-005
   18384603.6118763        5909090.90909091       1.369896160593699E-005
   18384603.6118763        6161616.16161616       1.056650446500558E-005
   18384603.6118763        6414141.41414141       7.923750872558458E-006
   18384603.6118763        6666666.66666667       5.785948713416189E-006
   18384603.6118763        6919191.91919192       4.119281169999251E-006
   18384603.6118763        7171717.17171717       2.861994198641383E-006
   18384603.6118763        7424242.42424243       1.941573399766829E-006
   18384603.6118763        7676767.67676768       1.286392286925030E-006
   18384603.6118763        7929292.92929293       8.323582249857240E-007
   18384603.6118763        8181818.18181818       5.258466406445239E-007
   18384603.6118763        8434343.43434343       3.242270408907537E-007
   18384603.6118763        8686868.68686869       1.950124244583257E-007
   18384603.6118763        8939393.93939394       1.143523983445814E-007
   18384603.6118763        9191919.19191919       6.533108612068075E-008
   18384603.6118763        9444444.44444444       3.634030656180696E-008
   18384603.6118763        9696969.69696970       1.966702879351445E-008
   18384603.6118763        9949494.94949495       1.034772793974029E-008
   18384603.6118763        10202020.2020202       5.288962814831545E-009
   18384603.6118763        10454545.4545455       2.624021902869621E-009
   18384603.6118763        10707070.7070707       1.262631605657814E-009
   18384603.6118763        10959595.9595960       5.887440173107987E-010
   18384603.6118763        11212121.2121212       2.657852788677165E-010
   18384603.6118763        11464646.4646465       1.160609206156208E-010
   18384603.6118763        11717171.7171717       4.897391999788367E-011
   18384603.6118763        11969696.9696970       1.994846730528923E-011
   18384603.6118763        12222222.2222222       7.834629664998621E-012
   18384603.6118763        12474747.4747475       2.962965191838483E-012
   18384603.6118763        12727272.7272727       1.077385673707172E-012
   18384603.6118763        12979797.9797980       3.759491485347970E-013
   18384603.6118763        13232323.2323232       1.255673324657642E-013
   18384603.6118763        13484848.4848485       3.997695566655631E-014
   18384603.6118763        13737373.7373737       1.202704749866669E-014
   18384603.6118763        13989898.9898990       3.333369853119825E-015
   18384603.6118763        14242424.2424242       7.625512896110364E-016
   18384603.6118763        14494949.4949495       2.826195631004673E-017
   18384603.6118763        14747474.7474747      -2.056209264452348E-016
   18384603.6118763        15000000.0000000       0.000000000000000E+000
   18862105.9075605       -10000000.0000000       0.000000000000000E+000
   18862105.9075605       -9747474.74747475       7.478841244682703E-014
   18862105.9075605       -9494949.49494950       2.385318108327773E-013
   18862105.9075605       -9242424.24242424       5.872780039211194E-013
   18862105.9075605       -8989898.98989899       1.324148188660413E-012
   18862105.9075605       -8737373.73737374       2.851203759449031E-012
   18862105.9075605       -8484848.48484848       5.943840398225433E-012
   18862105.9075605       -8232323.23232323       1.205920559622390E-011
   18862105.9075605       -7979797.97979798       2.386662855638823E-011
   18862105.9075605       -7727272.72727273       4.613541388700099E-011
   18862105.9075605       -7474747.47474748       8.718135170047442E-011
   18862105.9075605       -7222222.22222222       1.611621032585293E-010
   18862105.9075605       -6969696.96969697       2.916265497432898E-010
   18862105.9075605       -6717171.71717172       5.168664901545925E-010
   18862105.9075605       -6464646.46464646       8.977920052455791E-010
   18862105.9075605       -6212121.21212121       1.529255863389021E-009
   18862105.9075605       -5959595.95959596       2.555992071556964E-009
   18862105.9075605       -5707070.70707071       4.194620634952847E-009
   18862105.9075605       -5454545.45454546       6.763525868028925E-009
   18862105.9075605       -5202020.20202020       1.072286446432592E-008
   18862105.9075605       -4949494.94949495       1.672750845573458E-008
   18862105.9075605       -4696969.69696970       2.569631653375766E-008
   18862105.9075605       -4444444.44444444       3.890156126257883E-008
   18862105.9075605       -4191919.19191919       5.808224690030359E-008
   18862105.9075605       -3939393.93939394       8.558391738972362E-008
   18862105.9075605       -3686868.68686869       1.245248743213986E-007
   18862105.9075605       -3434343.43434343       1.789842421113918E-007
   18862105.9075605       -3181818.18181818       2.542012045039711E-007
   18862105.9075605       -2929292.92929293       3.567676483290934E-007
   18862105.9075605       -2676767.67676768       4.947894627197417E-007
   18862105.9075605       -2424242.42424242       6.779862336659807E-007
   18862105.9075605       -2171717.17171717       9.176965643473792E-007
   18862105.9075605       -1919191.91919192       1.226758147715185E-006
   18862105.9075605       -1666666.66666667       1.619238955837914E-006
   18862105.9075605       -1414141.41414141       2.110008560837399E-006
   18862105.9075605       -1161616.16161616       2.714155560116174E-006
   18862105.9075605       -909090.909090910       3.446275985883875E-006
   18862105.9075605       -656565.656565657       4.319675064261287E-006
   18862105.9075605       -404040.404040404       5.345536899050564E-006
   18862105.9075605       -151515.151515152       6.532119967864418E-006
   18862105.9075605        101010.101010101       7.884028169031102E-006
   18862105.9075605        353535.353535354       9.401586958373116E-006
   18862105.9075605        606060.606060605       1.108032408877827E-005
   18862105.9075605        858585.858585859       1.291051988456186E-005
   18862105.9075605        1111111.11111111       1.487676026949834E-005
   18862105.9075605        1363636.36363636       1.695740461990273E-005
   18862105.9075605        1616161.61616162       1.912387625535695E-005
   18862105.9075605        1868686.86868687       2.133970097666235E-005
   18862105.9075605        2121212.12121212       2.355926393582662E-005
   18862105.9075605        2373737.37373737       2.572633495164536E-005
   18862105.9075605        2626262.62626263       2.777253705314224E-005
   18862105.9075605        2878787.87878788       2.961611424252238E-005
   18862105.9075605        3131313.13131313       3.116160922067831E-005
   18862105.9075605        3383838.38383838       3.230141567939246E-005
   18862105.9075605        3636363.63636364       3.292062763990449E-005
   18862105.9075605        3888888.88888889       3.290702979000644E-005
   18862105.9075605        4141414.14141414       3.216793321327966E-005
   18862105.9075605        4393939.39393939       3.065382423929163E-005
   18862105.9075605        4646464.64646465       2.838452643801252E-005
   18862105.9075605        4898989.89898990       2.546778235558323E-005
   18862105.9075605        5151515.15151515       2.209742295557960E-005
   18862105.9075605        5404040.40404040       1.852429374888462E-005
   18862105.9075605        5656565.65656566       1.500724420030885E-005
   18862105.9075605        5909090.90909091       1.176353374018569E-005
   18862105.9075605        6161616.16161616       8.937475701353940E-006
   18862105.9075605        6414141.41414141       6.594244644041778E-006
   18862105.9075605        6666666.66666667       4.733197795727095E-006
   18862105.9075605        6919191.91919192       3.309803469487148E-006
   18862105.9075605        7171717.17171717       2.257084831241647E-006
   18862105.9075605        7424242.42424243       1.501957949687867E-006
   18862105.9075605        7676767.67676768       9.755439562505013E-007
   18862105.9075605        7929292.92929293       6.184553247477615E-007
   18862105.9075605        8181818.18181818       3.825977067434096E-007
   18862105.9075605        8434343.43434343       2.308767513640027E-007
   18862105.9075605        8686868.68686869       1.358323537685241E-007
   18862105.9075605        8939393.93939394       7.786760383096235E-008
   18862105.9075605        9191919.19191919       4.346703800394722E-008
   18862105.9075605        9444444.44444444       2.361088223226223E-008
   18862105.9075605        9696969.69696970       1.247087363844576E-008
   18862105.9075605        9949494.94949495       6.400063150991239E-009
   18862105.9075605        10202020.2020202       3.188837093640893E-009
   18862105.9075605        10454545.4545455       1.541298998176093E-009
   18862105.9075605        10707070.7070707       7.220722329448754E-010
   18862105.9075605        10959595.9595960       3.275903815431953E-010
   18862105.9075605        11212121.2121212       1.437928573746386E-010
   18862105.9075605        11464646.4646465       6.100618172235377E-011
   18862105.9075605        11717171.7171717       2.499092931893495E-011
   18862105.9075605        11969696.9696970       9.873201183142371E-012
   18862105.9075605        12222222.2222222       3.756879921265944E-012
   18862105.9075605        12474747.4747475       1.374719224219975E-012
   18862105.9075605        12727272.7272727       4.828137649359582E-013
   18862105.9075605        12979797.9797980       1.623363621032516E-013
   18862105.9075605        13232323.2323232       5.206159266717852E-014
   18862105.9075605        13484848.4848485       1.582709597811284E-014
   18862105.9075605        13737373.7373737       4.501958412347249E-015
   18862105.9075605        13989898.9898990       1.152775667549280E-015
   18862105.9075605        14242424.2424242       2.207732557422920E-016
   18862105.9075605        14494949.4949495      -2.747212319587180E-017
   18862105.9075605        14747474.7474747      -1.053203226577798E-016
   18862105.9075605        15000000.0000000       0.000000000000000E+000
   19345730.0275482       -10000000.0000000       0.000000000000000E+000
   19345730.0275482       -9747474.74747475       3.128336133930875E-014
   19345730.0275482       -9494949.49494950       1.023193723306716E-013
   19345730.0275482       -9242424.24242424       2.572391854878663E-013
   19345730.0275482       -8989898.98989899       5.925844552401949E-013
   19345730.0275482       -8737373.73737374       1.304203396019706E-012
   19345730.0275482       -8484848.48484848       2.779127094734312E-012
   19345730.0275482       -8232323.23232323       5.762482244471351E-012
   19345730.0275482       -7979797.97979798       1.165239383871291E-011
   19345730.0275482       -7727272.72727273       2.300710416747504E-011
   19345730.0275482       -7474747.47474748       4.439400657282472E-011
   19345730.0275482       -7222222.22222222       8.377427945061126E-011
   19345730.0275482       -6969696.96969697       1.547036802356986E-010
   19345730.0275482       -6717171.71717172       2.797440307611322E-010
   19345730.0275482       -6464646.46464646       4.956248789348563E-010
   19345730.0275482       -6212121.21212121       8.608747335004706E-010
   19345730.0275482       -5959595.95959596       1.466861619462694E-009
   19345730.0275482       -5707070.70707071       2.453452897945370E-009
   19345730.0275482       -5454545.45454546       4.030839819337353E-009
   19345730.0275482       -5202020.20202020       6.509492794465574E-009
   19345730.0275482       -4949494.94949495       1.034072998628455E-008
   19345730.0275482       -4696969.69696970       1.617096632998932E-008
   19345730.0275482       -4444444.44444444       2.491324657785778E-008
   19345730.0275482       -4191919.19191919       3.783990441746457E-008
   19345730.0275482       -3939393.93939394       5.669974214132040E-008
   19345730.0275482       -3686868.68686869       8.386154239291362E-008
   19345730.0275482       -3434343.43434343       1.224826450391845E-007
   19345730.0275482       -3181818.18181818       1.766966396745150E-007
   19345730.0275482       -2929292.92929293       2.518081872105409E-007
   19345730.0275482       -2676767.67676768       3.544762344944642E-007
   19345730.0275482       -2424242.42424242       4.928604402997223E-007
   19345730.0275482       -2171717.17171717       6.767008061160684E-007
   19345730.0275482       -1919191.91919192       9.172987514773462E-007
   19345730.0275482       -1666666.66666667       1.227370491969706E-006
   19345730.0275482       -1414141.41414141       1.620751347898610E-006
   19345730.0275482       -1161616.16161616       2.111942414489523E-006
   19345730.0275482       -909090.909090910       2.715507584950191E-006
   19345730.0275482       -656565.656565657       3.445346782047595E-006
   19345730.0275482       -404040.404040404       4.313887069283558E-006
   19345730.0275482       -151515.151515152       5.331243367746390E-006
   19345730.0275482        101010.101010101       6.504401437161867E-006
   19345730.0275482        353535.353535354       7.836465396438417E-006
   19345730.0275482        606060.606060605       9.325990219696168E-006
   19345730.0275482        858585.858585859       1.096638898798021E-005
   19345730.0275482        1111111.11111111       1.274537073484392E-005
   19345730.0275482        1363636.36363636       1.464433506633746E-005
   19345730.0275482        1616161.61616162       1.663763252550667E-005
   19345730.0275482        1868686.86868687       1.869160280331894E-005
   19345730.0275482        2121212.12121212       2.076333486425878E-005
   19345730.0275482        2373737.37373737       2.279916532362903E-005
   19345730.0275482        2626262.62626263       2.473306052799621E-005
   19345730.0275482        2878787.87878788       2.648523541454115E-005
   19345730.0275482        3131313.13131313       2.796167238544445E-005
   19345730.0275482        3383838.38383838       2.905563172885868E-005
   19345730.0275482        3636363.63636364       2.965275564336623E-005
   19345730.0275482        3888888.88888889       2.964174991003170E-005
   19345730.0275482        4141414.14141414       2.893228502858627E-005
   19345730.0275482        4393939.39393939       2.747964701851746E-005
   19345730.0275482        4646464.64646465       2.531100362459141E-005
   19345730.0275482        4898989.89898990       2.254232474228811E-005
   19345730.0275482        5151515.15151515       1.937303026663323E-005
   19345730.0275482        5404040.40404040       1.605289395076871E-005
   19345730.0275482        5656565.65656566       1.283084639841623E-005
   19345730.0275482        5909090.90909091       9.906607695053612E-006
   19345730.0275482        6161616.16161616       7.403431064914814E-006
   19345730.0275482        6414141.41414141       5.366742184416035E-006
   19345730.0275482        6666666.66666667       3.780985178764768E-006
   19345730.0275482        6919191.91919192       2.592956266399092E-006
   19345730.0275482        7171717.17171717       1.732863959471885E-006
   19345730.0275482        7424242.42424243       1.129294658882003E-006
   19345730.0275482        7676767.67676768       7.178869632380624E-007
   19345730.0275482        7929292.92929293       4.451577338719538E-007
   19345730.0275482        8181818.18181818       2.692065470309016E-007
   19345730.0275482        8434343.43434343       1.587097848402378E-007
   19345730.0275482        8686868.68686869       9.116931125454600E-008
   19345730.0275482        8939393.93939394       5.099923338844978E-008
   19345730.0275482        9191919.19191919       2.776288025798733E-008
   19345730.0275482        9444444.44444444       1.469760729329755E-008
   19345730.0275482        9696969.69696970       7.561168318405107E-009
   19345730.0275482        9949494.94949495       3.777078032115679E-009
   19345730.0275482        10202020.2020202       1.830622759021040E-009
   19345730.0275482        10454545.4545455       8.601109187300928E-010
   19345730.0275482        10707070.7070707       3.914203153343177E-010
   19345730.0275482        10959595.9595960       1.723717423676102E-010
   19345730.0275482        11212121.2121212       7.338320634668677E-011
   19345730.0275482        11464646.4646465       3.016982522725178E-011
   19345730.0275482        11717171.7171717       1.196408694203351E-011
   19345730.0275482        11969696.9696970       4.570085848181778E-012
   19345730.0275482        12222222.2222222       1.678787987327174E-012
   19345730.0275482        12474747.4747475       5.918287484779523E-013
   19345730.0275482        12727272.7272727       1.996744775171908E-013
   19345730.0275482        12979797.9797980       6.421692283001596E-014
   19345730.0275482        13232323.2323232       1.956460078283031E-014
   19345730.0275482        13484848.4848485       5.584224333294848E-015
   19345730.0275482        13737373.7373737       1.457190615315835E-015
   19345730.0275482        13989898.9898990       3.220434439417811E-016
   19345730.0275482        14242424.2424242       3.639249735664314E-017
   19345730.0275482        14494949.4949495      -2.965566659519896E-017
   19345730.0275482        14747474.7474747      -4.951390778757060E-017
   19345730.0275482        15000000.0000000       0.000000000000000E+000
   19835475.9718396       -10000000.0000000       0.000000000000000E+000
   19835475.9718396       -9747474.74747475       1.221149421183292E-014
   19835475.9718396       -9494949.49494950       4.123352658010807E-014
   19835475.9718396       -9242424.24242424       1.062110686962208E-013
   19835475.9718396       -8989898.98989899       2.506494733930429E-013
   19835475.9718396       -8737373.73737374       5.651484379308477E-013
   19835475.9718396       -8484848.48484848       1.233445044963361E-012
   19835475.9718396       -8232323.23232323       2.618431906622240E-012
   19835475.9718396       -7979797.97979798       5.418434574323217E-012
   19835475.9718396       -7727272.72727273       1.094355517666814E-011
   19835475.9718396       -7474747.47474748       2.159145198462599E-011
   19835475.9718396       -7222222.22222222       4.164531388378869E-011
   19835475.9718396       -6969696.96969697       7.857836308419954E-011
   19835475.9718396       -6717171.71717172       1.451338175818667E-010
   19835475.9718396       -6464646.46464646       2.625620456043173E-010
   19835475.9718396       -6212121.21212121       4.655432682225650E-010
   19835475.9718396       -5959595.95959596       8.095113141156971E-010
   19835475.9718396       -5707070.70707071       1.381330713540186E-009
   19835475.9718396       -5454545.45454546       2.314578864786680E-009
   19835475.9718396       -5202020.20202020       3.811063674696299E-009
   19835475.9718396       -4949494.94949495       6.170678451134664E-009
   19835475.9718396       -4696969.69696970       9.832251780338402E-009
   19835475.9718396       -4444444.44444444       1.542862774058021E-008
   19835475.9718396       -4191919.19191919       2.385965378772511E-008
   19835475.9718396       -3939393.93939394       3.638678622834978E-008
   19835475.9718396       -3686868.68686869       5.475228162224882E-008
   19835475.9718396       -3434343.43434343       8.132405520476469E-008
   19835475.9718396       -3181818.18181818       1.192639948774222E-007
   19835475.9718396       -2929292.92929293       1.727127858328257E-007
   19835475.9718396       -2676767.67676768       2.469783969199945E-007
   19835475.9718396       -2424242.42424242       3.487089316591690E-007
   19835475.9718396       -2171717.17171717       4.860245417940795E-007
   19835475.9718396       -1919191.91919192       6.685788149061058E-007
   19835475.9718396       -1666666.66666667       9.075188588709933E-007
   19835475.9718396       -1414141.41414141       1.215316400771228E-006
   19835475.9718396       -1161616.16161616       1.605450225316804E-006
   19835475.9718396       -909090.909090910       2.091932923934957E-006
   19835475.9718396       -656565.656565657       2.688690817679562E-006
   19835475.9718396       -404040.404040404       3.408822562762721E-006
   19835475.9718396       -151515.151515152       4.263776054427366E-006
   19835475.9718396        101010.101010101       5.262491259140489E-006
   19835475.9718396        353535.353535354       6.410555412856412E-006
   19835475.9718396        606060.606060605       7.709404766029174E-006
   19835475.9718396        858585.858585859       9.155583991698686E-006
   19835475.9718396        1111111.11111111       1.074004355332166E-005
   19835475.9718396        1363636.36363636       1.244742272742561E-005
   19835475.9718396        1616161.61616162       1.425523991004691E-005
   19835475.9718396        1868686.86868687       1.613290220499019E-005
   19835475.9718396        2121212.12121212       1.804046475603124E-005
   19835475.9718396        2373737.37373737       1.992713218348189E-005
   19835475.9718396        2626262.62626263       2.172962175314264E-005
   19835475.9718396        2878787.87878788       2.337073021425419E-005
   19835475.9718396        3131313.13131313       2.475879554057436E-005
   19835475.9718396        3383838.38383838       2.578923361512246E-005
   19835475.9718396        3636363.63636364       2.634989088779484E-005
   19835475.9718396        3888888.88888889       2.633230669076075E-005
   19835475.9718396        4141414.14141414       2.565044194050281E-005
   19835475.9718396        4393939.39393939       2.426593956281789E-005
   19835475.9718396        4646464.64646465       2.221393745148788E-005
   19835475.9718396        4898989.89898990       1.961771000503589E-005
   19835475.9718396        5151515.15151515       1.667943563725890E-005
   19835475.9718396        5404040.40404040       1.364339069477563E-005
   19835475.9718396        5656565.65656566       1.074366219433167E-005
   19835475.9718396        5909090.90909091       8.158436517413911E-006
   19835475.9718396        6161616.16161616       5.987875328518959E-006
   19835475.9718396        6414141.41414141       4.257788394268155E-006
   19835475.9718396        6666666.66666667       2.939481527836994E-006
   19835475.9718396        6919191.91919192       1.973666168628020E-006
   19835475.9718396        7171717.17171717       1.290383177129001E-006
   19835475.9718396        7424242.42424243       8.221061006678806E-007
   19835475.9718396        7676767.67676768       5.105642109338344E-007
   19835475.9718396        7929292.92929293       3.090994824226144E-007
   19835475.9718396        8181818.18181818       1.823812866721933E-007
   19835475.9718396        8434343.43434343       1.048406008320688E-007
   19835475.9718396        8686868.68686869       5.868470360669765E-008
   19835475.9718396        8939393.93939394       3.196735479649642E-008
   19835475.9718396        9191919.19191919       1.693506197778562E-008
   19835475.9718396        9444444.44444444       8.718778116279840E-009
   19835475.9718396        9696969.69696970       4.358992060456123E-009
   19835475.9718396        9949494.94949495       2.114633769583289E-009
   19835475.9718396        10202020.2020202       9.945895120115838E-010
   19835475.9718396        10454545.4545455       4.531428482487166E-010
   19835475.9718396        10707070.7070707       1.998064187820134E-010
   19835475.9718396        10959595.9595960       8.517995670879908E-011
   19835475.9718396        11212121.2121212       3.507095659087218E-011
   19835475.9718396        11464646.4646465       1.392858146656140E-011
   19835475.9718396        11717171.7171717       5.328301472277044E-012
   19835475.9718396        11969696.9696970       1.959844949124962E-012
   19835475.9718396        12222222.2222222       6.915154636183269E-013
   19835475.9718396        12474747.4747475       2.333144981476784E-013
   19835475.9718396        12727272.7272727       7.491876567621756E-014
   19835475.9718396        12979797.9797980       2.272364175434341E-014
   19835475.9718396        13232323.2323232       6.424748665060776E-015
   19835475.9718396        13484848.4848485       1.648425506443055E-015
   19835475.9718396        13737373.7373737       3.579196891289360E-016
   19835475.9718396        13989898.9898990       4.788754127816125E-017
   19835475.9718396        14242424.2424242      -1.265342081505498E-017
   19835475.9718396        14494949.4949495      -2.003871223160235E-017
   19835475.9718396        14747474.7474747      -2.145839290429450E-017
   19835475.9718396        15000000.0000000       0.000000000000000E+000
   20331343.7404347       -10000000.0000000       0.000000000000000E+000
   20331343.7404347       -9747474.74747475       4.382037335740065E-015
   20331343.7404347       -9494949.49494950       1.544538769880449E-014
   20331343.7404347       -9242424.24242424       4.097499198430931E-014
   20331343.7404347       -8989898.98989899       9.945314441901550E-014
   20331343.7404347       -8737373.73737374       2.304757808955410E-013
   20331343.7404347       -8484848.48484848       5.166058760290160E-013
   20331343.7404347       -8232323.23232323       1.125412106081059E-012
   20331343.7404347       -7979797.97979798       2.388096671994654E-012
   20331343.7404347       -7727272.72727273       4.942616737773567E-012
   20331343.7404347       -7474747.47474748       9.987319595556650E-012
   20331343.7404347       -7222222.22222222       1.971879851464486E-011
   20331343.7404347       -6969696.96969697       3.806865141354840E-011
   20331343.7404347       -6717171.71717172       7.191261201542799E-011
   20331343.7404347       -6464646.46464646       1.330074378557107E-010
   20331343.7404347       -6212121.21212121       2.410221468036416E-010
   20331343.7404347       -5959595.95959596       4.281780163706770E-010
   20331343.7404347       -5707070.70707071       7.462053852655839E-010
   20331343.7404347       -5454545.45454546       1.276576726176083E-009
   20331343.7404347       -5202020.20202020       2.145299669306416E-009
   20331343.7404347       -4949494.94949495       3.543965416586049E-009
   20331343.7404347       -4696969.69696970       5.759251297811180E-009
   20331343.7404347       -4444444.44444444       9.213642954620355E-009
   20331343.7404347       -4191919.19191919       1.452068137630918E-008
   20331343.7404347       -3939393.93939394       2.255837329581582E-008
   20331343.7404347       -3686868.68686869       3.456425879243973E-008
   20331343.7404347       -3434343.43434343       5.225468011219019E-008
   20331343.7404347       -3181818.18181818       7.796873041431522E-008
   20331343.7404347       -2929292.92929293       1.148339774663577E-007
   20331343.7404347       -2676767.67676768       1.669463507903853E-007
   20331343.7404347       -2424242.42424242       2.395508281078390E-007
   20331343.7404347       -2171717.17171717       3.392033758447852E-007
   20331343.7404347       -1919191.91919192       4.738889540384432E-007
   20331343.7404347       -1666666.66666667       6.530665168640032E-007
   20331343.7404347       -1414141.41414141       8.876111234668013E-007
   20331343.7404347       -1161616.16161616       1.189626591124924E-006
   20331343.7404347       -909090.909090910       1.572110072865717E-006
   20331343.7404347       -656565.656565657       2.048462135151398E-006
   20331343.7404347       -404040.404040404       2.631850889256852E-006
   20331343.7404347       -151515.151515152       3.334454009474245E-006
   20331343.7404347        101010.101010101       4.166614851840860E-006
   20331343.7404347        353535.353535354       5.135954984000545E-006
   20331343.7404347        606060.606060605       6.246482382122552E-006
   20331343.7404347        858585.858585859       7.497720821120347E-006
   20331343.7404347        1111111.11111111       8.883862283011727E-006
   20331343.7404347        1363636.36363636       1.039291420640602E-005
   20331343.7404347        1616161.61616162       1.200578409123083E-005
   20331343.7404347        1868686.86868687       1.369522567471753E-005
   20331343.7404347        2121212.12121212       1.542457752291841E-005
   20331343.7404347        2373737.37373737       1.714627542421535E-005
   20331343.7404347        2626262.62626263       1.880024122830329E-005
   20331343.7404347        2878787.87878788       2.031247883758165E-005
   20331343.7404347        3131313.13131313       2.159458147899163E-005
   20331343.7404347        3383838.38383838       2.254538472688284E-005
   20331343.7404347        3636363.63636364       2.305659482569067E-005
   20331343.7404347        3888888.88888889       2.302453744685182E-005
   20331343.7404347        4141414.14141414       2.236944158573258E-005
   20331343.7404347        4393939.39393939       2.106081828562405E-005
   20331343.7404347        4646464.64646465       1.914213861840773E-005
   20331343.7404347        4898989.89898990       1.674252820903628E-005
   20331343.7404347        5151515.15151515       1.406342343267173E-005
   20331343.7404347        5404040.40404040       1.133867231474431E-005
   20331343.7404347        5656565.65656566       8.782566658385247E-006
   20331343.7404347        5909090.90909091       6.548317775279783E-006
   20331343.7404347        6161616.16161616       4.711914711298897E-006
   20331343.7404347        6414141.41414141       3.280697007877103E-006
   20331343.7404347        6666666.66666667       2.215390322074961E-006
   20331343.7404347        6919191.91919192       1.453625124644597E-006
   20331343.7404347        7171717.17171717       9.279836633679474E-007
   20331343.7404347        7424242.42424243       5.768499440554824E-007
   20331343.7404347        7676767.67676768       3.492889287746378E-007
   20331343.7404347        7929292.92929293       2.060280867356261E-007
   20331343.7404347        8181818.18181818       1.183584997805115E-007
   20331343.7404347        8434343.43434343       6.619678040995773E-008
   20331343.7404347        8686868.68686869       3.602594215348824E-008
   20331343.7404347        8939393.93939394       1.906651316947366E-008
   20331343.7404347        9191919.19191919       9.806442778383894E-009
   20331343.7404347        9444444.44444444       4.898012703239465E-009
   20331343.7404347        9696969.69696970       2.373891224755252E-009
   20331343.7404347        9949494.94949495       1.115525687334069E-009
   20331343.7404347        10202020.2020202       5.078092024597501E-010
   20331343.7404347        10454545.4545455       2.237289106682338E-010
   20331343.7404347        10707070.7070707       9.530313860166929E-011
   20331343.7404347        10959595.9595960       3.920740040133566E-011
   20331343.7404347        11212121.2121212       1.555752921903434E-011
   20331343.7404347        11464646.4646465       5.944878161980934E-012
   20331343.7404347        11717171.7171717       2.183259578922671E-012
   20331343.7404347        11969696.9696970       7.685121898193401E-013
   20331343.7404347        12222222.2222222       2.582737585026249E-013
   20331343.7404347        12474747.4747475       8.236947661239211E-014
   20331343.7404347        12727272.7272727       2.467793697317856E-014
   20331343.7404347        12979797.9797980       6.816270468366949E-015
   20331343.7404347        13232323.2323232       1.666569824073329E-015
   20331343.7404347        13484848.4848485       3.209419918673191E-016
   20331343.7404347        13737373.7373737       2.241410772366467E-017
   20331343.7404347        13989898.9898990      -2.190705296447471E-017
   20331343.7404347        14242424.2424242      -1.807598784907035E-017
   20331343.7404347        14494949.4949495      -1.140905710622382E-017
   20331343.7404347        14747474.7474747      -8.620223782352073E-018
   20331343.7404347        15000000.0000000       0.000000000000000E+000
   20833333.3333333       -10000000.0000000       0.000000000000000E+000
   20833333.3333333       -9747474.74747475       1.405315911297885E-015
   20833333.3333333       -9494949.49494950       5.281018929026113E-015
   20833333.3333333       -9242424.24242424       1.456332330516798E-014
   20833333.3333333       -8989898.98989899       3.659771105269563E-014
   20833333.3333333       -8737373.73737374       8.762338804743714E-014
   20833333.3333333       -8484848.48484848       2.025455603223248E-013
   20833333.3333333       -8232323.23232323       4.543242210774251E-013
   20833333.3333333       -7979797.97979798       9.913621245581231E-013
   20833333.3333333       -7727272.72727273       2.107649791564865E-012
   20833333.3333333       -7474747.47474748       4.370866179207853E-012
   20833333.3333333       -7222222.22222222       8.850235277993859E-012
   20833333.3333333       -6969696.96969697       1.751152776124586E-011
   20833333.3333333       -6717171.71717172       3.388486741322168E-011
   20833333.3333333       -6464646.46464646       6.416662067410377E-011
   20833333.3333333       -6212121.21212121       1.189953759004697E-010
   20833333.3333333       -5959595.95959596       2.162509397395052E-010
   20833333.3333333       -5707070.70707071       3.853732248619600E-010
   20833333.3333333       -5454545.45454546       6.738960715417989E-010
   20833333.3333333       -5202020.20202020       1.157153313372736E-009
   20833333.3333333       -4949494.94949495       1.952455957645613E-009
   20833333.3333333       -4696969.69696970       3.239471067709041E-009
   20833333.3333333       -4444444.44444444       5.289048428392069E-009
   20833333.3333333       -4191919.19191919       8.503295722735635E-009
   20833333.3333333       -3939393.93939394       1.347018975977268E-008
   20833333.3333333       -3686868.68686869       2.103624541918243E-008
   20833333.3333333       -3434343.43434343       3.240048914274332E-008
   20833333.3333333       -3181818.18181818       4.923190683930877E-008
   20833333.3333333       -2929292.92929293       7.381038582275913E-008
   20833333.3333333       -2676767.67676768       1.091877734948827E-007
   20833333.3333333       -2424242.42424242       1.593610423082574E-007
   20833333.3333333       -2171717.17171717       2.294439599686290E-007
   20833333.3333333       -1919191.91919192       3.258177224920857E-007
   20833333.3333333       -1666666.66666667       4.562356494943754E-007
   20833333.3333333       -1414141.41414141       6.298534354635221E-007
   20833333.3333333       -1161616.16161616       8.571558071701990E-007
   20833333.3333333       -909090.909090910       1.149753720634392E-006
   20833333.3333333       -656565.656565657       1.520033835701756E-006
   20833333.3333333       -404040.404040404       1.980653467875337E-006
   20833333.3333333       -151515.151515152       2.543888057151646E-006
   20833333.3333333        101010.101010101       3.220851980465620E-006
   20833333.3333333        353535.353535354       4.020624191005443E-006
   20833333.3333333        606060.606060605       4.949314504685761E-006
   20833333.3333333        858585.858585859       6.009101789786145E-006
   20833333.3333333        1111111.11111111       7.197260760865644E-006
   20833333.3333333        1363636.36363636       8.505170935757029E-006
   20833333.3333333        1616161.61616162       9.917274473824445E-006
   20833333.3333333        1868686.86868687       1.140992833970257E-005
   20833333.3333333        2121212.12121212       1.295009514519440E-005
   20833333.3333333        2373737.37373737       1.449385768348316E-005
   20833333.3333333        2626262.62626263       1.598485550848818E-005
   20833333.3333333        2878787.87878788       1.735296916884809E-005
   20833333.3333333        3131313.13131313       1.851396200923373E-005
   20833333.3333333        3383838.38383838       1.937134035729337E-005
   20833333.3333333        3636363.63636364       1.982229607935115E-005
   20833333.3333333        3888888.88888889       1.976985051146666E-005
   20833333.3333333        4141414.14141414       1.914238690683994E-005
   20833333.3333333        4393939.39393939       1.791857401435331E-005
   20833333.3333333        4646464.64646465       1.615014183195662E-005
   20833333.3333333        4898989.89898990       1.396997749977315E-005
   20833333.3333333        5151515.15151515       1.157464877054779E-005
   20833333.3333333        5404040.40404040       9.182378116258101E-006
   20833333.3333333        5656565.65656566       6.983068046284498E-006
   20833333.3333333        5909090.90909091       5.102459935168272E-006
   20833333.3333333        6161616.16161616       3.592499979442247E-006
   20833333.3333333        6414141.41414141       2.444277226366275E-006
   20833333.3333333        6666666.66666667       1.611167368894360E-006
   20833333.3333333        6919191.91919192       1.030934663679915E-006
   20833333.3333333        7171717.17171717       6.412546093537833E-007
   20833333.3333333        7424242.42424243       3.880726892587964E-007
   20833333.3333333        7676767.67676768       2.285905319861752E-007
   20833333.3333333        7929292.92929293       1.310669711315982E-007
   20833333.3333333        8181818.18181818       7.313615091740302E-008
   20833333.3333333        8434343.43434343       3.970147760198605E-008
   20833333.3333333        8686868.68686869       2.095512864906174E-008
   20833333.3333333        8939393.93939394       1.074766942682635E-008
   20833333.3333333        9191919.19191919       5.352766093989487E-009
   20833333.3333333        9444444.44444444       2.586760927896392E-009
   20833333.3333333        9696969.69696970       1.211989148953831E-009
   20833333.3333333        9949494.94949495       5.500856666918561E-010
   20833333.3333333        10202020.2020202       2.416261862956432E-010
   20833333.3333333        10454545.4545455       1.026097899057499E-010
   20833333.3333333        10707070.7070707       4.207742771893616E-011
   20833333.3333333        10959595.9595960       1.663835047453861E-011
   20833333.3333333        11212121.2121212       6.332854608945942E-012
   20833333.3333333        11464646.4646465       2.314658810715267E-012
   20833333.3333333        11717171.7171717       8.096715173087859E-013
   20833333.3333333        11969696.9696970       2.696740900188920E-013
   20833333.3333333        12222222.2222222       8.480709401300641E-014
   20833333.3333333        12474747.4747475       2.480565020243076E-014
   20833333.3333333        12727272.7272727       6.544458834328377E-015
   20833333.3333333        12979797.9797980       1.441032821075422E-015
   20833333.3333333        13232323.2323232       1.914209139639351E-016
   20833333.3333333        13484848.4848485      -4.089841510626870E-017
   20833333.3333333        13737373.7373737      -4.928219661670840E-017
   20833333.3333333        13989898.9898990      -2.799346104780566E-017
   20833333.3333333        14242424.2424242      -1.310626287429759E-017
   20833333.3333333        14494949.4949495      -5.933907579835197E-018
   20833333.3333333        14747474.7474747      -3.230348664703024E-018
   20833333.3333333        15000000.0000000       0.000000000000000E+000
   21341444.7505357       -10000000.0000000       0.000000000000000E+000
   21341444.7505357       -9747474.74747475       3.764507473354432E-016
   21341444.7505357       -9494949.49494950       1.587711932455074E-015
   21341444.7505357       -9242424.24242424       4.643358909357429E-015
   21341444.7505357       -8989898.98989899       1.224337685355870E-014
   21341444.7505357       -8737373.73737374       3.057837841282429E-014
   21341444.7505357       -8484848.48484848       7.341963005520520E-014
   21341444.7505357       -8232323.23232323       1.705077551156727E-013
   21341444.7505357       -7979797.97979798       3.842624727198438E-013
   21341444.7505357       -7727272.72727273       8.421491999945646E-013
   21341444.7505357       -7474747.47474748       1.797680338092645E-012
   21341444.7505357       -7222222.22222222       3.742359954409816E-012
   21341444.7505357       -6969696.96969697       7.605849959914363E-012
   21341444.7505357       -6717171.71717172       1.510495255069750E-011
   21341444.7505357       -6464646.46464646       2.933730763691397E-011
   21341444.7505357       -6212121.21212121       5.576775722111803E-011
   21341444.7505357       -5959595.95959596       1.038302572101429E-010
   21341444.7505357       -5707070.70707071       1.894738563748744E-010
   21341444.7505357       -5454545.45454546       3.391276176504634E-010
   21341444.7505357       -5202020.20202020       5.957589799848812E-010
   21341444.7505357       -4949494.94949495       1.027967620978835E-009
   21341444.7505357       -4696969.69696970       1.743406418729973E-009
   21341444.7505357       -4444444.44444444       2.908258752633664E-009
   21341444.7505357       -4191919.19191919       4.775011877962488E-009
   21341444.7505357       -3939393.93939394       7.721294259640539E-009
   21341444.7505357       -3686868.68686869       1.230297730049293E-008
   21341444.7505357       -3434343.43434343       1.932489872666726E-008
   21341444.7505357       -3181818.18181818       2.993220736291985E-008
   21341444.7505357       -2929292.92929293       4.572418911074761E-008
   21341444.7505357       -2676767.67676768       6.889026434375445E-008
   21341444.7505357       -2424242.42424242       1.023644909282198E-007
   21341444.7505357       -2171717.17171717       1.499903823064215E-007
   21341444.7505357       -1919191.91919192       2.166824308580239E-007
   21341444.7505357       -1666666.66666667       3.085649980059083E-007
   21341444.7505357       -1414141.41414141       4.330640831843112E-007
   21341444.7505357       -1161616.16161616       5.989240131490651E-007
   21341444.7505357       -909090.909090910       8.161204210455785E-007
   21341444.7505357       -656565.656565657       1.095643881740355E-006
   21341444.7505357       -404040.404040404       1.449135553313655E-006
   21341444.7505357       -151515.151515152       1.888366643634368E-006
   21341444.7505357        101010.101010101       2.424566022161668E-006
   21341444.7505357        353535.353535354       3.067612495589228E-006
   21341444.7505357        606060.606060605       3.825117258305859E-006
   21341444.7505357        858585.858585859       4.701424895294610E-006
   21341444.7505357        1111111.11111111       5.696555905835629E-006
   21341444.7505357        1363636.36363636       6.805099684253125E-006
   21341444.7505357        1616161.61616162       8.015046987481802E-006
   21341444.7505357        1868686.86868687       9.306532518787655E-006
   21341444.7505357        2121212.12121212       1.065045518733173E-005
   21341444.7505357        2373737.37373737       1.200697835739751E-005
   21341444.7505357        2626262.62626263       1.332401854291315E-005
   21341444.7505357        2878787.87878788       1.453605330326409E-005
   21341444.7505357        3131313.13131313       1.556396286501721E-005
   21341444.7505357        3383838.38383838       1.631717003999875E-005
   21341444.7505357        3636363.63636364       1.669992258709918E-005
   21341444.7505357        3888888.88888889       1.662372225539415E-005
   21341444.7505357        4141414.14141414       1.602675741500629E-005
   21341444.7505357        4393939.39393939       1.489773528902146E-005
   21341444.7505357        4646464.64646465       1.329596012640646E-005
   21341444.7505357        4898989.89898990       1.135528915056513E-005
   21341444.7505357        5151515.15151515       9.262803599434704E-006
   21341444.7505357        5404040.40404040       7.215987731806055E-006
   21341444.7505357        5656565.65656566       5.376577947893951E-006
   21341444.7505357        5909090.90909091       3.841684333120412E-006
   21341444.7505357        6161616.16161616       2.640725075593508E-006
   21341444.7505357        6414141.41414141       1.751770458592816E-006
   21341444.7505357        6666666.66666667       1.124526162442444E-006
   21341444.7505357        6919191.91919192       7.000420887075987E-007
   21341444.7505357        7171717.17171717       4.232421022203037E-007
   21341444.7505357        7424242.42424243       2.487493572474507E-007
   21341444.7505357        7676767.67676768       1.421791657638224E-007
   21341444.7505357        7929292.92929293       7.903946754985706E-008
   21341444.7505357        8181818.18181818       4.272686841880515E-008
   21341444.7505357        8434343.43434343       2.245105190467370E-008
   21341444.7505357        8686868.68686869       1.146091195011213E-008
   21341444.7505357        8939393.93939394       5.680307327540788E-009
   21341444.7505357        9191919.19191919       2.731383730040315E-009
   21341444.7505357        9444444.44444444       1.273234799068130E-009
   21341444.7505357        9696969.69696970       5.748741411641467E-010
   21341444.7505357        9949494.94949495       2.511643739659456E-010
   21341444.7505357        10202020.2020202       1.060691751641865E-010
   21341444.7505357        10454545.4545455       4.324184386318418E-011
   21341444.7505357        10707070.7070707       1.699040723182519E-011
   21341444.7505357        10959595.9595960       6.420440253789303E-012
   21341444.7505357        11212121.2121212       2.326417456851393E-012
   21341444.7505357        11464646.4646465       8.046655409153541E-013
   21341444.7505357        11717171.7171717       2.637438150777654E-013
   21341444.7505357        11969696.9696970       8.087569926656944E-014
   21341444.7505357        12222222.2222222       2.262234871241343E-014
   21341444.7505357        12474747.4747475       5.435914409084086E-015
   21341444.7505357        12727272.7272727       9.097734705988347E-016
   21341444.7505357        12979797.9797980      -5.202706461552394E-017
   21341444.7505357        13232323.2323232      -1.480132810379860E-016
   21341444.7505357        13484848.4848485      -9.445045285325855E-017
   21341444.7505357        13737373.7373737      -4.605730654186826E-017
   21341444.7505357        13989898.9898990      -1.971040864646821E-017
   21341444.7505357        14242424.2424242      -7.759620597206256E-018
   21341444.7505357        14494949.4949495      -2.905787440259696E-018
   21341444.7505357        14747474.7474747      -1.131399548119654E-018
   21341444.7505357        15000000.0000000       0.000000000000000E+000
   21855677.9920416       -10000000.0000000       0.000000000000000E+000
   21855677.9920416       -9747474.74747475       6.504176053799543E-017
   21855677.9920416       -9494949.49494950       3.784754216658053E-016
   21855677.9920416       -9242424.24242424       1.246024215795297E-015
   21855677.9920416       -8989898.98989899       3.567493491787775E-015
   21855677.9920416       -8737373.73737374       9.503115302387328E-015
   21855677.9920416       -8484848.48484848       2.406133667695542E-014
   21855677.9920416       -8232323.23232323       5.847693369193446E-014
   21855677.9920416       -7979797.97979798       1.371813701355655E-013
   21855677.9920416       -7727272.72727273       3.117745953607871E-013
   21855677.9920416       -7474747.47474748       6.882543823621316E-013
   21855677.9920416       -7222222.22222222       1.478657593276783E-012
   21855677.9920416       -6969696.96969697       3.096446506729946E-012
   21855677.9920416       -6717171.71717172       6.328237228447726E-012
   21855677.9920416       -6464646.46464646       1.263538113033883E-011
   21855677.9920416       -6212121.21212121       2.467101684799745E-011
   21855677.9920416       -5959595.95959596       4.714629261596138E-011
   21855677.9920416       -5707070.70707071       8.824987123219760E-011
   21855677.9920416       -5454545.45454546       1.619259108702682E-010
   21855677.9920416       -5202020.20202020       2.914581980149374E-010
   21855677.9920416       -4949494.94949495       5.150051894040547E-010
   21855677.9920416       -4696969.69696970       8.939969356080577E-010
   21855677.9920416       -4444444.44444444       1.525652362368287E-009
   21855677.9920416       -4191919.19191919       2.561306024885372E-009
   21855677.9920416       -3939393.93939394       4.232726068441364E-009
   21855677.9920416       -3686868.68686869       6.889099916319130E-009
   21855677.9920416       -3434343.43434343       1.104774874852537E-008
   21855677.9920416       -3181818.18181818       1.746173493419965E-008
   21855677.9920416       -2929292.92929293       2.720712537876705E-008
   21855677.9920416       -2676767.67676768       4.179151844614932E-008
   21855677.9920416       -2424242.42424242       6.328330136386050E-008
   21855677.9920416       -2171717.17171717       9.445783202539480E-008
   21855677.9920416       -1919191.91919192       1.389523516891286E-007
   21855677.9920416       -1666666.66666667       2.014161928603379E-007
   21855677.9920416       -1414141.41414141       2.876372995137640E-007
   21855677.9920416       -1161616.16161616       4.046210553933935E-007
   21855677.9920416       -909090.909090910       5.605939411067079E-007
   21855677.9920416       -656565.656565657       7.649036435936485E-007
   21855677.9920416       -404040.404040404       1.027789712446626E-006
   21855677.9920416       -151515.151515152       1.360004963624883E-006
   21855677.9920416        101010.101010101       1.772277075195891E-006
   21855677.9920416        353535.353535354       2.274610824636225E-006
   21855677.9920416        606060.606060605       2.875442012125180E-006
   21855677.9920416        858585.858585859       3.580661672438258E-006
   21855677.9920416        1111111.11111111       4.392531235133690E-006
   21855677.9920416        1363636.36363636       5.308504489611028E-006
   21855677.9920416        1616161.61616162       6.319961642836873E-006
   21855677.9920416        1868686.86868687       7.410849823630762E-006
   21855677.9920416        2121212.12121212       8.556225220310765E-006
   21855677.9920416        2373737.37373737       9.720726428537993E-006
   21855677.9920416        2626262.62626263       1.085711069134981E-005
   21855677.9920416        2878787.87878788       1.190520045686610E-005
   21855677.9920416        3131313.13131313       1.279196148614972E-005
   21855677.9920416        3383838.38383838       1.343396197073622E-005
   21855677.9920416        3636363.63636364       1.374398393982347E-005
   21855677.9920416        3888888.88888889       1.364358427385018E-005
   21855677.9920416        4141414.14141414       1.308202740966654E-005
   21855677.9920416        4393939.39393939       1.205835218967611E-005
   21855677.9920416        4646464.64646465       1.063800465674391E-005
   21855677.9920416        4898989.89898990       8.952336151050324E-006
   21855677.9920416        5151515.15151515       7.174088475523941E-006
   21855677.9920416        5404040.40404040       5.475440452597735E-006
   21855677.9920416        5656565.65656566       3.987494638938055E-006
   21855677.9920416        5909090.90909091       2.779215193247996E-006
   21855677.9920416        6161616.16161616       1.860419983928575E-006
   21855677.9920416        6414141.41414141       1.200188724121536E-006
   21855677.9920416        6666666.66666667       7.483572882891619E-007
   21855677.9920416        6919191.91919192       4.520344329369405E-007
   21855677.9920416        7171717.17171717       2.649245813298588E-007
   21855677.9920416        7424242.42424243       1.507930956752639E-007
   21855677.9920416        7676767.67676768       8.339750226001330E-008
   21855677.9920416        7929292.92929293       4.482026771861982E-008
   21855677.9920416        8181818.18181818       2.340237176385686E-008
   21855677.9920416        8434343.43434343       1.186681339190222E-008
   21855677.9920416        8686868.68686869       5.840587706843837E-009
   21855677.9920416        8939393.93939394       2.788278633675017E-009
   21855677.9920416        9191919.19191919       1.290144246813168E-009
   21855677.9920416        9444444.44444444       5.780732987623998E-010
   21855677.9920416        9696969.69696970       2.505727487195507E-010
   21855677.9920416        9949494.94949495       1.049480634265378E-010
   21855677.9920416        10202020.2020202       4.240954654041971E-011
   21855677.9920416        10454545.4545455       1.650282531009010E-011
   21855677.9920416        10707070.7070707       6.167021845744192E-012
   21855677.9920416        10959595.9595960       2.204142966981724E-012
   21855677.9920416        11212121.2121212       7.485008615869596E-013
   21855677.9920416        11464646.4646465       2.387519606084225E-013
   21855677.9920416        11717171.7171717       6.995850555041376E-014
   21855677.9920416        11969696.9696970       1.789586276689543E-014
   21855677.9920416        12222222.2222222       3.397435726880414E-015
   21855677.9920416        12474747.4747475       3.363263866273916E-017
   21855677.9920416        12727272.7272727      -4.258961925718509E-016
   21855677.9920416        12979797.9797980      -3.054086722602808E-016
   21855677.9920416        13232323.2323232      -1.593432051024876E-016
   21855677.9920416        13484848.4848485      -7.206207746595872E-017
   21855677.9920416        13737373.7373737      -2.975199589961544E-017
   21855677.9920416        13989898.9898990      -1.143677897238793E-017
   21855677.9920416        14242424.2424242      -4.106825635490043E-018
   21855677.9920416        14494949.4949495      -1.349986961132597E-018
   21855677.9920416        14747474.7474747      -3.637086420086340E-019
   21855677.9920416        15000000.0000000       0.000000000000000E+000
   22376033.0578512       -10000000.0000000       0.000000000000000E+000
   22376033.0578512       -9747474.74747475      -9.488191304682122E-018
   22376033.0578512       -9494949.49494950       3.959598879595027E-017
   22376033.0578512       -9242424.24242424       2.216136576066606E-016
   22376033.0578512       -8989898.98989899       7.970929485432569E-016
   22376033.0578512       -8737373.73737374       2.435884273491564E-015
   22376033.0578512       -8484848.48484848       6.780993704199577E-015
   22376033.0578512       -8232323.23232323       1.770043959589516E-014
   22376033.0578512       -7979797.97979798       4.397517492363435E-014
   22376033.0578512       -7727272.72727273       1.048944978394219E-013
   22376033.0578512       -7474747.47474748       2.415647160654030E-013
   22376033.0578512       -7222222.22222222       5.391272262505876E-013
   22376033.0578512       -6969696.96969697       1.169238382718319E-012
   22376033.0578512       -6717171.71717172       2.469183286849502E-012
   22376033.0578512       -6464646.46464646       5.085523320275389E-012
   22376033.0578512       -6212121.21212121       1.022860488139211E-011
   22376033.0578512       -5959595.95959596       2.011297539957675E-011
   22376033.0578512       -5707070.70707071       3.870246683038813E-011
   22376033.0578512       -5454545.45454546       7.294382136911730E-011
   22376033.0578512       -5202020.20202020       1.347677836883734E-010
   22376033.0578512       -4949494.94949495       2.442725471042167E-010
   22376033.0578512       -4696969.69696970       4.346945070967372E-010
   22376033.0578512       -4444444.44444444       7.600292263724500E-010
   22376033.0578512       -4191919.19191919       1.306501545168086E-009
   22376033.0578512       -3939393.93939394       2.209496714009070E-009
   22376033.0578512       -3686868.68686869       3.678030377561149E-009
   22376033.0578512       -3434343.43434343       6.029294270618224E-009
   22376033.0578512       -3181818.18181818       9.736158922838857E-009
   22376033.0578512       -2929292.92929293       1.549058343583402E-008
   22376033.0578512       -2676767.67676768       2.428546652053903E-008
   22376033.0578512       -2424242.42424242       3.751633730828899E-008
   22376033.0578512       -2171717.17171717       5.710220944072075E-008
   22376033.0578512       -1919191.91919192       8.562176552864886E-008
   22376033.0578512       -1666666.66666667       1.264568113849549E-007
   22376033.0578512       -1414141.41414141       1.839298743581699E-007
   22376033.0578512       -1161616.16161616       2.634174196433025E-007
   22376033.0578512       -909090.909090910       3.714151835628522E-007
   22376033.0578512       -656565.656565657       5.155285095816311E-007
   22376033.0578512       -404040.404040404       7.043592675691009E-007
   22376033.0578512       -151515.151515152       9.472626648928595E-007
   22376033.0578512        101010.101010101       1.253952267111824E-006
   22376033.0578512        353535.353535354       1.633939391856077E-006
   22376033.0578512        606060.606060605       2.095802496718012E-006
   22376033.0578512        858585.858585859       2.646291367403370E-006
   22376033.0578512        1111111.11111111       3.289277693820716E-006
   22376033.0578512        1363636.36363636       4.024566393251707E-006
   22376033.0578512        1616161.61616162       4.846580979590659E-006
   22376033.0578512        1868686.86868687       5.742935253979271E-006
   22376033.0578512        2121212.12121212       6.692912858196330E-006
   22376033.0578512        2373737.37373737       7.665915790539661E-006
   22376033.0578512        2626262.62626263       8.620045545454368E-006
   22376033.0578512        2878787.87878788       9.501190232881317E-006
   22376033.0578512        3131313.13131313       1.024334751963881E-005
   22376033.0578512        3383838.38383838       1.077140000356691E-005
   22376033.0578512        3636363.63636364       1.100799001022750E-005
   22376033.0578512        3888888.88888889       1.088599579929703E-005
   22376033.0578512        4141414.14141414       1.036650771898767E-005
   22376033.0578512        4393939.39393939       9.458454446089466E-006
   22376033.0578512        4646464.64646465       8.231183146348229E-006
   22376033.0578512        4898989.89898990       6.809523177059789E-006
   22376033.0578512        5151515.15151515       5.347187453399287E-006
   22376033.0578512        5404040.40404040       3.987570786818759E-006
   22376033.0578512        5656565.65656566       2.830434669902840E-006
   22376033.0578512        5909090.90909091       1.918885613460224E-006
   22376033.0578512        6161616.16161616       1.247308435311062E-006
   22376033.0578512        6414141.41414141       7.802394674253940E-007
   22376033.0578512        6666666.66666667       4.711576367069015E-007
   22376033.0578512        6919191.91919192       2.753130006552280E-007
   22376033.0578512        7171717.17171717       1.559297746036448E-007
   22376033.0578512        7424242.42424243       8.568661312804496E-008
   22376033.0578512        7676767.67676768       4.570792730095899E-008
   22376033.0578512        7929292.92929293       2.367030470277435E-008
   22376033.0578512        8181818.18181818       1.189761453578034E-008
   22376033.0578512        8434343.43434343       5.801950718764387E-009
   22376033.0578512        8686868.68686869       2.743386535098233E-009
   22376033.0578512        8939393.93939394       1.256829065538551E-009
   22376033.0578512        9191919.19191919       5.573831615721875E-010
   22376033.0578512        9444444.44444444       2.390287031380868E-010
   22376033.0578512        9696969.69696970       9.898637219028450E-011
   22376033.0578512        9949494.94949495       3.951391340277183E-011
   22376033.0578512        10202020.2020202       1.516613615423498E-011
   22376033.0578512        10454545.4545455       5.575633226524333E-012
   22376033.0578512        10707070.7070707       1.951344091761925E-012
   22376033.0578512        10959595.9595960       6.431765618151815E-013
   22376033.0578512        11212121.2121212       1.955661212137248E-013
   22376033.0578512        11464646.4646465       5.235594152788000E-014
   22376033.0578512        11717171.7171717       1.070078829208255E-014
   22376033.0578512        11969696.9696970       4.326754115920637E-016
   22376033.0578512        12222222.2222222      -1.197928495796294E-015
   22376033.0578512        12474747.4747475      -9.390266402204829E-016
   22376033.0578512        12727272.7272727      -5.180522690711932E-016
   22376033.0578512        12979797.9797980      -2.461733741201304E-016
   22376033.0578512        13232323.2323232      -1.067068715301003E-016
   22376033.0578512        13484848.4848485      -4.317318970481229E-017
   22376033.0578512        13737373.7373737      -1.646657909064286E-017
   22376033.0578512        13989898.9898990      -5.930996265550576E-018
   22376033.0578512        14242424.2424242      -1.994604124657387E-018
   22376033.0578512        14494949.4949495      -5.889697429405218E-019
   22376033.0578512        14747474.7474747      -9.643904676150269E-020
   22376033.0578512        15000000.0000000       0.000000000000000E+000
   22902509.9479645       -10000000.0000000       0.000000000000000E+000
   22902509.9479645       -9747474.74747475      -1.744124480355590E-017
   22902509.9479645       -9494949.49494950      -2.901232531553238E-017
   22902509.9479645       -9242424.24242424      -2.564726608799098E-017
   22902509.9479645       -8989898.98989899       5.028664181098202E-017
   22902509.9479645       -8737373.73737374       3.699599770399927E-016
   22902509.9479645       -8484848.48484848       1.396574623489575E-015
   22902509.9479645       -8232323.23232323       4.304160184190961E-015
   22902509.9479645       -7979797.97979798       1.192150008176002E-014
   22902509.9479645       -7727272.72727273       3.078576951619100E-014
   22902509.9479645       -7474747.47474748       7.546742402793133E-014
   22902509.9479645       -7222222.22222222       1.774056756194883E-013
   22902509.9479645       -6969696.96969697       4.024475637437464E-013
   22902509.9479645       -6717171.71717172       8.847230960927272E-013
   22902509.9479645       -6464646.46464646       1.890375394432200E-012
   22902509.9479645       -6212121.21212121       3.934468625473584E-012
   22902509.9479645       -5959595.95959596       7.990306283946475E-012
   22902509.9479645       -5707070.70707071       1.585558611590460E-011
   22902509.9479645       -5454545.45454546       3.077880670935395E-011
   22902509.9479645       -5202020.20202020       5.850837855192189E-011
   22902509.9479645       -4949494.94949495       1.090143871514027E-010
   22902509.9479645       -4696969.69696970       1.992596758574987E-010
   22902509.9479645       -4444444.44444444       3.575755381676260E-010
   22902509.9479645       -4191919.19191919       6.304405576916113E-010
   22902509.9479645       -3939393.93939394       1.092777593334404E-009
   22902509.9479645       -3686868.68686869       1.863270833102722E-009
   22902509.9479645       -3434343.43434343       3.126638072136401E-009
   22902509.9479645       -3181818.18181818       5.165215652383401E-009
   22902509.9479645       -2929292.92929293       8.402523826874052E-009
   22902509.9479645       -2676767.67676768       1.346152819266352E-008
   22902509.9479645       -2424242.42424242       2.123990240845168E-008
   22902509.9479645       -2171717.17171717       3.300350655078135E-008
   22902509.9479645       -1919191.91919192       5.049731368861626E-008
   22902509.9479645       -1666666.66666667       7.607000236501445E-008
   22902509.9479645       -1414141.41414141       1.128043794917725E-007
   22902509.9479645       -1161616.16161616       1.646409047556169E-007
   22902509.9479645       -909090.909090910       2.364762973370679E-007
   22902509.9479645       -656565.656565657       3.342142010207844E-007
   22902509.9479645       -404040.404040404       4.647410129303156E-007
   22902509.9479645       -151515.151515152       6.357981118329157E-007
   22902509.9479645        101010.101010101       8.557225358627764E-007
   22902509.9479645        353535.353535354       1.133031927677328E-006
   22902509.9479645        606060.606060605       1.475835971954391E-006
   22902509.9479645        858585.858585859       1.891064656572698E-006
   22902509.9479645        1111111.11111111       2.383512138829782E-006
   22902509.9479645        1363636.36363636       2.954702588118715E-006
   22902509.9479645        1616161.61616162       3.601591135903327E-006
   22902509.9479645        1868686.86868687       4.315122039493600E-006
   22902509.9479645        2121212.12121212       5.078686085856252E-006
   22902509.9479645        2373737.37373737       5.866567932772441E-006
   22902509.9479645        2626262.62626263       6.642581215522923E-006
   22902509.9479645        2878787.87878788       7.359294225399909E-006
   22902509.9479645        3131313.13131313       7.958582369417192E-006
   22902509.9479645        3383838.38383838       8.374671403769851E-006
   22902509.9479645        3636363.63636364       8.541144461075392E-006
   22902509.9479645        3888888.88888889       8.403042710658346E-006
   22902509.9479645        4141414.14141414       7.933381377547197E-006
   22902509.9479645        4393939.39393939       7.149714375813856E-006
   22902509.9479645        4646464.64646465       6.122301313707207E-006
   22902509.9479645        4898989.89898990       4.965201179580996E-006
   22902509.9479645        5151515.15151515       3.809106498299500E-006
   22902509.9479645        5404040.40404040       2.766797328461830E-006
   22902509.9479645        5656565.65656566       1.908056201636342E-006
   22902509.9479645        5909090.90909091       1.254136674482746E-006
   22902509.9479645        6161616.16161616       7.889932136756681E-007
   22902509.9479645        6414141.41414141       4.769735701322299E-007
   22902509.9479645        6666666.66666667       2.779995759844582E-007
   22902509.9479645        6919191.91919192       1.566075989119469E-007
   22902509.9479645        7171717.17171717       8.541833426972463E-008
   22902509.9479645        7424242.42424243       4.515592545955114E-008
   22902509.9479645        7676767.67676768       2.314845850791219E-008
   22902509.9479645        7929292.92929293       1.150823160614896E-008
   22902509.9479645        8181818.18181818       5.547166233591385E-009
   22902509.9479645        8434343.43434343       2.591183416504941E-009
   22902509.9479645        8686868.68686869       1.172150560498225E-009
   22902509.9479645        8939393.93939394       5.130055354284036E-010
   22902509.9479645        9191919.19191919       2.169613337124238E-010
   22902509.9479645        9444444.44444444       8.852011368944818E-011
   22902509.9479645        9696969.69696970       3.475881956460882E-011
   22902509.9479645        9949494.94949495       1.308788090776235E-011
   22902509.9479645        10202020.2020202       4.697550846744063E-012
   22902509.9479645        10454545.4545455       1.590475522248568E-012
   22902509.9479645        10707070.7070707       4.977712158559164E-013
   22902509.9479645        10959595.9595960       1.375671988125483E-013
   22902509.9479645        11212121.2121212       2.921484310651167E-014
   22902509.9479645        11464646.4646465       1.381969423672081E-015
   22902509.9479645        11717171.7171717      -3.372642419803369E-015
   22902509.9479645        11969696.9696970      -2.771425784015667E-015
   22902509.9479645        12222222.2222222      -1.593256743067380E-015
   22902509.9479645        12474747.4747475      -7.887852563673966E-016
   22902509.9479645        12727272.7272727      -3.565003220804814E-016
   22902509.9479645        12979797.9797980      -1.505774885404203E-016
   22902509.9479645        13232323.2323232      -6.007784898385441E-017
   22902509.9479645        13484848.4848485      -2.275084010148789E-017
   22902509.9479645        13737373.7373737      -8.183329344731000E-018
   22902509.9479645        13989898.9898990      -2.780917213994246E-018
   22902509.9479645        14242424.2424242      -8.714665016798887E-019
   22902509.9479645        14494949.4949495      -2.239954028661843E-019
   22902509.9479645        14747474.7474747      -5.491818998019090E-021
   22902509.9479645        15000000.0000000       0.000000000000000E+000
   23435108.6623814       -10000000.0000000       0.000000000000000E+000
   23435108.6623814       -9747474.74747475      -1.192806525140333E-017
   23435108.6623814       -9494949.49494950      -2.854627324786570E-017
   23435108.6623814       -9242424.24242424      -5.443880807087395E-017
   23435108.6623814       -8989898.98989899      -8.620962404370523E-017
   23435108.6623814       -8737373.73737374      -9.787092664733808E-017
   23435108.6623814       -8484848.48484848       6.497816701215410E-018
   23435108.6623814       -8232323.23232323       5.141923444388774E-016
   23435108.6623814       -7979797.97979798       2.197287454395886E-015
   23435108.6623814       -7727272.72727273       6.988996511933404E-015
   23435108.6623814       -7474747.47474748       1.948199742532674E-014
   23435108.6623814       -7222222.22222222       5.013308889626537E-014
   23435108.6623814       -6969696.96969697       1.219018624586467E-013
   23435108.6623814       -6717171.71717172       2.836011398216908E-013
   23435108.6623814       -6464646.46464646       6.360052911343230E-013
   23435108.6623814       -6212121.21212121       1.381571700997027E-012
   23435108.6623814       -5959595.95959596       2.916765968730564E-012
   23435108.6623814       -5707070.70707071       5.999399045519254E-012
   23435108.6623814       -5454545.45454546       1.204498737291797E-011
   23435108.6623814       -5202020.20202020       2.364013552775946E-011
   23435108.6623814       -4949494.94949495       4.541321847075958E-011
   23435108.6623814       -4696969.69696970       8.548118834231890E-011
   23435108.6623814       -4444444.44444444       1.578063282210104E-010
   23435108.6623814       -4191919.19191919       2.859600415259739E-010
   23435108.6623814       -3939393.93939394       5.090138851727649E-010
   23435108.6623814       -3686868.68686869       8.905684647497100E-010
   23435108.6623814       -3434343.43434343       1.532285325925761E-009
   23435108.6623814       -3181818.18181818       2.593682783071470E-009
   23435108.6623814       -2929292.92929293       4.320340688364692E-009
   23435108.6623814       -2676767.67676768       7.082938198815684E-009
   23435108.6623814       -2424242.42424242       1.142958323424713E-008
   23435108.6623814       -2171717.17171717       1.815349973772685E-008
   23435108.6623814       -1919191.91919192       2.837710914592111E-008
   23435108.6623814       -1666666.66666667       4.365167206309311E-008
   23435108.6623814       -1414141.41414141       6.606879853363732E-008
   23435108.6623814       -1161616.16161616       9.837626373340036E-008
   23435108.6623814       -909090.909090910       1.440858347373023E-007
   23435108.6623814       -656565.656565657       2.075556000987663E-007
   23435108.6623814       -404040.404040404       2.940241962477536E-007
   23435108.6623814       -151515.151515152       4.095701054076863E-007
   23435108.6623814        101010.101010101       5.609666621089708E-007
   23435108.6623814        353535.353535354       7.554032230246360E-007
   23435108.6623814        606060.606060605       1.000045494345967E-006
   23435108.6623814        858585.858585859       1.301413221596187E-006
   23435108.6623814        1111111.11111111       1.664560924476617E-006
   23435108.6623814        1363636.36363636       2.092056723220296E-006
   23435108.6623814        1616161.61616162       2.582766059805156E-006
   23435108.6623814        1868686.86868687       3.130464219053244E-006
   23435108.6623814        2121212.12121212       3.722331808860702E-006
   23435108.6623814        2373737.37373737       4.337446481183438E-006
   23435108.6623814        2626262.62626263       4.945497955335073E-006
   23435108.6623814        2878787.87878788       5.506154056862834E-006
   23435108.6623814        3131313.13131313       5.969810528303311E-006
   23435108.6623814        3383838.38383838       6.280811293799516E-006
   23435108.6623814        3636363.63636364       6.384391086596748E-006
   23435108.6623814        3888888.88888889       6.238042081486884E-006
   23435108.6623814        4141414.14141414       5.826051711731536E-006
   23435108.6623814        4393939.39393939       5.172517364600761E-006
   23435108.6623814        4646464.64646465       4.345094018397435E-006
   23435108.6623814        4898989.89898990       3.443071102122922E-006
   23435108.6623814        5151515.15151515       2.571444402424857E-006
   23435108.6623814        5404040.40404040       1.812657691217627E-006
   23435108.6623814        5656565.65656566       1.209991752585793E-006
   23435108.6623814        5909090.90909091       7.681766318117853E-007
   23435108.6623814        6161616.16161616       4.659590492389734E-007
   23435108.6623814        6414141.41414141       2.711916133465449E-007
   23435108.6623814        6666666.66666667       1.519706821547294E-007
   23435108.6623814        6919191.91919192       8.221213696296558E-008
   23435108.6623814        7171717.17171717       4.301117201892657E-008
   23435108.6623814        7424242.42424243       2.178521203105528E-008
   23435108.6623814        7676767.67676768       1.068790241462704E-008
   23435108.6623814        7929292.92929293       5.079145446411028E-009
   23435108.6623814        8181818.18181818       2.337295334532760E-009
   23435108.6623814        8434343.43434343       1.040817665041313E-009
   23435108.6623814        8686868.68686869       4.480545572415804E-010
   23435108.6623814        8939393.93939394       1.861788232633033E-010
   23435108.6623814        9191919.19191919       7.450644281785384E-011
   23435108.6623814        9444444.44444444       2.861414708111086E-011
   23435108.6623814        9696969.69696970       1.048380652373659E-011
   23435108.6623814        9949494.94949495       3.625784625676465E-012
   23435108.6623814        10202020.2020202       1.159211844468307E-012
   23435108.6623814        10454545.4545455       3.265919613663017E-013
   23435108.6623814        10707070.7070707       6.982022909515055E-014
   23435108.6623814        10959595.9595960       2.188821796837616E-015
   23435108.6623814        11212121.2121212      -9.572534001502324E-015
   23435108.6623814        11464646.4646465      -7.893210847841376E-015
   23435108.6623814        11717171.7171717      -4.661192001369631E-015
   23435108.6623814        11969696.9696970      -2.385395631091053E-015
   23435108.6623814        12222222.2222222      -1.117702299353767E-015
   23435108.6623814        12474747.4747475      -4.902440906819668E-016
   23435108.6623814        12727272.7272727      -2.033176931177243E-016
   23435108.6623814        12979797.9797980      -8.008125151715541E-017
   23435108.6623814        13232323.2323232      -2.998948962863390E-017
   23435108.6623814        13484848.4848485      -1.065867502110515E-017
   23435108.6623814        13737373.7373737      -3.571969566064149E-018
   23435108.6623814        13989898.9898990      -1.108619024081848E-018
   23435108.6623814        14242424.2424242      -3.010135932890151E-019
   23435108.6623814        14494949.4949495      -5.265497254798348E-020
   23435108.6623814        14747474.7474747       2.214220508272648E-020
   23435108.6623814        15000000.0000000       0.000000000000000E+000
   23973829.2011019       -10000000.0000000       0.000000000000000E+000
   23973829.2011019       -9747474.74747475      -6.471830270843303E-018
   23973829.2011019       -9494949.49494950      -1.749565133530294E-017
   23973829.2011019       -9242424.24242424      -3.800923191097281E-017
   23973829.2011019       -8989898.98989899      -7.441827304789565E-017
   23973829.2011019       -8737373.73737374      -1.335299830156164E-016
   23973829.2011019       -8484848.48484848      -2.142783587935925E-016
   23973829.2011019       -8232323.23232323      -2.807212891430560E-016
   23973829.2011019       -7979797.97979798      -1.869276811868990E-016
   23973829.2011019       -7727272.72727273       5.138519910701428E-016
   23973829.2011019       -7474747.47474748       3.024571919885840E-015
   23973829.2011019       -7222222.22222222       1.033988229165068E-014
   23973829.2011019       -6969696.96969697       2.950825430150671E-014
   23973829.2011019       -6717171.71717172       7.640419427475374E-014
   23973829.2011019       -6464646.46464646       1.854837217450062E-013
   23973829.2011019       -6212121.21212121       4.291560408485456E-013
   23973829.2011019       -5959595.95959596       9.552191447744343E-013
   23973829.2011019       -5707070.70707071       2.057370732020948E-012
   23973829.2011019       -5454545.45454546       4.304818506891640E-012
   23973829.2011019       -5202020.20202020       8.775048947305531E-012
   23973829.2011019       -4949494.94949495       1.746265542272390E-011
   23973829.2011019       -4696969.69696970       3.398215367583455E-011
   23973829.2011019       -4444444.44444444       6.475123147737952E-011
   23973829.2011019       -4191919.19191919       1.209421962734371E-010
   23973829.2011019       -3939393.93939394       2.216342431046514E-010
   23973829.2011019       -3686868.68686869       3.987980109356852E-010
   23973829.2011019       -3434343.43434343       7.050033672493151E-010
   23973829.2011019       -3181818.18181818       1.225058518451761E-009
   23973829.2011019       -2929292.92929293       2.093142770197338E-009
   23973829.2011019       -2676767.67676768       3.517338556443452E-009
   23973829.2011019       -2424242.42424242       5.813715866164323E-009
   23973829.2011019       -2171717.17171717       9.452146073797833E-009
   23973829.2011019       -1919191.91919192       1.511565285165522E-008
   23973829.2011019       -1666666.66666667       2.377414714337465E-008
   23973829.2011019       -1414141.41414141       3.677164288761508E-008
   23973829.2011019       -1161616.16161616       5.592335670063032E-008
   23973829.2011019       -909090.909090910       8.361540554491804E-008
   23973829.2011019       -656565.656565657       1.228952376462811E-007
   23973829.2011019       -404040.404040404       1.775357706152904E-007
   23973829.2011019       -151515.151515152       2.520509836433206E-007
   23973829.2011019        101010.101010101       3.516361054692356E-007
   23973829.2011019        353535.353535354       4.820023266672340E-007
   23973829.2011019        606060.606060605       6.490748767196429E-007
   23973829.2011019        858585.858585859       8.585249378230331E-007
   23973829.2011019        1111111.11111111       1.115110679491813E-006
   23973829.2011019        1363636.36363636       1.421811263592670E-006
   23973829.2011019        1616161.61616162       1.778751336407214E-006
   23973829.2011019        1868686.86868687       2.181935696699029E-006
   23973829.2011019        2121212.12121212       2.621851979550095E-006
   23973829.2011019        2373737.37373737       3.082067275236980E-006
   23973829.2011019        2626262.62626263       3.538064072174865E-006
   23973829.2011019        2878787.87878788       3.956755158346898E-006
   23973829.2011019        3131313.13131313       4.297387759100540E-006
   23973829.2011019        3383838.38383838       4.514815466533758E-006
   23973829.2011019        3636363.63636364       4.566126859823033E-006
   23973829.2011019        3888888.88888889       4.420879766114771E-006
   23973829.2011019        4141414.14141414       4.073189079850525E-006
   23973829.2011019        4393939.39393939       3.550933623272670E-006
   23973829.2011019        4646464.64646465       2.915517077646876E-006
   23973829.2011019        4898989.89898990       2.248325698820172E-006
   23973829.2011019        5151515.15151515       1.627880246794040E-006
   23973829.2011019        5404040.40404040       1.108885247820250E-006
   23973829.2011019        5656565.65656566       7.133882138766747E-007
   23973829.2011019        5909090.90909091       4.355518946851571E-007
   23973829.2011019        6161616.16161616       2.536222905075496E-007
   23973829.2011019        6414141.41414141       1.414863978763736E-007
   23973829.2011019        6666666.66666667       7.589375250209974E-008
   23973829.2011019        6919191.91919192       3.924995083604282E-008
   23973829.2011019        7171717.17171717       1.960682622053623E-008
   23973829.2011019        7424242.42424243       9.470488249452718E-009
   23973829.2011019        7676767.67676768       4.425074528474651E-009
   23973829.2011019        7929292.92929293       1.999877000358427E-009
   23973829.2011019        8181818.18181818       8.736704832904500E-010
   23973829.2011019        8434343.43434343       3.684862686248080E-010
   23973829.2011019        8686868.68686869       1.497346352615114E-010
   23973829.2011019        8939393.93939394       5.841671021247740E-011
   23973829.2011019        9191919.19191919       2.174881759581620E-011
   23973829.2011019        9444444.44444444       7.641268681366351E-012
   23973829.2011019        9696969.69696970       2.476931045313759E-012
   23973829.2011019        9949494.94949495       7.021363865626092E-013
   23973829.2011019        10202020.2020202       1.456293846344117E-013
   23973829.2011019        10454545.4545455      -2.336500699705650E-015
   23973829.2011019        10707070.7070707      -2.708264523380633E-014
   23973829.2011019        10959595.9595960      -2.170648707158719E-014
   23973829.2011019        11212121.2121212      -1.301492469046606E-014
   23973829.2011019        11464646.4646465      -6.839941235531168E-015
   23973829.2011019        11717171.7171717      -3.306899062284125E-015
   23973829.2011019        11969696.9696970      -1.500039164957362E-015
   23973829.2011019        12222222.2222222      -6.440357745363215E-016
   23973829.2011019        12474747.4747475      -2.626690344797606E-016
   23973829.2011019        12727272.7272727      -1.018219294982323E-016
   23973829.2011019        12979797.9797980      -3.744132979127005E-017
   23973829.2011019        13232323.2323232      -1.299253842457325E-017
   23973829.2011019        13484848.4848485      -4.209834839435172E-018
   23973829.2011019        13737373.7373737      -1.246500041464775E-018
   23973829.2011019        13989898.9898990      -3.210725182386663E-019
   23973829.2011019        14242424.2424242      -6.106941684450318E-020
   23973829.2011019        14494949.4949495       2.268425427173228E-021
   23973829.2011019        14747474.7474747       1.811424312947095E-020
   23973829.2011019        15000000.0000000       0.000000000000000E+000
   24518671.5641261       -10000000.0000000       0.000000000000000E+000
   24518671.5641261       -9747474.74747475      -3.118127646708842E-018
   24518671.5641261       -9494949.49494950      -9.022748604220715E-018
   24518671.5641261       -9242424.24242424      -2.083172922575717E-017
   24518671.5641261       -8989898.98989899      -4.406505123118127E-017
   24518671.5641261       -8737373.73737374      -8.811156822012377E-017
   24518671.5641261       -8484848.48484848      -1.672655765593182E-016
   24518671.5641261       -8232323.23232323      -2.989927682838304E-016
   24518671.5641261       -7979797.97979798      -4.923642049746401E-016
   24518671.5641261       -7727272.72727273      -7.084281088187702E-016
   24518671.5641261       -7474747.47474748      -7.488308303218971E-016
   24518671.5641261       -7222222.22222222       2.649505158922094E-017
   24518671.5641261       -6969696.96969697       3.368121241729161E-015
   24518671.5641261       -6717171.71717172       1.364360321013294E-014
   24518671.5641261       -6464646.46464646       4.109505336117567E-014
   24518671.5641261       -6212121.21212121       1.086407227879033E-013
   24518671.5641261       -5959595.95959596       2.656397924140456E-013
   24518671.5641261       -5707070.70707071       6.149653638435320E-013
   24518671.5641261       -5454545.45454546       1.364857529030561E-012
   24518671.5641261       -5202020.20202020       2.925786542487880E-012
   24518671.5641261       -4949494.94949495       6.087149295970708E-012
   24518671.5641261       -4696969.69696970       1.233233887024576E-011
   24518671.5641261       -4444444.44444444       2.438828808614614E-011
   24518671.5641261       -4191919.19191919       4.716344459841237E-011
   24518671.5641261       -3939393.93939394       8.931452585199515E-011
   24518671.5641261       -3686868.68686869       1.658068525318588E-010
   24518671.5641261       -3434343.43434343       3.020048633178259E-010
   24518671.5641261       -3181818.18181818       5.400545609360129E-010
   24518671.5641261       -2929292.92929293       9.485957116824574E-010
   24518671.5641261       -2676767.67676768       1.637150530159739E-009
   24518671.5641261       -2424242.42424242       2.776834701000891E-009
   24518671.5641261       -2171717.17171717       4.629249807351071E-009
   24518671.5641261       -1919191.91919192       7.585427540238145E-009
   24518671.5641261       -1666666.66666667       1.221634922144302E-008
   24518671.5641261       -1414141.41414141       1.933567256607893E-008
   24518671.5641261       -1161616.16161616       3.007366777759923E-008
   24518671.5641261       -909090.909090910       4.595883528927197E-008
   24518671.5641261       -656565.656565657       6.900016855036250E-008
   24518671.5641261       -404040.404040404       1.017585952955941E-007
   24518671.5641261       -151515.151515152       1.473910209893005E-007
   24518671.5641261        101010.101010101       2.096450558611116E-007
   24518671.5641261        353535.353535354       2.927775757634018E-007
   24518671.5641261        606060.606060605       4.013665484520698E-007
   24518671.5641261        858585.858585859       5.399839700818496E-007
   24518671.5641261        1111111.11111111       7.126993601673937E-007
   24518671.5641261        1363636.36363636       9.223894467764488E-007
   24518671.5641261        1616161.61616162       1.169842676542734E-006
   24518671.5641261        1868686.86868687       1.452671104588888E-006
   24518671.5641261        2121212.12121212       1.764084553319773E-006
   24518671.5641261        2373737.37373737       2.091655136116915E-006
   24518671.5641261        2626262.62626263       2.416321315779698E-006
   24518671.5641261        2878787.87878788       2.712063315382924E-006
   24518671.5641261        3131313.13131313       2.946910566920270E-006
   24518671.5641261        3383838.38383838       3.086116684127621E-006
   24518671.5641261        3636363.63636364       3.098197090969935E-006
   24518671.5641261        3888888.88888889       2.963644317310487E-006
   24518671.5641261        4141414.14141414       2.684227220685152E-006
   24518671.5641261        4393939.39393939       2.288462141387933E-006
   24518671.5641261        4646464.64646465       1.828281540741875E-006
   24518671.5641261        4898989.89898990       1.365541892372405E-006
   24518671.5641261        5151515.15151515       9.537776369871109E-007
   24518671.5641261        5404040.40404040       6.246692868634361E-007
   24518671.5641261        5656565.65656566       3.853597418358943E-007
   24518671.5641261        5909090.90909091       2.251229622967626E-007
   24518671.5641261        6161616.16161616       1.252078542502278E-007
   24518671.5641261        6414141.41414141       6.661221159276021E-008
   24518671.5641261        6666666.66666667       3.402766162316248E-008
   24518671.5641261        6919191.91919192       1.673668551742426E-008
   24518671.5641261        7171717.17171717       7.940555765391141E-009
   24518671.5641261        7424242.42424243       3.637365148166538E-009
   24518671.5641261        7676767.67676768       1.608951493760117E-009
   24518671.5641261        7929292.92929293       6.867908379011498E-010
   24518671.5641261        8181818.18181818       2.824086455442185E-010
   24518671.5641261        8434343.43434343       1.114904170676876E-010
   24518671.5641261        8686868.68686869       4.199138735718263E-011
   24518671.5641261        8939393.93939394       1.490529374505139E-011
   24518671.5641261        9191919.19191919       4.859632742563847E-012
   24518671.5641261        9444444.44444444       1.364711602354239E-012
   24518671.5641261        9696969.69696970       2.597168367604647E-013
   24518671.5641261        9949494.94949495      -3.174933177674904E-014
   24518671.5641261        10202020.2020202      -7.485776792011776E-014
   24518671.5641261        10454545.4545455      -5.749382902452546E-014
   24518671.5641261        10707070.7070707      -3.474458365814805E-014
   24518671.5641261        10959595.9595960      -1.866587633117563E-014
   24518671.5641261        11212121.2121212      -9.278524655985646E-015
   24518671.5641261        11464646.4646465      -4.338845330788874E-015
   24518671.5641261        11717171.7171717      -1.922635089706932E-015
   24518671.5641261        11969696.9696970      -8.096022886038989E-016
   24518671.5641261        12222222.2222222      -3.240406425245056E-016
   24518671.5641261        12474747.4747475      -1.230635208827244E-016
   24518671.5641261        12727272.7272727      -4.418159607693150E-017
   24518671.5641261        12979797.9797980      -1.490388598419371E-017
   24518671.5641261        13232323.2323232      -4.685562392355869E-018
   24518671.5641261        13484848.4848485      -1.364759447566607E-018
   24518671.5641261        13737373.7373737      -3.747607892075400E-019
   24518671.5641261        13989898.9898990      -1.076871848770791E-019
   24518671.5641261        14242424.2424242      -3.959087874346023E-020
   24518671.5641261        14494949.4949495      -1.676320251390107E-020
   24518671.5641261        14747474.7474747      -1.007692061939302E-021
   24518671.5641261        15000000.0000000       0.000000000000000E+000
   25069635.7514539       -10000000.0000000       0.000000000000000E+000
   25069635.7514539       -9747474.74747475      -1.371842807882603E-018
   25069635.7514539       -9494949.49494950      -4.177702503293474E-018
   25069635.7514539       -9242424.24242424      -1.006858891092989E-017
   25069635.7514539       -8989898.98989899      -2.234904100938493E-017
   25069635.7514539       -8737373.73737374      -4.730397549632394E-017
   25069635.7514539       -8484848.48484848      -9.633116248661830E-017
   25069635.7514539       -8232323.23232323      -1.888724548757887E-016
   25069635.7514539       -7979797.97979798      -3.553007537565411E-016
   25069635.7514539       -7727272.72727273      -6.363669088468707E-016
   25069635.7514539       -7474747.47474748      -1.069190576707574E-015
   25069635.7514539       -7222222.22222222      -1.633960423412879E-015
   25069635.7514539       -6969696.96969697      -2.099821271840230E-015
   25069635.7514539       -6717171.71717172      -1.631469035597528E-015
   25069635.7514539       -6464646.46464646       2.141743129920835E-015
   25069635.7514539       -6212121.21212121       1.521276380309803E-014
   25069635.7514539       -5959595.95959596       5.168129110679590E-014
   25069635.7514539       -5707070.70707071       1.430529469023338E-013
   25069635.7514539       -5454545.45454546       3.569289063778061E-013
   25069635.7514539       -5202020.20202020       8.335188570783100E-013
   25069635.7514539       -4949494.94949495       1.855123992073832E-012
   25069635.7514539       -4696969.69696970       3.975122068447365E-012
   25069635.7514539       -4444444.44444444       8.251788674567659E-012
   25069635.7514539       -4191919.19191919       1.666249055067870E-011
   25069635.7514539       -3939393.93939394       3.282087283957409E-011
   25069635.7514539       -3686868.68686869       6.319068288010563E-011
   25069635.7514539       -3434343.43434343       1.190930356413875E-010
   25069635.7514539       -3181818.18181818       2.199473126739449E-010
   25069635.7514539       -2929292.92929293       3.983748116263207E-010
   25069635.7514539       -2676767.67676768       7.080268145172366E-010
   25069635.7514539       -2424242.42424242       1.235259336484345E-009
   25069635.7514539       -2171717.17171717       2.116028164946353E-009
   25069635.7514539       -1919191.91919192       3.559552493638089E-009
   25069635.7514539       -1666666.66666667       5.880289299926396E-009
   25069635.7514539       -1414141.41414141       9.539430757657882E-009
   25069635.7514539       -1161616.16161616       1.519630857939379E-008
   25069635.7514539       -909090.909090910       2.376857419440366E-008
   25069635.7514539       -656565.656565657       3.649765383240717E-008
   25069635.7514539       -404040.404040404       5.501265054591755E-008
   25069635.7514539       -151515.151515152       8.138159862369452E-008
   25069635.7514539        101010.101010101       1.181339610740565E-007
   25069635.7514539        353535.353535354       1.682329079019825E-007
   25069635.7514539        606060.606060605       2.349708847578475E-007
   25069635.7514539        858585.858585859       3.217582313932876E-007
   25069635.7514539        1111111.11111111       4.317734613286671E-007
   25069635.7514539        1363636.36363636       5.674471655686843E-007
   25069635.7514539        1616161.61616162       7.297622626246851E-007
   25069635.7514539        1868686.86868687       9.173761820646435E-007
   25069635.7514539        2121212.12121212       1.125613073865759E-006
   25069635.7514539        2373737.37373737       1.345447287466746E-006
   25069635.7514539        2626262.62626263       1.562715619049846E-006
   25069635.7514539        2878787.87878788       1.757959138398506E-006
   25069635.7514539        3131313.13131313       1.907474550958287E-006
   25069635.7514539        3383838.38383838       1.986234433287380E-006
   25069635.7514539        3636363.63636364       1.973067481337390E-006
   25069635.7514539        3888888.88888889       1.857551751217311E-006
   25069635.7514539        4141414.14141414       1.646418278939602E-006
   25069635.7514539        4393939.39393939       1.365754901697061E-006
   25069635.7514539        4646464.64646465       1.055854062921583E-006
   25069635.7514539        4898989.89898990       7.594026148669449E-007
   25069635.7514539        5151515.15151515       5.086560949882635E-007
   25069635.7514539        5404040.40404040       3.184074268227578E-007
   25069635.7514539        5656565.65656566       1.872412505324266E-007
   25069635.7514539        5909090.90909091       1.040480866531927E-007
   25069635.7514539        6161616.16161616       5.494894307516129E-008
   25069635.7514539        6414141.41414141       2.771548045683016E-008
   25069635.7514539        6666666.66666667       1.340312092828518E-008
   25069635.7514539        6919191.91919192       6.231494644446738E-009
   25069635.7514539        7171717.17171717       2.789743935853617E-009
   25069635.7514539        7424242.42424243       1.203068025832791E-009
   25069635.7514539        7676767.67676768       4.992586490941877E-010
   25069635.7514539        7929292.92929293       1.987642779025913E-010
   25069635.7514539        8181818.18181818       7.541347940478400E-011
   25069635.7514539        8434343.43434343       2.689382611280363E-011
   25069635.7514539        8686868.68686869       8.740426090291561E-012
   25069635.7514539        8939393.93939394       2.381707677628056E-012
   25069635.7514539        9191919.19191919       3.722384049318706E-013
   25069635.7514539        9444444.44444444      -1.422026806936779E-013
   25069635.7514539        9696969.69696970      -1.984921630795607E-013
   25069635.7514539        9949494.94949495      -1.461617196871394E-013
   25069635.7514539        10202020.2020202      -8.878324006689460E-014
   25069635.7514539        10454545.4545455      -4.864351156409673E-014
   25069635.7514539        10707070.7070707      -2.480658220353131E-014
   25069635.7514539        10959595.9595960      -1.193182420916561E-014
   25069635.7514539        11212121.2121212      -5.444410951251932E-015
   25069635.7514539        11464646.4646465      -2.361842459667670E-015
   25069635.7514539        11717171.7171717      -9.743408358846906E-016
   25069635.7514539        11969696.9696970      -3.818657656942423E-016
   25069635.7514539        12222222.2222222      -1.419495490902848E-016
   25069635.7514539        12474747.4747475      -4.998412750549483E-017
   25069635.7514539        12727272.7272727      -1.671378264820703E-017
   25069635.7514539        12979797.9797980      -5.392584613985977E-018
   25069635.7514539        13232323.2323232      -1.767586648559343E-018
   25069635.7514539        13484848.4848485      -6.537556398719072E-019
   25069635.7514539        13737373.7373737      -2.979041266963561E-019
   25069635.7514539        13989898.9898990      -1.577172029666132E-019
   25069635.7514539        14242424.2424242      -8.313842583955782E-020
   25069635.7514539        14494949.4949495      -3.701637676216760E-020
   25069635.7514539        14747474.7474747      -9.141489568561524E-021
   25069635.7514539        15000000.0000000       0.000000000000000E+000
   25626721.7630854       -10000000.0000000       0.000000000000000E+000
   25626721.7630854       -9747474.74747475      -5.491196450746877E-019
   25626721.7630854       -9494949.49494950      -1.757985494921259E-018
   25626721.7630854       -9242424.24242424      -4.411912887047699E-018
   25626721.7630854       -8989898.98989899      -1.021327504629055E-017
   25626721.7630854       -8737373.73737374      -2.260224809816466E-017
   25626721.7630854       -8484848.48484848      -4.829367635632552E-017
   25626721.7630854       -8232323.23232323      -9.990166015536154E-017
   25626721.7630854       -7979797.97979798      -2.001131389016540E-016
   25626721.7630854       -7727272.72727273      -3.876382569598574E-016
   25626721.7630854       -7474747.47474748      -7.240398773703231E-016
   25626721.7630854       -7222222.22222222      -1.297105853937923E-015
   25626721.7630854       -6969696.96969697      -2.207485624882413E-015
   25626721.7630854       -6717171.71717172      -3.504033562316853E-015
   25626721.7630854       -6464646.46464646      -4.985601093761593E-015
   25626721.7630854       -6212121.21212121      -5.684869855613876E-015
   25626721.7630854       -5959595.95959596      -2.639245341766063E-015
   25626721.7630854       -5707070.70707071       1.186587516422470E-014
   25626721.7630854       -5454545.45454546       5.620720497114162E-014
   25626721.7630854       -5202020.20202020       1.716349958314840E-013
   25626721.7630854       -4949494.94949495       4.467113462007375E-013
   25626721.7630854       -4696969.69696970       1.064831037358309E-012
   25626721.7630854       -4444444.44444444       2.394192224969147E-012
   25626721.7630854       -4191919.19191919       5.153869286165613E-012
   25626721.7630854       -3939393.93939394       1.071291485031114E-011
   25626721.7630854       -3686868.68686869       2.161615663026243E-011
   25626721.7630854       -3434343.43434343       4.248636271391975E-011
   25626721.7630854       -3181818.18181818       8.153454792675936E-011
   25626721.7630854       -2929292.92929293       1.530251662075806E-010
   25626721.7630854       -2676767.67676768       2.811952881064222E-010
   25626721.7630854       -2424242.42424242       5.063149972209717E-010
   25626721.7630854       -2171717.17171717       8.937868057490809E-010
   25626721.7630854       -1919191.91919192       1.547382600565646E-009
   25626721.7630854       -1666666.66666667       2.627848418961209E-009
   25626721.7630854       -1414141.41414141       4.378077570604705E-009
   25626721.7630854       -1161616.16161616       7.155731898677403E-009
   25626721.7630854       -909090.909090910       1.147341714913622E-008
   25626721.7630854       -656565.656565657       1.804511130122315E-008
   25626721.7630854       -404040.404040404       2.783533467781258E-008
   25626721.7630854       -151515.151515152       4.210442220138372E-008
   25626721.7630854        101010.101010101       6.243920718925169E-008
   25626721.7630854        353535.353535354       9.075362840779970E-008
   25626721.7630854        606060.606060605       1.292386632072459E-007
   25626721.7630854        858585.858585859       1.802363643107415E-007
   25626721.7630854        1111111.11111111       2.460099361743565E-007
   25626721.7630854        1363636.36363636       3.283827750732083E-007
   25626721.7630854        1616161.61616162       4.282274106687689E-007
   25626721.7630854        1868686.86868687       5.448052608937344E-007
   25626721.7630854        2121212.12121212       6.749973053224403E-007
   25626721.7630854        2373737.37373737       8.125334983312164E-007
   25626721.7630854        2626262.62626263       9.474328389543446E-007
   25626721.7630854        2878787.87878788       1.066001428701710E-006
   25626721.7630854        3131313.13131313       1.151859021746450E-006
   25626721.7630854        3383838.38383838       1.188455418828655E-006
   25626721.7630854        3636363.63636364       1.163185091047857E-006
   25626721.7630854        3888888.88888889       1.072318390628881E-006
   25626721.7630854        4141414.14141414       9.247131360285969E-007
   25626721.7630854        4393939.39393939       7.415996571635929E-007
   25626721.7630854        4646464.64646465       5.510333565195732E-007
   25626721.7630854        4898989.89898990       3.789688227138128E-007
   25626721.7630854        5151515.15151515       2.417072183911858E-007
   25626721.7630854        5404040.40404040       1.435966835715989E-007
   25626721.7630854        5656565.65656566       7.993569674139387E-008
   25626721.7630854        5909090.90909091       4.196288498114801E-008
   25626721.7630854        6161616.16161616       2.089960427826533E-008
   25626721.7630854        6414141.41414141       9.925586852575130E-009
   25626721.7630854        6666666.66666667       4.511779931972517E-009
   25626721.7630854        6919191.91919192       1.967313432753523E-009
   25626721.7630854        7171717.17171717       8.231515084074854E-010
   25626721.7630854        7424242.42424243       3.297317153361119E-010
   25626721.7630854        7676767.67676768       1.255853949826836E-010
   25626721.7630854        7929292.92929293       4.475177164393660E-011
   25626721.7630854        8181818.18181818       1.434693565617602E-011
   25626721.7630854        8434343.43434343       3.676114882293741E-012
   25626721.7630854        8686868.68686869       3.365114587179879E-013
   25626721.7630854        8939393.93939394      -4.682995518200572E-013
   25626721.7630854        9191919.19191919      -4.989376496142588E-013
   25626721.7630854        9444444.44444444      -3.556499363396954E-013
   25626721.7630854        9696969.69696970      -2.174496263198262E-013
   25626721.7630854        9949494.94949495      -1.214854192546307E-013
   25626721.7630854        10202020.2020202      -6.350267372798179E-014
   25626721.7630854        10454545.4545455      -3.137274210938804E-014
   25626721.7630854        10707070.7070707      -1.471384305776002E-014
   25626721.7630854        10959595.9595960      -6.562684256754684E-015
   25626721.7630854        11212121.2121212      -2.785019723422278E-015
   25626721.7630854        11464646.4646465      -1.124479472479501E-015
   25626721.7630854        11717171.7171717      -4.320691115357998E-016
   25626721.7630854        11969696.9696970      -1.583155687430294E-016
   25626721.7630854        12222222.2222222      -5.573448982483064E-017
   25626721.7630854        12474747.4747475      -1.924503802097359E-017
   25626721.7630854        12727272.7272727      -6.813585244924218E-018
   25626721.7630854        12979797.9797980      -2.637631091540075E-018
   25626721.7630854        13232323.2323232      -1.157443662518420E-018
   25626721.7630854        13484848.4848485      -5.502108544534717E-019
   25626721.7630854        13737373.7373737      -2.553142399922277E-019
   25626721.7630854        13989898.9898990      -1.014362738467043E-019
   25626721.7630854        14242424.2424242      -2.620575522065734E-020
   25626721.7630854        14494949.4949495       2.995568089832807E-021
   25626721.7630854        14747474.7474747       7.639686979082065E-021
   25626721.7630854        15000000.0000000       0.000000000000000E+000
   26189929.5990205       -10000000.0000000       0.000000000000000E+000
   26189929.5990205       -9747474.74747475      -1.952890705926326E-019
   26189929.5990205       -9494949.49494950      -6.651284905986967E-019
   26189929.5990205       -9242424.24242424      -1.747601695630140E-018
   26189929.5990205       -8989898.98989899      -4.231676276374792E-018
   26189929.5990205       -8737373.73737374      -9.793996605618674E-018
   26189929.5990205       -8484848.48484848      -2.188456187229069E-017
   26189929.5990205       -8232323.23232323      -4.736832019686090E-017
   26189929.5990205       -7979797.97979798      -9.944111517288050E-017
   26189929.5990205       -7727272.72727273      -2.025642285413949E-016
   26189929.5990205       -7474747.47474748      -4.003229507726546E-016
   26189929.5990205       -7222222.22222222      -7.669078984395765E-016
   26189929.5990205       -6969696.96969697      -1.421560717655984E-015
   26189929.5990205       -6717171.71717172      -2.540975458479283E-015
   26189929.5990205       -6464646.46464646      -4.353204901433720E-015
   26189929.5990205       -6212121.21212121      -7.069366253999181E-015
   26189929.5990205       -5959595.95959596      -1.064849930849700E-014
   26189929.5990205       -5707070.70707071      -1.416090986725434E-014
   26189929.5990205       -5454545.45454546      -1.424841433152851E-014
   26189929.5990205       -5202020.20202020      -1.650262933714684E-015
   26189929.5990205       -4949494.94949495       4.625486693756871E-014
   26189929.5990205       -4696969.69696970       1.808404084365058E-013
   26189929.5990205       -4444444.44444444       5.129479912837016E-013
   26189929.5990205       -4191919.19191919       1.272370399322283E-012
   26189929.5990205       -3939393.93939394       2.919867338257552E-012
   26189929.5990205       -3686868.68686869       6.352547449413728E-012
   26189929.5990205       -3434343.43434343       1.327074082743709E-011
   26189929.5990205       -3181818.18181818       2.681656534894238E-011
   26189929.5990205       -2929292.92929293       5.265667076422471E-011
   26189929.5990205       -2676767.67676768       1.007695355336079E-010
   26189929.5990205       -2424242.42424242       1.883147401425939E-010
   26189929.5990205       -2171717.17171717       3.441062887378630E-010
   26189929.5990205       -1919191.91919192       6.153727809292775E-010
   26189929.5990205       -1666666.66666667       1.077636233464057E-009
   26189929.5990205       -1414141.41414141       1.848627331272089E-009
   26189929.5990205       -1161616.16161616       3.107096423009448E-009
   26189929.5990205       -909090.909090910       5.117061179866895E-009
   26189929.5990205       -656565.656565657       8.257306026578153E-009
   26189929.5990205       -404040.404040404       1.305464786457355E-008
   26189929.5990205       -151515.151515152       2.021744643367081E-008
   26189929.5990205        101010.101010101       3.066295636835376E-008
   26189929.5990205        353535.353535354       4.552839999760698E-008
   26189929.5990205        606060.606060605       6.615130521263667E-008
   26189929.5990205        858585.858585859       9.400026352592847E-008
   26189929.5990205        1111111.11111111       1.305339110660380E-007
   26189929.5990205        1363636.36363636       1.769655119186983E-007
   26189929.5990205        1616161.61616162       2.339161006648307E-007
   26189929.5990205        1868686.86868687       3.009554024706247E-007
   26189929.5990205        2121212.12121212       3.760631602097838E-007
   26189929.5990205        2373737.37373737       4.551012365305489E-007
   26189929.5990205        2626262.62626263       5.314722405914286E-007
   26189929.5990205        2878787.87878788       5.962410576355732E-007
   26189929.5990205        3131313.13131313       6.390615867654944E-007
   26189929.5990205        3383838.38383838       6.501718248441817E-007
   26189929.5990205        3636363.63636364       6.233430678626410E-007
   26189929.5990205        3888888.88888889       5.589363457577527E-007
   26189929.5990205        4141414.14141414       4.654513904373941E-007
   26189929.5990205        4393939.39393939       3.579803418957037E-007
   26189929.5990205        4646464.64646465       2.535062598458639E-007
   26189929.5990205        4898989.89898990       1.652969370435475E-007
   26189929.5990205        5151515.15151515       9.954098646825744E-008
   26189929.5990205        5404040.40404040       5.565940607328443E-008
   26189929.5990205        5656565.65656566       2.909266947442167E-008
   26189929.5990205        5909090.90909091       1.431323309384487E-008
   26189929.5990205        6161616.16161616       6.669416105633278E-009
   26189929.5990205        6414141.41414141       2.957230484212887E-009
   26189929.5990205        6666666.66666667       1.250914502845628E-009
   26189929.5990205        6919191.91919192       5.043726728852141E-010
   26189929.5990205        7171717.17171717       1.925386588192933E-010
   26189929.5990205        7424242.42424243       6.825804184135636E-011
   26189929.5990205        7676767.67676768       2.132263640163515E-011
   26189929.5990205        7929292.92929293       4.865991845995210E-012
   26189929.5990205        8181818.18181818      -1.914912143523409E-013
   26189929.5990205        8434343.43434343      -1.287678318739787E-012
   26189929.5990205        8686868.68686869      -1.181813152785549E-012
   26189929.5990205        8939393.93939394      -8.273155269319568E-013
   26189929.5990205        9191919.19191919      -5.115499661147903E-013
   26189929.5990205        9444444.44444444      -2.919361527688096E-013
   26189929.5990205        9696969.69696970      -1.564364752111039E-013
   26189929.5990205        9949494.94949495      -7.930106955932533E-014
   26189929.5990205        10202020.2020202      -3.815709639763335E-014
   26189929.5990205        10454545.4545455      -1.745456856890613E-014
   26189929.5990205        10707070.7070707      -7.597072628457580E-015
   26189929.5990205        10959595.9595960      -3.148565014349810E-015
   26189929.5990205        11212121.2121212      -1.244154931040140E-015
   26189929.5990205        11464646.4646465      -4.701378070996526E-016
   26189929.5990205        11717171.7171717      -1.710611610524162E-016
   26189929.5990205        11969696.9696970      -6.080566165439813E-017
   26189929.5990205        12222222.2222222      -2.165430773774084E-017
   26189929.5990205        12474747.4747475      -7.954664050803421E-018
   26189929.5990205        12727272.7272727      -3.024590663217077E-018
   26189929.5990205        12979797.9797980      -1.108287041513982E-018
   26189929.5990205        13232323.2323232      -3.015952664427207E-019
   26189929.5990205        13484848.4848485       3.418884276091864E-020
   26189929.5990205        13737373.7373737       1.440821101982964E-019
   26189929.5990205        13989898.9898990       1.462059146459994E-019
   26189929.5990205        14242424.2424242       1.063435725712022E-019
   26189929.5990205        14494949.4949495       6.007199159290401E-020
   26189929.5990205        14747474.7474747       2.329703867257414E-020
   26189929.5990205        15000000.0000000       0.000000000000000E+000
   26759259.2592593       -10000000.0000000       0.000000000000000E+000
   26759259.2592593       -9747474.74747475      -5.874145182906641E-020
   26759259.2592593       -9494949.49494950      -2.199833571055546E-019
   26759259.2592593       -9242424.24242424      -6.130456260278196E-019
   26759259.2592593       -8989898.98989899      -1.566715228969485E-018
   26759259.2592593       -8737373.73737374      -3.817407608271759E-018
   26759259.2592593       -8484848.48484848      -8.960854500257615E-018
   26759259.2592593       -8232323.23232323      -2.033988774640379E-017
   26759259.2592593       -7979797.97979798      -4.472517793484426E-017
   26759259.2592593       -7727272.72727273      -9.537829911063165E-017
   26759259.2592593       -7474747.47474748      -1.974135292577864E-016
   26759259.2592593       -7222222.22222222      -3.967748491106769E-016
   26759259.2592593       -6969696.96969697      -7.744917064002240E-016
   26759259.2592593       -6717171.71717172      -1.467787579019975E-015
   26759259.2592593       -6464646.46464646      -2.698110973760947E-015
   26759259.2592593       -6212121.21212121      -4.800954631678448E-015
   26759259.2592593       -5959595.95959596      -8.238379141443456E-015
   26759259.2592593       -5707070.70707071      -1.354178036432279E-014
   26759259.2592593       -5454545.45454546      -2.105784798432096E-014
   26759259.2592593       -5202020.20202020      -3.021193608916473E-014
   26759259.2592593       -4949494.94949495      -3.767851783013529E-014
   26759259.2592593       -4696969.69696970      -3.320783759752418E-014
   26759259.2592593       -4444444.44444444       9.365229056838071E-015
   26759259.2592593       -4191919.19191919       1.506658001778893E-013
   26759259.2592593       -3939393.93939394       5.226641046223909E-013
   26759259.2592593       -3686868.68686869       1.399715798230413E-012
   26759259.2592593       -3434343.43434343       3.331366582319418E-012
   26759259.2592593       -3181818.18181818       7.383645769150487E-012
   26759259.2592593       -2929292.92929293       1.556539929692617E-011
   26759259.2592593       -2676767.67676768       3.156079439817999E-011
   26759259.2592593       -2424242.42424242       6.195248672614278E-011
   26759259.2592593       -2171717.17171717       1.182045562946792E-010
   26759259.2592593       -1919191.91919192       2.197784350026864E-010
   26759259.2592593       -1666666.66666667       3.988685735841804E-010
   26759259.2592593       -1414141.41414141       7.073436405087386E-010
   26759259.2592593       -1161616.16161616       1.226519575559083E-009
   26759259.2592593       -909090.909090910       2.080302520828847E-009
   26759259.2592593       -656565.656565657       3.451922009838370E-009
   26759259.2592593       -404040.404040404       5.603798650464128E-009
   26759259.2592593       -151515.151515152       8.898909737536929E-009
   26759259.2592593        101010.101010101       1.382019542470721E-008
   26759259.2592593        353535.353535354       2.098201403621809E-008
   26759259.2592593        606060.606060605       3.112448082442739E-008
   26759259.2592593        858585.858585859       4.507805872127352E-008
   26759259.2592593        1111111.11111111       6.368282810422018E-008
   26759259.2592593        1363636.36363636       8.764599601181810E-008
   26759259.2592593        1616161.61616162       1.173250319447038E-007
   26759259.2592593        1868686.86868687       1.524363040928174E-007
   26759259.2592593        2121212.12121212       1.917153798399351E-007
   26759259.2592593        2373737.37373737       2.325999372614615E-007
   26759259.2592593        2626262.62626263       2.710687311549476E-007
   26759259.2592593        2878787.87878788       3.018333059830170E-007
   26759259.2592593        3131313.13131313       3.190945637441135E-007
   26759259.2592593        3383838.38383838       3.179576194814159E-007
   26759259.2592593        3636363.63636364       2.962636418920190E-007
   26759259.2592593        3888888.88888889       2.561017003023402E-007
   26759259.2592593        4141414.14141414       2.039603868065725E-007
   26759259.2592593        4393939.39393939       1.489108398647265E-007
   26759259.2592593        4646464.64646465       9.946440966821949E-008
   26759259.2592593        4898989.89898990       6.085899297166500E-008
   26759259.2592593        5151515.15151515       3.425895276240550E-008
   26759259.2592593        5404040.40404040       1.785806162494556E-008
   26759259.2592593        5656565.65656566       8.684329235090745E-009
   26759259.2592593        5909090.90909091       3.967762892666581E-009
   26759259.2592593        6161616.16161616       1.712149420546535E-009
   26759259.2592593        6414141.41414141       6.988169807614598E-010
   26759259.2592593        6666666.66666667       2.681361256582236E-010
   26759259.2592593        6919191.91919192       9.448136760296053E-011
   26759259.2592593        7171717.17171717       2.838719711379360E-011
   26759259.2592593        7424242.42424243       5.172130338085728E-012
   26759259.2592593        7676767.67676768      -1.815537366688086E-012
   26759259.2592593        7929292.92929293      -3.093360021758143E-012
   26759259.2592593        8181818.18181818      -2.632130176236143E-012
   26759259.2592593        8434343.43434343      -1.840916999668950E-012
   26759259.2592593        8686868.68686869      -1.159626246999475E-012
   26759259.2592593        8939393.93939394      -6.782044262580120E-013
   26759259.2592593        9191919.19191919      -3.728263457637063E-013
   26759259.2592593        9444444.44444444      -1.937115296824795E-013
   26759259.2592593        9696969.69696970      -9.539000760694283E-014
   26759259.2592593        9949494.94949495      -4.459281713819213E-014
   26759259.2592593        10202020.2020202      -1.981566536595065E-014
   26759259.2592593        10454545.4545455      -8.381248129787238E-015
   26759259.2592593        10707070.7070707      -3.379254308494129E-015
   26759259.2592593        10959595.9595960      -1.301136994820622E-015
   26759259.2592593        11212121.2121212      -4.794324819414428E-016
   26759259.2592593        11464646.4646465      -1.693768523624543E-016
   26759259.2592593        11717171.7171717      -5.726423717836437E-017
   26759259.2592593        11969696.9696970      -1.813113211500488E-017
   26759259.2592593        12222222.2222222      -4.809237370508285E-018
   26759259.2592593        12474747.4747475      -3.871794271390667E-019
   26759259.2592593        12727272.7272727       9.465653037350558E-019
   26759259.2592593        12979797.9797980       1.166687713715875E-018
   26759259.2592593        13232323.2323232       9.847675188174077E-019
   26759259.2592593        13484848.4848485       6.926807105374001E-019
   26759259.2592593        13737373.7373737       4.203523443681242E-019
   26759259.2592593        13989898.9898990       2.178421609333146E-019
   26759259.2592593        14242424.2424242       9.139933353277998E-020
   26759259.2592593        14494949.4949495       2.629643210270141E-020
   26759259.2592593        14747474.7474747       1.931089087447877E-021
   26759259.2592593        15000000.0000000       0.000000000000000E+000
   27334710.7438017       -10000000.0000000       0.000000000000000E+000
   27334710.7438017       -9747474.74747475      -1.317476796078705E-020
   27334710.7438017       -9494949.49494950      -5.993856113105795E-020
   27334710.7438017       -9242424.24242424      -1.826279439878975E-019
   27334710.7438017       -8989898.98989899      -5.019021109962515E-019
   27334710.7438017       -8737373.73737374      -1.304841562780794E-018
   27334710.7438017       -8484848.48484848      -3.250717178133836E-018
   27334710.7438017       -8232323.23232323      -7.800031882023665E-018
   27334710.7438017       -7979797.97979798      -1.807571263299593E-017
   27334710.7438017       -7727272.72727273      -4.052827987804310E-017
   27334710.7438017       -7474747.47474748      -8.803697192621826E-017
   27334710.7438017       -7222222.22222222      -1.854699881065272E-016
   27334710.7438017       -6969696.96969697      -3.792704769120666E-016
   27334710.7438017       -6717171.71717172      -7.533033363697919E-016
   27334710.7438017       -6464646.46464646      -1.453832104951022E-015
   27334710.7438017       -6212121.21212121      -2.726619810958689E-015
   27334710.7438017       -5959595.95959596      -4.967574030283558E-015
   27334710.7438017       -5707070.70707071      -8.782350069774430E-015
   27334710.7438017       -5454545.45454546      -1.503391480984900E-014
   27334710.7438017       -5202020.20202020      -2.481773384062503E-014
   27334710.7438017       -4949494.94949495      -3.921667166192558E-014
   27334710.7438017       -4696969.69696970      -5.850258745990586E-014
   27334710.7438017       -4444444.44444444      -8.007637305261262E-014
   27334710.7438017       -4191919.19191919      -9.370526642978457E-014
   27334710.7438017       -3939393.93939394      -7.123377914796717E-014
   27334710.7438017       -3686868.68686869       5.457657072215281E-014
   27334710.7438017       -3434343.43434343       4.318692894292158E-013
   27334710.7438017       -3181818.18181818       1.369542607550584E-012
   27334710.7438017       -2929292.92929293       3.484941658946575E-012
   27334710.7438017       -2676767.67676768       7.968867860694216E-012
   27334710.7438017       -2424242.42424242       1.704704442291321E-011
   27334710.7438017       -2171717.17171717       3.475955804340732E-011
   27334710.7438017       -1919191.91919192       6.823631173471030E-011
   27334710.7438017       -1666666.66666667       1.297151021864663E-010
   27334710.7438017       -1414141.41414141       2.396206452320463E-010
   27334710.7438017       -1161616.16161616       4.310773855648824E-010
   27334710.7438017       -909090.909090910       7.562292215346530E-010
   27334710.7438017       -656565.656565657       1.294626589602403E-009
   27334710.7438017       -404040.404040404       2.163632338537739E-009
   27334710.7438017       -151515.151515152       3.530187397163918E-009
   27334710.7438017        101010.101010101       5.622252681598539E-009
   27334710.7438017        353535.353535354       8.736718071948267E-009
   27334710.7438017        606060.606060605       1.323854505633880E-008
   27334710.7438017        858585.858585859       1.954358564906452E-008
   27334710.7438017        1111111.11111111       2.807545580628190E-008
   27334710.7438017        1363636.36363636       3.918618192905037E-008
   27334710.7438017        1616161.61616162       5.303306563289933E-008
   27334710.7438017        1868686.86868687       6.941326602519660E-008
   27334710.7438017        2121212.12121212       8.757645742591344E-008
   27334710.7438017        2373737.37373737       1.060667375985201E-007
   27334710.7438017        2626262.62626263       1.226839409162937E-007
   27334710.7438017        2878787.87878788       1.346838818231526E-007
   27334710.7438017        3131313.13131313       1.393176081234528E-007
   27334710.7438017        3383838.38383838       1.346890982165509E-007
   27334710.7438017        3636363.63636364       1.206730675373470E-007
   27334710.7438017        3888888.88888889       9.939142722939260E-008
   27334710.7438017        4141414.14141414       7.476759139160967E-008
   27334710.7438017        4393939.39393939       5.116796800267905E-008
   27334710.7438017        4646464.64646465       3.183931117709254E-008
   27334710.7438017        4898989.89898990       1.806782712827433E-008
   27334710.7438017        5151515.15151515       9.406041132977540E-009
   27334710.7438017        5404040.40404040       4.526778523139863E-009
   27334710.7438017        5656565.65656566       2.029030049622431E-009
   27334710.7438017        5909090.90909091       8.506738726400482E-010
   27334710.7438017        6161616.16161616       3.320494898268530E-010
   27334710.7438017        6414141.41414141       1.173173077222468E-010
   27334710.7438017        6666666.66666667       3.370946725178281E-011
   27334710.7438017        6919191.91919192       3.764310994584469E-012
   27334710.7438017        7171717.17171717      -5.253970282311234E-012
   27334710.7438017        7424242.42424243      -6.608683158704720E-012
   27334710.7438017        7676767.67676768      -5.509133669944492E-012
   27334710.7438017        7929292.92929293      -3.927254564160840E-012
   27334710.7438017        8181818.18181818      -2.544865639520351E-012
   27334710.7438017        8434343.43434343      -1.531987961100353E-012
   27334710.7438017        8686868.68686869      -8.647223810576895E-013
   27334710.7438017        8939393.93939394      -4.597362080513035E-013
   27334710.7438017        9191919.19191919      -2.308589254817232E-013
   27334710.7438017        9444444.44444444      -1.097312703032212E-013
   27334710.7438017        9696969.69696970      -4.947242434625943E-014
   27334710.7438017        9949494.94949495      -2.119945683485616E-014
   27334710.7438017        10202020.2020202      -8.646694040238463E-015
   27334710.7438017        10454545.4545455      -3.355520680025977E-015
   27334710.7438017        10707070.7070707      -1.232787783131027E-015
   27334710.7438017        10959595.9595960      -4.221911568427209E-016
   27334710.7438017        11212121.2121212      -1.290771531224059E-016
   27334710.7438017        11464646.4646465      -3.029557553458614E-017
   27334710.7438017        11717171.7171717      -5.845590662403725E-019
   27334710.7438017        11969696.9696970       6.242094127661945E-018
   27334710.7438017        12222222.2222222       6.245889817567043E-018
   27334710.7438017        12474747.4747475       4.632660204126551E-018
   27334710.7438017        12727272.7272727       2.958908561885463E-018
   27334710.7438017        12979797.9797980       1.639783433883077E-018
   27334710.7438017        13232323.2323232       7.410423655799490E-019
   27334710.7438017        13484848.4848485       2.102142014245398E-019
   27334710.7438017        13737373.7373737      -4.739353038944959E-020
   27334710.7438017        13989898.9898990      -1.311719258746531E-019
   27334710.7438017        14242424.2424242      -1.234287614821020E-019
   27334710.7438017        14494949.4949495      -8.065528303941395E-020
   27334710.7438017        14747474.7474747      -3.476632664062301E-020
   27334710.7438017        15000000.0000000       0.000000000000000E+000
   27916284.0526477       -10000000.0000000       0.000000000000000E+000
   27916284.0526477       -9747474.74747475      -9.312842402141240E-022
   27916284.0526477       -9494949.49494950      -1.108955499993836E-020
   27916284.0526477       -9242424.24242424      -4.153429864389595E-020
   27916284.0526477       -8989898.98989899      -1.298128232842339E-019
   27916284.0526477       -8737373.73737374      -3.721299945562050E-019
   27916284.0526477       -8484848.48484848      -1.005317813640784E-018
   27916284.0526477       -8232323.23232323      -2.589575109244856E-018
   27916284.0526477       -7979797.97979798      -6.399797797015261E-018
   27916284.0526477       -7727272.72727273      -1.523146676240220E-017
   27916284.0526477       -7474747.47474748      -3.499718842643368E-017
   27916284.0526477       -7222222.22222222      -7.777034497863821E-017
   27916284.0526477       -6969696.96969697      -1.673692531403071E-016
   27916284.0526477       -6717171.71717172      -3.492146300659680E-016
   27916284.0526477       -6464646.46464646      -7.070584282181869E-016
   27916284.0526477       -6212121.21212121      -1.390225907389219E-015
   27916284.0526477       -5959595.95959596      -2.656015178317002E-015
   27916284.0526477       -5707070.70707071      -4.932252551773801E-015
   27916284.0526477       -5454545.45454546      -8.903266527143346E-015
   27916284.0526477       -5202020.20202020      -1.561552317403915E-014
   27916284.0526477       -4949494.94949495      -2.658008254350145E-014
   27916284.0526477       -4696969.69696970      -4.380402639541869E-014
   27916284.0526477       -4444444.44444444      -6.958471218843936E-014
   27916284.0526477       -4191919.19191919      -1.056970454482420E-013
   27916284.0526477       -3939393.93939394      -1.511993391714202E-013
   27916284.0526477       -3686868.68686869      -1.973086046510428E-013
   27916284.0526477       -3434343.43434343      -2.163630669700254E-013
   27916284.0526477       -3181818.18181818      -1.393267372514803E-013
   27916284.0526477       -2929292.92929293       1.881377653744305E-013
   27916284.0526477       -2676767.67676768       1.088376934299657E-012
   27916284.0526477       -2424242.42424242       3.202364680947556E-012
   27916284.0526477       -2171717.17171717       7.755280301619492E-012
   27916284.0526477       -1919191.91919192       1.700974296017207E-011
   27916284.0526477       -1666666.66666667       3.501328225773911E-011
   27916284.0526477       -1414141.41414141       6.878644086825900E-011
   27916284.0526477       -1161616.16161616       1.301358842248045E-010
   27916284.0526477       -909090.909090910       2.382962572577366E-010
   27916284.0526477       -656565.656565657       4.235755413965966E-010
   27916284.0526477       -404040.404040404       7.320553200655660E-010
   27916284.0526477       -151515.151515152       1.231116841195962E-009
   27916284.0526477        101010.101010101       2.015052546335335E-009
   27916284.0526477        353535.353535354       3.209215790843124E-009
   27916284.0526477        606060.606060605       4.970044076204554E-009
   27916284.0526477        858585.858585859       7.476974861125719E-009
   27916284.0526477        1111111.11111111       1.091111574719333E-008
   27916284.0526477        1363636.36363636       1.541529537311140E-008
   27916284.0526477        1616161.61616162       2.103212283322311E-008
   27916284.0526477        1868686.86868687       2.762276610597086E-008
   27916284.0526477        2121212.12121212       3.478113886824192E-008
   27916284.0526477        2373737.37373737       4.177613204625164E-008
   27916284.0526477        2626262.62626263       4.757333368454970E-008
   27916284.0526477        2878787.87878788       5.099273658893728E-008
   27916284.0526477        3131313.13131313       5.102599892999966E-008
   27916284.0526477        3383838.38383838       4.724718875722742E-008
   27916284.0526477        3636363.63636364       4.012929241687778E-008
   27916284.0526477        3888888.88888889       3.102611750939383E-008
   27916284.0526477        4141414.14141414       2.171963800642185E-008
   27916284.0526477        4393939.39393939       1.373999489109272E-008
   27916284.0526477        4646464.64646465       7.870750660850961E-009
   27916284.0526477        4898989.89898990       4.106593018059570E-009
   27916284.0526477        5151515.15151515       1.967821566194761E-009
   27916284.0526477        5404040.40404040       8.724588408644555E-010
   27916284.0526477        5656565.65656566       3.574714822367321E-010
   27916284.0526477        5909090.90909091       1.313226984518912E-010
   27916284.0526477        6161616.16161616       3.760575487191541E-011
   27916284.0526477        6414141.41414141       1.421994048990756E-012
   27916284.0526477        6666666.66666667      -1.052774669884249E-011
   27916284.0526477        6919191.91919192      -1.255127859305508E-011
   27916284.0526477        7171717.17171717      -1.082296844007101E-011
   27916284.0526477        7424242.42424243      -8.062147164737112E-012
   27916284.0526477        7676767.67676768      -5.442258187188132E-012
   27916284.0526477        7929292.92929293      -3.390541305240716E-012
   27916284.0526477        8181818.18181818      -1.966305995236635E-012
   27916284.0526477        8434343.43434343      -1.066771143449894E-012
   27916284.0526477        8686868.68686869      -5.433844606546470E-013
   27916284.0526477        8939393.93939394      -2.607599487891166E-013
   27916284.0526477        9191919.19191919      -1.183209547851227E-013
   27916284.0526477        9444444.44444444      -5.095502332451241E-014
   27916284.0526477        9696969.69696970      -2.087936618848702E-014
   27916284.0526477        9949494.94949495      -8.126904602785726E-015
   27916284.0526477        10202020.2020202      -2.969671545049802E-015
   27916284.0526477        10454545.4545455      -9.845469253949412E-016
   27916284.0526477        10707070.7070707      -2.688639707210207E-016
   27916284.0526477        10959595.9595960      -3.798471991060581E-017
   27916284.0526477        11212121.2121212       2.030707034800563E-017
   27916284.0526477        11464646.4646465       2.470688912930830E-017
   27916284.0526477        11717171.7171717       1.680513982648878E-017
   27916284.0526477        11969696.9696970       8.990229344334030E-018
   27916284.0526477        12222222.2222222       3.708285333611184E-018
   27916284.0526477        12474747.4747475       6.770910290878961E-019
   27916284.0526477        12727272.7272727      -8.043641664972088E-019
   27916284.0526477        12979797.9797980      -1.319246037034826E-018
   27916284.0526477        13232323.2323232      -1.291255980160085E-018
   27916284.0526477        13484848.4848485      -1.016516640386477E-018
   27916284.0526477        13737373.7373737      -6.852883185825934E-019
   27916284.0526477        13989898.9898990      -3.999688094600534E-019
   27916284.0526477        14242424.2424242      -1.980641788664218E-019
   27916284.0526477        14494949.4949495      -7.763871016833594E-020
   27916284.0526477        14747474.7474747      -1.912517592846973E-020
   27916284.0526477        15000000.0000000       0.000000000000000E+000
   28503979.1857974       -10000000.0000000       0.000000000000000E+000
   28503979.1857974       -9747474.74747475       1.242922849318431E-021
   28503979.1857974       -9494949.49494950       6.407772753317952E-022
   28503979.1857974       -9242424.24242424      -3.702696066194099E-021
   28503979.1857974       -8989898.98989899      -2.099801295498910E-020
   28503979.1857974       -8737373.73737374      -7.741952531849594E-020
   28503979.1857974       -8484848.48484848      -2.435870648806118E-019
   28503979.1857974       -8232323.23232323      -7.009367285606131E-019
   28503979.1857974       -7979797.97979798      -1.894983217661235E-018
   28503979.1857974       -7727272.72727273      -4.874592767649204E-018
   28503979.1857974       -7474747.47474748      -1.201287694164827E-017
   28503979.1857974       -7222222.22222222      -2.847867402560628E-017
   28503979.1857974       -6969696.96969697      -6.512293213210650E-017
   28503979.1857974       -6717171.71717172      -1.439198819364019E-016
   28503979.1857974       -6464646.46464646      -3.078230936201107E-016
   28503979.1857974       -6212121.21212121      -6.379137583249170E-016
   28503979.1857974       -5959595.95959596      -1.282036458896466E-015
   28503979.1857974       -5707070.70707071      -2.500622831714384E-015
   28503979.1857974       -5454545.45454546      -4.736738877102052E-015
   28503979.1857974       -5202020.20202020      -8.717716087122855E-015
   28503979.1857974       -4949494.94949495      -1.559324635233604E-014
   28503979.1857974       -4696969.69696970      -2.710588060507445E-014
   28503979.1857974       -4444444.44444444      -4.576723300443833E-014
   28503979.1857974       -4191919.19191919      -7.496288499475353E-014
   28503979.1857974       -3939393.93939394      -1.188047433951096E-013
   28503979.1857974       -3686868.68686869      -1.813433903504099E-013
   28503979.1857974       -3434343.43434343      -2.643593156053784E-013
   28503979.1857974       -3181818.18181818      -3.622233987808673E-013
   28503979.1857974       -2929292.92929293      -4.510082444030821E-013
   28503979.1857974       -2676767.67676768      -4.667532458622012E-013
   28503979.1857974       -2424242.42424242      -2.639567650281503E-013
   28503979.1857974       -2171717.17171717       4.608001048388542E-013
   28503979.1857974       -1919191.91919192       2.304619218600900E-012
   28503979.1857974       -1666666.66666667       6.391394124464627E-012
   28503979.1857974       -1414141.41414141       1.475755233986721E-011
   28503979.1857974       -1161616.16161616       3.096473678823292E-011
   28503979.1857974       -909090.909090910       6.102812865440271E-011
   28503979.1857974       -656565.656565657       1.147460656796056E-010
   28503979.1857974       -404040.404040404       2.074744026520531E-010
   28503979.1857974       -151515.151515152       3.622761031432453E-010
   28503979.1857974        101010.101010101       6.121540642171186E-010
   28503979.1857974        353535.353535354       1.001707541010693E-009
   28503979.1857974        606060.606060605       1.587031497097208E-009
   28503979.1857974        858585.858585859       2.432068609182983E-009
   28503979.1857974        1111111.11111111       3.599135656991474E-009
   28503979.1857974        1363636.36363636       5.131423656946268E-009
   28503979.1857974        1616161.61616162       7.026646211676282E-009
   28503979.1857974        1868686.86868687       9.204588775803227E-009
   28503979.1857974        2121212.12121212       1.147764120347910E-008
   28503979.1857974        2373737.37373737       1.354143436482385E-008
   28503979.1857974        2626262.62626263       1.500798812437894E-008
   28503979.1857974        2878787.87878788       1.549753411328069E-008
   28503979.1857974        3131313.13131313       1.477821365606068E-008
   28503979.1857974        3383838.38383838       1.289818762792066E-008
   28503979.1857974        3636363.63636364       1.022269376355441E-008
   28503979.1857974        3888888.88888889       7.317926572874482E-009
   28503979.1857974        4141414.14141414       4.725205991755930E-009
   28503979.1857974        4393939.39393939       2.763477582135248E-009
   28503979.1857974        4646464.64646465       1.478514816271874E-009
   28503979.1857974        4898989.89898990       7.334700488390787E-010
   28503979.1857974        5151515.15151515       3.401320105193775E-010
   28503979.1857974        5404040.40404040       1.444365739945193E-010
   28503979.1857974        5656565.65656566       4.973570766652746E-011
   28503979.1857974        5909090.90909091       4.942904692222940E-012
   28503979.1857974        6161616.16161616      -1.455048582296727E-011
   28503979.1857974        6414141.41414141      -2.067919146948556E-011
   28503979.1857974        6666666.66666667      -1.987607712620180E-011
   28503979.1857974        6919191.91919192      -1.601648271628720E-011
   28503979.1857974        7171717.17171717      -1.145115265171519E-011
   28503979.1857974        7424242.42424243      -7.431405086436709E-012
   28503979.1857974        7676767.67676768      -4.428483644277847E-012
   28503979.1857974        7929292.92929293      -2.440681089443325E-012
   28503979.1857974        8181818.18181818      -1.251054181684414E-012
   28503979.1857974        8434343.43434343      -5.998270094551356E-013
   28503979.1857974        8686868.68686869      -2.708502336098109E-013
   28503979.1857974        8939393.93939394      -1.161189128934716E-013
   28503979.1857974        9191919.19191919      -4.761916086645024E-014
   28503979.1857974        9444444.44444444      -1.870526910422314E-014
   28503979.1857974        9696969.69696970      -6.937392497327014E-015
   28503979.1857974        9949494.94949495      -2.319151153414674E-015
   28503979.1857974        10202020.2020202      -6.154672304078579E-016
   28503979.1857974        10454545.4545455      -6.681424846103083E-017
   28503979.1857974        10707070.7070707       5.619651935956286E-017
   28503979.1857974        10959595.9595960       4.892565315926340E-017
   28503979.1857974        11212121.2121212       1.984373154081852E-017
   28503979.1857974        11464646.4646465      -4.670283397513052E-019
   28503979.1857974        11717171.7171717      -9.452934536842713E-018
   28503979.1857974        11969696.9696970      -1.135433084943749E-017
   28503979.1857974        12222222.2222222      -1.001812814653431E-017
   28503979.1857974        12474747.4747475      -7.636868470894962E-018
   28503979.1857974        12727272.7272727      -5.229515954013632E-018
   28503979.1857974        12979797.9797980      -3.215881013703728E-018
   28503979.1857974        13232323.2323232      -1.731352379058140E-018
   28503979.1857974        13484848.4848485      -7.622603966865208E-019
   28503979.1857974        13737373.7373737      -2.144599238724369E-019
   28503979.1857974        13989898.9898990       3.662683402351083E-020
   28503979.1857974        14242424.2424242       1.088275931233107E-019
   28503979.1857974        14494949.4949495       9.258700890965418E-020
   28503979.1857974        14747474.7474747       4.590493709186932E-020
   28503979.1857974        15000000.0000000       0.000000000000000E+000
   29097796.1432507       -10000000.0000000       0.000000000000000E+000
   29097796.1432507       -9747474.74747475       1.249124899271886E-021
   29097796.1432507       -9494949.49494950       2.491884549359503E-021
   29097796.1432507       -9242424.24242424       3.746817404212948E-021
   29097796.1432507       -8989898.98989899       3.553819045600291E-021
   29097796.1432507       -8737373.73737374      -3.137937227934018E-021
   29097796.1432507       -8484848.48484848      -3.214948358460131E-020
   29097796.1432507       -8232323.23232323      -1.294985774221735E-019
   29097796.1432507       -7979797.97979798      -4.209070766707590E-019
   29097796.1432507       -7727272.72727273      -1.231471723382605E-018
   29097796.1432507       -7474747.47474748      -3.361548149058042E-018
   29097796.1432507       -7222222.22222222      -8.695670784863695E-018
   29097796.1432507       -6969696.96969697      -2.149197736145978E-017
   29097796.1432507       -6717171.71717172      -5.100372235413542E-017
   29097796.1432507       -6464646.46464646      -1.165958003442276E-016
   29097796.1432507       -6212121.21212121      -2.573258567768829E-016
   29097796.1432507       -5959595.95959596      -5.491446609832460E-016
   29097796.1432507       -5707070.70707071      -1.134472425445585E-015
   29097796.1432507       -5454545.45454546      -2.270853432446468E-015
   29097796.1432507       -5202020.20202020      -4.407392401578905E-015
   29097796.1432507       -4949494.94949495      -8.299072967271603E-015
   29097796.1432507       -4696969.69696970      -1.516857532724720E-014
   29097796.1432507       -4444444.44444444      -2.692054704557088E-014
   29097796.1432507       -4191919.19191919      -4.640041656254330E-014
   29097796.1432507       -3939393.93939394      -7.766181737368071E-014
   29097796.1432507       -3686868.68686869      -1.261515184831559E-013
   29097796.1432507       -3434343.43434343      -1.986177647693231E-013
   29097796.1432507       -3181818.18181818      -3.023615920102142E-013
   29097796.1432507       -2929292.92929293      -4.431205493883453E-013
   29097796.1432507       -2676767.67676768      -6.202998311604966E-013
   29097796.1432507       -2424242.42424242      -8.172864530113393E-013
   29097796.1432507       -2171717.17171717      -9.829564694138089E-013
   29097796.1432507       -1919191.91919192      -9.978852621923407E-013
   29097796.1432507       -1666666.66666667      -6.148277558267644E-013
   29097796.1432507       -1414141.41414141       6.424872246070497E-013
   29097796.1432507       -1161616.16161616       3.644985842103121E-012
   29097796.1432507       -909090.909090910       9.917388391321214E-012
   29097796.1432507       -656565.656565657       2.202156289264395E-011
   29097796.1432507       -404040.404040404       4.408338072158688E-011
   29097796.1432507       -151515.151515152       8.244485412481746E-011
   29097796.1432507        101010.101010101       1.463432374200842E-010
   29097796.1432507        353535.353535354       2.483816821613881E-010
   29097796.1432507        606060.606060605       4.043622741961890E-010
   29097796.1432507        858585.858585859       6.318394974872528E-010
   29097796.1432507        1111111.11111111       9.466277483677689E-010
   29097796.1432507        1363636.36363636       1.356668505055870E-009
   29097796.1432507        1616161.61616162       1.853432160371811E-009
   29097796.1432507        1868686.86868687       2.402666079710300E-009
   29097796.1432507        2121212.12121212       2.938698373613390E-009
   29097796.1432507        2373737.37373737       3.368611341236078E-009
   29097796.1432507        2626262.62626263       3.591987384720923E-009
   29097796.1432507        2878787.87878788       3.535648717739928E-009
   29097796.1432507        3131313.13131313       3.190738666891899E-009
   29097796.1432507        3383838.38383838       2.628981730502130E-009
   29097796.1432507        3636363.63636364       1.979708941128066E-009
   29097796.1432507        3888888.88888889       1.374857936148519E-009
   29097796.1432507        4141414.14141414       8.966734601610077E-010
   29097796.1432507        4393939.39393939       5.615289089136745E-010
   29097796.1432507        4646464.64646465       3.414328667278884E-010
   29097796.1432507        4898989.89898990       1.972819203527863E-010
   29097796.1432507        5151515.15151515       9.991697068725471E-011
   29097796.1432507        5404040.40404040       3.401882873552089E-011
   29097796.1432507        5656565.65656566      -7.278958015308159E-012
   29097796.1432507        5909090.90909091      -2.847741913684966E-011
   29097796.1432507        6161616.16161616      -3.466572777039526E-011
   29097796.1432507        6414141.41414141      -3.154779751927106E-011
   29097796.1432507        6666666.66666667      -2.426941748372617E-011
   29097796.1432507        6919191.91919192      -1.646607762414465E-011
   29097796.1432507        7171717.17171717      -1.004989669058577E-011
   29097796.1432507        7424242.42424243      -5.580421658630527E-012
   29097796.1432507        7676767.67676768      -2.842308342935742E-012
   29097796.1432507        7929292.92929293      -1.339356571572550E-012
   29097796.1432507        8181818.18181818      -5.909532535963497E-013
   29097796.1432507        8434343.43434343      -2.484903651582454E-013
   29097796.1432507        8686868.68686869      -1.017286731077965E-013
   29097796.1432507        8939393.93939394      -4.111336906144752E-014
   29097796.1432507        9191919.19191919      -1.619652722075281E-014
   29097796.1432507        9444444.44444444      -5.882897445497932E-015
   29097796.1432507        9696969.69696970      -1.740436243995644E-015
   29097796.1432507        9949494.94949495      -2.792822380131733E-016
   29097796.1432507        10202020.2020202       7.647654147599263E-017
   29097796.1432507        10454545.4545455       6.230498008879506E-017
   29097796.1432507        10707070.7070707      -1.310693420113097E-017
   29097796.1432507        10959595.9595960      -5.617377431655262E-017
   29097796.1432507        11212121.2121212      -6.249474574993914E-017
   29097796.1432507        11464646.4646465      -5.014450432034294E-017
   29097796.1432507        11717171.7171717      -3.374700666764219E-017
   29097796.1432507        11969696.9696970      -1.998893533486099E-017
   29097796.1432507        12222222.2222222      -1.037990548830405E-017
   29097796.1432507        12474747.4747475      -4.358400657000927E-018
   29097796.1432507        12727272.7272727      -9.458876651030033E-019
   29097796.1432507        12979797.9797980       7.143343160759836E-019
   29097796.1432507        13232323.2323232       1.283442018164255E-018
   29097796.1432507        13484848.4848485       1.252697213225675E-018
   29097796.1432507        13737373.7373737       9.641031152027379E-019
   29097796.1432507        13989898.9898990       6.277575179903864E-019
   29097796.1432507        14242424.2424242       3.481062468482102E-019
   29097796.1432507        14494949.4949495       1.575681133932991E-019
   29097796.1432507        14747474.7474747       4.891221490789251E-020
   29097796.1432507        15000000.0000000       0.000000000000000E+000
   29697734.9250076       -10000000.0000000       0.000000000000000E+000
   29697734.9250076       -9747474.74747475       1.071928813588625E-021
   29697734.9250076       -9494949.49494950       2.560727222684654E-021
   29697734.9250076       -9242424.24242424       4.669419144313204E-021
   29697734.9250076       -8989898.98989899       7.392686819041820E-021
   29697734.9250076       -8737373.73737374       1.027223664209702E-020
   29697734.9250076       -8484848.48484848       1.128634150387058E-020
   29697734.9250076       -8232323.23232323       3.067113952294820E-021
   29697734.9250076       -7979797.97979798      -3.881637162899250E-020
   29697734.9250076       -7727272.72727273      -1.887995943989147E-019
   29697734.9250076       -7474747.47474748      -6.567568284251007E-019
   29697734.9250076       -7222222.22222222      -1.995814213473066E-018
   29697734.9250076       -6969696.96969697      -5.582338453430191E-018
   29697734.9250076       -6717171.71717172      -1.467664927414603E-017
   29697734.9250076       -6464646.46464646      -3.667358859213897E-017
   29697734.9250076       -6212121.21212121      -8.769002400425151E-017
   29697734.9250076       -5959595.95959596      -2.015388029841547E-016
   29697734.9250076       -5707070.70707071      -4.465453075210172E-016
   29697734.9250076       -5454545.45454546      -9.556770901280480E-016
   29697734.9250076       -5202020.20202020      -1.978059353301720E-015
   29697734.9250076       -4949494.94949495      -3.962871007860706E-015
   29697734.9250076       -4696969.69696970      -7.689189065589915E-015
   29697734.9250076       -4444444.44444444      -1.445634321080157E-014
   29697734.9250076       -4191919.19191919      -2.634680114230456E-014
   29697734.9250076       -3939393.93939394      -4.656463888845410E-014
   29697734.9250076       -3686868.68686869      -7.983308337793906E-014
   29697734.9250076       -3434343.43434343      -1.327983466328592E-013
   29697734.9250076       -3181818.18181818      -2.143249915638908E-013
   29697734.9250076       -2929292.92929293      -3.354673136501851E-013
   29697734.9250076       -2676767.67676768      -5.087436351815428E-013
   29697734.9250076       -2424242.42424242      -7.461022454168040E-013
   29697734.9250076       -2171717.17171717      -1.054618335483458E-012
   29697734.9250076       -1919191.91919192      -1.428460900423847E-012
   29697734.9250076       -1666666.66666667      -1.834967940087796E-012
   29697734.9250076       -1414141.41414141      -2.191720345289595E-012
   29697734.9250076       -1161616.16161616      -2.330314478404264E-012
   29697734.9250076       -909090.909090910      -1.941305411587903E-012
   29697734.9250076       -656565.656565657      -4.942775036207225E-013
   29697734.9250076       -404040.404040404       2.870917744126349E-012
   29697734.9250076       -151515.151515152       9.477423623233820E-012
   29697734.9250076        101010.101010101       2.124515242099620E-011
   29697734.9250076        353535.353535354       4.076561836448588E-011
   29697734.9250076        606060.606060605       7.120895547332379E-011
   29697734.9250076        858585.858585859       1.159082296697827E-010
   29697734.9250076        1111111.11111111       1.774662591042577E-010
   29697734.9250076        1363636.36363636       2.563455180966660E-010
   29697734.9250076        1616161.61616162       3.492009821165710E-010
   29697734.9250076        1868686.86868687       4.476883926128621E-010
   29697734.9250076        2121212.12121212       5.389073489452658E-010
   29697734.9250076        2373737.37373737       6.085088704351703E-010
   29697734.9250076        2626262.62626263       6.462195824929734E-010
   29697734.9250076        2878787.87878788       6.511925885695870E-010
   29697734.9250076        3131313.13131313       6.328682541671019E-010
   29697734.9250076        3383838.38383838       6.047048472555857E-010
   29697734.9250076        3636363.63636364       5.738680852388436E-010
   29697734.9250076        3888888.88888889       5.351163845810353E-010
   29697734.9250076        4141414.14141414       4.751580862641061E-010
   29697734.9250076        4393939.39393939       3.848852870147388E-010
   29697734.9250076        4646464.64646465       2.695431912569121E-010
   29697734.9250076        4898989.89898990       1.484836227176344E-010
   29697734.9250076        5151515.15151515       4.509123549976603E-011
   29697734.9250076        5404040.40404040      -2.489578587330390E-011
   29697734.9250076        5656565.65656566      -5.877591682390868E-011
   29697734.9250076        5909090.90909091      -6.443979741250915E-011
   29697734.9250076        6161616.16161616      -5.399841713776833E-011
   29697734.9250076        6414141.41414141      -3.815824830964163E-011
   29697734.9250076        6666666.66666667      -2.358685985743457E-011
   29697734.9250076        6919191.91919192      -1.297638630199274E-011
   29697734.9250076        7171717.17171717      -6.420795047158095E-012
   29697734.9250076        7424242.42424243      -2.888563471609363E-012
   29697734.9250076        7676767.67676768      -1.204877202455899E-012
   29697734.9250076        7929292.92929293      -4.844199662087863E-013
   29697734.9250076        8181818.18181818      -1.989694092716895E-013
   29697734.9250076        8434343.43434343      -8.691688648002685E-014
   29697734.9250076        8686868.68686869      -3.908520553388775E-014
   29697734.9250076        8939393.93939394      -1.633917753036043E-014
   29697734.9250076        9191919.19191919      -5.456366415810069E-015
   29697734.9250076        9444444.44444444      -9.771842456577681E-016
   29697734.9250076        9696969.69696970       2.712444212261412E-016
   29697734.9250076        9949494.94949495       2.614366832127177E-016
   29697734.9250076        10202020.2020202       5.822297884784162E-018
   29697734.9250076        10454545.4545455      -1.433116296413418E-016
   29697734.9250076        10707070.7070707      -1.604240055854436E-016
   29697734.9250076        10959595.9595960      -1.134828644220991E-016
   29697734.9250076        11212121.2121212      -5.885033572447800E-017
   29697734.9250076        11464646.4646465      -2.009900533238545E-017
   29697734.9250076        11717171.7171717       7.280539556825682E-019
   29697734.9250076        11969696.9696970       9.187176839285071E-018
   29697734.9250076        12222222.2222222       1.093464163775839E-017
   29697734.9250076        12474747.4747475       9.650470807954577E-018
   29697734.9250076        12727272.7272727       7.322019666782190E-018
   29697734.9250076        12979797.9797980       4.938696851831139E-018
   29697734.9250076        13232323.2323232       2.956643047373848E-018
   29697734.9250076        13484848.4848485       1.530212778174910E-018
   29697734.9250076        13737373.7373737       6.357218248518890E-019
   29697734.9250076        13989898.9898990       1.588626341246853E-019
   29697734.9250076        14242424.2424242      -3.912192642943677E-020
   29697734.9250076        14494949.4949495      -7.967907907022283E-020
   29697734.9250076        14747474.7474747      -4.926461831676150E-020
   29697734.9250076        15000000.0000000       0.000000000000000E+000
   30303795.5310683       -10000000.0000000       0.000000000000000E+000
   30303795.5310683       -9747474.74747475       0.000000000000000E+000
   30303795.5310683       -9494949.49494950       0.000000000000000E+000
   30303795.5310683       -9242424.24242424       0.000000000000000E+000
   30303795.5310683       -8989898.98989899       0.000000000000000E+000
   30303795.5310683       -8737373.73737374       0.000000000000000E+000
   30303795.5310683       -8484848.48484848       0.000000000000000E+000
   30303795.5310683       -8232323.23232323       0.000000000000000E+000
   30303795.5310683       -7979797.97979798       0.000000000000000E+000
   30303795.5310683       -7727272.72727273       0.000000000000000E+000
   30303795.5310683       -7474747.47474748       0.000000000000000E+000
   30303795.5310683       -7222222.22222222       0.000000000000000E+000
   30303795.5310683       -6969696.96969697       0.000000000000000E+000
   30303795.5310683       -6717171.71717172       0.000000000000000E+000
   30303795.5310683       -6464646.46464646       0.000000000000000E+000
   30303795.5310683       -6212121.21212121       0.000000000000000E+000
   30303795.5310683       -5959595.95959596       0.000000000000000E+000
   30303795.5310683       -5707070.70707071       0.000000000000000E+000
   30303795.5310683       -5454545.45454546       0.000000000000000E+000
   30303795.5310683       -5202020.20202020       0.000000000000000E+000
   30303795.5310683       -4949494.94949495       0.000000000000000E+000
   30303795.5310683       -4696969.69696970       0.000000000000000E+000
   30303795.5310683       -4444444.44444444       0.000000000000000E+000
   30303795.5310683       -4191919.19191919       0.000000000000000E+000
   30303795.5310683       -3939393.93939394       0.000000000000000E+000
   30303795.5310683       -3686868.68686869       0.000000000000000E+000
   30303795.5310683       -3434343.43434343       0.000000000000000E+000
   30303795.5310683       -3181818.18181818       0.000000000000000E+000
   30303795.5310683       -2929292.92929293       0.000000000000000E+000
   30303795.5310683       -2676767.67676768       0.000000000000000E+000
   30303795.5310683       -2424242.42424242       0.000000000000000E+000
   30303795.5310683       -2171717.17171717       0.000000000000000E+000
   30303795.5310683       -1919191.91919192       0.000000000000000E+000
   30303795.5310683       -1666666.66666667       0.000000000000000E+000
   30303795.5310683       -1414141.41414141       0.000000000000000E+000
   30303795.5310683       -1161616.16161616       0.000000000000000E+000
   30303795.5310683       -909090.909090910       0.000000000000000E+000
   30303795.5310683       -656565.656565657       0.000000000000000E+000
   30303795.5310683       -404040.404040404       0.000000000000000E+000
   30303795.5310683       -151515.151515152       0.000000000000000E+000
   30303795.5310683        101010.101010101       0.000000000000000E+000
   30303795.5310683        353535.353535354       0.000000000000000E+000
   30303795.5310683        606060.606060605       0.000000000000000E+000
   30303795.5310683        858585.858585859       0.000000000000000E+000
   30303795.5310683        1111111.11111111       0.000000000000000E+000
   30303795.5310683        1363636.36363636       0.000000000000000E+000
   30303795.5310683        1616161.61616162       0.000000000000000E+000
   30303795.5310683        1868686.86868687       0.000000000000000E+000
   30303795.5310683        2121212.12121212       0.000000000000000E+000
   30303795.5310683        2373737.37373737       0.000000000000000E+000
   30303795.5310683        2626262.62626263       0.000000000000000E+000
   30303795.5310683        2878787.87878788       0.000000000000000E+000
   30303795.5310683        3131313.13131313       0.000000000000000E+000
   30303795.5310683        3383838.38383838       0.000000000000000E+000
   30303795.5310683        3636363.63636364       0.000000000000000E+000
   30303795.5310683        3888888.88888889       0.000000000000000E+000
   30303795.5310683        4141414.14141414       0.000000000000000E+000
   30303795.5310683        4393939.39393939       0.000000000000000E+000
   30303795.5310683        4646464.64646465       0.000000000000000E+000
   30303795.5310683        4898989.89898990       0.000000000000000E+000
   30303795.5310683        5151515.15151515       0.000000000000000E+000
   30303795.5310683        5404040.40404040       0.000000000000000E+000
   30303795.5310683        5656565.65656566       0.000000000000000E+000
   30303795.5310683        5909090.90909091       0.000000000000000E+000
   30303795.5310683        6161616.16161616       0.000000000000000E+000
   30303795.5310683        6414141.41414141       0.000000000000000E+000
   30303795.5310683        6666666.66666667       0.000000000000000E+000
   30303795.5310683        6919191.91919192       0.000000000000000E+000
   30303795.5310683        7171717.17171717       0.000000000000000E+000
   30303795.5310683        7424242.42424243       0.000000000000000E+000
   30303795.5310683        7676767.67676768       0.000000000000000E+000
   30303795.5310683        7929292.92929293       0.000000000000000E+000
   30303795.5310683        8181818.18181818       0.000000000000000E+000
   30303795.5310683        8434343.43434343       0.000000000000000E+000
   30303795.5310683        8686868.68686869       0.000000000000000E+000
   30303795.5310683        8939393.93939394       0.000000000000000E+000
   30303795.5310683        9191919.19191919       0.000000000000000E+000
   30303795.5310683        9444444.44444444       0.000000000000000E+000
   30303795.5310683        9696969.69696970       0.000000000000000E+000
   30303795.5310683        9949494.94949495       0.000000000000000E+000
   30303795.5310683        10202020.2020202       0.000000000000000E+000
   30303795.5310683        10454545.4545455       0.000000000000000E+000
   30303795.5310683        10707070.7070707       0.000000000000000E+000
   30303795.5310683        10959595.9595960       0.000000000000000E+000
   30303795.5310683        11212121.2121212       0.000000000000000E+000
   30303795.5310683        11464646.4646465       0.000000000000000E+000
   30303795.5310683        11717171.7171717       0.000000000000000E+000
   30303795.5310683        11969696.9696970       0.000000000000000E+000
   30303795.5310683        12222222.2222222       0.000000000000000E+000
   30303795.5310683        12474747.4747475       0.000000000000000E+000
   30303795.5310683        12727272.7272727       0.000000000000000E+000
   30303795.5310683        12979797.9797980       0.000000000000000E+000
   30303795.5310683        13232323.2323232       0.000000000000000E+000
   30303795.5310683        13484848.4848485       0.000000000000000E+000
   30303795.5310683        13737373.7373737       0.000000000000000E+000
   30303795.5310683        13989898.9898990       0.000000000000000E+000
   30303795.5310683        14242424.2424242       0.000000000000000E+000
   30303795.5310683        14494949.4949495       0.000000000000000E+000
   30303795.5310683        14747474.7474747       0.000000000000000E+000
   30303795.5310683        15000000.0000000       0.000000000000000E+000
