# time =   1.30500000E+00
   765.228037955311       -10000000.0000000       0.000000000000000E+000
   765.228037955311       -9747474.74747475       5.396495392380945E-009
   765.228037955311       -9494949.49494950       1.688081775413096E-008
   765.228037955311       -9242424.24242424       3.808735009341522E-008
   765.228037955311       -8989898.98989899       7.459671829115732E-008
   765.228037955311       -8737373.73737374       1.345055737467279E-007
   765.228037955311       -8484848.48484848       2.289971614795801E-007
   765.228037955311       -8232323.23232323       3.727912715253765E-007
   765.228037955311       -7979797.97979798       5.843099734064713E-007
   765.228037955311       -7727272.72727273       8.853698110924667E-007
   765.228037955311       -7474747.47474748       1.300200188299066E-006
   765.228037955311       -7222222.22222222       1.853595881907264E-006
   765.228037955311       -6969696.96969697       2.568053617751936E-006
   765.228037955311       -6717171.71717172       3.459872685234065E-006
   765.228037955311       -6464646.46464646       4.534531531376962E-006
   765.228037955311       -6212121.21212121       5.782295999141620E-006
   765.228037955311       -5959595.95959596       7.175857016860580E-006
   765.228037955311       -5707070.70707071       8.672240806712122E-006
   765.228037955311       -5454545.45454546       1.022035429584951E-005
   765.228037955311       -5202020.20202020       1.177298592675826E-005
   765.228037955311       -4949494.94949495       1.329916568096777E-005
   765.228037955311       -4696969.69696970       1.479189652081338E-005
   765.228037955311       -4444444.44444444       1.626855164999002E-005
   765.228037955311       -4191919.19191919       1.776501988639162E-005
   765.228037955311       -3939393.93939394       1.932708780734343E-005
   765.228037955311       -3686868.68686869       2.100237418467745E-005
   765.228037955311       -3434343.43434343       2.283450817016929E-005
   765.228037955311       -3181818.18181818       2.485985267724648E-005
   765.228037955311       -2929292.92929293       2.710663535008910E-005
   765.228037955311       -2676767.67676768       2.959660525050071E-005
   765.228037955311       -2424242.42424242       3.234963823103651E-005
   765.228037955311       -2171717.17171717       3.539116891376298E-005
   765.228037955311       -1919191.91919192       3.875971136252804E-005
   765.228037955311       -1666666.66666667       4.250664213366988E-005
   765.228037955311       -1414141.41414141       4.667638087805416E-005
   765.228037955311       -1161616.16161616       5.126065979524609E-005
   765.228037955311       -909090.909090910       5.614064072433711E-005
   765.228037955311       -656565.656565657       6.105307100648635E-005
   765.228037955311       -404040.404040404       6.561761763930097E-005
   765.228037955311       -151515.151515152       6.943292179088528E-005
   765.228037955311        101010.101010101       7.220694971845875E-005
   765.228037955311        353535.353535354       7.386158376490016E-005
   765.228037955311        606060.606060605       7.455918816535526E-005
   765.228037955311        858585.858585859       7.463646509908345E-005
   765.228037955311        1111111.11111111       7.447758092059891E-005
   765.228037955311        1363636.36363636       7.438802131900751E-005
   765.228037955311        1616161.61616162       7.452526355369728E-005
   765.228037955311        1868686.86868687       7.490483115556406E-005
   765.228037955311        2121212.12121212       7.545629161633578E-005
   765.228037955311        2373737.37373737       7.608501891314809E-005
   765.228037955311        2626262.62626263       7.671014692571834E-005
   765.228037955311        2878787.87878788       7.727532924031624E-005
   765.228037955311        3131313.13131313       7.774352591834749E-005
   765.228037955311        3383838.38383838       7.808690124908266E-005
   765.228037955311        3636363.63636364       7.827711856773221E-005
   765.228037955311        3888888.88888889       7.827690963278375E-005
   765.228037955311        4141414.14141414       7.803232118607126E-005
   765.228037955311        4393939.39393939       7.746558240518489E-005
   765.228037955311        4646464.64646465       7.647019706588126E-005
   765.228037955311        4898989.89898990       7.491206359476065E-005
   765.228037955311        5151515.15151515       7.264203552967772E-005
   765.228037955311        5404040.40404040       6.952403477989970E-005
   765.228037955311        5656565.65656566       6.547630796720821E-005
   765.228037955311        5909090.90909091       6.051297692217454E-005
   765.228037955311        6161616.16161616       5.476608398185196E-005
   765.228037955311        6414141.41414141       4.847358489164122E-005
   765.228037955311        6666666.66666667       4.193575886810535E-005
   765.228037955311        6919191.91919192       3.545886551237227E-005
   765.228037955311        7171717.17171717       2.930801913791535E-005
   765.228037955311        7424242.42424243       2.368120578291132E-005
   765.228037955311        7676767.67676768       1.870356556976455E-005
   765.228037955311        7929292.92929293       1.443432368532266E-005
   765.228037955311        8181818.18181818       1.087893445717216E-005
   765.228037955311        8434343.43434343       8.002149920816342E-006
   765.228037955311        8686868.68686869       5.740387264130310E-006
   765.228037955311        8939393.93939394       4.012939623711679E-006
   765.228037955311        9191919.19191919       2.731762976557691E-006
   765.228037955311        9444444.44444444       1.809500655222359E-006
   765.228037955311        9696969.69696970       1.165446945955055E-006
   765.228037955311        9949494.94949495       7.293461384421182E-007
   765.228037955311        10202020.2020202       4.431778538212723E-007
   765.228037955311        10454545.4545455       2.612926283803067E-007
   765.228037955311        10707070.7070707       1.493783431307697E-007
   765.228037955311        10959595.9595960       8.275043433425340E-008
   765.228037955311        11212121.2121212       4.439037770978435E-008
   765.228037955311        11464646.4646465       2.304402021412307E-008
   765.228037955311        11717171.7171717       1.156889050530761E-008
   765.228037955311        11969696.9696970       5.613005774623985E-009
   765.228037955311        12222222.2222222       2.630018317714105E-009
   765.228037955311        12474747.4747475       1.189139578210453E-009
   765.228037955311        12727272.7272727       5.183057067684429E-010
   765.228037955311        12979797.9797980       2.174716695423263E-010
   765.228037955311        13232323.2323232       8.762938840638482E-011
   765.228037955311        13484848.4848485       3.375323285678829E-011
   765.228037955311        13737373.7373737       1.230232760179082E-011
   765.228037955311        13989898.9898990       4.138687582217189E-012
   765.228037955311        14242424.2424242       1.195641932686576E-012
   765.228037955311        14494949.4949495       2.116101616836047E-013
   765.228037955311        14747474.7474747      -7.762664752513954E-014
   765.228037955311        15000000.0000000       0.000000000000000E+000
   6887.05234159780       -10000000.0000000       0.000000000000000E+000
   6887.05234159780       -9747474.74747475       5.396531650158345E-009
   6887.05234159780       -9494949.49494950       1.688089340301384E-008
   6887.05234159780       -9242424.24242424       3.808747382501264E-008
   6887.05234159780       -8989898.98989899       7.459689995483702E-008
   6887.05234159780       -8737373.73737374       1.345058198537380E-007
   6887.05234159780       -8484848.48484848       2.289974688300536E-007
   6887.05234159780       -8232323.23232323       3.727916184155990E-007
   6887.05234159780       -7979797.97979798       5.843103087624984E-007
   6887.05234159780       -7727272.72727273       8.853700429191208E-007
   6887.05234159780       -7474747.47474748       1.300200174180124E-006
   6887.05234159780       -7222222.22222222       1.853595425850600E-006
   6887.05234159780       -6969696.96969697       2.568052479010072E-006
   6887.05234159780       -6717171.71717172       3.459870604742732E-006
   6887.05234159780       -6464646.46464646       4.534528278214097E-006
   6887.05234159780       -6212121.21212121       5.782291431120553E-006
   6887.05234159780       -5959595.95959596       7.175851137188762E-006
   6887.05234159780       -5707070.70707071       8.672233789672457E-006
   6887.05234159780       -5454545.45454546       1.022034645962665E-005
   6887.05234159780       -5202020.20202020       1.177297765504943E-005
   6887.05234159780       -4949494.94949495       1.329915732411355E-005
   6887.05234159780       -4696969.69696970       1.479188831884414E-005
   6887.05234159780       -4444444.44444444       1.626854370397031E-005
   6887.05234159780       -4191919.19191919       1.776501217526632E-005
   6887.05234159780       -3939393.93939394       1.932708022820474E-005
   6887.05234159780       -3686868.68686869       2.100236659366698E-005
   6887.05234159780       -3434343.43434343       2.283450041091212E-005
   6887.05234159780       -3181818.18181818       2.485984459206199E-005
   6887.05234159780       -2929292.92929293       2.710662677006005E-005
   6887.05234159780       -2676767.67676768       2.959659595233769E-005
   6887.05234159780       -2424242.42424242       3.234962783269335E-005
   6887.05234159780       -2171717.17171717       3.539115666615528E-005
   6887.05234159780       -1919191.91919192       3.875969581136777E-005
   6887.05234159780       -1666666.66666667       4.250662072300503E-005
   6887.05234159780       -1414141.41414141       4.667634975871614E-005
   6887.05234159780       -1161616.16161616       5.126061425850868E-005
   6887.05234159780       -909090.909090910       5.614057654417173E-005
   6887.05234159780       -656565.656565657       6.105298643426816E-005
   6887.05234159780       -404040.404040404       6.561751516540158E-005
   6887.05234159780       -151515.151515152       6.943280860155133E-005
   6887.05234159780        101010.101010101       7.220683628844180E-005
   6887.05234159780        353535.353535354       7.386148098048644E-005
   6887.05234159780        606060.606060605       7.455910419307674E-005
   6887.05234159780        858585.858585859       7.463640338923348E-005
   6887.05234159780        1111111.11111111       7.447754013152180E-005
   6887.05234159780        1363636.36363636       7.438799692036800E-005
   6887.05234159780        1616161.61616162       7.452525006009705E-005
   6887.05234159780        1868686.86868687       7.490482386385515E-005
   6887.05234159780        2121212.12121212       7.545628732217216E-005
   6887.05234159780        2373737.37373737       7.608501579287734E-005
   6887.05234159780        2626262.62626263       7.671014407163433E-005
   6887.05234159780        2878787.87878788       7.727532621905152E-005
   6887.05234159780        3131313.13131313       7.774352248386947E-005
   6887.05234159780        3383838.38383838       7.808689719312596E-005
   6887.05234159780        3636363.63636364       7.827711365138702E-005
   6887.05234159780        3888888.88888889       7.827690355699125E-005
   6887.05234159780        4141414.14141414       7.803231358263383E-005
   6887.05234159780        4393939.39393939       7.746557284859686E-005
   6887.05234159780        4646464.64646465       7.647018511855639E-005
   6887.05234159780        4898989.89898990       7.491204890274245E-005
   6887.05234159780        5151515.15151515       7.264201797574839E-005
   6887.05234159780        5404040.40404040       6.952401466831572E-005
   6887.05234159780        5656565.65656566       6.547628616603288E-005
   6887.05234159780        5909090.90909091       6.051295486090339E-005
   6887.05234159780        6161616.16161616       5.476606343994998E-005
   6887.05234159780        6414141.41414141       4.847356761985372E-005
   6887.05234159780        6666666.66666667       4.193574618795405E-005
   6887.05234159780        6919191.91919192       3.545885805451108E-005
   6887.05234159780        7171717.17171717       2.930801679714661E-005
   6887.05234159780        7424242.42424243       2.368120785875744E-005
   6887.05234159780        7676767.67676768       1.870357100059534E-005
   6887.05234159780        7929292.92929293       1.443433128663594E-005
   6887.05234159780        8181818.18181818       1.087894311036551E-005
   6887.05234159780        8434343.43434343       8.002158694525430E-006
   6887.05234159780        8686868.68686869       5.740395472040556E-006
   6887.05234159780        8939393.93939394       4.012946832026252E-006
   6887.05234159780        9191919.19191919       2.731768976638282E-006
   6887.05234159780        9444444.44444444       1.809505416236120E-006
   6887.05234159780        9696969.69696970       1.165450560276396E-006
   6887.05234159780        9949494.94949495       7.293487696068926E-007
   6887.05234159780        10202020.2020202       4.431796934073089E-007
   6887.05234159780        10454545.4545455       2.612938648035064E-007
   6887.05234159780        10707070.7070707       1.493791425123140E-007
   6887.05234159780        10959595.9595960       8.275093165150493E-008
   6887.05234159780        11212121.2121212       4.439067547658405E-008
   6887.05234159780        11464646.4646465       2.304419180431008E-008
   6887.05234159780        11717171.7171717       1.156898566333013E-008
   6887.05234159780        11969696.9696970       5.613056550924360E-009
   6887.05234159780        12222222.2222222       2.630044381224883E-009
   6887.05234159780        12474747.4747475       1.189152443580785E-009
   6887.05234159780        12727272.7272727       5.183118112654433E-010
   6887.05234159780        12979797.9797980       2.174744522566758E-010
   6887.05234159780        13232323.2323232       8.763060596488262E-011
   6887.05234159780        13484848.4848485       3.375374334590498E-011
   6887.05234159780        13737373.7373737       1.230253194466864E-011
   6887.05234159780        13989898.9898990       4.138764962036099E-012
   6887.05234159780        14242424.2424242       1.195668954965838E-012
   6887.05234159780        14494949.4949495       2.116181435747883E-013
   6887.05234159780        14747474.7474747      -7.762548820758089E-014
   6887.05234159780        15000000.0000000       0.000000000000000E+000
   19130.7009488828       -10000000.0000000       0.000000000000000E+000
   19130.7009488828       -9747474.74747475       5.396813879502371E-009
   19130.7009488828       -9494949.49494950       1.688148225339587E-008
   19130.7009488828       -9242424.24242424       3.808843695136381E-008
   19130.7009488828       -8989898.98989899       7.459831402346005E-008
   19130.7009488828       -8737373.73737374       1.345077355463458E-007
   19130.7009488828       -8484848.48484848       2.289998612361442E-007
   19130.7009488828       -8232323.23232323       3.727943185895457E-007
   19130.7009488828       -7979797.97979798       5.843129191392735E-007
   19130.7009488828       -7727272.72727273       8.853718474007980E-007
   19130.7009488828       -7474747.47474748       1.300200064188610E-006
   19130.7009488828       -7222222.22222222       1.853591875769143E-006
   19130.7009488828       -6969696.96969697       2.568043614840968E-006
   19130.7009488828       -6717171.71717172       3.459854409903734E-006
   19130.7009488828       -6464646.46464646       4.534502955175059E-006
   19130.7009488828       -6212121.21212121       5.782255873063690E-006
   19130.7009488828       -5959595.95959596       7.175805369047741E-006
   19130.7009488828       -5707070.70707071       8.672179168047309E-006
   19130.7009488828       -5454545.45454546       1.022028546127403E-005
   19130.7009488828       -5202020.20202020       1.177291326670399E-005
   19130.7009488828       -4949494.94949495       1.329909227288116E-005
   19130.7009488828       -4696969.69696970       1.479182447317847E-005
   19130.7009488828       -4444444.44444444       1.626848185060288E-005
   19130.7009488828       -4191919.19191919       1.776495215032886E-005
   19130.7009488828       -3939393.93939394       1.932702123066893E-005
   19130.7009488828       -3686868.68686869       2.100230750373310E-005
   19130.7009488828       -3434343.43434343       2.283444001134735E-005
   19130.7009488828       -3181818.18181818       2.485978165547347E-005
   19130.7009488828       -2929292.92929293       2.710655998160362E-005
   19130.7009488828       -2676767.67676768       2.959652357397279E-005
   19130.7009488828       -2424242.42424242       3.234954689070721E-005
   19130.7009488828       -2171717.17171717       3.539106133001585E-005
   19130.7009488828       -1919191.91919192       3.875957476165082E-005
   19130.7009488828       -1666666.66666667       4.250645406561958E-005
   19130.7009488828       -1414141.41414141       4.667610753404337E-005
   19130.7009488828       -1161616.16161616       5.126025981681574E-005
   19130.7009488828       -909090.909090910       5.614007699293324E-005
   19130.7009488828       -656565.656565657       6.105232816368626E-005
   19130.7009488828       -404040.404040404       6.561671755946393E-005
   19130.7009488828       -151515.151515152       6.943192759399947E-005
   19130.7009488828        101010.101010101       7.220595340861217E-005
   19130.7009488828        353535.353535354       7.386068096072715E-005
   19130.7009488828        606060.606060605       7.455845059673892E-005
   19130.7009488828        858585.858585859       7.463592307129275E-005
   19130.7009488828        1111111.11111111       7.447722264930004E-005
   19130.7009488828        1363636.36363636       7.438780701237396E-005
   19130.7009488828        1616161.61616162       7.452514503111415E-005
   19130.7009488828        1868686.86868687       7.490476710716562E-005
   19130.7009488828        2121212.12121212       7.545625389682768E-005
   19130.7009488828        2373737.37373737       7.608499150446394E-005
   19130.7009488828        2626262.62626263       7.671012185496406E-005
   19130.7009488828        2878787.87878788       7.727530270093114E-005
   19130.7009488828        3131313.13131313       7.774349574920757E-005
   19130.7009488828        3383838.38383838       7.808686562076445E-005
   19130.7009488828        3636363.63636364       7.827707538161201E-005
   19130.7009488828        3888888.88888889       7.827685626187752E-005
   19130.7009488828        4141414.14141414       7.803225439607316E-005
   19130.7009488828        4393939.39393939       7.746549845839594E-005
   19130.7009488828        4646464.64646465       7.647009211850204E-005
   19130.7009488828        4898989.89898990       7.491193453763318E-005
   19130.7009488828        5151515.15151515       7.264188133322019E-005
   19130.7009488828        5404040.40404040       6.952385811684270E-005
   19130.7009488828        5656565.65656566       6.547611646283735E-005
   19130.7009488828        5909090.90909091       6.051278313343189E-005
   19130.7009488828        6161616.16161616       5.476590353978244E-005
   19130.7009488828        6414141.41414141       4.847343317492731E-005
   19130.7009488828        6666666.66666667       4.193564748501637E-005
   19130.7009488828        6919191.91919192       3.545880000249547E-005
   19130.7009488828        7171717.17171717       2.930799857705865E-005
   19130.7009488828        7424242.42424243       2.368122401792609E-005
   19130.7009488828        7676767.67676768       1.870361327514928E-005
   19130.7009488828        7929292.92929293       1.443439045629461E-005
   19130.7009488828        8181818.18181818       1.087901046784246E-005
   19130.7009488828        8434343.43434343       8.002226990023185E-006
   19130.7009488828        8686868.68686869       5.740459363252285E-006
   19130.7009488828        8939393.93939394       4.013002942261441E-006
   19130.7009488828        9191919.19191919       2.731815681853822E-006
   19130.7009488828        9444444.44444444       1.809542476435942E-006
   19130.7009488828        9696969.69696970       1.165478694515569E-006
   19130.7009488828        9949494.94949495       7.293692508642370E-007
   19130.7009488828        10202020.2020202       4.431940129412887E-007
   19130.7009488828        10454545.4545455       2.613034892594794E-007
   19130.7009488828        10707070.7070707       1.493853649918561E-007
   19130.7009488828        10959595.9595960       8.275480283047043E-008
   19130.7009488828        11212121.2121212       4.439299333236199E-008
   19130.7009488828        11464646.4646465       2.304552748621532E-008
   19130.7009488828        11717171.7171717       1.156972638748616E-008
   19130.7009488828        11969696.9696970       5.613451801675274E-009
   19130.7009488828        12222222.2222222       2.630247263991739E-009
   19130.7009488828        12474747.4747475       1.189252589942221E-009
   19130.7009488828        12727272.7272727       5.183593298451251E-010
   19130.7009488828        12979797.9797980       2.174961134771500E-010
   19130.7009488828        13232323.2323232       8.764008370742935E-011
   19130.7009488828        13484848.4848485       3.375771711281453E-011
   19130.7009488828        13737373.7373737       1.230412260082329E-011
   19130.7009488828        13989898.9898990       4.139367307364507E-012
   19130.7009488828        14242424.2424242       1.195879304304089E-012
   19130.7009488828        14494949.4949495       2.116802772892165E-013
   19130.7009488828        14747474.7474747      -7.761646345353358E-014
   19130.7009488828        15000000.0000000       0.000000000000000E+000
   37496.1738598102       -10000000.0000000       0.000000000000000E+000
   37496.1738598102       -9747474.74747475       5.397743978097505E-009
   37496.1738598102       -9494949.49494950       1.688342285522029E-008
   37496.1738598102       -9242424.24242424       3.809161101239147E-008
   37496.1738598102       -8989898.98989899       7.460297418928833E-008
   37496.1738598102       -8737373.73737374       1.345140488196046E-007
   37496.1738598102       -8484848.48484848       2.290077454875783E-007
   37496.1738598102       -8232323.23232323       3.728032169951522E-007
   37496.1738598102       -7979797.97979798       5.843215214214352E-007
   37496.1738598102       -7727272.72727273       8.853777935049922E-007
   37496.1738598102       -7474747.47474748       1.300199700575402E-006
   37496.1738598102       -7222222.22222222       1.853580174466835E-006
   37496.1738598102       -6969696.96969697       2.568014399696046E-006
   37496.1738598102       -6717171.71717172       3.459801034784205E-006
   37496.1738598102       -6464646.46464646       4.534419495772965E-006
   37496.1738598102       -6212121.21212121       5.782138681326380E-006
   37496.1738598102       -5959595.95959596       7.175654526750081E-006
   37496.1738598102       -5707070.70707071       8.671999145764109E-006
   37496.1738598102       -5454545.45454546       1.022008442145645E-005
   37496.1738598102       -5202020.20202020       1.177270105281573E-005
   37496.1738598102       -4949494.94949495       1.329887787298962E-005
   37496.1738598102       -4696969.69696970       1.479161404562538E-005
   37496.1738598102       -4444444.44444444       1.626827798867255E-005
   37496.1738598102       -4191919.19191919       1.776475431428198E-005
   37496.1738598102       -3939393.93939394       1.932682678072501E-005
   37496.1738598102       -3686868.68686869       2.100211274942560E-005
   37496.1738598102       -3434343.43434343       2.283424094105868E-005
   37496.1738598102       -3181818.18181818       2.485957422414730E-005
   37496.1738598102       -2929292.92929293       2.710633985615670E-005
   37496.1738598102       -2676767.67676768       2.959628502709635E-005
   37496.1738598102       -2424242.42424242       3.234928012394666E-005
   37496.1738598102       -2171717.17171717       3.539074713257840E-005
   37496.1738598102       -1919191.91919192       3.875917583874349E-005
   37496.1738598102       -1666666.66666667       4.250590487239002E-005
   37496.1738598102       -1414141.41414141       4.667530936461149E-005
   37496.1738598102       -1161616.16161616       5.125909192590923E-005
   37496.1738598102       -909090.909090910       5.613843101611201E-005
   37496.1738598102       -656565.656565657       6.105015926725944E-005
   37496.1738598102       -404040.404040404       6.561408961182915E-005
   37496.1738598102       -151515.151515152       6.942902488000482E-005
   37496.1738598102        101010.101010101       7.220304453920879E-005
   37496.1738598102        353535.353535354       7.385804509802844E-005
   37496.1738598102        606060.606060605       7.455629715806703E-005
   37496.1738598102        858585.858585859       7.463434053339333E-005
   37496.1738598102        1111111.11111111       7.447617660696555E-005
   37496.1738598102        1363636.36363636       7.438718129102609E-005
   37496.1738598102        1616161.61616162       7.452479896372484E-005
   37496.1738598102        1868686.86868687       7.490458008521726E-005
   37496.1738598102        2121212.12121212       7.545614374613499E-005
   37496.1738598102        2373737.37373737       7.608491145723903E-005
   37496.1738598102        2626262.62626263       7.671004863219762E-005
   37496.1738598102        2878787.87878788       7.727522518770821E-005
   37496.1738598102        3131313.13131313       7.774340763450875E-005
   37496.1738598102        3383838.38383838       7.808676156168575E-005
   37496.1738598102        3636363.63636364       7.827694924882269E-005
   37496.1738598102        3888888.88888889       7.827670038287953E-005
   37496.1738598102        4141414.14141414       7.803205932466260E-005
   37496.1738598102        4393939.39393939       7.746525327827164E-005
   37496.1738598102        4646464.64646465       7.646978560369977E-005
   37496.1738598102        4898989.89898990       7.491155760810844E-005
   37496.1738598102        5151515.15151515       7.264143098292446E-005
   37496.1738598102        5404040.40404040       6.952334215299285E-005
   37496.1738598102        5656565.65656566       6.547555715704975E-005
   37496.1738598102        5909090.90909091       6.051221716018920E-005
   37496.1738598102        6161616.16161616       5.476537655083422E-005
   37496.1738598102        6414141.41414141       4.847299008393934E-005
   37496.1738598102        6666666.66666667       4.193532219312527E-005
   37496.1738598102        6919191.91919192       3.545860868661093E-005
   37496.1738598102        7171717.17171717       2.930793853650059E-005
   37496.1738598102        7424242.42424243       2.368127728111768E-005
   37496.1738598102        7676767.67676768       1.870375260609701E-005
   37496.1738598102        7929292.92929293       1.443458546738783E-005
   37496.1738598102        8181818.18181818       1.087923246244377E-005
   37496.1738598102        8434343.43434343       8.002452075106219E-006
   37496.1738598102        8686868.68686869       5.740669932366649E-006
   37496.1738598102        8939393.93939394       4.013187867031256E-006
   37496.1738598102        9191919.19191919       2.731969610064871E-006
   37496.1738598102        9444444.44444444       1.809664617233177E-006
   37496.1738598102        9696969.69696970       1.165571417751927E-006
   37496.1738598102        9949494.94949495       7.294367519353138E-007
   37496.1738598102        10202020.2020202       4.432412066153196E-007
   37496.1738598102        10454545.4545455       2.613352091841727E-007
   37496.1738598102        10707070.7070707       1.494058728676343E-007
   37496.1738598102        10959595.9595960       8.276756139684127E-008
   37496.1738598102        11212121.2121212       4.440063251061864E-008
   37496.1738598102        11464646.4646465       2.304992963847538E-008
   37496.1738598102        11717171.7171717       1.157216768371963E-008
   37496.1738598102        11969696.9696970       5.614754484851362E-009
   37496.1738598102        12222222.2222222       2.630915936636577E-009
   37496.1738598102        12474747.4747475       1.189582659930913E-009
   37496.1738598102        12727272.7272727       5.185159461412390E-010
   37496.1738598102        12979797.9797980       2.175675070680269E-010
   37496.1738598102        13232323.2323232       8.767132177767514E-011
   37496.1738598102        13484848.4848485       3.377081450624101E-011
   37496.1738598102        13737373.7373737       1.230936538855683E-011
   37496.1738598102        13989898.9898990       4.141352650141811E-012
   37496.1738598102        14242424.2424242       1.196572628402953E-012
   37496.1738598102        14494949.4949495       2.118850781037082E-013
   37496.1738598102        14747474.7474747      -7.758671353706628E-014
   37496.1738598102        15000000.0000000       0.000000000000000E+000
   61983.4710743802       -10000000.0000000       0.000000000000000E+000
   61983.4710743802       -9747474.74747475       5.399927563866726E-009
   61983.4710743802       -9494949.49494950       1.688797891193003E-008
   61983.4710743802       -9242424.24242424       3.809906294968357E-008
   61983.4710743802       -8989898.98989899       7.461391507181283E-008
   61983.4710743802       -8737373.73737374       1.345288705906357E-007
   61983.4710743802       -8484848.48484848       2.290262551184807E-007
   61983.4710743802       -8232323.23232323       3.728241068957416E-007
   61983.4710743802       -7979797.97979798       5.843417149540145E-007
   61983.4710743802       -7727272.72727273       8.853917492522502E-007
   61983.4710743802       -7474747.47474748       1.300198840120020E-006
   61983.4710743802       -7222222.22222222       1.853552692269985E-006
   61983.4710743802       -6969696.96969697       2.567945794179829E-006
   61983.4710743802       -6717171.71717172       3.459675700498217E-006
   61983.4710743802       -6464646.46464646       4.534223521458140E-006
   61983.4710743802       -6212121.21212121       5.781863499566473E-006
   61983.4710743802       -5959595.95959596       7.175300327161655E-006
   61983.4710743802       -5707070.70707071       8.671576422923586E-006
   61983.4710743802       -5454545.45454546       1.021961233943241E-005
   61983.4710743802       -5202020.20202020       1.177220272431957E-005
   61983.4710743802       -4949494.94949495       1.329837440385393E-005
   61983.4710743802       -4696969.69696970       1.479111989835957E-005
   61983.4710743802       -4444444.44444444       1.626779925496366E-005
   61983.4710743802       -4191919.19191919       1.776428972876300E-005
   61983.4710743802       -3939393.93939394       1.932637014626527E-005
   61983.4710743802       -3686868.68686869       2.100165540124290E-005
   61983.4710743802       -3434343.43434343       2.283377346007020E-005
   61983.4710743802       -3181818.18181818       2.485908711303176E-005
   61983.4710743802       -2929292.92929293       2.710582294243052E-005
   61983.4710743802       -2676767.67676768       2.959572486768461E-005
   61983.4710743802       -2424242.42424242       3.234865372437652E-005
   61983.4710743802       -2171717.17171717       3.539000941571565E-005
   61983.4710743802       -1919191.91919192       3.875823930110131E-005
   61983.4710743802       -1666666.66666667       4.250461573682112E-005
   61983.4710743802       -1414141.41414141       4.667343606423076E-005
   61983.4710743802       -1161616.16161616       5.125635120111776E-005
   61983.4710743802       -909090.909090910       5.613456866639162E-005
   61983.4710743802       -656565.656565657       6.104507014475750E-005
   61983.4710743802       -404040.404040404       6.560792358550297E-005
   61983.4710743802       -151515.151515152       6.942221431047071E-005
   61983.4710743802        101010.101010101       7.219621960711275E-005
   61983.4710743802        353535.353535354       7.385186072792792E-005
   61983.4710743802        606060.606060605       7.455124464657824E-005
   61983.4710743802        858585.858585859       7.463062744670325E-005
   61983.4710743802        1111111.11111111       7.447372222678404E-005
   61983.4710743802        1363636.36363636       7.438571306241640E-005
   61983.4710743802        1616161.61616162       7.452398686533288E-005
   61983.4710743802        1868686.86868687       7.490414114848969E-005
   61983.4710743802        2121212.12121212       7.545588517018341E-005
   61983.4710743802        2373737.37373737       7.608472350883613E-005
   61983.4710743802        2626262.62626263       7.670987668715751E-005
   61983.4710743802        2878787.87878788       7.727504316117729E-005
   61983.4710743802        3131313.13131313       7.774320071164597E-005
   61983.4710743802        3383838.38383838       7.808651719716099E-005
   61983.4710743802        3636363.63636364       7.827665304948423E-005
   61983.4710743802        3888888.88888889       7.827633433175650E-005
   61983.4710743802        4141414.14141414       7.803160124006834E-005
   61983.4710743802        4393939.39393939       7.746467752715976E-005
   61983.4710743802        4646464.64646465       7.646906582713076E-005
   61983.4710743802        4898989.89898990       7.491067248799022E-005
   61983.4710743802        5151515.15151515       7.264037346609472E-005
   61983.4710743802        5404040.40404040       6.952213057921219E-005
   61983.4710743802        5656565.65656566       6.547424383054593E-005
   61983.4710743802        5909090.90909091       6.051088820228849E-005
   61983.4710743802        6161616.16161616       5.476413915732841E-005
   61983.4710743802        6414141.41414141       4.847194971149673E-005
   61983.4710743802        6666666.66666667       4.193455843545217E-005
   61983.4710743802        6919191.91919192       3.545815951797446E-005
   61983.4710743802        7171717.17171717       2.930779760668616E-005
   61983.4710743802        7424242.42424243       2.368140238606695E-005
   61983.4710743802        7676767.67676768       1.870407979184575E-005
   61983.4710743802        7929292.92929293       1.443504338256351E-005
   61983.4710743802        8181818.18181818       1.087975372782025E-005
   61983.4710743802        8434343.43434343       8.002980591202551E-006
   61983.4710743802        8686868.68686869       5.741164360782712E-006
   61983.4710743802        8939393.93939394       4.013622079686863E-006
   61983.4710743802        9191919.19191919       2.732331040940542E-006
   61983.4710743802        9444444.44444444       1.809951410006780E-006
   61983.4710743802        9696969.69696970       1.165789137150864E-006
   61983.4710743802        9949494.94949495       7.295952488784158E-007
   61983.4710743802        10202020.2020202       4.433520210251021E-007
   61983.4710743802        10454545.4545455       2.614096904979761E-007
   61983.4710743802        10707070.7070707       1.494540276116448E-007
   61983.4710743802        10959595.9595960       8.279752016613010E-008
   61983.4710743802        11212121.2121212       4.441857046382963E-008
   61983.4710743802        11464646.4646465       2.306026667154334E-008
   61983.4710743802        11717171.7171717       1.157790034623385E-008
   61983.4710743802        11969696.9696970       5.617813489850648E-009
   61983.4710743802        12222222.2222222       2.632486157931818E-009
   61983.4710743802        12474747.4747475       1.190357763436989E-009
   61983.4710743802        12727272.7272727       5.188837340116632E-010
   61983.4710743802        12979797.9797980       2.177351660828973E-010
   61983.4710743802        13232323.2323232       8.774468182053869E-011
   61983.4710743802        13484848.4848485       3.380157324220387E-011
   61983.4710743802        13737373.7373737       1.232167813270203E-011
   61983.4710743802        13989898.9898990       4.146015359762921E-012
   61983.4710743802        14242424.2424242       1.198200996469132E-012
   61983.4710743802        14494949.4949495       2.123661077347658E-013
   61983.4710743802        14747474.7474747      -7.751681861774347E-014
   61983.4710743802        15000000.0000000       0.000000000000000E+000
   92592.5925925926       -10000000.0000000       0.000000000000000E+000
   92592.5925925926       -9747474.74747475       5.404166497360701E-009
   92592.5925925926       -9494949.49494950       1.689682393501381E-008
   92592.5925925926       -9242424.24242424       3.811353005283149E-008
   92592.5925925926       -8989898.98989899       7.463515527577861E-008
   92592.5925925926       -8737373.73737374       1.345576442527526E-007
   92592.5925925926       -8484848.48484848       2.290621866595151E-007
   92592.5925925926       -8232323.23232323       3.728646565733317E-007
   92592.5925925926       -7979797.97979798       5.843809081445044E-007
   92592.5925925926       -7727272.72727273       8.854188256212360E-007
   92592.5925925926       -7474747.47474748       1.300197142510758E-006
   92592.5925925926       -7222222.22222222       1.853499297295923E-006
   92592.5925925926       -6969696.96969697       2.567812542859841E-006
   92592.5925925926       -6717171.71717172       3.459432288893674E-006
   92592.5925925926       -6464646.46464646       4.533842932781649E-006
   92592.5925925926       -6212121.21212121       5.781329090445448E-006
   92592.5925925926       -5959595.95959596       7.174612456173279E-006
   92592.5925925926       -5707070.70707071       8.670755459010497E-006
   92592.5925925926       -5454545.45454546       1.021869548981486E-005
   92592.5925925926       -5202020.20202020       1.177123487021658E-005
   92592.5925925926       -4949494.94949495       1.329739653593317E-005
   92592.5925925926       -4696969.69696970       1.479016011081302E-005
   92592.5925925926       -4444444.44444444       1.626686938727510E-005
   92592.5925925926       -4191919.19191919       1.776338733164114E-005
   92592.5925925926       -3939393.93939394       1.932548319045467E-005
   92592.5925925926       -3686868.68686869       2.100076706323682E-005
   92592.5925925926       -3434343.43434343       2.283286545070692E-005
   92592.5925925926       -3181818.18181818       2.485814099232917E-005
   92592.5925925926       -2929292.92929293       2.710481896388501E-005
   92592.5925925926       -2676767.67676768       2.959463694618573E-005
   92592.5925925926       -2424242.42424242       3.234743725858684E-005
   92592.5925925926       -2171717.17171717       3.538857699436344E-005
   92592.5925925926       -1919191.91919192       3.875642126920071E-005
   92592.5925925926       -1666666.66666667       4.250211397947871E-005
   92592.5925925926       -1414141.41414141       4.666980170423914E-005
   92592.5925925926       -1161616.16161616       5.125103520762086E-005
   92592.5925925926       -909090.909090910       5.612707839065829E-005
   92592.5925925926       -656565.656565657       6.103520189746405E-005
   92592.5925925926       -404040.404040404       6.559596800490628E-005
   92592.5925925926       -151515.151515152       6.940900959126005E-005
   92592.5925925926        101010.101010101       7.218298735958276E-005
   92592.5925925926        353535.353535354       7.383987048929621E-005
   92592.5925925926        606060.606060605       7.454144875343899E-005
   92592.5925925926        858585.858585859       7.462342824134693E-005
   92592.5925925926        1111111.11111111       7.446896323139446E-005
   92592.5925925926        1363636.36363636       7.438286592301728E-005
   92592.5925925926        1616161.61616162       7.452241180735920E-005
   92592.5925925926        1868686.86868687       7.490328958595541E-005
   92592.5925925926        2121212.12121212       7.545538329963940E-005
   92592.5925925926        2373737.37373737       7.608435856096800E-005
   92592.5925925926        2626262.62626263       7.670954273267236E-005
   92592.5925925926        2878787.87878788       7.727468960047416E-005
   92592.5925925926        3131313.13131313       7.774279879104029E-005
   92592.5925925926        3383838.38383838       7.808604255539210E-005
   92592.5925925926        3636363.63636364       7.827607773202689E-005
   92592.5925925926        3888888.88888889       7.827562334551165E-005
   92592.5925925926        4141414.14141414       7.803071150468462E-005
   92592.5925925926        4393939.39393939       7.746355926216338E-005
   92592.5925925926        4646464.64646465       7.646766784730319E-005
   92592.5925925926        4898989.89898990       7.490895340535282E-005
   92592.5925925926        5151515.15151515       7.263831960505945E-005
   92592.5925925926        5404040.40404040       6.951977758565390E-005
   92592.5925925926        5656565.65656566       6.547169331071226E-005
   92592.5925925926        5909090.90909091       6.050830742503103E-005
   92592.5925925926        6161616.16161616       5.476173629711448E-005
   92592.5925925926        6414141.41414141       4.846992954122014E-005
   92592.5925925926        6666666.66666667       4.193307548509249E-005
   92592.5925925926        6919191.91919192       3.545728748914836E-005
   92592.5925925926        7171717.17171717       2.930752413230088E-005
   92592.5925925926        7424242.42424243       2.368164548711703E-005
   92592.5925925926        7676767.67676768       1.870471526728979E-005
   92592.5925925926        7929292.92929293       1.443593267751397E-005
   92592.5925925926        8181818.18181818       1.088076600748884E-005
   92592.5925925926        8434343.43434343       8.004006927248734E-006
   92592.5925925926        8686868.68686869       5.742124488678693E-006
   92592.5925925926        8939393.93939394       4.014465269443549E-006
   92592.5925925926        9191919.19191919       2.733032895849425E-006
   92592.5925925926        9444444.44444444       1.810508327903815E-006
   92592.5925925926        9696969.69696970       1.166211924859411E-006
   92592.5925925926        9949494.94949495       7.299030353966842E-007
   92592.5925925926        10202020.2020202       4.435672147169081E-007
   92592.5925925926        10454545.4545455       2.615543297865205E-007
   92592.5925925926        10707070.7070707       1.495475433450262E-007
   92592.5925925926        10959595.9595960       8.285570063369460E-008
   92592.5925925926        11212121.2121212       4.445340697950485E-008
   92592.5925925926        11464646.4646465       2.308034221214547E-008
   92592.5925925926        11717171.7171717       1.158903401146693E-008
   92592.5925925926        11969696.9696970       5.623754678186376E-009
   92592.5925925926        12222222.2222222       2.635535922019987E-009
   92592.5925925926        12474747.4747475       1.191863254667767E-009
   92592.5925925926        12727272.7272727       5.195981151384479E-010
   92592.5925925926        12979797.9797980       2.180608335917459E-010
   92592.5925925926        13232323.2323232       8.788718449373507E-011
   92592.5925925926        13484848.4848485       3.386132475981013E-011
   92592.5925925926        13737373.7373737       1.234559772972399E-011
   92592.5925925926        13989898.9898990       4.155073909015462E-012
   92592.5925925926        14242424.2424242       1.201364735058329E-012
   92592.5925925926        14494949.4949495       2.133008012041670E-013
   92592.5925925926        14747474.7474747      -7.738092766669694E-014
   92592.5925925926        15000000.0000000       0.000000000000000E+000
   129323.538414448       -10000000.0000000       0.000000000000000E+000
   129323.538414448       -9747474.74747475       5.411461912708211E-009
   129323.538414448       -9494949.49494950       1.691204812996793E-008
   129323.538414448       -9242424.24242424       3.813843131790881E-008
   129323.538414448       -8989898.98989899       7.467171370811242E-008
   129323.538414448       -8737373.73737374       1.346071668786713E-007
   129323.538414448       -8484848.48484848       2.291240244276402E-007
   129323.538414448       -8232323.23232323       3.729344342655171E-007
   129323.538414448       -7979797.97979798       5.844483368425535E-007
   129323.538414448       -7727272.72727273       8.854653771711515E-007
   129323.538414448       -7474747.47474748       1.300194136393389E-006
   129323.538414448       -7222222.22222222       1.853407263841498E-006
   129323.538414448       -6969696.96969697       2.567582995973517E-006
   129323.538414448       -6717171.71717172       3.459013044605415E-006
   129323.538414448       -6464646.46464646       4.533187459118113E-006
   129323.538414448       -6212121.21212121       5.780408707243996E-006
   129323.538414448       -5959595.95959596       7.173427751157778E-006
   129323.538414448       -5707070.70707071       8.669341476129579E-006
   129323.538414448       -5454545.45454546       1.021711627857003E-005
   129323.538414448       -5202020.20202020       1.176956771403266E-005
   129323.538414448       -4949494.94949495       1.329571203893467E-005
   129323.538414448       -4696969.69696970       1.478850668174386E-005
   129323.538414448       -4444444.44444444       1.626526744533133E-005
   129323.538414448       -4191919.19191919       1.776183268353892E-005
   129323.538414448       -3939393.93939394       1.932395513656004E-005
   129323.538414448       -3686868.68686869       2.099923664080837E-005
   129323.538414448       -3434343.43434343       2.283130117034978E-005
   129323.538414448       -3181818.18181818       2.485651110835017E-005
   129323.538414448       -2929292.92929293       2.710308949481662E-005
   129323.538414448       -2676767.67676768       2.959276303390803E-005
   129323.538414448       -2424242.42424242       3.234534225672871E-005
   129323.538414448       -2171717.17171717       3.538611075907004E-005
   129323.538414448       -1919191.91919192       3.875329247321076E-005
   129323.538414448       -1666666.66666667       4.249781081212830E-005
   129323.538414448       -1414141.41414141       4.666355365277281E-005
   129323.538414448       -1161616.16161616       5.124189999456463E-005
   129323.538414448       -909090.909090910       5.611421068435744E-005
   129323.538414448       -656565.656565657       6.101825246952202E-005
   129323.538414448       -404040.404040404       6.557543613880360E-005
   129323.538414448       -151515.151515152       6.938633436034252E-005
   129323.538414448        101010.101010101       7.216026584156037E-005
   129323.538414448        353535.353535354       7.381928191396181E-005
   129323.538414448        606060.606060605       7.452462780810541E-005
   129323.538414448        858585.858585859       7.461106552571527E-005
   129323.538414448        1111111.11111111       7.446079011337269E-005
   129323.538414448        1363636.36363636       7.437797539113334E-005
   129323.538414448        1616161.61616162       7.451970551337165E-005
   129323.538414448        1868686.86868687       7.490182564739906E-005
   129323.538414448        2121212.12121212       7.545451984924377E-005
   129323.538414448        2373737.37373737       7.608373019184137E-005
   129323.538414448        2626262.62626263       7.670896747797520E-005
   129323.538414448        2878787.87878788       7.727408049355005E-005
   129323.538414448        3131313.13131313       7.774210636365672E-005
   129323.538414448        3383838.38383838       7.808522485781432E-005
   129323.538414448        3636363.63636364       7.827508661138119E-005
   129323.538414448        3888888.88888889       7.827439852359775E-005
   129323.538414448        4141414.14141414       7.802917877732132E-005
   129323.538414448        4393939.39393939       7.746163289365976E-005
   129323.538414448        4646464.64646465       7.646525969799952E-005
   129323.538414448        4898989.89898990       7.490599223295323E-005
   129323.538414448        5151515.15151515       7.263478192434970E-005
   129323.538414448        5404040.40404040       6.951572487916258E-005
   129323.538414448        5656565.65656566       6.546730066260752E-005
   129323.538414448        5909090.90909091       6.050386297252353E-005
   129323.538414448        6161616.16161616       5.475759856048250E-005
   129323.538414448        6414141.41414141       4.846645110781728E-005
   129323.538414448        6666666.66666667       4.193052236096908E-005
   129323.538414448        6919191.91919192       3.545578646665358E-005
   129323.538414448        7171717.17171717       2.930705380476468E-005
   129323.538414448        7424242.42424243       2.368206461190078E-005
   129323.538414448        7676767.67676768       1.870580993691534E-005
   129323.538414448        7929292.92929293       1.443746430099744E-005
   129323.538414448        8181818.18181818       1.088250930856037E-005
   129323.538414448        8434343.43434343       8.005774360723583E-006
   129323.538414448        8686868.68686869       5.743777867581258E-006
   129323.538414448        8939393.93939394       4.015917259344569E-006
   129323.538414448        9191919.19191919       2.734241500594952E-006
   129323.538414448        9444444.44444444       1.811467352476556E-006
   129323.538414448        9696969.69696970       1.166939981206529E-006
   129323.538414448        9949494.94949495       7.304330630178584E-007
   129323.538414448        10202020.2020202       4.439377987700414E-007
   129323.538414448        10454545.4545455       2.618034182652192E-007
   129323.538414448        10707070.7070707       1.497085945689908E-007
   129323.538414448        10959595.9595960       8.295590122563620E-008
   129323.538414448        11212121.2121212       4.451340587215235E-008
   129323.538414448        11464646.4646465       2.311491965686108E-008
   129323.538414448        11717171.7171717       1.160821109591582E-008
   129323.538414448        11969696.9696970       5.633988507042752E-009
   129323.538414448        12222222.2222222       2.640789474824684E-009
   129323.538414448        12474747.4747475       1.194456769396823E-009
   129323.538414448        12727272.7272727       5.208288534002573E-010
   129323.538414448        12979797.9797980       2.186219294175748E-010
   129323.538414448        13232323.2323232       8.813271995191386E-011
   129323.538414448        13484848.4848485       3.396428528251192E-011
   129323.538414448        13737373.7373737       1.238681782493732E-011
   129323.538414448        13989898.9898990       4.170685674549684E-012
   129323.538414448        14242424.2424242       1.206817839438937E-012
   129323.538414448        14494949.4949495       2.149121930437921E-013
   129323.538414448        14747474.7474747      -7.714641446050663E-014
   129323.538414448        15000000.0000000       0.000000000000000E+000
   172176.308539945       -10000000.0000000       0.000000000000000E+000
   172176.308539945       -9747474.74747475       5.423005959455019E-009
   172176.308539945       -9494949.49494950       1.693614224073557E-008
   172176.308539945       -9242424.24242424       3.817784121044734E-008
   172176.308539945       -8989898.98989899       7.472957037959314E-008
   172176.308539945       -8737373.73737374       1.346855344123991E-007
   172176.308539945       -8484848.48484848       2.292218688820885E-007
   172176.308539945       -8232323.23232323       3.730448215465839E-007
   172176.308539945       -7979797.97979798       5.845549697552754E-007
   172176.308539945       -7727272.72727273       8.855389137723875E-007
   172176.308539945       -7474747.47474748       1.300189160510805E-006
   172176.308539945       -7222222.22222222       1.853261274812608E-006
   172176.308539945       -6969696.96969697       2.567219211040205E-006
   172176.308539945       -6717171.71717172       3.458348813301395E-006
   172176.308539945       -6464646.46464646       4.532149060665564E-006
   172176.308539945       -6212121.21212121       5.778950665530909E-006
   172176.308539945       -5959595.95959596       7.171550919999715E-006
   172176.308539945       -5707070.70707071       8.667101276861284E-006
   172176.308539945       -5454545.45454546       1.021461409747618E-005
   172176.308539945       -5202020.20202020       1.176692594724502E-005
   172176.308539945       -4949494.94949495       1.329304255631983E-005
   172176.308539945       -4696969.69696970       1.478588623215813E-005
   172176.308539945       -4444444.44444444       1.626272845057446E-005
   172176.308539945       -4191919.19191919       1.775936856551690E-005
   172176.308539945       -3939393.93939394       1.932153314942101E-005
   172176.308539945       -3686868.68686869       2.099681093238745E-005
   172176.308539945       -3434343.43434343       2.282882187949259E-005
   172176.308539945       -3181818.18181818       2.485392797675307E-005
   172176.308539945       -2929292.92929293       2.710034875939406E-005
   172176.308539945       -2676767.67676768       2.958979380420086E-005
   172176.308539945       -2424242.42424242       3.234202354525572E-005
   172176.308539945       -2171717.17171717       3.538220574310041E-005
   172176.308539945       -1919191.91919192       3.874834185808986E-005
   172176.308539945       -1666666.66666667       4.249100796819348E-005
   172176.308539945       -1414141.41414141       4.665368456370270E-005
   172176.308539945       -1161616.16161616       5.122748040584584E-005
   172176.308539945       -909090.909090910       5.609390951285941E-005
   172176.308539945       -656565.656565657       6.099152053541268E-005
   172176.308539945       -404040.404040404       6.554306112709047E-005
   172176.308539945       -151515.151515152       6.935058440164731E-005
   172176.308539945        101010.101010101       7.212444544876781E-005
   172176.308539945        353535.353535354       7.378682473865180E-005
   172176.308539945        606060.606060605       7.449810937754320E-005
   172176.308539945        858585.858585859       7.459157385829686E-005
   172176.308539945        1111111.11111111       7.444790187073155E-005
   172176.308539945        1363636.36363636       7.437026129929920E-005
   172176.308539945        1616161.61616162       7.451543462264423E-005
   172176.308539945        1868686.86868687       7.489951337315006E-005
   172176.308539945        2121212.12121212       7.545315429675616E-005
   172176.308539945        2373737.37373737       7.608273515915433E-005
   172176.308539945        2626262.62626263       7.670805590815920E-005
   172176.308539945        2878787.87878788       7.727311507587886E-005
   172176.308539945        3131313.13131313       7.774100886760427E-005
   172176.308539945        3383838.38383838       7.808392884404376E-005
   172176.308539945        3636363.63636364       7.827351577597907E-005
   172176.308539945        3888888.88888889       7.827245734592072E-005
   172176.308539945        4141414.14141414       7.802674968147800E-005
   172176.308539945        4393939.39393939       7.745858005598297E-005
   172176.308539945        4646464.64646465       7.646144352630584E-005
   172176.308539945        4898989.89898990       7.490129996581788E-005
   172176.308539945        5151515.15151515       7.262917653216065E-005
   172176.308539945        5404040.40404040       6.950930399789611E-005
   172176.308539945        5656565.65656566       6.546034189671435E-005
   172176.308539945        5909090.90909091       6.049682293319440E-005
   172176.308539945        6161616.16161616       5.475104518540544E-005
   172176.308539945        6414141.41414141       4.846094274276466E-005
   172176.308539945        6666666.66666667       4.192648006115039E-005
   172176.308539945        6919191.91919192       3.545341073016690E-005
   172176.308539945        7171717.17171717       2.930631044151046E-005
   172176.308539945        7424242.42424243       2.368272972824121E-005
   172176.308539945        7676767.67676768       1.870754466016411E-005
   172176.308539945        7929292.92929293       1.443989075229485E-005
   172176.308539945        8181818.18181818       1.088527075046579E-005
   172176.308539945        8434343.43434343       8.008573835432060E-006
   172176.308539945        8686868.68686869       5.746396588509129E-006
   172176.308539945        8939393.93939394       4.018216964785787E-006
   172176.308539945        9191919.19191919       2.736155715815440E-006
   172176.308539945        9444444.44444444       1.812986286266507E-006
   172176.308539945        9696969.69696970       1.168093117867603E-006
   172176.308539945        9949494.94949495       7.312725704596416E-007
   172176.308539945        10202020.2020202       4.445247828497044E-007
   172176.308539945        10454545.4545455       2.621979753759988E-007
   172176.308539945        10707070.7070707       1.499637118402290E-007
   172176.308539945        10959595.9595960       8.311463472046641E-008
   172176.308539945        11212121.2121212       4.460845908037812E-008
   172176.308539945        11464646.4646465       2.316970248330520E-008
   172176.308539945        11717171.7171717       1.163859648595881E-008
   172176.308539945        11969696.9696970       5.650204880849095E-009
   172176.308539945        12222222.2222222       2.649114867028166E-009
   172176.308539945        12474747.4747475       1.198567120747222E-009
   172176.308539945        12727272.7272727       5.227795834931009E-010
   172176.308539945        12979797.9797980       2.195113607822447E-010
   172176.308539945        13232323.2323232       8.852197688555049E-011
   172176.308539945        13484848.4848485       3.412753140049929E-011
   172176.308539945        13737373.7373737       1.245218136621209E-011
   172176.308539945        13989898.9898990       4.195445128735827E-012
   172176.308539945        14242424.2424242       1.215467802800867E-012
   172176.308539945        14494949.4949495       2.174691090711941E-013
   172176.308539945        14747474.7474747      -7.677367316413027E-014
   172176.308539945        15000000.0000000       0.000000000000000E+000
   221150.902969085       -10000000.0000000       0.000000000000000E+000
   221150.902969085       -9747474.74747475       5.440172773928196E-009
   221150.902969085       -9494949.49494950       1.697198050445810E-008
   221150.902969085       -9242424.24242424       3.823646209105395E-008
   221150.902969085       -8989898.98989899       7.481562476244150E-008
   221150.902969085       -8737373.73737374       1.348020823510218E-007
   221150.902969085       -8484848.48484848       2.293673571002180E-007
   221150.902969085       -8232323.23232323       3.732089137640644E-007
   221150.902969085       -7979797.97979798       5.847133937159822E-007
   221150.902969085       -7727272.72727273       8.856479823082116E-007
   221150.902969085       -7474747.47474748       1.300181261487964E-006
   221150.902969085       -7222222.22222222       1.853043362832539E-006
   221150.902969085       -6969696.96969697       2.566676968644622E-006
   221150.902969085       -6717171.71717172       3.457359160303401E-006
   221150.902969085       -6464646.46464646       4.530602164470125E-006
   221150.902969085       -6212121.21212121       5.776778687395288E-006
   221150.902969085       -5959595.95959596       7.168754956356301E-006
   221150.902969085       -5707070.70707071       8.663763672192913E-006
   221150.902969085       -5454545.45454546       1.021088570266283E-005
   221150.902969085       -5202020.20202020       1.176298901294686E-005
   221150.902969085       -4949494.94949495       1.328906377747651E-005
   221150.902969085       -4696969.69696970       1.478198007711716E-005
   221150.902969085       -4444444.44444444       1.625894338565841E-005
   221150.902969085       -4191919.19191919       1.775569493902166E-005
   221150.902969085       -3939393.93939394       1.931792228573734E-005
   221150.902969085       -3686868.68686869       2.099319459523734E-005
   221150.902969085       -3434343.43434343       2.282512584604587E-005
   221150.902969085       -3181818.18181818       2.485007745249051E-005
   221150.902969085       -2929292.92929293       2.709626381253445E-005
   221150.902969085       -2676767.67676768       2.958536922176802E-005
   221150.902969085       -2424242.42424242       3.233708007582089E-005
   221150.902969085       -2171717.17171717       3.537639292789052E-005
   221150.902969085       -1919191.91919192       3.874098050788066E-005
   221150.902969085       -1666666.66666667       4.248090587709239E-005
   221150.902969085       -1414141.41414141       4.663904816430106E-005
   221150.902969085       -1161616.16161616       5.120611777629809E-005
   221150.902969085       -909090.909090910       5.606385598573310E-005
   221150.902969085       -656565.656565657       6.095196717165242E-005
   221150.902969085       -404040.404040404       6.549517394346008E-005
   221150.902969085       -151515.151515152       6.929771595533927E-005
   221150.902969085        101010.101010101       7.207147859645978E-005
   221150.902969085        353535.353535354       7.373883244574647E-005
   221150.902969085        606060.606060605       7.445889650631155E-005
   221150.902969085        858585.858585859       7.456274763572340E-005
   221150.902969085        1111111.11111111       7.442883668147905E-005
   221150.902969085        1363636.36363636       7.435884512824223E-005
   221150.902969085        1616161.61616162       7.450910929378033E-005
   221150.902969085        1868686.86868687       7.489608431885556E-005
   221150.902969085        2121212.12121212       7.545112526481602E-005
   221150.902969085        2373737.37373737       7.608125381595871E-005
   221150.902969085        2626262.62626263       7.670669736474603E-005
   221150.902969085        2878787.87878788       7.727167582154631E-005
   221150.902969085        3131313.13131313       7.773937267083234E-005
   221150.902969085        3383838.38383838       7.808199676888659E-005
   221150.902969085        3636363.63636364       7.827117410654974E-005
   221150.902969085        3888888.88888889       7.826956372170025E-005
   221150.902969085        4141414.14141414       7.802312890066207E-005
   221150.902969085        4393939.39393939       7.745402977963738E-005
   221150.902969085        4646464.64646465       7.645575589225092E-005
   221150.902969085        4898989.89898990       7.489430722257741E-005
   221150.902969085        5151515.15151515       7.262082391647994E-005
   221150.902969085        5404040.40404040       6.949973749323527E-005
   221150.902969085        5656565.65656566       6.544997558671848E-005
   221150.902969085        5909090.90909091       6.048633735828786E-005
   221150.902969085        6161616.16161616       5.474128633228844E-005
   221150.902969085        6414141.41414141       4.845274187042335E-005
   221150.902969085        6666666.66666667       4.192046361533327E-005
   221150.902969085        6919191.91919192       3.544987655989888E-005
   221150.902969085        7171717.17171717       2.930520698309803E-005
   221150.902969085        7424242.42424243       2.368372313665092E-005
   221150.902969085        7676767.67676768       1.871013011667264E-005
   221150.902969085        7929292.92929293       1.444350555206533E-005
   221150.902969085        8181818.18181818       1.088938379250277E-005
   221150.902969085        8434343.43434343       8.012743085988945E-006
   221150.902969085        8686868.68686869       5.750296415175684E-006
   221150.902969085        8939393.93939394       4.021641611697265E-006
   221150.902969085        9191919.19191919       2.739006281849140E-006
   221150.902969085        9444444.44444444       1.815248237498266E-006
   221150.902969085        9696969.69696970       1.169810375244303E-006
   221150.902969085        9949494.94949495       7.325228146424123E-007
   221150.902969085        10202020.2020202       4.453989959499296E-007
   221150.902969085        10454545.4545455       2.627856355693511E-007
   221150.902969085        10707070.7070707       1.503437141022455E-007
   221150.902969085        10959595.9595960       8.335109009329268E-008
   221150.902969085        11212121.2121212       4.475006647593786E-008
   221150.902969085        11464646.4646465       2.325132431126171E-008
   221150.902969085        11717171.7171717       1.168387305793813E-008
   221150.902969085        11969696.9696970       5.674371359508568E-009
   221150.902969085        12222222.2222222       2.661523366188550E-009
   221150.902969085        12474747.4747475       1.204694184855584E-009
   221150.902969085        12727272.7272727       5.256878458548897E-010
   221150.902969085        12979797.9797980       2.208375815400763E-010
   221150.902969085        13232323.2323232       8.910248862174236E-011
   221150.902969085        13484848.4848485       3.437102845821727E-011
   221150.902969085        13737373.7373737       1.254969592151522E-011
   221150.902969085        13989898.9898990       4.232391359101944E-012
   221150.902969085        14242424.2424242       1.228379025172010E-012
   221150.902969085        14494949.4949495       2.212875851124135E-013
   221150.902969085        14747474.7474747      -7.621561205773276E-014
   221150.902969085        15000000.0000000       0.000000000000000E+000
   276247.321701867       -10000000.0000000       0.000000000000000E+000
   276247.321701867       -9747474.74747475       5.464503595387296E-009
   276247.321701867       -9494949.49494950       1.702279235734240E-008
   276247.321701867       -9242424.24242424       3.831957840015296E-008
   276247.321701867       -8989898.98989899       7.493762670616835E-008
   276247.321701867       -8737373.73737374       1.349672876018990E-007
   276247.321701867       -8484848.48484848       2.295735316724553E-007
   276247.321701867       -8232323.23232323       3.734413566731351E-007
   276247.321701867       -7979797.97979798       5.849376267383604E-007
   276247.321701867       -7727272.72727273       8.858019762256598E-007
   276247.321701867       -7474747.47474748       1.300169033633756E-006
   276247.321701867       -7222222.22222222       1.852732827098387E-006
   276247.321701867       -6969696.96969697       2.565905820605476E-006
   276247.321701867       -6717171.71717172       3.455952599826859E-006
   276247.321701867       -6464646.46464646       4.528404102734725E-006
   276247.321701867       -6212121.21212121       5.773692537810327E-006
   276247.321701867       -5959595.95959596       7.164781916119788E-006
   276247.321701867       -5707070.70707071       8.659020303126833E-006
   276247.321701867       -5454545.45454546       1.020558597725507E-005
   276247.321701867       -5202020.20202020       1.175739172973101E-005
   276247.321701867       -4949494.94949495       1.328340588887491E-005
   276247.321701867       -4696969.69696970       1.477642451610695E-005
   276247.321701867       -4444444.44444444       1.625355936563727E-005
   276247.321701867       -4191919.19191919       1.775046904965508E-005
   276247.321701867       -3939393.93939394       1.931278557948324E-005
   276247.321701867       -3686868.68686869       2.098805025504837E-005
   276247.321701867       -3434343.43434343       2.281986851833330E-005
   276247.321701867       -3181818.18181818       2.484460101163994E-005
   276247.321701867       -2929292.92929293       2.709045500377125E-005
   276247.321701867       -2676767.67676768       2.957907934229165E-005
   276247.321701867       -2424242.42424242       3.233005642067307E-005
   276247.321701867       -2171717.17171717       3.536814226594367E-005
   276247.321701867       -1919191.91919192       3.873054796011219E-005
   276247.321701867       -1666666.66666667       4.246661655481570E-005
   276247.321701867       -1414141.41414141       4.661838389805222E-005
   276247.321701867       -1161616.16161616       5.117600292966035E-005
   276247.321701867       -909090.909090910       5.602153595958725E-005
   276247.321701867       -656565.656565657       6.089631115702462E-005
   276247.321701867       -404040.404040404       6.542782375202661E-005
   276247.321701867       -151515.151515152       6.922338196939951E-005
   276247.321701867        101010.101010101       7.199701801836979E-005
   276247.321701867        353535.353535354       7.367136800228794E-005
   276247.321701867        606060.606060605       7.440376985810500E-005
   276247.321701867        858585.858585859       7.452221494818634E-005
   276247.321701867        1111111.11111111       7.440201923304132E-005
   276247.321701867        1363636.36363636       7.434277677683220E-005
   276247.321701867        1616161.61616162       7.450019651667871E-005
   276247.321701867        1868686.86868687       7.489124334474706E-005
   276247.321701867        2121212.12121212       7.544825269830232E-005
   276247.321701867        2373737.37373737       7.607915080145250E-005
   276247.321701867        2626262.62626263       7.670476572481319E-005
   276247.321701867        2878787.87878788       7.726962849214934E-005
   276247.321701867        3131313.13131313       7.773704511767963E-005
   276247.321701867        3383838.38383838       7.807924848531201E-005
   276247.321701867        3636363.63636364       7.826784341211397E-005
   276247.321701867        3888888.88888889       7.826544819793723E-005
   276247.321701867        4141414.14141414       7.801797949308374E-005
   276247.321701867        4393939.39393939       7.744755896926484E-005
   276247.321701867        4646464.64646465       7.644766849885032E-005
   276247.321701867        4898989.89898990       7.488436535173293E-005
   276247.321701867        5151515.15151515       7.260895057592796E-005
   276247.321701867        5404040.40404040       6.948614122080079E-005
   276247.321701867        5656565.65656566       6.543524587961461E-005
   276247.321701867        5909090.90909091       6.047144190397162E-005
   276247.321701867        6161616.16161616       5.472742709223086E-005
   276247.321701867        6414141.41414141       4.844109897607071E-005
   276247.321701867        6666666.66666667       4.191192556914876E-005
   276247.321701867        6919191.91919192       3.544486487749187E-005
   276247.321701867        7171717.17171717       2.930364709813238E-005
   276247.321701867        7424242.42424243       2.368514003305539E-005
   276247.321701867        7676767.67676768       1.871380647168447E-005
   276247.321701867        7929292.92929293       1.444864224452980E-005
   276247.321701867        8181818.18181818       1.089522683359988E-005
   276247.321701867        8434343.43434343       8.018665074742298E-006
   276247.321701867        8686868.68686869       5.755835247677911E-006
   276247.321701867        8939393.93939394       4.026505355511981E-006
   276247.321701867        9191919.19191919       2.743054662564852E-006
   276247.321701867        9444444.44444444       1.818460709856884E-006
   276247.321701867        9696969.69696970       1.172249344905697E-006
   276247.321701867        9949494.94949495       7.342985923725459E-007
   276247.321701867        10202020.2020202       4.466407657293726E-007
   276247.321701867        10454545.4545455       2.636204441183738E-007
   276247.321701867        10707070.7070707       1.508835853031617E-007
   276247.321701867        10959595.9595960       8.368706190883109E-008
   276247.321701867        11212121.2121212       4.495129773087076E-008
   276247.321701867        11464646.4646465       2.336732957592223E-008
   276247.321701867        11717171.7171717       1.174823257103538E-008
   276247.321701867        11969696.9696970       5.708729233775898E-009
   276247.321701867        12222222.2222222       2.679167960595702E-009
   276247.321701867        12474747.4747475       1.213408437165036E-009
   276247.321701867        12727272.7272727       5.298250060634688E-010
   276247.321701867        12979797.9797980       2.227246231878549E-010
   276247.321701867        13232323.2323232       8.992867828094938E-011
   276247.321701867        13484848.4848485       3.471766367264296E-011
   276247.321701867        13737373.7373737       1.268855313125691E-011
   276247.321701867        13989898.9898990       4.285018128865990E-012
   276247.321701867        14242424.2424242       1.246777554070806E-012
   276247.321701867        14494949.4949495       2.267329124969145E-013
   276247.321701867        14747474.7474747      -7.541688646094342E-014
   276247.321701867        15000000.0000000       0.000000000000000E+000
   337465.564738292       -10000000.0000000       0.000000000000000E+000
   337465.564738292       -9747474.74747475       5.497685125431488E-009
   337465.564738292       -9494949.49494950       1.709212123052703E-008
   337465.564738292       -9242424.24242424       3.843298990569622E-008
   337465.564738292       -8989898.98989899       7.510407573554518E-008
   337465.564738292       -8737373.73737374       1.351926253343054E-007
   337465.564738292       -8484848.48484848       2.298546493116756E-007
   337465.564738292       -8232323.23232323       3.737581076536922E-007
   337465.564738292       -7979797.97979798       5.852428442364101E-007
   337465.564738292       -7727272.72727273       8.860108556707917E-007
   337465.564738292       -7474747.47474748       1.300150381752437E-006
   337465.564738292       -7222222.22222222       1.852306106595291E-006
   337465.564738292       -6969696.96969697       2.564849152191478E-006
   337465.564738292       -6717171.71717172       3.454026918328396E-006
   337465.564738292       -6464646.46464646       4.525395737862249E-006
   337465.564738292       -6212121.21212121       5.769468935231494E-006
   337465.564738292       -5959595.95959596       7.159344029091845E-006
   337465.564738292       -5707070.70707071       8.652526815012595E-006
   337465.564738292       -5454545.45454546       1.019832901656887E-005
   337465.564738292       -5202020.20202020       1.174972517148888E-005
   337465.564738292       -4949494.94949495       1.327565419927634E-005
   337465.564738292       -4696969.69696970       1.476881122168005E-005
   337465.564738292       -4444444.44444444       1.624617985143880E-005
   337465.564738292       -4191919.19191919       1.774330554155875E-005
   337465.564738292       -3939393.93939394       1.930574412903776E-005
   337465.564738292       -3686868.68686869       2.098099862774641E-005
   337465.564738292       -3434343.43434343       2.281266273826551E-005
   337465.564738292       -3181818.18181818       2.483709612103271E-005
   337465.564738292       -2929292.92929293       2.708249660735288E-005
   337465.564738292       -2676767.67676768       2.957046542003769E-005
   337465.564738292       -2424242.42424242       3.232044486397183E-005
   337465.564738292       -2171717.17171717       3.535686692219972E-005
   337465.564738292       -1919191.91919192       3.871632106639808E-005
   337465.564738292       -1666666.66666667       4.244718167524529E-005
   337465.564738292       -1414141.41414141       4.659035143492974E-005
   337465.564738292       -1161616.16161616       5.113523634308385E-005
   337465.564738292       -909090.909090910       5.596433457703681E-005
   337465.564738292       -656565.656565657       6.082116219969062E-005
   337465.564738292       -404040.404040404       6.533694612937790E-005
   337465.564738292       -151515.151515152       6.912312251058971E-005
   337465.564738292        101010.101010101       7.189661000933610E-005
   337465.564738292        353535.353535354       7.358039952028794E-005
   337465.564738292        606060.606060605       7.432943038006770E-005
   337465.564738292        858585.858585859       7.446754071333792E-005
   337465.564738292        1111111.11111111       7.436582679833392E-005
   337465.564738292        1363636.36363636       7.432107192070410E-005
   337465.564738292        1616161.61616162       7.448813867427409E-005
   337465.564738292        1868686.86868687       7.488467667166953E-005
   337465.564738292        2121212.12121212       7.544434087857181E-005
   337465.564738292        2373737.37373737       7.607627598284554E-005
   337465.564738292        2626262.62626263       7.670211963192862E-005
   337465.564738292        2878787.87878788       7.726682218866784E-005
   337465.564738292        3131313.13131313       7.773385457928181E-005
   337465.564738292        3383838.38383838       7.807548154672479E-005
   337465.564738292        3636363.63636364       7.826327860682498E-005
   337465.564738292        3888888.88888889       7.825980823808750E-005
   337465.564738292        4141414.14141414       7.801092332038134E-005
   337465.564738292        4393939.39393939       7.743869306480189E-005
   337465.564738292        4646464.64646465       7.643658921487052E-005
   337465.564738292        4898989.89898990       7.487074799756919E-005
   337465.564738292        5151515.15151515       7.259269134673738E-005
   337465.564738292        5404040.40404040       6.946752762881120E-005
   337465.564738292        5656565.65656566       6.541508683440480E-005
   337465.564738292        5909090.90909091       6.045106309619612E-005
   337465.564738292        6161616.16161616       5.470847329242302E-005
   337465.564738292        6414141.41414141       4.842518336041631E-005
   337465.564738292        6666666.66666667       4.190026104162009E-005
   337465.564738292        6919191.91919192       3.543802508203071E-005
   337465.564738292        7171717.17171717       2.930152751672088E-005
   337465.564738292        7424242.42424243       2.368708932988312E-005
   337465.564738292        7676767.67676768       1.871884289482869E-005
   337465.564738292        7929292.92929293       1.445567295371184E-005
   337465.564738292        8181818.18181818       1.090322118461741E-005
   337465.564738292        8434343.43434343       8.026765727845532E-006
   337465.564738292        8686868.68686869       5.763410897432128E-006
   337465.564738292        8939393.93939394       4.033157281331544E-006
   337465.564738292        9191919.19191919       2.748591371577620E-006
   337465.564738292        9444444.44444444       1.822854285211487E-006
   337465.564738292        9696969.69696970       1.175585189447154E-006
   337465.564738292        9949494.94949495       7.367275487930894E-007
   337465.564738292        10202020.2020202       4.483394552075926E-007
   337465.564738292        10454545.4545455       2.647625623566728E-007
   337465.564738292        10707070.7070707       1.516222964764980E-007
   337465.564738292        10959595.9595960       8.414684865159967E-008
   337465.564738292        11212121.2121212       4.522673751578704E-008
   337465.564738292        11464646.4646465       2.352614582953360E-008
   337465.564738292        11717171.7171717       1.183636266897570E-008
   337465.564738292        11969696.9696970       5.755787960978469E-009
   337465.564738292        12222222.2222222       2.703341263971671E-009
   337465.564738292        12474747.4747475       1.225350321750873E-009
   337465.564738292        12727272.7272727       5.354961604823483E-010
   337465.564738292        12979797.9797980       2.253121514946132E-010
   337465.564738292        13232323.2323232       9.106193004791028E-011
   337465.564738292        13484848.4848485       3.519329691084329E-011
   337465.564738292        13737373.7373737       1.287915816755408E-011
   337465.564738292        13989898.9898990       4.357289007176037E-012
   337465.564738292        14242424.2424242       1.272058179189685E-012
   337465.564738292        14494949.4949495       2.342226852287811E-013
   337465.564738292        14747474.7474747      -7.431276367098478E-014
   337465.564738292        15000000.0000000       0.000000000000000E+000
   404805.632078359       -10000000.0000000       0.000000000000000E+000
   404805.632078359       -9747474.74747475       5.541519330911147E-009
   404805.632078359       -9494949.49494950       1.718376685019209E-008
   404805.632078359       -9242424.24242424       3.858291814883692E-008
   404805.632078359       -8989898.98989899       7.532407987639750E-008
   404805.632078359       -8737373.73737374       1.354903682575287E-007
   404805.632078359       -8484848.48484848       2.302259123973379E-007
   404805.632078359       -8232323.23232323       3.741761005878673E-007
   404805.632078359       -7979797.97979798       5.856449944106342E-007
   404805.632078359       -7727272.72727273       8.862847536444823E-007
   404805.632078359       -7474747.47474748       1.300122186136608E-006
   404805.632078359       -7222222.22222222       1.851736598681219E-006
   404805.632078359       -6969696.96969697       2.563444264583134E-006
   404805.632078359       -6717171.71717172       3.451469622566965E-006
   404805.632078359       -6464646.46464646       4.521402334215087E-006
   404805.632078359       -6212121.21212121       5.763862826134375E-006
   404805.632078359       -5959595.95959596       7.152125259512800E-006
   404805.632078359       -5707070.70707071       8.643904510831431E-006
   404805.632078359       -5454545.45454546       1.018868966079001E-005
   404805.632078359       -5202020.20202020       1.173953791470054E-005
   404805.632078359       -4949494.94949495       1.326535003043080E-005
   404805.632078359       -4696969.69696970       1.475868779706794E-005
   404805.632078359       -4444444.44444444       1.623636495964583E-005
   404805.632078359       -4191919.19191919       1.773377662600775E-005
   404805.632078359       -3939393.93939394       1.929637722563865E-005
   404805.632078359       -3686868.68686869       2.097161869484911E-005
   404805.632078359       -3434343.43434343       2.280307904268718E-005
   404805.632078359       -3181818.18181818       2.482711675502531E-005
   404805.632078359       -2929292.92929293       2.707191769472171E-005
   404805.632078359       -2676767.67676768       2.955902142461026E-005
   404805.632078359       -2424242.42424242       3.230768823014079E-005
   404805.632078359       -2171717.17171717       3.534192894394362E-005
   404805.632078359       -1919191.91919192       3.869752573235066E-005
   404805.632078359       -1666666.66666667       4.242159636925883E-005
   404805.632078359       -1414141.41414141       4.655357594171343E-005
   404805.632078359       -1161616.16161616       5.108190687387473E-005
   404805.632078359       -909090.909090910       5.588965978303983E-005
   404805.632078359       -656565.656565657       6.072319484095859E-005
   404805.632078359       -404040.404040404       6.521858252893204E-005
   404805.632078359       -151515.151515152       6.899261308737879E-005
   404805.632078359        101010.101010101       7.176594636560527E-005
   404805.632078359        353535.353535354       7.346202920771748E-005
   404805.632078359        606060.606060605       7.423268519703127E-005
   404805.632078359        858585.858585859       7.439636103088743E-005
   404805.632078359        1111111.11111111       7.431867529705024E-005
   404805.632078359        1363636.36363636       7.429276065566771E-005
   404805.632078359        1616161.61616162       7.447237769406401E-005
   404805.632078359        1868686.86868687       7.487606234521508E-005
   404805.632078359        2121212.12121212       7.543918232340398E-005
   404805.632078359        2373737.37373737       7.607246566326916E-005
   404805.632078359        2626262.62626263       7.669860278683956E-005
   404805.632078359        2878787.87878788       7.726308941751762E-005
   404805.632078359        3131313.13131313       7.772961052589485E-005
   404805.632078359        3383838.38383838       7.807047135527698E-005
   404805.632078359        3636363.63636364       7.825720796531875E-005
   404805.632078359        3888888.88888889       7.825230862323372E-005
   404805.632078359        4141414.14141414       7.800154166332642E-005
   404805.632078359        4393939.39393939       7.742690698869166E-005
   404805.632078359        4646464.64646465       7.642186353633247E-005
   404805.632078359        4898989.89898990       7.485265333190519E-005
   404805.632078359        5151515.15151515       7.257109271056585E-005
   404805.632078359        5404040.40404040       6.944281042079326E-005
   404805.632078359        5656565.65656566       6.538832855934605E-005
   404805.632078359        5909090.90909091       6.042402576072830E-005
   404805.632078359        6161616.16161616       5.468333967027461E-005
   404805.632078359        6414141.41414141       4.840409122311675E-005
   404805.632078359        6666666.66666667       4.188481481104500E-005
   404805.632078359        6919191.91919192       3.542898040640357E-005
   404805.632078359        7171717.17171717       2.929874126914387E-005
   404805.632078359        7424242.42424243       2.368969476966047E-005
   404805.632078359        7676767.67676768       1.872553684833456E-005
   404805.632078359        7929292.92929293       1.446500632598777E-005
   404805.632078359        8181818.18181818       1.091382819761041E-005
   404805.632078359        8434343.43434343       8.037510738987465E-006
   404805.632078359        8686868.68686869       5.773457950520618E-006
   404805.632078359        8939393.93939394       4.041978587293673E-006
   404805.632078359        9191919.19191919       2.755933616055026E-006
   404805.632078359        9444444.44444444       1.828680769744300E-006
   404805.632078359        9696969.69696970       1.180009263136759E-006
   404805.632078359        9949494.94949495       7.399492040131254E-007
   404805.632078359        10202020.2020202       4.505928104292624E-007
   404805.632078359        10454545.4545455       2.662778524230823E-007
   404805.632078359        10707070.7070707       1.526025548962273E-007
   404805.632078359        10959595.9595960       8.475710923050173E-008
   404805.632078359        11212121.2121212       4.559240804132583E-008
   404805.632078359        11464646.4646465       2.373704451331094E-008
   404805.632078359        11717171.7171717       1.195342841809907E-008
   404805.632078359        11969696.9696970       5.818317226655234E-009
   404805.632078359        12222222.2222222       2.735472502589145E-009
   404805.632078359        12474747.4747475       1.241229327876148E-009
   404805.632078359        12727272.7272727       5.430399845738682E-010
   404805.632078359        12979797.9797980       2.287555368187337E-010
   404805.632078359        13232323.2323232       9.257068508705008E-011
   404805.632078359        13484848.4848485       3.582683021979719E-011
   404805.632078359        13737373.7373737       1.313317039484948E-011
   404805.632078359        13989898.9898990       4.453658354134998E-012
   404805.632078359        14242424.2424242       1.305794307355010E-012
   404805.632078359        14494949.4949495       2.442310539906422E-013
   404805.632078359        14747474.7474747      -7.282753337776026E-014
   404805.632078359        15000000.0000000       0.000000000000000E+000
   478267.523722069       -10000000.0000000       0.000000000000000E+000
   478267.523722069       -9747474.74747475       5.597883070310428E-009
   478267.523722069       -9494949.49494950       1.730170771061387E-008
   478267.523722069       -9242424.24242424       3.877588059321454E-008
   478267.523722069       -8989898.98989899       7.560716567078481E-008
   478267.523722069       -8737373.73737374       1.358733164172609E-007
   478267.523722069       -8484848.48484848       2.307031074191367E-007
   478267.523722069       -8232323.23232323       3.747127941497122E-007
   478267.523722069       -7979797.97979798       5.861602791124309E-007
   478267.523722069       -7727272.72727273       8.866334431026390E-007
   478267.523722069       -7474747.47474748       1.300079846944146E-006
   478267.523722069       -7222222.22222222       1.850994407872840E-006
   478267.523722069       -6969696.96969697       2.561622476630918E-006
   478267.523722069       -6717171.71717172       3.448158532313383E-006
   478267.523722069       -6464646.46464646       4.516234722222796E-006
   478267.523722069       -6212121.21212121       5.756609095524784E-006
   478267.523722069       -5959595.95959596       7.142783408870120E-006
   478267.523722069       -5707070.70707071       8.632742587792809E-006
   478267.523722069       -5454545.45454546       1.017620557722316E-005
   478267.523722069       -5202020.20202020       1.172633774126866E-005
   478267.523722069       -4949494.94949495       1.325199194053347E-005
   478267.523722069       -4696969.69696970       1.474555854863837E-005
   478267.523722069       -4444444.44444444       1.622363189717423E-005
   478267.523722069       -4191919.19191919       1.772141232181541E-005
   478267.523722069       -3939393.93939394       1.928422253615092E-005
   478267.523722069       -3686868.68686869       2.095944794615655E-005
   478267.523722069       -3434343.43434343       2.279064607174756E-005
   478267.523722069       -3181818.18181818       2.481417408663760E-005
   478267.523722069       -2929292.92929293       2.705820328729600E-005
   478267.523722069       -2676767.67676768       2.954419601572702E-005
   478267.523722069       -2424242.42424242       3.229118350343905E-005
   478267.523722069       -2171717.17171717       3.532264639748544E-005
   478267.523722069       -1919191.91919192       3.867335150278044E-005
   478267.523722069       -1666666.66666667       4.238883852518375E-005
   478267.523722069       -1414141.41414141       4.650670348590059E-005
   478267.523722069       -1161616.16161616       5.101418774025398E-005
   478267.523722069       -909090.909090910       5.579509254976270E-005
   478267.523722069       -656565.656565657       6.059935965454314E-005
   478267.523722069       -404040.404040404       6.506914657665249E-005
   478267.523722069       -151515.151515152       6.882796578671018E-005
   478267.523722069        101010.101010101       7.160116976671393E-005
   478267.523722069        353535.353535354       7.331277076770127E-005
   478267.523722069        606060.606060605       7.411067275824025E-005
   478267.523722069        858585.858585859       7.430654585766766E-005
   478267.523722069        1111111.11111111       7.425912346986849E-005
   478267.523722069        1363636.36363636       7.425694635301330E-005
   478267.523722069        1616161.61616162       7.445238423784990E-005
   478267.523722069        1868686.86868687       7.486508284864842E-005
   478267.523722069        2121212.12121212       7.543256245843523E-005
   478267.523722069        2373737.37373737       7.606754400783826E-005
   478267.523722069        2626262.62626263       7.669404427972458E-005
   478267.523722069        2878787.87878788       7.725824616716468E-005
   478267.523722069        3131313.13131313       7.772410362667272E-005
   478267.523722069        3383838.38383838       7.806397136973876E-005
   478267.523722069        3636363.63636364       7.824933347911653E-005
   478267.523722069        3888888.88888889       7.824258201024744E-005
   478267.523722069        4141414.14141414       7.798937607624748E-005
   478267.523722069        4393939.39393939       7.741162645671775E-005
   478267.523722069        4646464.64646465       7.640277660287010E-005
   478267.523722069        4898989.89898990       7.482920712313334E-005
   478267.523722069        5151515.15151515       7.254311732839759E-005
   478267.523722069        5404040.40404040       6.941081092596669E-005
   478267.523722069        5656565.65656566       6.535370557046850E-005
   478267.523722069        5909090.90909091       6.038906311106913E-005
   478267.523722069        6161616.16161616       5.465086093742109E-005
   478267.523722069        6414141.41414141       4.837685656929360E-005
   478267.523722069        6666666.66666667       4.186489084140249E-005
   478267.523722069        6919191.91919192       3.541733508478840E-005
   478267.523722069        7171717.17171717       2.929518198304879E-005
   478267.523722069        7424242.42424243       2.369309635377179E-005
   478267.523722069        7676767.67676768       1.873421306027976E-005
   478267.523722069        7929292.92929293       1.447708469958437E-005
   478267.523722069        8181818.18181818       1.092754535092532E-005
   478267.523722069        8434343.43434343       8.051401226941770E-006
   478267.523722069        8686868.68686869       5.786443515001650E-006
   478267.523722069        8939393.93939394       4.053378770429494E-006
   478267.523722069        9191919.19191919       2.765422108348681E-006
   478267.523722069        9444444.44444444       1.836210686196198E-006
   478267.523722069        9696969.69696970       1.185727246155730E-006
   478267.523722069        9949494.94949495       7.441136362280711E-007
   478267.523722069        10202020.2020202       4.535060775108458E-007
   478267.523722069        10454545.4545455       2.682373147933879E-007
   478267.523722069        10707070.7070707       1.538704639514769E-007
   478267.523722069        10959595.9595960       8.554666813478762E-008
   478267.523722069        11212121.2121212       4.606566367980596E-008
   478267.523722069        11464646.4646465       2.401008744887872E-008
   478267.523722069        11717171.7171717       1.210504702970362E-008
   478267.523722069        11969696.9696970       5.899336012649233E-009
   478267.523722069        12222222.2222222       2.777123324352575E-009
   478267.523722069        12474747.4747475       1.261822676300534E-009
   478267.523722069        12727272.7272727       5.528284937440711E-010
   478267.523722069        12979797.9797980       2.332259323920662E-010
   478267.523722069        13232323.2323232       9.453056343098510E-011
   478267.523722069        13484848.4848485       3.665029843018301E-011
   478267.523722069        13737373.7373737       1.346355695069203E-011
   478267.523722069        13989898.9898990       4.579099161287057E-012
   478267.523722069        14242424.2424242       1.349751127504659E-012
   478267.523722069        14494949.4949495       2.572944205999631E-013
   478267.523722069        14747474.7474747      -7.087237085274610E-014
   478267.523722069        15000000.0000000       0.000000000000000E+000
   557851.239669421       -10000000.0000000       0.000000000000000E+000
   557851.239669421       -9747474.74747475       5.668676096898206E-009
   557851.239669421       -9494949.49494950       1.745000055264249E-008
   557851.239669421       -9242424.24242424       3.901852717946119E-008
   557851.239669421       -8989898.98989899       7.596303130580709E-008
   557851.239669421       -8737373.73737374       1.363544459425399E-007
   557851.239669421       -8484848.48484848       2.313021346719277E-007
   557851.239669421       -8232323.23232323       3.753855835930280E-007
   557851.239669421       -7979797.97979798       5.868044765878060E-007
   557851.239669421       -7727272.72727273       8.870656394752952E-007
   557851.239669421       -7474747.47474748       1.300016683809791E-006
   557851.239669421       -7222222.22222222       1.850046007071845E-006
   557851.239669421       -6969696.96969697       2.559309240994837E-006
   557851.239669421       -6717171.71717172       3.443962532597774E-006
   557851.239669421       -6464646.46464646       4.509690795245705E-006
   557851.239669421       -6212121.21212121       5.747424781514795E-006
   557851.239669421       -5959595.95959596       7.130952853382675E-006
   557851.239669421       -5707070.70707071       8.618601064597032E-006
   557851.239669421       -5454545.45454546       1.016038000122244E-005
   557851.239669421       -5202020.20202020       1.170959389484600E-005
   557851.239669421       -4949494.94949495       1.323503735871370E-005
   557851.239669421       -4696969.69696970       1.472888552959225E-005
   557851.239669421       -4444444.44444444       1.620745555854856E-005
   557851.239669421       -4191919.19191919       1.770570079259889E-005
   557851.239669421       -3939393.93939394       1.926877635901793E-005
   557851.239669421       -3686868.68686869       2.094398270793706E-005
   557851.239669421       -3434343.43434343       2.277485110567976E-005
   557851.239669421       -3181818.18181818       2.479773737966133E-005
   557851.239669421       -2929292.92929293       2.704079581992383E-005
   557851.239669421       -2676767.67676768       2.952539500009691E-005
   557851.239669421       -2424242.42424242       3.227028622375200E-005
   557851.239669421       -2171717.17171717       3.529830182976454E-005
   557851.239669421       -1919191.91919192       3.864296852101576E-005
   557851.239669421       -1666666.66666667       4.234790239080604E-005
   557851.239669421       -1414141.41414141       4.644846398808215E-005
   557851.239669421       -1161616.16161616       5.093044492048395E-005
   557851.239669421       -909090.909090910       5.567855588174851E-005
   557851.239669421       -656565.656565657       6.044712027615472E-005
   557851.239669421       -404040.404040404       6.488572248991430E-005
   557851.239669421       -151515.151515152       6.862606640577886E-005
   557851.239669421        101010.101010101       7.139921540739134E-005
   557851.239669421        353535.353535354       7.312985953450851E-005
   557851.239669421        606060.606060605       7.396111442710513E-005
   557851.239669421        858585.858585859       7.419638072015556E-005
   557851.239669421        1111111.11111111       7.418598920511262E-005
   557851.239669421        1363636.36363636       7.421287133881802E-005
   557851.239669421        1616161.61616162       7.442769022001203E-005
   557851.239669421        1868686.86868687       7.485143909338701E-005
   557851.239669421        2121212.12121212       7.542426474623234E-005
   557851.239669421        2373737.37373737       7.606132457203851E-005
   557851.239669421        2626262.62626263       7.668825892666789E-005
   557851.239669421        2878787.87878788       7.725209198864772E-005
   557851.239669421        3131313.13131313       7.771710588454542E-005
   557851.239669421        3383838.38383838       7.805571339077172E-005
   557851.239669421        3636363.63636364       7.823933134286473E-005
   557851.239669421        3888888.88888889       7.823022969011975E-005
   557851.239669421        4141414.14141414       7.797392954391345E-005
   557851.239669421        4393939.39393939       7.739222974641440E-005
   557851.239669421        4646464.64646465       7.637855590693047E-005
   557851.239669421        4898989.89898990       7.479946684205770E-005
   557851.239669421        5151515.15151515       7.250765007960041E-005
   557851.239669421        5404040.40404040       6.937026654778038E-005
   557851.239669421        5656565.65656566       6.530986782983620E-005
   557851.239669421        5909090.90909091       6.034483001500543E-005
   557851.239669421        6161616.16161616       5.460980626926838E-005
   557851.239669421        6414141.41414141       4.834246543101826E-005
   557851.239669421        6666666.66666667       4.183976464374127E-005
   557851.239669421        6919191.91919192       3.540268359310092E-005
   557851.239669421        7171717.17171717       2.929074935807130E-005
   557851.239669421        7424242.42424243       2.369745207458956E-005
   557851.239669421        7676767.67676768       1.874522206778577E-005
   557851.239669421        7929292.92929293       1.449238031667444E-005
   557851.239669421        8181818.18181818       1.094490107005979E-005
   557851.239669421        8434343.43434343       8.068968019535261E-006
   557851.239669421        8686868.68686869       5.802861638419623E-006
   557851.239669421        8939393.93939394       4.067790628031273E-006
   557851.239669421        9191919.19191919       2.777416891442735E-006
   557851.239669421        9444444.44444444       1.845729991966799E-006
   557851.239669421        9696969.69696970       1.192956703045613E-006
   557851.239669421        9949494.94949495       7.493797579474064E-007
   557851.239669421        10202020.2020202       4.571908461425549E-007
   557851.239669421        10454545.4545455       2.707163508219587E-007
   557851.239669421        10707070.7070707       1.554750765742500E-007
   557851.239669421        10959595.9595960       8.654625911881998E-008
   557851.239669421        11212121.2121212       4.666505198167607E-008
   557851.239669421        11464646.4646465       2.435605601561561E-008
   557851.239669421        11717171.7171717       1.229725423481218E-008
   557851.239669421        11969696.9696970       6.002097943898987E-009
   557851.239669421        12222222.2222222       2.829982107560241E-009
   557851.239669421        12474747.4747475       1.287973484425011E-009
   557851.239669421        12727272.7272727       5.652666694567124E-010
   557851.239669421        12979797.9797980       2.389103465519333E-010
   557851.239669421        13232323.2323232       9.702450937139873E-011
   557851.239669421        13484848.4848485       3.769898151606798E-011
   557851.239669421        13737373.7373737       1.388466030091242E-011
   557851.239669421        13989898.9898990       4.739138497265398E-012
   557851.239669421        14242424.2424242       1.405902488705709E-012
   557851.239669421        14494949.4949495       2.740187806087220E-013
   557851.239669421        14747474.7474747      -6.834256534375451E-014
   557851.239669421        15000000.0000000       0.000000000000000E+000
   643556.779920416       -10000000.0000000       0.000000000000000E+000
   643556.779920416       -9747474.74747475       5.755756360353391E-009
   643556.779920416       -9494949.49494950       1.763265415469063E-008
   643556.779920416       -9242424.24242424       3.931743465480240E-008
   643556.779920416       -8989898.98989899       7.640123573940595E-008
   643556.779920416       -8737373.73737374       1.369464664896809E-007
   643556.779920416       -8484848.48484848       2.320384152120085E-007
   643556.779920416       -8232323.23232323       3.762110579795722E-007
   643556.779920416       -7979797.97979798       5.875920842097047E-007
   643556.779920416       -7727272.72727273       8.875881140502355E-007
   643556.779920416       -7474747.47474748       1.299923165964856E-006
   643556.779920416       -7222222.22222222       1.848853790446499E-006
   643556.779920416       -6969696.96969697       2.556424263580619E-006
   643556.779920416       -6717171.71717172       3.438742490991902E-006
   643556.779920416       -6464646.46464646       4.501557367933597E-006
   643556.779920416       -6212121.21212121       5.736011850193363E-006
   643556.779920416       -5959595.95959596       7.116247999248037E-006
   643556.779920416       -5707070.70707071       8.601014502373753E-006
   643556.779920416       -5454545.45454546       1.014068524652864E-005
   643556.779920416       -5202020.20202020       1.168873999534197E-005
   643556.779920416       -4949494.94949495       1.321390471857634E-005
   643556.779920416       -4696969.69696970       1.470808992174830E-005
   643556.779920416       -4444444.44444444       1.618726933298488E-005
   643556.779920416       -4191919.19191919       1.768608881370706E-005
   643556.779920416       -3939393.93939394       1.924949397797634E-005
   643556.779920416       -3686868.68686869       2.092467857820069E-005
   643556.779920416       -3434343.43434343       2.275514075181366E-005
   643556.779920416       -3181818.18181818       2.477723510385123E-005
   643556.779920416       -2929292.92929293       2.701909693096894E-005
   643556.779920416       -2676767.67676768       2.950198425720245E-005
   643556.779920416       -2424242.42424242       3.224431555023356E-005
   643556.779920416       -2171717.17171717       3.526815168339714E-005
   643556.779920416       -1919191.91919192       3.860554585077810E-005
   643556.779920416       -1666666.66666667       4.229783409472843E-005
   643556.779920416       -1414141.41414141       4.637773678212004E-005
   643556.779920416       -1161616.16161616       5.082934891584360E-005
   643556.779920416       -909090.909090910       5.553848792133565E-005
   643556.779920416       -656565.656565657       6.026469516028423E-005
   643556.779920416       -404040.404040404       6.466636863353377E-005
   643556.779920416       -151515.151515152       6.838491678541042E-005
   643556.779920416        101010.101010101       7.115815746718226E-005
   643556.779920416        353535.353535354       7.291156670405726E-005
   643556.779920416        606060.606060605       7.378256921799097E-005
   643556.779920416        858585.858585859       7.406475061854439E-005
   643556.779920416        1111111.11111111       7.409846722184423E-005
   643556.779920416        1363636.36363636       7.415998327509143E-005
   643556.779920416        1616161.61616162       7.439792157911776E-005
   643556.779920416        1868686.86868687       7.483486441394898E-005
   643556.779920416        2121212.12121212       7.541407572571141E-005
   643556.779920416        2373737.37373737       7.605361173788131E-005
   643556.779920416        2626262.62626263       7.668104755108803E-005
   643556.779920416        2878787.87878788       7.724441006982646E-005
   643556.779920416        3131313.13131313       7.770837081595435E-005
   643556.779920416        3383838.38383838       7.804540794587767E-005
   643556.779920416        3636363.63636364       7.822685260564114E-005
   643556.779920416        3888888.88888889       7.821482259869469E-005
   643556.779920416        4141414.14141414       7.795466801717418E-005
   643556.779920416        4393939.39393939       7.736805003403113E-005
   643556.779920416        4646464.64646465       7.634837485601973E-005
   643556.779920416        4898989.89898990       7.476242703132123E-005
   643556.779920416        5151515.15151515       7.246350591564748E-005
   643556.779920416        5404040.40404040       6.931984169016294E-005
   643556.779920416        5656565.65656566       6.525539494267897E-005
   643556.779920416        5909090.90909091       6.028991996489545E-005
   643556.779920416        6161616.16161616       5.455889773820778E-005
   643556.779920416        6414141.41414141       4.829987385590665E-005
   643556.779920416        6666666.66666667       4.180869881028523E-005
   643556.779920416        6919191.91919192       3.538462215984313E-005
   643556.779920416        7171717.17171717       2.928535587446074E-005
   643556.779920416        7424242.42424243       2.370293988638218E-005
   643556.779920416        7676767.67676768       1.875893817568603E-005
   643556.779920416        7929292.92929293       1.451139036822273E-005
   643556.779920416        8181818.18181818       1.096644805069377E-005
   643556.779920416        8434343.43434343       8.090764331993993E-006
   643556.779920416        8686868.68686869       5.823226182716721E-006
   643556.779920416        8939393.93939394       4.085663891317298E-006
   643556.779920416        9191919.19191919       2.792292028747791E-006
   643556.779920416        9444444.44444444       1.857535906888224E-006
   643556.779920416        9696969.69696970       1.201923979046178E-006
   643556.779920416        9949494.94949495       7.559131239194097E-007
   643556.779920416        10202020.2020202       4.617635776665273E-007
   643556.779920416        10454545.4545455       2.737938229109088E-007
   643556.779920416        10707070.7070707       1.574678250592196E-007
   643556.779920416        10959595.9595960       8.778819711490258E-008
   643556.779920416        11212121.2121212       4.741013517256464E-008
   643556.779920416        11464646.4646465       2.478635977185780E-008
   643556.779920416        11717171.7171717       1.253646061890943E-008
   643556.779920416        11969696.9696970       6.130072075585495E-009
   643556.779920416        12222222.2222222       2.895856377351556E-009
   643556.779920416        12474747.4747475       1.320588238609129E-009
   643556.779920416        12727272.7272727       5.807918811139504E-010
   643556.779920416        12979797.9797980       2.460116835175808E-010
   643556.779920416        13232323.2323232       1.001429524035793E-010
   643556.779920416        13484848.4848485       3.901153691236300E-011
   643556.779920416        13737373.7373737       1.441227976764504E-011
   643556.779920416        13989898.9898990       4.939900887007496E-012
   643556.779920416        14242424.2424242       1.476451758197884E-012
   643556.779920416        14494949.4949495       2.950888698541029E-013
   643556.779920416        14747474.7474747      -6.511403944069164E-014
   643556.779920416        15000000.0000000       0.000000000000000E+000
   735384.144475054       -10000000.0000000       0.000000000000000E+000
   735384.144475054       -9747474.74747475       5.860862120887475E-009
   735384.144475054       -9494949.49494950       1.785347558019135E-008
   735384.144475054       -9242424.24242424       3.967885526415344E-008
   735384.144475054       -8989898.98989899       7.693081847518510E-008
   735384.144475054       -8737373.73737374       1.376612795812109E-007
   735384.144475054       -8484848.48484848       2.329261642402585E-007
   735384.144475054       -8232323.23232323       3.772040884611562E-007
   735384.144475054       -7979797.97979798       5.885352629880248E-007
   735384.144475054       -7727272.72727273       8.882045964441198E-007
   735384.144475054       -7474747.47474748       1.299785948703886E-006
   735384.144475054       -7222222.22222222       1.847375494003780E-006
   735384.144475054       -6969696.96969697       2.552881606921883E-006
   735384.144475054       -6717171.71717172       3.432352331560158E-006
   735384.144475054       -6464646.46464646       4.491612406351463E-006
   735384.144475054       -6212121.21212121       5.722060566749606E-006
   735384.144475054       -5959595.95959596       7.098267520760650E-006
   735384.144475054       -5707070.70707071       8.579496610602932E-006
   735384.144475054       -5454545.45454546       1.011656709252306E-005
   735384.144475054       -5202020.20202020       1.166317772113330E-005
   735384.144475054       -4949494.94949495       1.318797618915452E-005
   735384.144475054       -4696969.69696970       1.468255383487343E-005
   735384.144475054       -4444444.44444444       1.616246618076296E-005
   735384.144475054       -4191919.19191919       1.766198241202244E-005
   735384.144475054       -3939393.93939394       1.922579014592107E-005
   735384.144475054       -3686868.68686869       2.090095099529133E-005
   735384.144475054       -3434343.43434343       2.273092180408344E-005
   735384.144475054       -3181818.18181818       2.475205628916570E-005
   735384.144475054       -2929292.92929293       2.699246957665834E-005
   735384.144475054       -2676767.67676768       2.947329307653976E-005
   735384.144475054       -2424242.42424242       3.221255978032208E-005
   735384.144475054       -2171717.17171717       3.523143604970001E-005
   735384.144475054       -1919191.91919192       3.856026959372326E-005
   735384.144475054       -1666666.66666667       4.223776551623265E-005
   735384.144475054       -1414141.41414141       4.629361150745160E-005
   735384.144475054       -1161616.16161616       5.070997667511254E-005
   735384.144475054       -909090.909090910       5.537399786261087E-005
   735384.144475054       -656565.656565657       6.005127353478451E-005
   735384.144475054       -404040.404040404       6.441038721897711E-005
   735384.144475054       -151515.151515152       6.810393788593308E-005
   735384.144475054        101010.101010101       7.087751511454248E-005
   735384.144475054        353535.353535354       7.265747641462954E-005
   735384.144475054        606060.606060605       7.357465819563628E-005
   735384.144475054        858585.858585859       7.391130195177424E-005
   735384.144475054        1111111.11111111       7.399623264279336E-005
   735384.144475054        1363636.36363636       7.409799348597505E-005
   735384.144475054        1616161.61616162       7.436282691605610E-005
   735384.144475054        1868686.86868687       7.481513661962727E-005
   735384.144475054        2121212.12121212       7.540178919441729E-005
   735384.144475054        2373737.37373737       7.604420179095185E-005
   735384.144475054        2626262.62626263       7.667219713212126E-005
   735384.144475054        2878787.87878788       7.723496729143295E-005
   735384.144475054        3131313.13131313       7.769763368859621E-005
   735384.144475054        3383838.38383838       7.803274480199409E-005
   735384.144475054        3636363.63636364       7.821152403057166E-005
   735384.144475054        3888888.88888889       7.819590264317709E-005
   735384.144475054        4141414.14141414       7.793102241893053E-005
   735384.144475054        4393939.39393939       7.733837843135744E-005
   735384.144475054        4646464.64646465       7.631135737390608E-005
   735384.144475054        4898989.89898990       7.471702619515872E-005
   735384.144475054        5151515.15151515       7.240943986839207E-005
   735384.144475054        5404040.40404040       6.925814158455316E-005
   735384.144475054        5656565.65656566       6.518881399898275E-005
   735384.144475054        5909090.90909091       6.022288625614117E-005
   735384.144475054        6161616.16161616       5.449683315544125E-005
   735384.144475054        6414141.41414141       4.824803003189043E-005
   735384.144475054        6666666.66666667       4.177096195677187E-005
   735384.144475054        6919191.91919192       3.536276263858343E-005
   735384.144475054        7171717.17171717       2.927893469657350E-005
   735384.144475054        7424242.42424243       2.370975977513910E-005
   735384.144475054        7676767.67676768       1.877575662539876E-005
   735384.144475054        7929292.92929293       1.453463063426747E-005
   735384.144475054        8181818.18181818       1.099275484167695E-005
   735384.144475054        8434343.43434343       8.117356611983318E-006
   735384.144475054        8686868.68686869       5.848061955375962E-006
   735384.144475054        8939393.93939394       4.107457322454182E-006
   735384.144475054        9191919.19191919       2.810429022514878E-006
   735384.144475054        9444444.44444444       1.871931745950323E-006
   735384.144475054        9696969.69696970       1.212860356547021E-006
   735384.144475054        9949494.94949495       7.638832150833937E-007
   735384.144475054        10202020.2020202       4.673437793143022E-007
   735384.144475054        10454545.4545455       2.775508867502480E-007
   735384.144475054        10707070.7070707       1.599018108964243E-007
   735384.144475054        10959595.9595960       8.930596827089331E-008
   735384.144475054        11212121.2121212       4.832126614080426E-008
   735384.144475054        11464646.4646465       2.531292111202855E-008
   735384.144475054        11717171.7171717       1.282939605992042E-008
   735384.144475054        11969696.9696970       6.286918154279806E-009
   735384.144475054        12222222.2222222       2.976662850857845E-009
   735384.144475054        12474747.4747475       1.360633348463642E-009
   735384.144475054        12727272.7272727       5.998730038200533E-010
   735384.144475054        12979797.9797980       2.547487112532250E-010
   735384.144475054        13232323.2323232       1.039839678324835E-010
   735384.144475054        13484848.4848485       4.063014630059391E-011
   735384.144475054        13737373.7373737       1.506376541569328E-011
   735384.144475054        13989898.9898990       5.188159291061665E-012
   735384.144475054        14242424.2424242       1.563856673198720E-012
   735384.144475054        14494949.4949495       3.212791828898629E-013
   735384.144475054        14747474.7474747      -6.103910952835791E-014
   735384.144475054        15000000.0000000       0.000000000000000E+000
   833333.333333333       -10000000.0000000       0.000000000000000E+000
   833333.333333333       -9747474.74747475       5.985521237792977E-009
   833333.333333333       -9494949.49494950       1.811588829523541E-008
   833333.333333333       -9242424.24242424       4.010841826248062E-008
   833333.333333333       -8989898.98989899       7.755984737751772E-008
   833333.333333333       -8737373.73737374       1.385093338569006E-007
   833333.333333333       -8484848.48484848       2.339775250439638E-007
   833333.333333333       -8232323.23232323       3.783767391193346E-007
   833333.333333333       -7979797.97979798       5.896425717812526E-007
   833333.333333333       -7727272.72727273       8.889144494924900E-007
   833333.333333333       -7474747.47474748       1.299586694234831E-006
   833333.333333333       -7222222.22222222       1.845563456886382E-006
   833333.333333333       -6969696.96969697       2.548589747810739E-006
   833333.333333333       -6717171.71717172       3.424640238301021E-006
   833333.333333333       -6464646.46464646       4.479627613773833E-006
   833333.333333333       -6212121.21212121       5.705253468381297E-006
   833333.333333333       -5959595.95959596       7.076599417523276E-006
   833333.333333333       -5707070.70707071       8.553545807869156E-006
   833333.333333333       -5454545.45454546       1.008745014570438E-005
   833333.333333333       -5202020.20202020       1.163228136982409E-005
   833333.333333333       -4949494.94949495       1.315660111157136E-005
   833333.333333333       -4696969.69696970       1.465162261730945E-005
   833333.333333333       -4444444.44444444       1.613240005325296E-005
   833333.333333333       -4191919.19191919       1.763274773488542E-005
   833333.333333333       -3939393.93939394       1.919703974117034E-005
   833333.333333333       -3686868.68686869       2.087217597178985E-005
   833333.333333333       -3434343.43434343       2.270156229765197E-005
   833333.333333333       -3181818.18181818       2.472155212747050E-005
   833333.333333333       -2929292.92929293       2.696024044661427E-005
   833333.333333333       -2676767.67676768       2.943861780348698E-005
   833333.333333333       -2424242.42424242       3.217428201535767E-005
   833333.333333333       -2171717.17171717       3.518738793859599E-005
   833333.333333333       -1919191.91919192       3.850635880061794E-005
   833333.333333333       -1666666.66666667       4.216694204923303E-005
   833333.333333333       -1414141.41414141       4.619543538399479E-005
   833333.333333333       -1161616.16161616       5.057188757296090E-005
   833333.333333333       -909090.909090910       5.518497881019389E-005
   833333.333333333       -656565.656565657       5.980716854199240E-005
   833333.333333333       -404040.404040404       6.411851291143191E-005
   833333.333333333       -151515.151515152       6.778417978102470E-005
   833333.333333333        101010.101010101       7.055846325188367E-005
   833333.333333333        353535.353535354       7.236867586968896E-005
   833333.333333333        606060.606060605       7.333821817602748E-005
   833333.333333333        858585.858585859       7.373655338234293E-005
   833333.333333333        1111111.11111111       7.387951187717922E-005
   833333.333333333        1363636.36363636       7.402691672544512E-005
   833333.333333333        1616161.61616162       7.432229674938197E-005
   833333.333333333        1868686.86868687       7.479208578355414E-005
   833333.333333333        2121212.12121212       7.538720862885180E-005
   833333.333333333        2373737.37373737       7.603288333004283E-005
   833333.333333333        2626262.62626263       7.666148073398176E-005
   833333.333333333        2878787.87878788       7.722351425498730E-005
   833333.333333333        3131313.13131313       7.768461183529115E-005
   833333.333333333        3383838.38383838       7.801739364053459E-005
   833333.333333333        3636363.63636364       7.819294921532563E-005
   833333.333333333        3888888.88888889       7.817298442069773E-005
   833333.333333333        4141414.14141414       7.790239122961611E-005
   833333.333333333        4393939.39393939       7.730246787679159E-005
   833333.333333333        4646464.64646465       7.626658375496096E-005
   833333.333333333        4898989.89898990       7.466215549713800E-005
   833333.333333333        5151515.15151515       7.234415958012250E-005
   833333.333333333        5404040.40404040       6.918372945381008E-005
   833333.333333333        5656565.65656566       6.510862153012382E-005
   833333.333333333        5909090.90909091       6.014226782303845E-005
   833333.333333333        6161616.16161616       5.442231368621871E-005
   833333.333333333        6414141.41414141       4.818590077922887E-005
   833333.333333333        6666666.66666667       4.172585115023394E-005
   833333.333333333        6919191.91919192       3.533674867695823E-005
   833333.333333333        7171717.17171717       2.927144859755336E-005
   833333.333333333        7424242.42424243       2.371813568715258E-005
   833333.333333333        7676767.67676768       1.879608970641226E-005
   833333.333333333        7929292.92929293       1.456262745453371E-005
   833333.333333333        8181818.18181818       1.102439544473491E-005
   833333.333333333        8434343.43434343       8.149313340150218E-006
   833333.333333333        8686868.68686869       5.877893921022149E-006
   833333.333333333        8939393.93939394       4.133629133550497E-006
   833333.333333333        9191919.19191919       2.832208850390491E-006
   833333.333333333        9444444.44444444       1.889220672862697E-006
   833333.333333333        9696969.69696970       1.225997409173264E-006
   833333.333333333        9949494.94949495       7.734601532771517E-007
   833333.333333333        10202020.2020202       4.740517926409291E-007
   833333.333333333        10454545.4545455       2.820695736844440E-007
   833333.333333333        10707070.7070707       1.628309400003866E-007
   833333.333333333        10959595.9595960       9.113372869253770E-008
   833333.333333333        11212121.2121212       4.941931305663777E-008
   833333.333333333        11464646.4646465       2.594803245234224E-008
   833333.333333333        11717171.7171717       1.318304025347824E-008
   833333.333333333        11969696.9696970       6.476455243278798E-009
   833333.333333333        12222222.2222222       3.074414527318410E-009
   833333.333333333        12474747.4747475       1.409130490533425E-009
   833333.333333333        12727272.7272727       6.230090926910610E-010
   833333.333333333        12979797.9797980       2.653558935997900E-010
   833333.333333333        13232323.2323232       1.086534103607874E-010
   833333.333333333        13484848.4848485       4.260066626642810E-011
   833333.333333333        13737373.7373737       1.585812041046837E-011
   833333.333333333        13989898.9898990       5.491392401508362E-012
   833333.333333333        14242424.2424242       1.670857829125981E-012
   833333.333333333        14494949.4949495       3.534667991655926E-013
   833333.333333333        14747474.7474747      -5.594147550969368E-014
   833333.333333333        15000000.0000000       0.000000000000000E+000
   937404.346495256       -10000000.0000000       0.000000000000000E+000
   937404.346495256       -9747474.74747475       6.130949110835460E-009
   937404.346495256       -9494949.49494950       1.842272332690219E-008
   937404.346495256       -9242424.24242424       4.061078532419023E-008
   937404.346495256       -8989898.98989899       7.829489575601038E-008
   937404.346495256       -8737373.73737374       1.394988786274823E-007
   937404.346495256       -8484848.48484848       2.352015646719198E-007
   937404.346495256       -8232323.23232323       3.797370003392217E-007
   937404.346495256       -7979797.97979798       5.909174881984642E-007
   937404.346495256       -7727272.72727273       8.897111079114216E-007
   937404.346495256       -7474747.47474748       1.299300659432375E-006
   937404.346495256       -7222222.22222222       1.843363694244449E-006
   937404.346495256       -6969696.96969697       2.543451547526399E-006
   937404.346495256       -6717171.71717172       3.415449937245234E-006
   937404.346495256       -6464646.46464646       4.465371321287314E-006
   937404.346495256       -6212121.21212121       5.685269902709175E-006
   937404.346495256       -5959595.95959596       7.050826885240839E-006
   937404.346495256       -5707070.70707071       8.522651773708444E-006
   937404.346495256       -5454545.45454546       1.005274425311931E-005
   937404.346495256       -5202020.20202020       1.159540340423791E-005
   937404.346495256       -4949494.94949495       1.311910025792978E-005
   937404.346495256       -4696969.69696970       1.461460778693264E-005
   937404.346495256       -4444444.44444444       1.609638774820026E-005
   937404.346495256       -4191919.19191919       1.759771222002359E-005
   937404.346495256       -3939393.93939394       1.916257865035694E-005
   937404.346495256       -3686868.68686869       2.083769103271571E-005
   937404.346495256       -3434343.43434343       2.266639278185620E-005
   937404.346495256       -3181818.18181818       2.468503782208796E-005
   937404.346495256       -2929292.92929293       2.692170263732467E-005
   937404.346495256       -2676767.67676768       2.939722565318549E-005
   937404.346495256       -2424242.42424242       3.212872560051049E-005
   937404.346495256       -2171717.17171717       3.513524114421879E-005
   937404.346495256       -1919191.91919192       3.844307702636792E-005
   937404.346495256       -1666666.66666667       4.208473960626662E-005
   937404.346495256       -1414141.41414141       4.608283768010386E-005
   937404.346495256       -1161616.16161616       5.041515708031156E-005
   937404.346495256       -909090.909090910       5.497215147268869E-005
   937404.346495256       -656565.656565657       5.953387031751682E-005
   937404.346495256       -404040.404040404       6.379297287318472E-005
   937404.346495256       -151515.151515152       6.742838452791356E-005
   937404.346495256        101010.101010101       7.020389305940950E-005
   937404.346495256        353535.353535354       7.204780865489392E-005
   937404.346495256        606060.606060605       7.307534442607988E-005
   937404.346495256        858585.858585859       7.354192666342847E-005
   937404.346495256        1111111.11111111       7.374910233202167E-005
   937404.346495256        1363636.36363636       7.394708195707916E-005
   937404.346495256        1616161.61616162       7.427636819137002E-005
   937404.346495256        1868686.86868687       7.476559548795866E-005
   937404.346495256        2121212.12121212       7.537014696487948E-005
   937404.346495256        2373737.37373737       7.601943671881066E-005
   937404.346495256        2626262.62626263       7.664865714165655E-005
   937404.346495256        2878787.87878788       7.720978528044302E-005
   937404.346495256        3131313.13131313       7.766900506884494E-005
   937404.346495256        3383838.38383838       7.799900493734578E-005
   937404.346495256        3636363.63636364       7.817071003627589E-005
   937404.346495256        3888888.88888889       7.814555741939717E-005
   937404.346495256        4141414.14141414       7.786814378066743E-005
   937404.346495256        4393939.39393939       7.725953805992605E-005
   937404.346495256        4646464.64646465       7.621309801514077E-005
   937404.346495256        4898989.89898990       7.459666958294107E-005
   937404.346495256        5151515.15151515       7.226634074279021E-005
   937404.346495256        5404040.40404040       6.909514744531217E-005
   937404.346495256        5656565.65656566       6.501331000580683E-005
   937404.346495256        5909090.90909091       6.004662008030278E-005
   937404.346495256        6161616.16161616       5.433407644413762E-005
   937404.346495256        6414141.41414141       4.811250243635959E-005
   937404.346495256        6666666.66666667       4.167271767551869E-005
   937404.346495256        6919191.91919192       3.530627390405590E-005
   937404.346495256        7171717.17171717       2.926289955477124E-005
   937404.346495256        7424242.42424243       2.372831695029156E-005
   937404.346495256        7676767.67676768       1.882036147043706E-005
   937404.346495256        7929292.92929293       1.459590773892346E-005
   937404.346495256        8181818.18181818       1.106193669754737E-005
   937404.346495256        8434343.43434343       8.187191606939660E-006
   937404.346495256        8686868.68686869       5.913234359894175E-006
   937404.346495256        8939393.93939394       4.164625629604512E-006
   937404.346495256        9191919.19191919       2.858002548379632E-006
   937404.346495256        9444444.44444444       1.909698321590240E-006
   937404.346495256        9696969.69696970       1.241561514146421E-006
   937404.346495256        9949494.94949495       7.848108172046196E-007
   937404.346495256        10202020.2020202       4.820061741092941E-007
   937404.346495256        10454545.4545455       2.874311069496925E-007
   937404.346495256        10707070.7070707       1.663088916337758E-007
   937404.346495256        10959595.9595960       9.330570373437268E-008
   937404.346495256        11212121.2121212       5.072532715215097E-008
   937404.346495256        11464646.4646465       2.670418242817982E-008
   937404.346495256        11717171.7171717       1.360453716515213E-008
   937404.346495256        11969696.9696970       6.702622446658704E-009
   937404.346495256        12222222.2222222       3.191204117372281E-009
   937404.346495256        12474747.4747475       1.467150367090971E-009
   937404.346495256        12727272.7272727       6.507274252523992E-010
   937404.346495256        12979797.9797980       2.780829967190781E-010
   937404.346495256        13232323.2323232       1.142649800395532E-010
   937404.346495256        13484848.4848485       4.497276553107650E-011
   937404.346495256        13737373.7373737       1.681610493497428E-011
   937404.346495256        13989898.9898990       5.857845686935190E-012
   937404.346495256        14242424.2424242       1.800509937200866E-012
   937404.346495256        14494949.4949495       3.926457680344883E-013
   937404.346495256        14747474.7474747      -4.961048263446313E-014
   937404.346495256        15000000.0000000       0.000000000000000E+000
   1047597.18396082       -10000000.0000000       0.000000000000000E+000
   1047597.18396082       -9747474.74747475       6.297938122157256E-009
   1047597.18396082       -9494949.49494950       1.877598690312384E-008
   1047597.18396082       -9242424.24242424       4.118926433268332E-008
   1047597.18396082       -8989898.98989899       7.914045495876162E-008
   1047597.18396082       -8737373.73737374       1.406351241640517E-007
   1047597.18396082       -8484848.48484848       2.366031418166366E-007
   1047597.18396082       -8232323.23232323       3.812873560310472E-007
   1047597.18396082       -7979797.97979798       5.923567256030311E-007
   1047597.18396082       -7727272.72727273       8.905802836361977E-007
   1047597.18396082       -7474747.47474748       1.298895040615157E-006
   1047597.18396082       -7222222.22222222       1.840714752182541E-006
   1047597.18396082       -6969696.96969697       2.537364080535339E-006
   1047597.18396082       -6717171.71717172       3.404621978782228E-006
   1047597.18396082       -6464646.46464646       4.448611589569847E-006
   1047597.18396082       -6212121.21212121       5.661791041732615E-006
   1047597.18396082       -5959595.95959596       7.020534938470941E-006
   1047597.18396082       -5707070.70707071       8.486302979646195E-006
   1047597.18396082       -5454545.45454546       1.001185201366565E-005
   1047597.18396082       -5202020.20202020       1.155188107798051E-005
   1047597.18396082       -4949494.94949495       1.307477103335450E-005
   1047597.18396082       -4696969.69696970       1.457079070638250E-005
   1047597.18396082       -4444444.44444444       1.605371131068260E-005
   1047597.18396082       -4191919.19191919       1.755616615619475E-005
   1047597.18396082       -3939393.93939394       1.912170494607349E-005
   1047597.18396082       -3686868.68686869       2.079679640524622E-005
   1047597.18396082       -3434343.43434343       2.262470783584957E-005
   1047597.18396082       -3181818.18181818       2.464179467834055E-005
   1047597.18396082       -2929292.92929293       2.687611852425280E-005
   1047597.18396082       -2676767.67676768       2.934835853120131E-005
   1047597.18396082       -2424242.42424242       3.207511896106135E-005
   1047597.18396082       -2171717.17171717       3.507423585400239E-005
   1047597.18396082       -1919191.91919192       3.836973767055037E-005
   1047597.18396082       -1666666.66666667       4.199066702774417E-005
   1047597.18396082       -1414141.41414141       4.595572405032753E-005
   1047597.18396082       -1161616.16161616       5.024035537849169E-005
   1047597.18396082       -909090.909090910       5.473701863512148E-005
   1047597.18396082       -656565.656565657       5.923397062842021E-005
   1047597.18396082       -404040.404040404       6.343738223834861E-005
   1047597.18396082       -151515.151515152       6.704086104551257E-005
   1047597.18396082        101010.101010101       6.981828090655595E-005
   1047597.18396082        353535.353535354       7.169895378360889E-005
   1047597.18396082        606060.606060605       7.278929217464815E-005
   1047597.18396082        858585.858585859       7.332967578728268E-005
   1047597.18396082        1111111.11111111       7.360632718106391E-005
   1047597.18396082        1363636.36363636       7.385910639585953E-005
   1047597.18396082        1616161.61616162       7.422521120617476E-005
   1047597.18396082        1868686.86868687       7.473559586373334E-005
   1047597.18396082        2121212.12121212       7.535042311778551E-005
   1047597.18396082        2373737.37373737       7.600363238835006E-005
   1047597.18396082        2626262.62626263       7.663347016535226E-005
   1047597.18396082        2878787.87878788       7.719349838628533E-005
   1047597.18396082        3131313.13131313       7.765049623107754E-005
   1047597.18396082        3383838.38383838       7.797721109792087E-005
   1047597.18396082        3636363.63636364       7.814436848937092E-005
   1047597.18396082        3888888.88888889       7.811308880686588E-005
   1047597.18396082        4141414.14141414       7.782762440402924E-005
   1047597.18396082        4393939.39393939       7.720878158364799E-005
   1047597.18396082        4646464.64646465       7.614991701057730E-005
   1047597.18396082        4898989.89898990       7.451939986870016E-005
   1047597.18396082        5151515.15151515       7.217464584029516E-005
   1047597.18396082        5404040.40404040       6.899094173586150E-005
   1047597.18396082        5656565.65656566       6.490139920932351E-005
   1047597.18396082        5909090.90909091       5.993455095887098E-005
   1047597.18396082        6161616.16161616       5.423093203896156E-005
   1047597.18396082        6414141.41414141       4.802693588430318E-005
   1047597.18396082        6666666.66666667       4.161099569689333E-005
   1047597.18396082        6919191.91919192       3.527110158492151E-005
   1047597.18396082        7171717.17171717       2.925333844682417E-005
   1047597.18396082        7424242.42424243       2.374057867313975E-005
   1047597.18396082        7676767.67676768       1.884900063006119E-005
   1047597.18396082        7929292.92929293       1.463498670912309E-005
   1047597.18396082        8181818.18181818       1.110592323202932E-005
   1047597.18396082        8434343.43434343       8.231521337652081E-006
   1047597.18396082        8686868.68686869       5.954567901592342E-006
   1047597.18396082        8939393.93939394       4.200868038859687E-006
   1047597.18396082        9191919.19191919       2.888160322392443E-006
   1047597.18396082        9444444.44444444       1.933644276064420E-006
   1047597.18396082        9696969.69696970       1.259767515307396E-006
   1047597.18396082        9949494.94949495       7.980943518649121E-007
   1047597.18396082        10202020.2020202       4.913206595117532E-007
   1047597.18396082        10454545.4545455       2.937139435218926E-007
   1047597.18396082        10707070.7070707       1.703879135356201E-007
   1047597.18396082        10959595.9595960       9.585548161688710E-008
   1047597.18396082        11212121.2121212       5.226014888800365E-008
   1047597.18396082        11464646.4646465       2.759384769617697E-008
   1047597.18396082        11717171.7171717       1.410109113543843E-008
   1047597.18396082        11969696.9696970       6.969430306365682E-009
   1047597.18396082        12222222.2222222       3.329182969742729E-009
   1047597.18396082        12474747.4747475       1.535804410999494E-009
   1047597.18396082        12727272.7272727       6.835806649927924E-010
   1047597.18396082        12979797.9797980       2.931943469550683E-010
   1047597.18396082        13232323.2323232       1.209401627666323E-010
   1047597.18396082        13484848.4848485       4.780002307069441E-011
   1047597.18396082        13737373.7373737       1.796033091265237E-011
   1047597.18396082        13989898.9898990       6.296591965938508E-012
   1047597.18396082        14242424.2424242       1.956214318578582E-012
   1047597.18396082        14494949.4949495       4.399425583569053E-013
   1047597.18396082        14747474.7474747      -4.179477228273674E-014
   1047597.18396082        15000000.0000000       0.000000000000000E+000
   1163911.84573003       -10000000.0000000       0.000000000000000E+000
   1163911.84573003       -9747474.74747475       6.486742990913624E-009
   1163911.84573003       -9494949.49494950       1.917661078043229E-008
   1163911.84573003       -9242424.24242424       4.184539022189152E-008
   1163911.84573003       -8989898.98989899       8.009829488504047E-008
   1163911.84573003       -8737373.73737374       1.419193258649923E-007
   1163911.84573003       -8484848.48484848       2.381816689693899E-007
   1163911.84573003       -8232323.23232323       3.830232103450178E-007
   1163911.84573003       -7979797.97979798       5.939483717206945E-007
   1163911.84573003       -7727272.72727273       8.914979564279963E-007
   1163911.84573003       -7474747.47474748       1.298327077190401E-006
   1163911.84573003       -7222222.22222222       1.837546318236105E-006
   1163911.84573003       -6969696.96969697       2.530218256408913E-006
   1163911.84573003       -6717171.71717172       3.391994912268492E-006
   1163911.84573003       -6464646.46464646       4.429119379113702E-006
   1163911.84573003       -6212121.21212121       5.634505216543703E-006
   1163911.84573003       -5959595.95959596       6.985317652528950E-006
   1163911.84573003       -5707070.70707071       8.443995122617130E-006
   1163911.84573003       -5454545.45454546       9.964177385905869E-006
   1163911.84573003       -5202020.20202020       1.150104421086572E-005
   1163911.84573003       -4949494.94949495       1.302289373960590E-005
   1163911.84573003       -4696969.69696970       1.451942713870611E-005
   1163911.84573003       -4444444.44444444       1.600362110900630E-005
   1163911.84573003       -4191919.19191919       1.750736474331764E-005
   1163911.84573003       -3939393.93939394       1.907368044267201E-005
   1163911.84573003       -3686868.68686869       2.074875651645335E-005
   1163911.84573003       -3434343.43434343       2.257576785342800E-005
   1163911.84573003       -3181818.18181818       2.459107242316149E-005
   1163911.84573003       -2929292.92929293       2.682272276472764E-005
   1163911.84573003       -2676767.67676768       2.929123670375307E-005
   1163911.84573003       -2424242.42424242       3.201267952517034E-005
   1163911.84573003       -2171717.17171717       3.500362142035384E-005
   1163911.84573003       -1919191.91919192       3.828570204350258E-005
   1163911.84573003       -1666666.66666667       4.188435203160666E-005
   1163911.84573003       -1414141.41414141       4.581423763361126E-005
   1163911.84573003       -1161616.16161616       5.004846606491057E-005
   1163911.84573003       -909090.909090910       5.448172337135240E-005
   1163911.84573003       -656565.656565657       5.891094963883134E-005
   1163911.84573003       -404040.404040404       6.305646345431116E-005
   1163911.84573003       -151515.151515152       6.662715916762160E-005
   1163911.84573003        101010.101010101       6.940735285768695E-005
   1163911.84573003        353535.353535354       7.132731911670951E-005
   1163911.84573003        606060.606060605       7.248422792376580E-005
   1163911.84573003        858585.858585859       7.310270806473149E-005
   1163911.84573003        1111111.11111111       7.345292115567778E-005
   1163911.84573003        1363636.36363636       7.376383057019311E-005
   1163911.84573003        1616161.61616162       7.416909538157154E-005
   1163911.84573003        1868686.86868687       7.470204800731289E-005
   1163911.84573003        2121212.12121212       7.532785512507546E-005
   1163911.84573003        2373737.37373737       7.598522798460504E-005
   1163911.84573003        2626262.62626263       7.661564763905157E-005
   1163911.84573003        2878787.87878788       7.717435528591750E-005
   1163911.84573003        3131313.13131313       7.762875191802950E-005
   1163911.84573003        3383838.38383838       7.795162790511487E-005
   1163911.84573003        3636363.63636364       7.811346900966290E-005
   1163911.84573003        3888888.88888889       7.807502692354873E-005
   1163911.84573003        4141414.14141414       7.778015760316921E-005
   1163911.84573003        4393939.39393939       7.714937158895578E-005
   1163911.84573003        4646464.64646465       7.607604161556694E-005
   1163911.84573003        4898989.89898990       7.442917064609489E-005
   1163911.84573003        5151515.15151515       7.206774657101913E-005
   1163911.84573003        5404040.40404040       6.886969214301557E-005
   1163911.84573003        5656565.65656566       6.477147268538521E-005
   1163911.84573003        5909090.90909091       5.980476209102077E-005
   1163911.84573003        6161616.16161616       5.411180673613555E-005
   1163911.84573003        6414141.41414141       4.792842508629436E-005
   1163911.84573003        6666666.66666667       4.154023299782034E-005
   1163911.84573003        6919191.91919192       3.523108485957661E-005
   1163911.84573003        7171717.17171717       2.924287402771006E-005
   1163911.84573003        7424242.42424243       2.375522044307169E-005
   1163911.84573003        7676767.67676768       1.888243114745600E-005
   1163911.84573003        7929292.92929293       1.468035305825275E-005
   1163911.84573003        8181818.18181818       1.115685984564851E-005
   1163911.84573003        8434343.43434343       8.282787112177666E-006
   1163911.84573003        8686868.68686869       6.002334447025742E-006
   1163911.84573003        8939393.93939394       4.242737575315020E-006
   1163911.84573003        9191919.19191919       2.922999240650868E-006
   1163911.84573003        9444444.44444444       1.961312453752021E-006
   1163911.84573003        9696969.69696970       1.280811569917353E-006
   1163911.84573003        9949494.94949495       8.134570914890565E-007
   1163911.84573003        10202020.2020202       5.021007216315977E-007
   1163911.84573003        10454545.4545455       3.009915437447821E-007
   1163911.84573003        10707070.7070707       1.751174413728891E-007
   1163911.84573003        10959595.9595960       9.881519782742850E-008
   1163911.84573003        11212121.2121212       5.404394879426524E-008
   1163911.84573003        11464646.4646465       2.862924720078825E-008
   1163911.84573003        11717171.7171717       1.467984230349345E-008
   1163911.84573003        11969696.9696970       7.280901295695003E-009
   1163911.84573003        12222222.2222222       3.490534511069150E-009
   1163911.84573003        12474747.4747475       1.616233863493092E-009
   1163911.84573003        12727272.7272727       7.221428329916300E-010
   1163911.84573003        12979797.9797980       3.109675791440097E-010
   1163911.84573003        13232323.2323232       1.288079672866692E-010
   1163911.84573003        13484848.4848485       5.113995141103729E-011
   1163911.84573003        13737373.7373737       1.931533212210446E-011
   1163911.84573003        13989898.9898990       6.817585252558655E-012
   1163911.84573003        14242424.2424242       2.141750269472693E-012
   1163911.84573003        14494949.4949495       4.966317667486328E-013
   1163911.84573003        14747474.7474747      -3.219553428873504E-014
   1163911.84573003        15000000.0000000       0.000000000000000E+000
   1286348.33180288       -10000000.0000000       0.000000000000000E+000
   1286348.33180288       -9747474.74747475       6.696968100947327E-009
   1286348.33180288       -9494949.49494950       1.962419464333186E-008
   1286348.33180288       -9242424.24242424       4.257848641809572E-008
   1286348.33180288       -8989898.98989899       8.116679202732919E-008
   1286348.33180288       -8737373.73737374       1.433478196476743E-007
   1286348.33180288       -8484848.48484848       2.399298046227068E-007
   1286348.33180288       -8232323.23232323       3.849312167462513E-007
   1286348.33180288       -7979797.97979798       5.956698942130429E-007
   1286348.33180288       -7727272.72727273       8.924281886531401E-007
   1286348.33180288       -7474747.47474748       1.297541932972016E-006
   1286348.33180288       -7222222.22222222       1.833777569022831E-006
   1286348.33180288       -6969696.96969697       2.521898162722063E-006
   1286348.33180288       -6717171.71717172       3.377406216952981E-006
   1286348.33180288       -6464646.46464646       4.406671594169439E-006
   1286348.33180288       -6212121.21212121       5.603113344625596E-006
   1286348.33180288       -5959595.95959596       6.944785806299898E-006
   1286348.33180288       -5707070.70707071       8.395240300893769E-006
   1286348.33180288       -5454545.45454546       9.909135324975317E-006
   1286348.33180288       -5202020.20202020       1.144222414447869E-005
   1286348.33180288       -4949494.94949495       1.296273900508016E-005
   1286348.33180288       -4696969.69696970       1.445975282566090E-005
   1286348.33180288       -4444444.44444444       1.594533973123141E-005
   1286348.33180288       -4191919.19191919       1.745053077950926E-005
   1286348.33180288       -3939393.93939394       1.901773272922495E-005
   1286348.33180288       -3686868.68686869       2.069280186540249E-005
   1286348.33180288       -3434343.43434343       2.251880112675978E-005
   1286348.33180288       -3181818.18181818       2.453209174001700E-005
   1286348.33180288       -2929292.92929293       2.676072536475879E-005
   1286348.33180288       -2676767.67676768       2.922506219092262E-005
   1286348.33180288       -2424242.42424242       3.194061656200003E-005
   1286348.33180288       -2171717.17171717       3.492265616386439E-005
   1286348.33180288       -1919191.91919192       3.819037031971820E-005
   1286348.33180288       -1666666.66666667       4.176551173383641E-005
   1286348.33180288       -1414141.41414141       4.565868985784951E-005
   1286348.33180288       -1161616.16161616       4.984075130271174E-005
   1286348.33180288       -909090.909090910       5.420882231726131E-005
   1286348.33180288       -656565.656565657       5.856884204155838E-005
   1286348.33180288       -404040.404040404       6.265561232544507E-005
   1286348.33180288       -151515.151515152       6.619356949265245E-005
   1286348.33180288        101010.101010101       6.897757227251028E-005
   1286348.33180288        353535.353535354       7.093877439139737E-005
   1286348.33180288        606060.606060605       7.216485110873311E-005
   1286348.33180288        858585.858585859       7.286431195260613E-005
   1286348.33180288        1111111.11111111       7.329085681658948E-005
   1286348.33180288        1363636.36363636       7.366221977658650E-005
   1286348.33180288        1616161.61616162       7.410833996097973E-005
   1286348.33180288        1868686.86868687       7.466492106087033E-005
   1286348.33180288        2121212.12121212       7.530225047514170E-005
   1286348.33180288        2373737.37373737       7.596396459851397E-005
   1286348.33180288        2626262.62626263       7.659490021759167E-005
   1286348.33180288        2878787.87878788       7.715204145771548E-005
   1286348.33180288        3131313.13131313       7.760342343068332E-005
   1286348.33180288        3383838.38383838       7.792185634078276E-005
   1286348.33180288        3636363.63636364       7.807754135692147E-005
   1286348.33180288        3888888.88888889       7.803080560721148E-005
   1286348.33180288        4141414.14141414       7.772505442271507E-005
   1286348.33180288        4393939.39393939       7.708047108029260E-005
   1286348.33180288        4646464.64646465       7.599047025879663E-005
   1286348.33180288        4898989.89898990       7.432481834346786E-005
   1286348.33180288        5151515.15151515       7.194435027484322E-005
   1286348.33180288        5404040.40404040       6.873004645516215E-005
   1286348.33180288        5656565.65656566       6.462221923705218E-005
   1286348.33180288        5909090.90909091       5.965609477638180E-005
   1286348.33180288        6161616.16161616       5.397578847349059E-005
   1286348.33180288        6414141.41414141       4.781635806096029E-005
   1286348.33180288        6666666.66666667       4.146012253594098E-005
   1286348.33180288        6919191.91919192       3.518618630410535E-005
   1286348.33180288        7171717.17171717       2.923168007538578E-005
   1286348.33180288        7424242.42424243       2.377256247872155E-005
   1286348.33180288        7676767.67676768       1.892105995660476E-005
   1286348.33180288        7929292.92929293       1.473245123474464E-005
   1286348.33180288        8181818.18181818       1.121519119706886E-005
   1286348.33180288        8434343.43434343       8.341407627592295E-006
   1286348.33180288        8686868.68686869       6.056910100562594E-006
   1286348.33180288        8939393.93939394       4.290558879985545E-006
   1286348.33180288        9191919.19191919       2.962789645549864E-006
   1286348.33180288        9444444.44444444       1.992920506395032E-006
   1286348.33180288        9696969.69696970       1.304863261765526E-006
   1286348.33180288        9949494.94949495       8.310269498063817E-007
   1286348.33180288        10202020.2020202       5.144397521325983E-007
   1286348.33180288        10454545.4545455       3.093298837474825E-007
   1286348.33180288        10707070.7070707       1.805425476707892E-007
   1286348.33180288        10959595.9595960       1.022146102418711E-007
   1286348.33180288        11212121.2121212       5.609570075345754E-008
   1286348.33180288        11464646.4646465       2.982205623454614E-008
   1286348.33180288        11717171.7171717       1.534771904306368E-008
   1286348.33180288        11969696.9696970       7.640997712421753E-009
   1286348.33180288        12222222.2222222       3.677441078555633E-009
   1286348.33180288        12474747.4747475       1.709595545265310E-009
   1286348.33180288        12727272.7272727       7.670037042227131E-010
   1286348.33180288        12979797.9797980       3.316916728144594E-010
   1286348.33180288        13232323.2323232       1.380043580547605E-010
   1286348.33180288        13484848.4848485       5.505389796967143E-011
   1286348.33180288        13737373.7373737       2.090758888761266E-011
   1286348.33180288        13989898.9898990       7.431699215877115E-012
   1286348.33180288        14242424.2424242       2.361301932752809E-012
   1286348.33180288        14494949.4949495       5.641508980530958E-013
   1286348.33180288        14747474.7474747      -2.045969231661939E-014
   1286348.33180288        15000000.0000000       0.000000000000000E+000
   1414906.64217937       -10000000.0000000       0.000000000000000E+000
   1414906.64217937       -9747474.74747475       6.927464417907720E-009
   1414906.64217937       -9494949.49494950       2.011675337848983E-008
   1414906.64217937       -9242424.24242424       4.338522579258870E-008
   1414906.64217937       -8989898.98989899       8.234025259181425E-008
   1414906.64217937       -8737373.73737374       1.449110472263358E-007
   1414906.64217937       -8484848.48484848       2.418321266609303E-007
   1414906.64217937       -8232323.23232323       3.869875719876498E-007
   1414906.64217937       -7979797.97979798       5.974860819663730E-007
   1414906.64217937       -7727272.72727273       8.933208283315830E-007
   1414906.64217937       -7474747.47474748       1.296470397282662E-006
   1414906.64217937       -7222222.22222222       1.829315252461942E-006
   1414906.64217937       -6969696.96969697       2.512280057609795E-006
   1414906.64217937       -6717171.71717172       3.360692831770890E-006
   1414906.64217937       -6464646.46464646       4.381053756450787E-006
   1414906.64217937       -6212121.21212121       5.567334144643734E-006
   1414906.64217937       -5959595.95959596       6.898574611065547E-006
   1414906.64217937       -5707070.70707071       8.339576671573823E-006
   1414906.64217937       -5454545.45454546       9.846162293570317E-006
   1414906.64217937       -5202020.20202020       1.137476384745534E-005
   1414906.64217937       -4949494.94949495       1.289357645607656E-005
   1414906.64217937       -4696969.69696970       1.439099022626975E-005
   1414906.64217937       -4444444.44444444       1.587806685846171E-005
   1414906.64217937       -4191919.19191919       1.738485811819428E-005
   1414906.64217937       -3939393.93939394       1.895305779299162E-005
   1414906.64217937       -3686868.68686869       2.062813134551348E-005
   1414906.64217937       -3434343.43434343       2.245300626297407E-005
   1414906.64217937       -3181818.18181818       2.446404700726747E-005
   1414906.64217937       -2929292.92929293       2.668931475333713E-005
   1414906.64217937       -2676767.67676768       2.914902180772616E-005
   1414906.64217937       -2424242.42424242       3.185813294579176E-005
   1414906.64217937       -2171717.17171717       3.483060461168401E-005
   1414906.64217937       -1919191.91919192       3.808316692175054E-005
   1414906.64217937       -1666666.66666667       4.163391194953212E-005
   1414906.64217937       -1414141.41414141       4.548947042468787E-005
   1414906.64217937       -1161616.16161616       4.961858171117855E-005
   1414906.64217937       -909090.909090910       5.392100477941455E-005
   1414906.64217937       -656565.656565657       5.821182798477500E-005
   1414906.64217937       -404040.404040404       6.224036993294036E-005
   1414906.64217937       -151515.151515152       6.574651731246495E-005
   1414906.64217937        101010.101010101       6.853552047580302E-005
   1414906.64217937        353535.353535354       7.053928759111959E-005
   1414906.64217937        606060.606060605       7.183593766373197E-005
   1414906.64217937        858585.858585859       7.261782862745253E-005
   1414906.64217937        1111111.11111111       7.312213484688947E-005
   1414906.64217937        1363636.36363636       7.355524522809344E-005
   1414906.64217937        1616161.61616162       7.404325384243666E-005
   1414906.64217937        1868686.86868687       7.462416499827143E-005
   1414906.64217937        2121212.12121212       7.527339487782321E-005
   1414906.64217937        2373737.37373737       7.593956255969228E-005
   1414906.64217937        2626262.62626263       7.657092015145834E-005
   1414906.64217937        2878787.87878788       7.712622636518176E-005
   1414906.64217937        3131313.13131313       7.757414800336317E-005
   1414906.64217937        3383838.38383838       7.788748484195450E-005
   1414906.64217937        3636363.63636364       7.803610415418537E-005
   1414906.64217937        3888888.88888889       7.797984947518889E-005
   1414906.64217937        4141414.14141414       7.766162019467237E-005
   1414906.64217937        4393939.39393939       7.700124418617534E-005
   1414906.64217937        4646464.64646465       7.589221510016146E-005
   1414906.64217937        4898989.89898990       7.420521423446316E-005
   1414906.64217937        5151515.15151515       7.180323058291033E-005
   1414906.64217937        5404040.40404040       6.857075949667360E-005
   1414906.64217937        5656565.65656566       6.445247913732809E-005
   1414906.64217937        5909090.90909091       5.948757993196645E-005
   1414906.64217937        6161616.16161616       5.382217546475777E-005
   1414906.64217937        6414141.41414141       4.769032866250261E-005
   1414906.64217937        6666666.66666667       4.137053304522720E-005
   1414906.64217937        6919191.91919192       3.513649514350924E-005
   1414906.64217937        7171717.17171717       2.921999933319459E-005
   1414906.64217937        7424242.42424243       2.379293824655634E-005
   1414906.64217937        7676767.67676768       1.896526123197964E-005
   1414906.64217937        7929292.92929293       1.479166061169500E-005
   1414906.64217937        8181818.18181818       1.128127884566498E-005
   1414906.64217937        8434343.43434343       8.407712984267604E-006
   1414906.64217937        8686868.68686869       6.118586368779260E-006
   1414906.64217937        8939393.93939394       4.344582109145065E-006
   1414906.64217937        9191919.19191919       3.007740524710383E-006
   1414906.64217937        9444444.44444444       2.028638429585580E-006
   1414906.64217937        9696969.69696970       1.332057120041426E-006
   1414906.64217937        9949494.94949495       8.509073703614711E-007
   1414906.64217937        10202020.2020202       5.284149236489742E-007
   1414906.64217937        10454545.4545455       3.187847406906379E-007
   1414906.64217937        10707070.7070707       1.867022337804488E-007
   1414906.64217937        10959595.9595960       1.060800692053180E-007
   1414906.64217937        11212121.2121212       5.843258744736474E-008
   1414906.64217937        11464646.4646465       3.118307834847287E-008
   1414906.64217937        11717171.7171717       1.611126526320260E-008
   1414906.64217937        11969696.9696970       8.053535216530676E-009
   1414906.64217937        12222222.2222222       3.892042914719179E-009
   1414906.64217937        12474747.4747475       1.817043543497539E-009
   1414906.64217937        12727272.7272727       8.187611764708556E-010
   1414906.64217937        12979797.9797980       3.556640314353440E-010
   1414906.64217937        13232323.2323232       1.486712596404718E-010
   1414906.64217937        13484848.4848485       5.960676503626028E-011
   1414906.64217937        13737373.7373737       2.276548058022425E-011
   1414906.64217937        13989898.9898990       8.150738893587454E-012
   1414906.64217937        14242424.2424242       2.619476163635061E-012
   1414906.64217937        14494949.4949495       6.441125856690013E-013
   1414906.64217937        14747474.7474747      -6.173495850915075E-015
   1414906.64217937        15000000.0000000       0.000000000000000E+000
   1549586.77685950       -10000000.0000000       0.000000000000000E+000
   1549586.77685950       -9747474.74747475       7.176244835513405E-009
   1549586.77685950       -9494949.49494950       2.065048541208677E-008
   1549586.77685950       -9242424.24242424       4.425921555040371E-008
   1549586.77685950       -8989898.98989899       8.360826645261648E-008
   1549586.77685950       -8737373.73737374       1.465926217108642E-007
   1549586.77685950       -8484848.48484848       2.438638542916126E-007
   1549586.77685950       -8232323.23232323       3.891563587650768E-007
   1549586.77685950       -7979797.97979798       5.993470170487566E-007
   1549586.77685950       -7727272.72727273       8.941091944350624E-007
   1549586.77685950       -7474747.47474748       1.295026478452141E-006
   1549586.77685950       -7222222.22222222       1.824051527729602E-006
   1549586.77685950       -6969696.96969697       2.501230954002963E-006
   1549586.77685950       -6717171.71717172       3.341691118258441E-006
   1549586.77685950       -6464646.46464646       4.352062026278671E-006
   1549586.77685950       -6212121.21212121       5.526908761357053E-006
   1549586.77685950       -5959595.95959596       6.846351108902328E-006
   1549586.77685950       -5707070.70707071       8.276578212369515E-006
   1549586.77685950       -5454545.45454546       9.774727381595478E-006
   1549586.77685950       -5202020.20202020       1.129802905424081E-005
   1549586.77685950       -4949494.94949495       1.281468465204301E-005
   1549586.77685950       -4696969.69696970       1.431235653209108E-005
   1549586.77685950       -4444444.44444444       1.580098527085944E-005
   1549586.77685950       -4191919.19191919       1.730951604795004E-005
   1549586.77685950       -3939393.93939394       1.887882335759094E-005
   1549586.77685950       -3686868.68686869       2.055391510107227E-005
   1549586.77685950       -3434343.43434343       2.237755497225616E-005
   1549586.77685950       -3181818.18181818       2.438610923329666E-005
   1549586.77685950       -2929292.92929293       2.660766082501042E-005
   1549586.77685950       -2676767.67676768       2.906228983716813E-005
   1549586.77685950       -2424242.42424242       3.176442603305290E-005
   1549586.77685950       -2171717.17171717       3.472673304614769E-005
   1549586.77685950       -1919191.91919192       3.796352302289054E-005
   1549586.77685950       -1666666.66666667       4.148932201037496E-005
   1549586.77685950       -1414141.41414141       4.530695098240629E-005
   1549586.77685950       -1161616.16161616       4.938325831500321E-005
   1549586.77685950       -909090.909090910       5.362080295324754E-005
   1549586.77685950       -656565.656565657       5.784381507724287E-005
   1549586.77685950       -404040.404040404       6.181588638495380E-005
   1549586.77685950       -151515.151515152       6.529194953681069E-005
   1549586.77685950        101010.101010101       6.808727163148762E-005
   1549586.77685950        353535.353535354       7.013435655133279E-005
   1549586.77685950        606060.606060605       7.150187966494327E-005
   1549586.77685950        858585.858585859       7.236632044114036E-005
   1549586.77685950        1111111.11111111       7.294857213232313E-005
   1549586.77685950        1363636.36363636       7.344376394168505E-005
   1549586.77685950        1616161.61616162       7.397407510466550E-005
   1549586.77685950        1868686.86868687       7.457968340972931E-005
   1549586.77685950        2121212.12121212       7.524104121450282E-005
   1549586.77685950        2373737.37373737       7.591171743530856E-005
   1549586.77685950        2626262.62626263       7.654338026222175E-005
   1549586.77685950        2878787.87878788       7.709656390956312E-005
   1549586.77685950        3131313.13131313       7.754055035683460E-005
   1549586.77685950        3383838.38383838       7.784809204377664E-005
   1549586.77685950        3636363.63636364       7.798866915630861E-005
   1549586.77685950        3888888.88888889       7.792158027946745E-005
   1549586.77685950        4141414.14141414       7.758916382290548E-005
   1549586.77685950        4393939.39393939       7.691086956228358E-005
   1549586.77685950        4646464.64646465       7.578032107812409E-005
   1549586.77685950        4898989.89898990       7.406929078577497E-005
   1549586.77685950        5151515.15151515       7.164326232944065E-005
   1549586.77685950        5404040.40404040       6.839073665332994E-005
   1549586.77685950        5656565.65656566       6.426129429793162E-005
   1549586.77685950        5909090.90909091       5.929849068510651E-005
   1549586.77685950        6161616.16161616       5.365052550232604E-005
   1549586.77685950        6414141.41414141       4.755017692604406E-005
   1549586.77685950        6666666.66666667       4.127153638096262E-005
   1549586.77685950        6919191.91919192       3.508224004433715E-005
   1549586.77685950        7171717.17171717       2.920814261797081E-005
   1549586.77685950        7424242.42424243       2.381668245504911E-005
   1549586.77685950        7676767.67676768       1.901535663979908E-005
   1549586.77685950        7929292.92929293       1.485827140802873E-005
   1549586.77685950        8181818.18181818       1.135537580475583E-005
   1549586.77685950        8434343.43434343       8.481920141373565E-006
   1549586.77685950        8686868.68686869       6.187548040674767E-006
   1549586.77685950        8939393.93939394       4.404964076364311E-006
   1549586.77685950        9191919.19191919       3.057984193689200E-006
   1549586.77685950        9444444.44444444       2.068576659007042E-006
   1549586.77685950        9696969.69696970       1.362483745639049E-006
   1549586.77685950        9949494.94949495       8.731709721107188E-007
   1549586.77685950        10202020.2020202       5.440828155292525E-007
   1549586.77685950        10454545.4545455       3.293987976455234E-007
   1549586.77685950        10707070.7070707       1.936275880407487E-007
   1549586.77685950        10959595.9595960       1.104333919144267E-007
   1549586.77685950        11212121.2121212       6.106934016276226E-008
   1549586.77685950        11464646.4646465       3.272187421756913E-008
   1549586.77685950        11717171.7171717       1.697644077303158E-008
   1549586.77685950        11969696.9696970       8.522080301828547E-009
   1549586.77685950        12222222.2222222       4.136388035316182E-009
   1549586.77685950        12474747.4747475       1.939705963994480E-009
   1549586.77685950        12727272.7272727       8.780111012397190E-010
   1549586.77685950        12979797.9797980       3.831863211452716E-010
   1549586.77685950        13232323.2323232       1.609549855524929E-010
   1549586.77685950        13484848.4848485       6.486647669014421E-011
   1549586.77685950        13737373.7373737       2.491913301015331E-011
   1549586.77685950        13989898.9898990       8.987411420546988E-012
   1549586.77685950        14242424.2424242       2.921305621190125E-012
   1549586.77685950        14494949.4949495       7.383121194148715E-013
   1549586.77685950        14747474.7474747       1.114284488627321E-014
   1549586.77685950        15000000.0000000       0.000000000000000E+000
   1690388.73584328       -10000000.0000000       0.000000000000000E+000
   1690388.73584328       -9747474.74747475       7.440427387593664E-009
   1690388.73584328       -9494949.49494950       2.121958125330978E-008
   1690388.73584328       -9242424.24242424       4.519063566629485E-008
   1690388.73584328       -8989898.98989899       8.495513549515398E-008
   1690388.73584328       -8737373.73737374       1.483684952566322E-007
   1690388.73584328       -8484848.48484848       2.459897017176910E-007
   1690388.73584328       -8232323.23232323       3.913880422614135E-007
   1690388.73584328       -7979797.97979798       6.011861999528054E-007
   1690388.73584328       -7727272.72727273       8.947078721215873E-007
   1690388.73584328       -7474747.47474748       1.293105000285682E-006
   1690388.73584328       -7222222.22222222       1.817861624110222E-006
   1690388.73584328       -6969696.96969697       2.488606768213035E-006
   1690388.73584328       -6717171.71717172       3.320236103659456E-006
   1690388.73584328       -6464646.46464646       4.319504271928991E-006
   1690388.73584328       -6212121.21212121       5.481604367349051E-006
   1690388.73584328       -5959595.95959596       6.787820728217296E-006
   1690388.73584328       -5707070.70707071       8.205864085668269E-006
   1690388.73584328       -5454545.45454546       9.694343637517429E-006
   1690388.73584328       -5202020.20202020       1.121142020716692E-005
   1690388.73584328       -4949494.94949495       1.272536222731696E-005
   1690388.73584328       -4696969.69696970       1.422307303164361E-005
   1690388.73584328       -4444444.44444444       1.571326812600732E-005
   1690388.73584328       -4191919.19191919       1.722365474688389E-005
   1690388.73584328       -3939393.93939394       1.879417306470338E-005
   1690388.73584328       -3686868.68686869       2.046929800653863E-005
   1690388.73584328       -3434343.43434343       2.229159527028238E-005
   1690388.73584328       -3181818.18181818       2.429742918908238E-005
   1690388.73584328       -2929292.92929293       2.651491793129899E-005
   1690388.73584328       -2676767.67676768       2.896403037018692E-005
   1690388.73584328       -2424242.42424242       3.165868795808728E-005
   1690388.73584328       -2171717.17171717       3.461030449311025E-005
   1690388.73584328       -1919191.91919192       3.783085936919610E-005
   1690388.73584328       -1666666.66666667       4.133147279309506E-005
   1690388.73584328       -1414141.41414141       4.511139864806583E-005
   1690388.73584328       -1161616.16161616       4.913585649063834E-005
   1690388.73584328       -909090.909090910       5.331034234859378E-005
   1690388.73584328       -656565.656565657       5.746808289571469E-005
   1690388.73584328       -404040.404040404       6.138646867543030E-005
   1690388.73584328       -151515.151515152       6.483482057258169E-005
   1690388.73584328        101010.101010101       6.763786998347797E-005
   1690388.73584328        353535.353535354       6.972853394875727E-005
   1690388.73584328        606060.606060605       7.116630018736103E-005
   1690388.73584328        858585.858585859       7.211229291630862E-005
   1690388.73584328        1111111.11111111       7.277162362032029E-005
   1690388.73584328        1363636.36363636       7.332841764447578E-005
   1690388.73584328        1616161.61616162       7.390092020678216E-005
   1690388.73584328        1868686.86868687       7.453131080639323E-005
   1690388.73584328        2121212.12121212       7.520490047064764E-005
   1690388.73584328        2373737.37373737       7.588009688159831E-005
   1690388.73584328        2626262.62626263       7.651193333063302E-005
   1690388.73584328        2878787.87878788       7.706269318273998E-005
   1690388.73584328        3131313.13131313       7.750224460705200E-005
   1690388.73584328        3383838.38383838       7.780325004305087E-005
   1690388.73584328        3636363.63636364       7.793474630323903E-005
   1690388.73584328        3888888.88888889       7.785542442074427E-005
   1690388.73584328        4141414.14141414       7.750700872683500E-005
   1690388.73584328        4393939.39393939       7.680855608144199E-005
   1690388.73584328        4646464.64646465       7.565388795476012E-005
   1690388.73584328        4898989.89898990       7.391607166490767E-005
   1690388.73584328        5151515.15151515       7.146346049144819E-005
   1690388.73584328        5404040.40404040       6.818908117594011E-005
   1690388.73584328        5656565.65656566       6.404796108809345E-005
   1690388.73584328        5909090.90909091       5.908839560671929E-005
   1690388.73584328        6161616.16161616       5.346070336932058E-005
   1690388.73584328        6414141.41414141       4.739602508413368E-005
   1690388.73584328        6666666.66666667       4.116342878155838E-005
   1690388.73584328        6919191.91919192       3.502379506970511E-005
   1690388.73584328        7171717.17171717       2.919648130455080E-005
   1690388.73584328        7424242.42424243       2.384411333069255E-005
   1690388.73584328        7676767.67676768       1.907159111090514E-005
   1690388.73584328        7929292.92929293       1.493245739776689E-005
   1690388.73584328        8181818.18181818       1.143759897653152E-005
   1690388.73584328        8434343.43434343       8.564107085133446E-006
   1690388.73584328        8686868.68686869       6.263850342678158E-006
   1690388.73584328        8939393.93939394       4.471749005172065E-006
   1690388.73584328        9191919.19191919       3.113560761664530E-006
   1690388.73584328        9444444.44444444       2.112774020565029E-006
   1690388.73584328        9696969.69696970       1.396180810630411E-006
   1690388.73584328        9949494.94949495       8.978530693557707E-007
   1690388.73584328        10202020.2020202       5.614749152984103E-007
   1690388.73584328        10454545.4545455       3.411986327011053E-007
   1690388.73584328        10707070.7070707       2.013398437889601E-007
   1690388.73584328        10959595.9595960       1.152906562848416E-007
   1690388.73584328        11212121.2121212       6.401751818247383E-008
   1690388.73584328        11464646.4646465       3.444634800540532E-008
   1690388.73584328        11717171.7171717       1.794839351018964E-008
   1690388.73584328        11969696.9696970       9.049830188108239E-009
   1690388.73584328        12222222.2222222       4.412371709083644E-009
   1690388.73584328        12474747.4747475       2.078655868688268E-009
   1690388.73584328        12727272.7272727       9.453340288332250E-010
   1690388.73584328        12979797.9797980       4.145587560295731E-010
   1690388.73584328        13232323.2323232       1.750039252414373E-010
   1690388.73584328        13484848.4848485       7.090310990054736E-011
   1690388.73584328        13737373.7373737       2.740012195237096E-011
   1690388.73584328        13989898.9898990       9.955238679198047E-012
   1690388.73584328        14242424.2424242       3.272230024847042E-012
   1690388.73584328        14494949.4949495       8.487276173467958E-013
   1690388.73584328        14747474.7474747       3.203866712891227E-014
   1690388.73584328        15000000.0000000       0.000000000000000E+000
   1837312.51913070       -10000000.0000000       0.000000000000000E+000
   1837312.51913070       -9747474.74747475       7.716215420592536E-009
   1837312.51913070       -9494949.49494950       2.181609339623388E-008
   1837312.51913070       -9242424.24242424       4.616596470263555E-008
   1837312.51913070       -8989898.98989899       8.635942642878625E-008
   1837312.51913070       -8737373.73737374       1.502063000927679E-007
   1837312.51913070       -8484848.48484848       2.481629606094277E-007
   1837312.51913070       -8232323.23232323       3.936182454029479E-007
   1837312.51913070       -7979797.97979798       6.029189777391221E-007
   1837312.51913070       -7727272.72727273       8.950107812927129E-007
   1837312.51913070       -7474747.47474748       1.290579356702280E-006
   1837312.51913070       -7222222.22222222       1.810601431353553E-006
   1837312.51913070       -6969696.96969697       2.474250057871174E-006
   1837312.51913070       -6717171.71717172       3.296159893610293E-006
   1837312.51913070       -6464646.46464646       4.283199904924878E-006
   1837312.51913070       -6212121.21212121       5.431216283954125E-006
   1837312.51913070       -5959595.95959596       6.722732408956867E-006
   1837312.51913070       -5707070.70707071       8.127106981797294E-006
   1837312.51913070       -5454545.45454546       9.604579068278393E-006
   1837312.51913070       -5202020.20202020       1.111438482990135E-005
   1837312.51913070       -4949494.94949495       1.262494006935228E-005
   1837312.51913070       -4696969.69696970       1.412237582329297E-005
   1837312.51913070       -4444444.44444444       1.561408761080072E-005
   1837312.51913070       -4191919.19191919       1.712641194750832E-005
   1837312.51913070       -3939393.93939394       1.869823162340532E-005
   1837312.51913070       -3686868.68686869       2.037340385689589E-005
   1837312.51913070       -3434343.43434343       2.219425514022805E-005
   1837312.51913070       -3181818.18181818       2.419714074674656E-005
   1837312.51913070       -2929292.92929293       2.641022781954131E-005
   1837312.51913070       -2676767.67676768       2.885339937684163E-005
   1837312.51913070       -2424242.42424242       3.154010567557058E-005
   1837312.51913070       -2171717.17171717       3.448057422355575E-005
   1837312.51913070       -1919191.91919192       3.768457228047796E-005
   1837312.51913070       -1666666.66666667       4.116002456880921E-005
   1837312.51913070       -1414141.41414141       4.490291287924436E-005
   1837312.51913070       -1161616.16161616       4.887711640790504E-005
   1837312.51913070       -909090.909090910       5.299117200116612E-005
   1837312.51913070       -656565.656565657       5.708704697835373E-005
   1837312.51913070       -404040.404040404       6.095528578416699E-005
   1837312.51913070       -151515.151515152       6.437876079361673E-005
   1837312.51913070        101010.101010101       6.719099464408750E-005
   1837312.51913070        353535.353535354       6.932512289015132E-005
   1837312.51913070        606060.606060605       7.083180563639768E-005
   1837312.51913070        858585.858585859       7.185751489306845E-005
   1837312.51913070        1111111.11111111       7.259226631883503E-005
   1837312.51913070        1363636.36363636       7.320956666646943E-005
   1837312.51913070        1616161.61616162       7.382375081294879E-005
   1837312.51913070        1868686.86868687       7.447879794699587E-005
   1837312.51913070        2121212.12121212       7.516463601587275E-005
   1837312.51913070        2373737.37373737       7.584433881680907E-005
   1837312.51913070        2626262.62626263       7.647621203504144E-005
   1837312.51913070        2878787.87878788       7.702423955054325E-005
   1837312.51913070        3131313.13131313       7.745883653213942E-005
   1837312.51913070        3383838.38383838       7.775252818597743E-005
   1837312.51913070        3636363.63636364       7.787384957487321E-005
   1837312.51913070        3888888.88888889       7.778082165647680E-005
   1837312.51913070        4141414.14141414       7.741450549244521E-005
   1837312.51913070        4393939.39393939       7.669356084588154E-005
   1837312.51913070        4646464.64646465       7.551209531717930E-005
   1837312.51913070        4898989.89898990       7.374470516853393E-005
   1837312.51913070        5151515.15151515       7.126302253425545E-005
   1837312.51913070        5404040.40404040       6.796514404089975E-005
   1837312.51913070        5656565.65656566       6.381208381588265E-005
   1837312.51913070        5909090.90909091       5.885720981859356E-005
   1837312.51913070        6161616.16161616       5.325292302082657E-005
   1837312.51913070        6414141.41414141       4.722830572789628E-005
   1837312.51913070        6666666.66666667       4.104674278134599E-005
   1837312.51913070        6919191.91919192       3.496167615721832E-005
   1837312.51913070        7171717.17171717       2.918543137056931E-005
   1837312.51913070        7424242.42424243       2.387550820072743E-005
   1837312.51913070        7676767.67676768       1.913410388389912E-005
   1837312.51913070        7929292.92929293       1.501424569138969E-005
   1837312.51913070        8181818.18181818       1.152790008486681E-005
   1837312.51913070        8434343.43434343       8.654186478434410E-006
   1837312.51913070        8686868.68686869       6.347396152365414E-006
   1837312.51913070        8939393.93939394       4.544849601925360E-006
   1837312.51913070        9191919.19191919       3.174402968476259E-006
   1837312.51913070        9444444.44444444       2.161185987884508E-006
   1837312.51913070        9696969.69696970       1.433124257953909E-006
   1837312.51913070        9949494.94949495       9.249452871696977E-007
   1837312.51913070        10202020.2020202       5.805931358246557E-007
   1837312.51913070        10454545.4545455       3.541916747521930E-007
   1837312.51913070        10707070.7070707       2.098483818543776E-007
   1837312.51913070        10959595.9595960       1.206609359459073E-007
   1837312.51913070        11212121.2121212       6.728473659904988E-008
   1837312.51913070        11464646.4646465       3.636229367196747E-008
   1837312.51913070        11717171.7171717       1.903120335962128E-008
   1837312.51913070        11969696.9696970       9.639474028663451E-009
   1837312.51913070        12222222.2222222       4.721664440735392E-009
   1837312.51913070        12474747.4747475       2.234875558809628E-009
   1837312.51913070        12727272.7272727       1.021278317812863E-009
   1837312.51913070        12979797.9797980       4.500725043167824E-010
   1837312.51913070        13232323.2323232       1.909653111955148E-010
   1837312.51913070        13484848.4848485       7.778759890306090E-011
   1837312.51913070        13737373.7373737       3.024098924316235E-011
   1837312.51913070        13989898.9898990       1.106839224001154E-011
   1837312.51913070        14242424.2424242       3.678047294871901E-012
   1837312.51913070        14494949.4949495       9.775096525026280E-013
   1837312.51913070        14747474.7474747       5.713351066482555E-014
   1837312.51913070        15000000.0000000       0.000000000000000E+000
   1990358.12672176       -10000000.0000000       0.000000000000000E+000
   1990358.12672176       -9747474.74747475       7.998922269617988E-009
   1990358.12672176       -9494949.49494950       2.242988918937880E-008
   1990358.12672176       -9242424.24242424       4.716782933150055E-008
   1990358.12672176       -8989898.98989899       8.779370236491182E-008
   1990358.12672176       -8737373.73737374       1.520649406992887E-007
   1990358.12672176       -8484848.48484848       2.503249183154730E-007
   1990358.12672176       -8232323.23232323       3.957669429087000E-007
   1990358.12672176       -7979797.97979798       6.044414480330676E-007
   1990358.12672176       -7727272.72727273       8.948897165009430E-007
   1990358.12672176       -7474747.47474748       1.287299628651259E-006
   1990358.12672176       -7222222.22222222       1.802105198468953E-006
   1990358.12672176       -6969696.96969697       2.457987450913315E-006
   1990358.12672176       -6717171.71717172       3.269289222980992E-006
   1990358.12672176       -6464646.46464646       4.242978262825355E-006
   1990358.12672176       -6212121.21212121       5.375568188979751E-006
   1990358.12672176       -5959595.95959596       6.650881676377571E-006
   1990358.12672176       -5707070.70707071       8.040039719982362E-006
   1990358.12672176       -5454545.45454546       9.505066617060768E-006
   1990358.12672176       -5202020.20202020       1.100642979643997E-005
   1990358.12672176       -4949494.94949495       1.251279421773343E-005
   1990358.12672176       -4696969.69696970       1.400952776907073E-005
   1990358.12672176       -4444444.44444444       1.550262500205823E-005
   1990358.12672176       -4191919.19191919       1.701692091273839E-005
   1990358.12672176       -3939393.93939394       1.859011103405522E-005
   1990358.12672176       -3686868.68686869       2.026534034979794E-005
   1990358.12672176       -3434343.43434343       2.208464669885105E-005
   1990358.12672176       -3181818.18181818       2.408436443945373E-005
   1990358.12672176       -2929292.92929293       2.629272253143398E-005
   1990358.12672176       -2676767.67676768       2.872954657759809E-005
   1990358.12672176       -2424242.42424242       3.140786100736910E-005
   1990358.12672176       -2171717.17171717       3.433678649567962E-005
   1990358.12672176       -1919191.91919192       3.752402458336451E-005
   1990358.12672176       -1666666.66666667       4.097454841901232E-005
   1990358.12672176       -1414141.41414141       4.468139286073185E-005
   1990358.12672176       -1161616.16161616       4.860739227124840E-005
   1990358.12672176       -909090.909090910       5.266419347112256E-005
   1990358.12672176       -656565.656565657       5.670216872688245E-005
   1990358.12672176       -404040.404040404       6.052426410510904E-005
   1990358.12672176       -151515.151515152       6.392596485753542E-005
   1990358.12672176        101010.101010101       6.674884957503385E-005
   1990358.12672176        353535.353535354       6.892607716519833E-005
   1990358.12672176        606060.606060605       7.049990310291319E-005
   1990358.12672176        858585.858585859       7.160295667740892E-005
   1990358.12672176        1111111.11111111       7.241095811343727E-005
   1990358.12672176        1363636.36363636       7.308726594323996E-005
   1990358.12672176        1616161.61616162       7.374236172997800E-005
   1990358.12672176        1868686.86868687       7.442180665813811E-005
   1990358.12672176        2121212.12121212       7.511986175483260E-005
   1990358.12672176        2373737.37373737       7.580405105953497E-005
   1990358.12672176        2626262.62626263       7.643582945361247E-005
   1990358.12672176        2878787.87878788       7.698081604036762E-005
   1990358.12672176        3131313.13131313       7.740992616057873E-005
   1990358.12672176        3383838.38383838       7.769549734101210E-005
   1990358.12672176        3636363.63636364       7.780550360866241E-005
   1990358.12672176        3888888.88888889       7.769723496038189E-005
   1990358.12672176        4141414.14141414       7.731104616677353E-005
   1990358.12672176        4393939.39393939       7.656520939149444E-005
   1990358.12672176        4646464.64646465       7.535423024618407E-005
   1990358.12672176        4898989.89898990       7.355450046645138E-005
   1990358.12672176        5151515.15151515       7.104137302485669E-005
   1990358.12672176        5404040.40404040       6.771857447144867E-005
   1990358.12672176        5656565.65656566       6.355362608821089E-005
   1990358.12672176        5909090.90909091       5.860524038239616E-005
   1990358.12672176        6161616.16161616       5.302778046173763E-005
   1990358.12672176        6414141.41414141       4.704777805760426E-005
   1990358.12672176        6666666.66666667       4.092224624009049E-005
   1990358.12672176        6919191.91919192       3.489652546344135E-005
   1990358.12672176        7171717.17171717       2.917542736257179E-005
   1990358.12672176        7424242.42424243       2.391107170164777E-005
   1990358.12672176        7676767.67676768       1.920289490694121E-005
   1990358.12672176        7929292.92929293       1.510348420598942E-005
   1990358.12672176        8181818.18181818       1.162603601666023E-005
   1990358.12672176        8434343.43434343       8.751879803293337E-006
   1990358.12672176        8686868.68686869       6.437914245061382E-006
   1990358.12672176        8939393.93939394       4.624029301816307E-006
   1990358.12672176        9191919.19191919       3.240322086293565E-006
   1990358.12672176        9444444.44444444       2.213673775758876E-006
   1990358.12672176        9696969.69696970       1.473220081247747E-006
   1990358.12672176        9949494.94949495       9.543895301582294E-007
   1990358.12672176        10202020.2020202       6.014055132226305E-007
   1990358.12672176        10454545.4545455       3.683632251836814E-007
   1990358.12672176        10707070.7070707       2.191487331030144E-007
   1990358.12672176        10959595.9595960       1.265450049089664E-007
   1990358.12672176        11212121.2121212       7.087385557772837E-008
   1990358.12672176        11464646.4646465       3.847290609312358E-008
   1990358.12672176        11717171.7171717       2.022759861588062E-008
   1990358.12672176        11969696.9696970       1.029303500727786E-008
   1990358.12672176        12222222.2222222       5.065627669400023E-009
   1990358.12672176        12474747.4747475       2.409213500092186E-009
   1990358.12672176        12727272.7272727       1.106339108065569E-009
   1990358.12672176        12979797.9797980       4.899999024085346E-010
   1990358.12672176        13232323.2323232       2.089808878262368E-010
   1990358.12672176        13484848.4848485       8.558991876571980E-011
   1990358.12672176        13737373.7373737       3.347452504201850E-011
   1990358.12672176        13989898.9898990       1.234142912568048E-011
   1990358.12672176        14242424.2424242       4.144825300467436E-012
   1990358.12672176        14494949.4949495       1.126956680591501E-012
   1990358.12672176        14747474.7474747       8.711375275670739E-014
   1990358.12672176        15000000.0000000       0.000000000000000E+000
   2149525.55861647       -10000000.0000000       0.000000000000000E+000
   2149525.55861647       -9747474.74747475       8.283045079380783E-009
   2149525.55861647       -9494949.49494950       2.304870655387097E-008
   2149525.55861647       -9242424.24242424       4.817501376184041E-008
   2149525.55861647       -8989898.98989899       8.922448823128936E-008
   2149525.55861647       -8737373.73737374       1.538945166024340E-007
   2149525.55861647       -8484848.48484848       2.524047224192543E-007
   2149525.55861647       -8232323.23232323       3.977382220913035E-007
   2149525.55861647       -7979797.97979798       6.056300276724338E-007
   2149525.55861647       -7727272.72727273       8.941935853688300E-007
   2149525.55861647       -7474747.47474748       1.283091316118081E-006
   2149525.55861647       -7222222.22222222       1.792183591661372E-006
   2149525.55861647       -6969696.96969697       2.439626967690334E-006
   2149525.55861647       -6717171.71717172       3.239442233765102E-006
   2149525.55861647       -6464646.46464646       4.198675442796865E-006
   2149525.55861647       -6212121.21212121       5.314510072209557E-006
   2149525.55861647       -5959595.95959596       6.572111074435372E-006
   2149525.55861647       -5707070.70707071       7.944459335561251E-006
   2149525.55861647       -5454545.45454546       9.395512301172776E-006
   2149525.55861647       -5202020.20202020       1.088713278770573E-005
   2149525.55861647       -4949494.94949495       1.238835899463065E-005
   2149525.55861647       -4696969.69696970       1.388383144038785E-005
   2149525.55861647       -4444444.44444444       1.537808207386807E-005
   2149525.55861647       -4191919.19191919       1.689431976511440E-005
   2149525.55861647       -3939393.93939394       1.846891796137833E-005
   2149525.55861647       -3686868.68686869       2.014420492408231E-005
   2149525.55861647       -3434343.43434343       2.196187090618899E-005
   2149525.55861647       -3181818.18181818       2.395821126278095E-005
   2149525.55861647       -2929292.92929293       2.616152728283958E-005
   2149525.55861647       -2676767.67676768       2.859161717063989E-005
   2149525.55861647       -2424242.42424242       3.126113082270320E-005
   2149525.55861647       -2171717.17171717       3.417817276382959E-005
   2149525.55861647       -1919191.91919192       3.734854175215795E-005
   2149525.55861647       -1666666.66666667       4.077452130365564E-005
   2149525.55861647       -1414141.41414141       4.444653470276722E-005
   2149525.55861647       -1161616.16161616       4.832665781401298E-005
   2149525.55861647       -909090.909090910       5.232968290239026E-005
   2149525.55861647       -656565.656565657       5.631400123172015E-005
   2149525.55861647       -404040.404040404       6.009415882759117E-005
   2149525.55861647       -151515.151515152       6.347728231437422E-005
   2149525.55861647        101010.101010101       6.631226031138368E-005
   2149525.55861647        353535.353535354       6.853208933720959E-005
   2149525.55861647        606060.606060605       7.017106934391713E-005
   2149525.55861647        858585.858585859       7.134883680793498E-005
   2149525.55861647        1111111.11111111       7.222766554534782E-005
   2149525.55861647        1363636.36363636       7.296127979737050E-005
   2149525.55861647        1616161.61616162       7.365638818297004E-005
   2149525.55861647        1868686.86868687       7.435991324101429E-005
   2149525.55861647        2121212.12121212       7.507014369694102E-005
   2149525.55861647        2373737.37373737       7.575881220547242E-005
   2149525.55861647        2626262.62626263       7.639038000384938E-005
   2149525.55861647        2878787.87878788       7.693202494295341E-005
   2149525.55861647        3131313.13131313       7.735511059616933E-005
   2149525.55861647        3383838.38383838       7.763173456340239E-005
   2149525.55861647        3636363.63636364       7.772925096699309E-005
   2149525.55861647        3888888.88888889       7.760416138443302E-005
   2149525.55861647        4141414.14141414       7.719607997644427E-005
   2149525.55861647        4393939.39393939       7.642291772446955E-005
   2149525.55861647        4646464.64646465       7.517971702717739E-005
   2149525.55861647        4898989.89898990       7.334496557800505E-005
   2149525.55861647        5151515.15151515       7.079820873177824E-005
   2149525.55861647        5404040.40404040       6.744936842984208E-005
   2149525.55861647        5656565.65656566       6.327295639680279E-005
   2149525.55861647        5909090.90909091       5.833322156421232E-005
   2149525.55861647        6161616.16161616       5.278627263498075E-005
   2149525.55861647        6414141.41414141       4.685552785626695E-005
   2149525.55861647        6666666.66666667       4.079092496760109E-005
   2149525.55861647        6919191.91919192       3.482908119775638E-005
   2149525.55861647        7171717.17171717       2.916688508877948E-005
   2149525.55861647        7424242.42424243       2.395089643695247E-005
   2149525.55861647        7676767.67676768       1.927778717000749E-005
   2149525.55861647        7929292.92929293       1.519980785546335E-005
   2149525.55861647        8181818.18181818       1.173153981001413E-005
   2149525.55861647        8434343.43434343       8.856693250977440E-006
   2149525.55861647        8686868.68686869       6.534939719872899E-006
   2149525.55861647        8939393.93939394       4.708886659344197E-006
   2149525.55861647        9191919.19191919       3.310995659469748E-006
   2149525.55861647        9444444.44444444       2.269994852901260E-006
   2149525.55861647        9696969.69696970       1.516297102891465E-006
   2149525.55861647        9949494.94949495       9.860725896240938E-007
   2149525.55861647        10202020.2020202       6.238422702992767E-007
   2149525.55861647        10454545.4545455       3.836736590434087E-007
   2149525.55861647        10707070.7070707       2.292206468829679E-007
   2149525.55861647        10959595.9595960       1.329340475807662E-007
   2149525.55861647        11212121.2121212       7.478214882895549E-008
   2149525.55861647        11464646.4646465       4.077826485182839E-008
   2149525.55861647        11717171.7171717       2.153864793077236E-008
   2149525.55861647        11969696.9696970       1.101169390530916E-008
   2149525.55861647        12222222.2222222       5.445216924832145E-009
   2149525.55861647        12474747.4747475       2.602333445803811E-009
   2149525.55861647        12727272.7272727       1.200932773267724E-009
   2149525.55861647        12979797.9797980       5.345822106982324E-010
   2149525.55861647        13232323.2323232       2.291813201131519E-010
   2149525.55861647        13484848.4848485       9.437665824930993E-011
   2149525.55861647        13737373.7373737       3.713277008535441E-011
   2149525.55861647        13989898.9898990       1.378890628977287E-011
   2149525.55861647        14242424.2424242       4.678764367810105E-012
   2149525.55861647        14494949.4949495       1.299472284665909E-012
   2149525.55861647        14747474.7474747       1.227239188796257E-013
   2149525.55861647        15000000.0000000       0.000000000000000E+000
   2314814.81481482       -10000000.0000000       0.000000000000000E+000
   2314814.81481482       -9747474.74747475       8.562388255521141E-009
   2314814.81481482       -9494949.49494950       2.365832797529044E-008
   2314814.81481482       -9242424.24242424       4.916266164834037E-008
   2314814.81481482       -8989898.98989899       9.061252129479353E-008
   2314814.81481482       -8737373.73737374       1.556366506483753E-007
   2314814.81481482       -8484848.48484848       2.543197974366392E-007
   2314814.81481482       -8232323.23232323       3.994207556244674E-007
   2314814.81481482       -7979797.97979798       6.063418786819752E-007
   2314814.81481482       -7727272.72727273       8.927485904948403E-007
   2314814.81481482       -7474747.47474748       1.277754979606606E-006
   2314814.81481482       -7222222.22222222       1.780622438154629E-006
   2314814.81481482       -6969696.96969697       2.418955556653633E-006
   2314814.81481482       -6717171.71717172       3.206424728788609E-006
   2314814.81481482       -6464646.46464646       4.150129674724927E-006
   2314814.81481482       -6212121.21212121       5.247913776911375E-006
   2314814.81481482       -5959595.95959596       6.486307493419310E-006
   2314814.81481482       -5707070.70707071       7.840227912352369E-006
   2314814.81481482       -5454545.45454546       9.275700617099389E-006
   2314814.81481482       -5202020.20202020       1.075615207167539E-005
   2314814.81481482       -4949494.94949495       1.225113968976959E-005
   2314814.81481482       -4696969.69696970       1.374464263554920E-005
   2314814.81481482       -4444444.44444444       1.523969366129037E-005
   2314814.81481482       -4191919.19191919       1.675776212792448E-005
   2314814.81481482       -3939393.93939394       1.833376228252419E-005
   2314814.81481482       -3686868.68686869       2.000909149345937E-005
   2314814.81481482       -3434343.43434343       2.182502284863677E-005
   2314814.81481482       -3181818.18181818       2.381778674000532E-005
   2314814.81481482       -2929292.92929293       2.601576335338799E-005
   2314814.81481482       -2676767.67676768       2.843875345520121E-005
   2314814.81481482       -2424242.42424242       3.109908735590761E-005
   2314814.81481482       -2171717.17171717       3.400395112025801E-005
   2314814.81481482       -1919191.91919192       3.715741222339597E-005
   2314814.81481482       -1666666.66666667       4.055933170936966E-005
   2314814.81481482       -1414141.41414141       4.419785110831268E-005
   2314814.81481482       -1161616.16161616       4.803455319252349E-005
   2314814.81481482       -909090.909090910       5.198738021333280E-005
   2314814.81481482       -656565.656565657       5.592233159463962E-005
   2314814.81481482       -404040.404040404       5.966474878121930E-005
   2314814.81481482       -151515.151515152       6.303244910832162E-005
   2314814.81481482        101010.101010101       6.588091417723847E-005
   2314814.81481482        353535.353535354       6.814280918407531E-005
   2314814.81481482        606060.606060605       6.984492521464745E-005
   2314814.81481482        858585.858585859       7.109474459277967E-005
   2314814.81481482        1111111.11111111       7.204193977627545E-005
   2314814.81481482        1363636.36363636       7.283112374456117E-005
   2314814.81481482        1616161.61616162       7.356532642130286E-005
   2314814.81481482        1868686.86868687       7.429261765396850E-005
   2314814.81481482        2121212.12121212       7.501500371765109E-005
   2314814.81481482        2373737.37373737       7.570817322097532E-005
   2314814.81481482        2626262.62626263       7.633944057845240E-005
   2314814.81481482        2878787.87878788       7.687745948000620E-005
   2314814.81481482        3131313.13131313       7.729398694502812E-005
   2314814.81481482        3383838.38383838       7.756082799436458E-005
   2314814.81481482        3636363.63636364       7.764465985010986E-005
   2314814.81481482        3888888.88888889       7.750114363967852E-005
   2314814.81481482        4141414.14141414       7.706913005115995E-005
   2314814.81481482        4393939.39393939       7.626621553698162E-005
   2314814.81481482        4646464.64646465       7.498814785550583E-005
   2314814.81481482        4898989.89898990       7.311584541493183E-005
   2314814.81481482        5151515.15151515       7.053354168209956E-005
   2314814.81481482        5404040.40404040       6.715791152730792E-005
   2314814.81481482        5656565.65656566       6.297088341882510E-005
   2314814.81481482        5909090.90909091       5.804233488310159E-005
   2314814.81481482        6161616.16161616       5.252979727703079E-005
   2314814.81481482        6414141.41414141       4.665294686603411E-005
   2314814.81481482        6666666.66666667       4.065394583623722E-005
   2314814.81481482        6919191.91919192       3.476013123161879E-005
   2314814.81481482        7171717.17171717       2.916015260652061E-005
   2314814.81481482        7424242.42424243       2.399491664111519E-005
   2314814.81481482        7676767.67676768       1.935838616166437E-005
   2314814.81481482        7929292.92929293       1.530260496954910E-005
   2314814.81481482        8181818.18181818       1.184369386353289E-005
   2314814.81481482        8434343.43434343       8.967896832903906E-006
   2314814.81481482        8686868.68686869       6.637797883682393E-006
   2314814.81481482        8939393.93939394       4.798842929876304E-006
   2314814.81481482        9191919.19191919       3.385957898193024E-006
   2314814.81481482        9444444.44444444       2.329795482162681E-006
   2314814.81481482        9696969.69696970       1.562101185314853E-006
   2314814.81481482        9949494.94949495       1.019821687962343E-006
   2314814.81481482        10202020.2020202       6.477924424906815E-007
   2314814.81481482        10454545.4545455       4.000559299951902E-007
   2314814.81481482        10707070.7070707       2.400263002060995E-007
   2314814.81481482        10959595.9595960       1.398084168667856E-007
   2314814.81481482        11212121.2121212       7.900047424816216E-008
   2314814.81481482        11464646.4646465       4.327480212783602E-008
   2314814.81481482        11717171.7171717       2.296343287711618E-008
   2314814.81481482        11969696.9696970       1.179559609466021E-008
   2314814.81481482        12222222.2222222       5.860872957193223E-009
   2314814.81481482        12474747.4747475       2.814655720170142E-009
   2314814.81481482        12727272.7272727       1.305366667948601E-009
   2314814.81481482        12979797.9797980       5.840147357427265E-010
   2314814.81481482        13232323.2323232       2.516792177343302E-010
   2314814.81481482        13484848.4848485       1.042079062104310E-010
   2314814.81481482        13737373.7373737       4.124569631925238E-011
   2314814.81481482        13989898.9898990       1.542485282069496E-011
   2314814.81481482        14242424.2424242       5.286000796881019E-012
   2314814.81481482        14494949.4949495       1.497500152687591E-012
   2314814.81481482        14747474.7474747       1.647512919383463E-013
   2314814.81481482        15000000.0000000       0.000000000000000E+000
   2486225.89531680       -10000000.0000000       0.000000000000000E+000
   2486225.89531680       -9747474.74747475       8.830232051184189E-009
   2486225.89531680       -9494949.49494950       2.424288073444933E-008
   2486225.89531680       -9242424.24242424       5.010269514907290E-008
   2486225.89531680       -8989898.98989899       9.191332869844292E-008
   2486225.89531680       -8737373.73737374       1.572252853730240E-007
   2486225.89531680       -8484848.48484848       2.559769041814582E-007
   2486225.89531680       -8232323.23232323       4.006891150599217E-007
   2486225.89531680       -7979797.97979798       6.064163714849543E-007
   2486225.89531680       -7727272.72727273       8.903595994908621E-007
   2486225.89531680       -7474747.47474748       1.271067110644068E-006
   2486225.89531680       -7222222.22222222       1.767182549468417E-006
   2486225.89531680       -6969696.96969697       2.395737288109455E-006
   2486225.89531680       -6717171.71717172       3.170026339238538E-006
   2486225.89531680       -6464646.46464646       4.097175568134186E-006
   2486225.89531680       -6212121.21212121       5.175666234252645E-006
   2486225.89531680       -5959595.95959596       6.393396163041667E-006
   2486225.89531680       -5707070.70707071       7.727269563531221E-006
   2486225.89531680       -5454545.45454546       9.145496335517079E-006
   2486225.89531680       -5202020.20202020       1.061323363823332E-005
   2486225.89531680       -4949494.94949495       1.210072394666007E-005
   2486225.89531680       -4696969.69696970       1.359138386214395E-005
   2486225.89531680       -4444444.44444444       1.508674103592491E-005
   2486225.89531680       -4191919.19191919       1.660642893003729E-005
   2486225.89531680       -3939393.93939394       1.818376677070142E-005
   2486225.89531680       -3686868.68686869       1.985909807907562E-005
   2486225.89531680       -3434343.43434343       2.167319761077286E-005
   2486225.89531680       -3181818.18181818       2.366219527388903E-005
   2486225.89531680       -2929292.92929293       2.585455102140679E-005
   2486225.89531680       -2676767.67676768       2.827009638541982E-005
   2486225.89531680       -2424242.42424242       3.092089859620301E-005
   2486225.89531680       -2171717.17171717       3.381332647702801E-005
   2486225.89531680       -1919191.91919192       3.694989014003691E-005
   2486225.89531680       -1666666.66666667       4.032829116688682E-005
   2486225.89531680       -1414141.41414141       4.393470286883218E-005
   2486225.89531680       -1161616.16161616       4.773045256358143E-005
   2486225.89531680       -909090.909090910       5.163661021518618E-005
   2486225.89531680       -656565.656565657       5.552636721303144E-005
   2486225.89531680       -404040.404040404       5.923508565173674E-005
   2486225.89531680       -151515.151515152       6.259037972726947E-005
   2486225.89531680        101010.101010101       6.545366158153963E-005
   2486225.89531680        353535.353535354       6.775711757916115E-005
   2486225.89531680        606060.606060605       6.952045523449986E-005
   2486225.89531680        858585.858585859       7.083979534698901E-005
   2486225.89531680        1111111.11111111       7.185301341345935E-005
   2486225.89531680        1363636.36363636       7.269611785867759E-005
   2486225.89531680        1616161.61616162       7.346855979184791E-005
   2486225.89531680        1868686.86868687       7.421935483687428E-005
   2486225.89531680        2121212.12121212       7.495392395240157E-005
   2486225.89531680        2373737.37373737       7.565165910243981E-005
   2486225.89531680        2626262.62626263       7.628257157794673E-005
   2486225.89531680        2878787.87878788       7.681670534754998E-005
   2486225.89531680        3131313.13131313       7.722615516166999E-005
   2486225.89531680        3383838.38383838       7.748238176881487E-005
   2486225.89531680        3636363.63636364       7.755133194601794E-005
   2486225.89531680        3888888.88888889       7.738778195388070E-005
   2486225.89531680        4141414.14141414       7.692981049545750E-005
   2486225.89531680        4393939.39393939       7.609476959971315E-005
   2486225.89531680        4646464.64646465       7.477931299485418E-005
   2486225.89531680        4898989.89898990       7.286715756742161E-005
   2486225.89531680        5151515.15151515       7.024773684899688E-005
   2486225.89531680        5404040.40404040       6.684501195608108E-005
   2486225.89531680        5656565.65656566       6.264867580263339E-005
   2486225.89531680        5909090.90909091       5.773420845672717E-005
   2486225.89531680        6161616.16161616       5.226012876889271E-005
   2486225.89531680        6414141.41414141       4.644168780480381E-005
   2486225.89531680        6666666.66666667       4.051259820526197E-005
   2486225.89531680        6919191.91919192       3.469044988286898E-005
   2486225.89531680        7171717.17171717       2.915545017487856E-005
   2486225.89531680        7424242.42424243       2.404285635732718E-005
   2486225.89531680        7676767.67676768       1.944403837387122E-005
   2486225.89531680        7929292.92929293       1.541098595168465E-005
   2486225.89531680        8181818.18181818       1.196150724658194E-005
   2486225.89531680        8434343.43434343       9.084508345450495E-006
   2486225.89531680        8686868.68686869       6.745592936977189E-006
   2486225.89531680        8939393.93939394       4.893133901836734E-006
   2486225.89531680        9191919.19191919       3.464593531987277E-006
   2486225.89531680        9444444.44444444       2.392605882411785E-006
   2486225.89531680        9696969.69696970       1.610291300888712E-006
   2486225.89531680        9949494.94949495       1.055401255978548E-006
   2486225.89531680        10202020.2020202       6.731012657188597E-007
   2486225.89531680        10454545.4545455       4.174135092070461E-007
   2486225.89531680        10707070.7070707       2.515087295626712E-007
   2486225.89531680        10959595.9595960       1.471364898115526E-007
   2486225.89531680        11212121.2121212       8.351247519867457E-008
   2486225.89531680        11464646.4646465       4.595477020537157E-008
   2486225.89531680        11717171.7171717       2.449870904538621E-008
   2486225.89531680        11969696.9696970       1.264364567098946E-008
   2486225.89531680        12222222.2222222       6.312402391489916E-009
   2486225.89531680        12474747.4747475       3.046291194906187E-009
   2486225.89531680        12727272.7272727       1.419804278353531E-009
   2486225.89531680        12979797.9797980       6.384292851670669E-010
   2486225.89531680        13232323.2323232       2.765607142119815E-010
   2486225.89531680        13484848.4848485       1.151334024119837E-010
   2486225.89531680        13737373.7373737       4.583953448550295E-011
   2486225.89531680        13989898.9898990       1.726208238932499E-011
   2486225.89531680        14242424.2424242       5.972342679421623E-012
   2486225.89531680        14494949.4949495       1.723432946603493E-012
   2486225.89531680        14747474.7474747       2.140024691631235E-013
   2486225.89531680        15000000.0000000       0.000000000000000E+000
   2663758.80012244       -10000000.0000000       0.000000000000000E+000
   2663758.80012244       -9747474.74747475       9.079536790406780E-009
   2663758.80012244       -9494949.49494950       2.478526108492198E-008
   2663758.80012244       -9242424.24242424       5.096446313573954E-008
   2663758.80012244       -8989898.98989899       9.307815829914203E-008
   2663758.80012244       -8737373.73737374       1.585879893697488E-007
   2663758.80012244       -8484848.48484848       2.572739052806428E-007
   2663758.80012244       -8232323.23232323       4.014060214131869E-007
   2663758.80012244       -7979797.97979798       6.056777316799220E-007
   2663758.80012244       -7727272.72727273       8.868129222892628E-007
   2663758.80012244       -7474747.47474748       1.262782548638223E-006
   2663758.80012244       -7222222.22222222       1.751601059781354E-006
   2663758.80012244       -6969696.96969697       2.369712760637979E-006
   2663758.80012244       -6717171.71717172       3.130017241442556E-006
   2663758.80012244       -6464646.46464646       4.039637855173592E-006
   2663758.80012244       -6212121.21212121       5.097660850719108E-006
   2663758.80012244       -5959595.95959596       6.293331441885632E-006
   2663758.80012244       -5707070.70707071       7.605563251815150E-006
   2663758.80012244       -5454545.45454546       9.004841958133427E-006
   2663758.80012244       -5202020.20202020       1.045821471164065E-005
   2663758.80012244       -4949494.94949495       1.193679086890640E-005
   2663758.80012244       -4696969.69696970       1.342355699914994E-005
   2663758.80012244       -4444444.44444444       1.491856558197512E-005
   2663758.80012244       -4191919.19191919       1.643954110185502E-005
   2663758.80012244       -3939393.93939394       1.801807779626547E-005
   2663758.80012244       -3686868.68686869       1.969333530177335E-005
   2663758.80012244       -3434343.43434343       2.150549673329101E-005
   2663758.80012244       -3181818.18181818       2.349054480611290E-005
   2663758.80012244       -2929292.92929293       2.567701258801140E-005
   2663758.80012244       -2676767.67676768       2.808478709953265E-005
   2663758.80012244       -2424242.42424242       3.072572868812074E-005
   2663758.80012244       -2171717.17171717       3.360549099278771E-005
   2663758.80012244       -1919191.91919192       3.672519880207069E-005
   2663758.80012244       -1666666.66666667       4.008064708307596E-005
   2663758.80012244       -1414141.41414141       4.365633210692977E-005
   2663758.80012244       -1161616.16161616       4.741353306184095E-005
   2663758.80012244       -909090.909090910       5.127640337115772E-005
   2663758.80012244       -656565.656565657       5.512491839669638E-005
   2663758.80012244       -404040.404040404       5.880373543945412E-005
   2663758.80012244       -151515.151515152       6.214944819444340E-005
   2663758.80012244        101010.101010101       6.502880478590280E-005
   2663758.80012244        353535.353535354       6.737338885692568E-005
   2663758.80012244        606060.606060605       6.919621823684326E-005
   2663758.80012244        858585.858585859       7.058277960426619E-005
   2663758.80012244        1111111.11111111       7.165989355140255E-005
   2663758.80012244        1363636.36363636       7.255543773303658E-005
   2663758.80012244        1616161.61616162       7.336538319124779E-005
   2663758.80012244        1868686.86868687       7.413950491078055E-005
   2663758.80012244        2121212.12121212       7.488635041936731E-005
   2663758.80012244        2373737.37373737       7.558877000211759E-005
   2663758.80012244        2626262.62626263       7.621931754399285E-005
   2663758.80012244        2878787.87878788       7.674934192332077E-005
   2663758.80012244        3131313.13131313       7.715122058889476E-005
   2663758.80012244        3383838.38383838       7.739602063611076E-005
   2663758.80012244        3636363.63636364       7.744890999838986E-005
   2663758.80012244        3888888.88888889       7.726374559198965E-005
   2663758.80012244        4141414.14141414       7.677784289108285E-005
   2663758.80012244        4393939.39393939       7.590840594754784E-005
   2663758.80012244        4646464.64646465       7.455322831982262E-005
   2663758.80012244        4898989.89898990       7.259922283931249E-005
   2663758.80012244        5151515.15151515       6.994154039224705E-005
   2663758.80012244        5404040.40404040       6.651191836490002E-005
   2663758.80012244        5656565.65656566       6.230806081013793E-005
   2663758.80012244        5909090.90909091       5.741089025094375E-005
   2663758.80012244        6161616.16161616       5.197936569793251E-005
   2663758.80012244        6414141.41414141       4.622359247393332E-005
   2663758.80012244        6666666.66666667       4.036821301141200E-005
   2663758.80012244        6919191.91919192       3.462071885908871E-005
   2663758.80012244        7171717.17171717       2.915280125741212E-005
   2663758.80012244        7424242.42424243       2.409417474786966E-005
   2663758.80012244        7676767.67676768       1.953379154889810E-005
   2663758.80012244        7929292.92929293       1.552375664788994E-005
   2663758.80012244        8181818.18181818       1.208369921348269E-005
   2663758.80012244        8434343.43434343       9.205283884218998E-006
   2663758.80012244        8686868.68686869       6.857202776680810E-006
   2663758.80012244        8939393.93939394       4.990806971688598E-006
   2663758.80012244        9191919.19191919       3.546135856881811E-006
   2663758.80012244        9444444.44444444       2.457838546934363E-006
   2663758.80012244        9696969.69696970       1.660437845386103E-006
   2663758.80012244        9949494.94949495       1.092511216529167E-006
   2663758.80012244        10202020.2020202       6.995685170394356E-007
   2663758.80012244        10454545.4545455       4.356188884831584E-007
   2663758.80012244        10707070.7070707       2.635905718333226E-007
   2663758.80012244        10959595.9595960       1.548736761886708E-007
   2663758.80012244        11212121.2121212       8.829384652798827E-008
   2663758.80012244        11464646.4646465       4.880572860972816E-008
   2663758.80012244        11717171.7171717       2.613856680939364E-008
   2663758.80012244        11969696.9696970       1.355329255785947E-008
   2663758.80012244        12222222.2222222       6.798850749152174E-009
   2663758.80012244        12474747.4747475       3.296969227902124E-009
   2663758.80012244        12727272.7272727       1.544226280010628E-009
   2663758.80012244        12979797.9797980       6.978741193803445E-010
   2663758.80012244        13232323.2323232       3.038756338247855E-010
   2663758.80012244        13484848.4848485       1.271879448133175E-010
   2663758.80012244        13737373.7373737       5.093473424791866E-011
   2663758.80012244        13989898.9898990       1.931133497432102E-011
   2663758.80012244        14242424.2424242       6.742931595016399E-012
   2663758.80012244        14494949.4949495       1.979491931609072E-012
   2663758.80012244        14747474.7474747       2.712706833578150E-013
   2663758.80012244        15000000.0000000       0.000000000000000E+000
   2847413.52923171       -10000000.0000000       0.000000000000000E+000
   2847413.52923171       -9747474.74747475       9.303169298750701E-009
   2847413.52923171       -9494949.49494950       2.526766792974078E-008
   2847413.52923171       -9242424.24242424       5.171561326290762E-008
   2847413.52923171       -8989898.98989899       9.405526705684451E-008
   2847413.52923171       -8737373.73737374       1.596477862634948E-007
   2847413.52923171       -8484848.48484848       2.581022612589746E-007
   2847413.52923171       -8232323.23232323       4.014255796726116E-007
   2847413.52923171       -7979797.97979798       6.039389596030753E-007
   2847413.52923171       -7727272.72727273       8.818806582180324E-007
   2847413.52923171       -7474747.47474748       1.252638720725259E-006
   2847413.52923171       -7222222.22222222       1.733594714216784E-006
   2847413.52923171       -6969696.96969697       2.340600344860478E-006
   2847413.52923171       -6717171.71717172       3.086146231184429E-006
   2847413.52923171       -6464646.46464646       3.977325547741627E-006
   2847413.52923171       -6212121.21212121       5.013787918501918E-006
   2847413.52923171       -5959595.95959596       6.186085006205477E-006
   2847413.52923171       -5707070.70707071       7.475131583706803E-006
   2847413.52923171       -5454545.45454546       8.853750426968876E-006
   2847413.52923171       -5202020.20202020       1.029102280037996E-005
   2847413.52923171       -4949494.94949495       1.175911683291873E-005
   2847413.52923171       -4696969.69696970       1.324075421925165E-005
   2847413.52923171       -4444444.44444444       1.473458210331894E-005
   2847413.52923171       -4191919.19191919       1.625637275913018E-005
   2847413.52923171       -3939393.93939394       1.783587684047449E-005
   2847413.52923171       -3686868.68686869       1.951093564728369E-005
   2847413.52923171       -3434343.43434343       2.132103523456656E-005
   2847413.52923171       -3181818.18181818       2.330195180338550E-005
   2847413.52923171       -2929292.92929293       2.548227554332800E-005
   2847413.52923171       -2676767.67676768       2.788196849110765E-005
   2847413.52923171       -2424242.42424242       3.051273834115178E-005
   2847413.52923171       -2171717.17171717       3.337962443802714E-005
   2847413.52923171       -1919191.91919192       3.648253365935821E-005
   2847413.52923171       -1666666.66666667       3.981559378590291E-005
   2847413.52923171       -1414141.41414141       4.336189047367638E-005
   2847413.52923171       -1161616.16161616       4.708283239477670E-005
   2847413.52923171       -909090.909090910       5.090559515294446E-005
   2847413.52923171       -656565.656565657       5.471654673654338E-005
   2847413.52923171       -404040.404040404       5.836897272665424E-005
   2847413.52923171       -151515.151515152       6.170771265271627E-005
   2847413.52923171        101010.101010101       6.460432788537122E-005
   2847413.52923171        353535.353535354       6.698969953327276E-005
   2847413.52923171        606060.606060605       6.887051495500409E-005
   2847413.52923171        858585.858585859       7.032228170899220E-005
   2847413.52923171        1111111.11111111       7.146143531065776E-005
   2847413.52923171        1363636.36363636       7.240815411347991E-005
   2847413.52923171        1616161.61616162       7.325502136733571E-005
   2847413.52923171        1868686.86868687       7.405240015892290E-005
   2847413.52923171        2121212.12121212       7.481169495062870E-005
   2847413.52923171        2373737.37373737       7.551898139557642E-005
   2847413.52923171        2626262.62626263       7.614920714483783E-005
   2847413.52923171        2878787.87878788       7.667494292177083E-005
   2847413.52923171        3131313.13131313       7.706879593229813E-005
   2847413.52923171        3383838.38383838       7.730139393449246E-005
   2847413.52923171        3636363.63636364       7.733708456708010E-005
   2847413.52923171        3888888.88888889       7.712878325555910E-005
   2847413.52923171        4141414.14141414       7.661307105259613E-005
   2847413.52923171        4393939.39393939       7.570712909955654E-005
   2847413.52923171        4646464.64646465       7.431015767379813E-005
   2847413.52923171        4898989.89898990       7.231268694894088E-005
   2847413.52923171        5151515.15151515       6.961609380900092E-005
   2847413.52923171        5404040.40404040       6.616031726184660E-005
   2847413.52923171        5656565.65656566       6.195119632490081E-005
   2847413.52923171        5909090.90909091       5.707479063897106E-005
   2847413.52923171        6161616.16161616       5.168984732184676E-005
   2847413.52923171        6414141.41414141       4.600059237560458E-005
   2847413.52923171        6666666.66666667       4.022206102440810E-005
   2847413.52923171        6919191.91919192       3.455143534413203E-005
   2847413.52923171        7171717.17171717       2.915195828869926E-005
   2847413.52923171        7424242.42424243       2.414801231687640E-005
   2847413.52923171        7676767.67676768       1.962636007048574E-005
   2847413.52923171        7929292.92929293       1.563939923774054E-005
   2847413.52923171        8181818.18181818       1.220869110373717E-005
   2847413.52923171        8434343.43434343       9.328716527378630E-006
   2847413.52923171        8686868.68686869       6.971281083962381E-006
   2847413.52923171        8939393.93939394       5.090724293011798E-006
   2847413.52923171        9191919.19191919       3.629669568801568E-006
   2847413.52923171        9444444.44444444       2.524790145801582E-006
   2847413.52923171        9696969.69696970       1.712023508016463E-006
   2847413.52923171        9949494.94949495       1.130787005901064E-006
   2847413.52923171        10202020.2020202       7.269479789095199E-007
   2847413.52923171        10454545.4545455       4.545127719189609E-007
   2847413.52923171        10707070.7070707       2.761732023640523E-007
   2847413.52923171        10959595.9595960       1.629616402648490E-007
   2847413.52923171        11212121.2121212       9.331170479269947E-008
   2847413.52923171        11464646.4646465       5.181007554765902E-008
   2847413.52923171        11717171.7171717       2.787410640875569E-008
   2847413.52923171        11969696.9696970       1.452032080787608E-008
   2847413.52923171        12222222.2222222       7.318372188147152E-009
   2847413.52923171        12474747.4747475       3.565961719805577E-009
   2847413.52923171        12727272.7272727       1.678388493718797E-009
   2847413.52923171        12979797.9797980       7.622918177503010E-010
   2847413.52923171        13232323.2323232       3.336264029827676E-010
   2847413.52923171        13484848.4848485       1.403861024999279E-010
   2847413.52923171        13737373.7373737       5.654356718954195E-011
   2847413.52923171        13989898.9898990       2.158024695710279E-011
   2847413.52923171        14242424.2424242       7.601827564653757E-012
   2847413.52923171        14494949.4949495       2.267575535687347E-012
   2847413.52923171        14747474.7474747       3.372930558315090E-013
   2847413.52923171        15000000.0000000       0.000000000000000E+000
   3037190.08264463       -10000000.0000000       0.000000000000000E+000
   3037190.08264463       -9747474.74747475       9.494136387030795E-009
   3037190.08264463       -9494949.49494950       2.567221919580173E-008
   3037190.08264463       -9242424.24242424       5.232316169906376E-008
   3037190.08264463       -8989898.98989899       9.479154339096868E-008
   3037190.08264463       -8737373.73737374       1.603254818862295E-007
   3037190.08264463       -8484848.48484848       2.583502317258813E-007
   3037190.08264463       -8232323.23232323       4.005974786658427E-007
   3037190.08264463       -7979797.97979798       6.010070311028011E-007
   3037190.08264463       -7727272.72727273       8.753266843879577E-007
   3037190.08264463       -7474747.47474748       1.240361893235649E-006
   3037190.08264463       -7222222.22222222       1.712865480524773E-006
   3037190.08264463       -6969696.96969697       2.308099889832264E-006
   3037190.08264463       -6717171.71717172       3.038141069841573E-006
   3037190.08264463       -6464646.46464646       3.910027678429913E-006
   3037190.08264463       -6212121.21212121       4.923925332297704E-006
   3037190.08264463       -5959595.95959596       6.071632585084743E-006
   3037190.08264463       -5707070.70707071       7.336026298503858E-006
   3037190.08264463       -5454545.45454546       8.692293182228185E-006
   3037190.08264463       -5202020.20202020       1.011166976792990E-005
   3037190.08264463       -4949494.94949495       1.156757710669669E-005
   3037190.08264463       -4696969.69696970       1.304266620516072E-005
   3037190.08264463       -4444444.44444444       1.453429097250708E-005
   3037190.08264463       -4191919.19191919       1.605626435133548E-005
   3037190.08264463       -3939393.93939394       1.763639253114864E-005
   3037190.08264463       -3686868.68686869       1.931106336968662E-005
   3037190.08264463       -3434343.43434343       2.111894915412274E-005
   3037190.08264463       -3181818.18181818       2.309554658750721E-005
   3037190.08264463       -2929292.92929293       2.526947593653855E-005
   3037190.08264463       -2676767.67676768       2.766078691278637E-005
   3037190.08264463       -2424242.42424242       3.028108532362699E-005
   3037190.08264463       -2171717.17171717       3.313489444367543E-005
   3037190.08264463       -1919191.91919192       3.622106441489363E-005
   3037190.08264463       -1666666.66666667       3.953228053175644E-005
   3037190.08264463       -1414141.41414141       4.305045958295979E-005
   3037190.08264463       -1161616.16161616       4.673729012567953E-005
   3037190.08264463       -909090.909090910       5.052289625133237E-005
   3037190.08264463       -656565.656565657       5.429966848743277E-005
   3037190.08264463       -404040.404040404       5.792891444131586E-005
   3037190.08264463       -151515.151515152       6.126306866376619E-005
   3037190.08264463        101010.101010101       6.417805295940178E-005
   3037190.08264463        353535.353535354       6.660396963477343E-005
   3037190.08264463        606060.606060605       6.854150125111552E-005
   3037190.08264463        858585.858585859       7.005675951272339E-005
   3037190.08264463        1111111.11111111       7.125639050856019E-005
   3037190.08264463        1363636.36363636       7.225325813773120E-005
   3037190.08264463        1616161.61616162       7.313663951010027E-005
   3037190.08264463        1868686.86868687       7.395732805103981E-005
   3037190.08264463        2121212.12121212       7.472933506946424E-005
   3037190.08264463        2373737.37373737       7.544174307075551E-005
   3037190.08264463        2626262.62626263       7.607175232613586E-005
   3037190.08264463        2878787.87878788       7.659307628537570E-005
   3037190.08264463        3131313.13131313       7.697850238646344E-005
   3037190.08264463        3383838.38383838       7.719817850878550E-005
   3037190.08264463        3636363.63636364       7.721559936617588E-005
   3037190.08264463        3888888.88888889       7.698273143069340E-005
   3037190.08264463        4141414.14141414       7.643547263493363E-005
   3037190.08264463        4393939.39393939       7.549113624077387E-005
   3037190.08264463        4646464.64646465       7.405062708707916E-005
   3037190.08264463        4898989.89898990       7.200852943288683E-005
   3037190.08264463        5151515.15151515       6.927292914993960E-005
   3037190.08264463        5404040.40404040       6.579230475367586E-005
   3037190.08264463        5656565.65656566       6.158061163703964E-005
   3037190.08264463        5909090.90909091       5.672859137074590E-005
   3037190.08264463        6161616.16161616       5.139403849980384E-005
   3037190.08264463        6414141.41414141       4.577458398390306E-005
   3037190.08264463        6666666.66666667       4.007523443134413E-005
   3037190.08264463        6919191.91919192       3.448281247111175E-005
   3037190.08264463        7171717.17171717       2.915232858229843E-005
   3037190.08264463        7424242.42424243       2.420314286733772E-005
   3037190.08264463        7676767.67676768       1.972009941001908E-005
   3037190.08264463        7929292.92929293       1.575606357552674E-005
   3037190.08264463        8181818.18181818       1.233460868257106E-005
   3037190.08264463        8434343.43434343       9.453044558522446E-006
   3037190.08264463        8686868.68686869       7.086267583470478E-006
   3037190.08264463        8939393.93939394       5.191572572039218E-006
   3037190.08264463        9191919.19191919       3.714138766302293E-006
   3037190.08264463        9444444.44444444       2.592647286818547E-006
   3037190.08264463        9696969.69696970       1.764446909868504E-006
   3037190.08264463        9949494.94949495       1.169801504262818E-006
   3037190.08264463        10202020.2020202       7.549481670378473E-007
   3037190.08264463        10454545.4545455       4.739040681354293E-007
   3037190.08264463        10707070.7070707       2.891363565359979E-007
   3037190.08264463        10959595.9595960       1.713277991404395E-007
   3037190.08264463        11212121.2121212       9.852410688144865E-008
   3037190.08264463        11464646.4646465       5.494465282197623E-008
   3037190.08264463        11717171.7171717       2.969314556797744E-008
   3037190.08264463        11969696.9696970       1.553864885960757E-008
   3037190.08264463        12222222.2222222       7.868101961111112E-009
   3037190.08264463        12474747.4747475       3.852006442250012E-009
   3037190.08264463        12727272.7272727       1.821778298367549E-009
   3037190.08264463        12979797.9797980       8.314957799102015E-010
   3037190.08264463        13232323.2323232       3.657560157038511E-010
   3037190.08264463        13484848.4848485       1.547163563422759E-010
   3037190.08264463        13737373.7373737       6.266741585511151E-011
   3037190.08264463        13989898.9898990       2.407216261574409E-011
   3037190.08264463        14242424.2424242       8.551520172521353E-012
   3037190.08264463        14494949.4949495       2.589077007220317E-012
   3037190.08264463        14747474.7474747       4.126975198154294E-013
   3037190.08264463        15000000.0000000       0.000000000000000E+000
   3233088.46036119       -10000000.0000000       0.000000000000000E+000
   3233088.46036119       -9747474.74747475       9.645811464144634E-009
   3233088.46036119       -9494949.49494950       2.598161391878534E-008
   3233088.46036119       -9242424.24242424       5.275471202210446E-008
   3233088.46036119       -8989898.98989899       9.523440798311854E-008
   3233088.46036119       -8737373.73737374       1.605424225128055E-007
   3233088.46036119       -8484848.48484848       2.579066983251032E-007
   3233088.46036119       -8232323.23232323       3.987720598828249E-007
   3233088.46036119       -7979797.97979798       5.966892868589411E-007
   3233088.46036119       -7727272.72727273       8.669142330921382E-007
   3233088.46036119       -7474747.47474748       1.225675484495062E-006
   3233088.46036119       -7222222.22222222       1.689108722800049E-006
   3233088.46036119       -6969696.96969697       2.271899421176187E-006
   3233088.46036119       -6717171.71717172       2.985712009967764E-006
   3233088.46036119       -6464646.46464646       3.837511937437996E-006
   3233088.46036119       -6212121.21212121       4.827931235395989E-006
   3233088.46036119       -5959595.95959596       5.949940929172902E-006
   3233088.46036119       -5707070.70707071       7.188311846399582E-006
   3233088.46036119       -5454545.45454546       8.520584339140519E-006
   3233088.46036119       -5202020.20202020       9.920240937911224E-006
   3233088.46036119       -4949494.94949495       1.136214267588336E-005
   3233088.46036119       -4696969.69696970       1.282908678034615E-005
   3233088.46036119       -4444444.44444444       1.431728828689575E-005
   3233088.46036119       -4191919.19191919       1.583863516345496E-005
   3233088.46036119       -3939393.93939394       1.741891283538129E-005
   3233088.46036119       -3686868.68686869       1.909292485561844E-005
   3233088.46036119       -3434343.43434343       2.089840356018909E-005
   3233088.46036119       -3181818.18181818       2.287047902654340E-005
   3233088.46036119       -2929292.92929293       2.503776201894223E-005
   3233088.46036119       -2676767.67676768       2.742039412039057E-005
   3233088.46036119       -2424242.42424242       3.002992517362925E-005
   3233088.46036119       -2171717.17171717       3.287045677565324E-005
   3233088.46036119       -1919191.91919192       3.593993638935403E-005
   3233088.46036119       -1666666.66666667       3.922981669047995E-005
   3233088.46036119       -1414141.41414141       4.272106415613197E-005
   3233088.46036119       -1161616.16161616       4.637577378310924E-005
   3233088.46036119       -909090.909090910       5.012693603916220E-005
   3233088.46036119       -656565.656565657       5.387261718522430E-005
   3233088.46036119       -404040.404040404       5.748159932644297E-005
   3233088.46036119       -151515.151515152       6.081333892857584E-005
   3233088.46036119        101010.101010101       6.374773052964573E-005
   3233088.46036119        353535.353535354       6.621404400320234E-005
   3233088.46036119        606060.606060605       6.820725276005805E-005
   3233088.46036119        858585.858585859       6.978458914139959E-005
   3233088.46036119        1111111.11111111       7.104343389481113E-005
   3233088.46036119        1363636.36363636       7.208967353534960E-005
   3233088.46036119        1616161.61616162       7.300934681156470E-005
   3233088.46036119        1868686.86868687       7.385353059339028E-005
   3233088.46036119        2121212.12121212       7.463861187253692E-005
   3233088.46036119        2373737.37373737       7.535647687561184E-005
   3233088.46036119        2626262.62626263       7.598644649106969E-005
   3233088.46036119        2878787.87878788       7.650330310991162E-005
   3233088.46036119        3131313.13131313       7.687996961819424E-005
   3233088.46036119        3383838.38383838       7.708608012991547E-005
   3233088.46036119        3636363.63636364       7.708425450616355E-005
   3233088.46036119        3888888.88888889       7.682551965656508E-005
   3233088.46036119        4141414.14141414       7.624516604649078E-005
   3233088.46036119        4393939.39393939       7.526082411036291E-005
   3233088.46036119        4646464.64646465       7.377542773403865E-005
   3233088.46036119        4898989.89898990       7.168805577236673E-005
   3233088.46036119        5151515.15151515       6.891394081176043E-005
   3233088.46036119        5404040.40404040       6.541032843441535E-005
   3233088.46036119        5656565.65656566       6.119911427194950E-005
   3233088.46036119        5909090.90909091       5.637512075129658E-005
   3233088.46036119        6161616.16161616       5.109438591115930E-005
   3233088.46036119        6414141.41414141       4.554728415386557E-005
   3233088.46036119        6666666.66666667       3.992851886408456E-005
   3233088.46036119        6919191.91919192       3.441467966883547E-005
   3233088.46036119        7171717.17171717       2.915290719486257E-005
   3233088.46036119        7424242.42424243       2.425793672255465E-005
   3233088.46036119        7676767.67676768       1.981299369290177E-005
   3233088.46036119        7929292.92929293       1.587157170749866E-005
   3233088.46036119        8181818.18181818       1.245929658995122E-005
   3233088.46036119        8434343.43434343       9.576270157310532E-006
   3233088.46036119        8686868.68686869       7.200406943588912E-006
   3233088.46036119        8939393.93939394       5.291879732802249E-006
   3233088.46036119        9191919.19191919       3.798360238308078E-006
   3233088.46036119        9444444.44444444       2.660496220337651E-006
   3233088.46036119        9696969.69696970       1.817029098651363E-006
   3233088.46036119        9949494.94949495       1.209068972135304E-006
   3233088.46036119        10202020.2020202       7.832344218428084E-007
   3233088.46036119        10454545.4545455       4.935707771560037E-007
   3233088.46036119        10707070.7070707       3.023383158097694E-007
   3233088.46036119        10959595.9595960       1.798851620627150E-007
   3233088.46036119        11212121.2121212       1.038797647054699E-007
   3233088.46036119        11464646.4646465       5.818045725969430E-008
   3233088.46036119        11717171.7171717       3.157998117932753E-008
   3233088.46036119        11969696.9696970       1.660015497123762E-008
   3233088.46036119        12222222.2222222       8.444039256754636E-009
   3233088.46036119        12474747.4747475       4.153233835646923E-009
   3233088.46036119        12727272.7272727       1.973571671557063E-009
   3233088.46036119        12979797.9797980       9.051464210750316E-010
   3233088.46036119        13232323.2323232       4.001355391215194E-010
   3233088.46036119        13484848.4848485       1.701348763645838E-010
   3233088.46036119        13737373.7373737       6.929383251745094E-011
   3233088.46036119        13989898.9898990       2.678481786925572E-011
   3233088.46036119        14242424.2424242       9.592376112677911E-012
   3233088.46036119        14494949.4949495       2.944674093402167E-012
   3233088.46036119        14747474.7474747       4.979399705197349E-013
   3233088.46036119        15000000.0000000       0.000000000000000E+000
   3435108.66238139       -10000000.0000000       0.000000000000000E+000
   3435108.66238139       -9747474.74747475       9.752144413268172E-009
   3435108.66238139       -9494949.49494950       2.617979756957444E-008
   3435108.66238139       -9242424.24242424       5.297975452760356E-008
   3435108.66238139       -8989898.98989899       9.533390453181952E-008
   3435108.66238139       -8737373.73737374       1.602235718301228E-007
   3435108.66238139       -8484848.48484848       2.566654647521691E-007
   3435108.66238139       -8232323.23232323       3.958060747715884E-007
   3435108.66238139       -7979797.97979798       5.908008037030864E-007
   3435108.66238139       -7727272.72727273       8.564148567295567E-007
   3435108.66238139       -7474747.47474748       1.208310303599940E-006
   3435108.66238139       -7222222.22222222       1.662023964683998E-006
   3435108.66238139       -6969696.96969697       2.231685149874626E-006
   3435108.66238139       -6717171.71717172       2.928559249294185E-006
   3435108.66238139       -6464646.46464646       3.759527483912669E-006
   3435108.66238139       -6212121.21212121       4.725640389507667E-006
   3435108.66238139       -5959595.95959596       5.820957128122148E-006
   3435108.66238139       -5707070.70707071       7.032049110855106E-006
   3435108.66238139       -5454545.45454546       8.338762529665584E-006
   3435108.66238139       -5202020.20202020       9.716879961774701E-006
   3435108.66238139       -4949494.94949495       1.114287218618150E-005
   3435108.66238139       -4696969.69696970       1.259991333140368E-005
   3435108.66238139       -4444444.44444444       1.408327326058603E-005
   3435108.66238139       -4191919.19191919       1.560299452845654E-005
   3435108.66238139       -3939393.93939394       1.718279699506784E-005
   3435108.66238139       -3686868.68686869       1.885577923967439E-005
   3435108.66238139       -3434343.43434343       2.065860095310554E-005
   3435108.66238139       -3181818.18181818       2.262592460696073E-005
   3435108.66238139       -2929292.92929293       2.478629823591411E-005
   3435108.66238139       -2676767.67676768       2.715994957352808E-005
   3435108.66238139       -2424242.42424242       2.975841228413259E-005
   3435108.66238139       -2171717.17171717       3.258545587080113E-005
   3435108.66238139       -1919191.91919192       3.563827158650317E-005
   3435108.66238139       -1666666.66666667       3.890727505971924E-005
   3435108.66238139       -1414141.41414141       4.237267994199036E-005
   3435108.66238139       -1161616.16161616       4.599709391192046E-005
   3435108.66238139       -909090.909090910       4.971628655885486E-005
   3435108.66238139       -656565.656565657       5.343367676434096E-005
   3435108.66238139       -404040.404040404       5.702502837319907E-005
   3435108.66238139       -151515.151515152       6.035631749830523E-005
   3435108.66238139        101010.101010101       6.331108306072424E-005
   3435108.66238139        353535.353535354       6.581773062271291E-005
   3435108.66238139        606060.606060605       6.786579459962548E-005
   3435108.66238139        858585.858585859       6.950408449669746E-005
   3435108.66238139        1111111.11111111       7.082117303529630E-005
   3435108.66238139        1363636.36363636       7.191625921462183E-005
   3435108.66238139        1616161.61616162       7.287219472060629E-005
   3435108.66238139        1868686.86868687       7.374020076279033E-005
   3435108.66238139        2121212.12121212       7.453882617396015E-005
   3435108.66238139        2373737.37373737       7.526257323854467E-005
   3435108.66238139        2626262.62626263       7.589276160256266E-005
   3435108.66238139        2878787.87878788       7.640517541196934E-005
   3435108.66238139        3131313.13131313       7.677283431491542E-005
   3435108.66238139        3383838.38383838       7.696483297115878E-005
   3435108.66238139        3636363.63636364       7.694290695453492E-005
   3435108.66238139        3888888.88888889       7.665717166503796E-005
   3435108.66238139        4141414.14141414       7.604241110139900E-005
   3435108.66238139        4393939.39393939       7.501678636377378E-005
   3435108.66238139        4646464.64646465       7.348560467456964E-005
   3435108.66238139        4898989.89898990       7.135286925843375E-005
   3435108.66238139        5151515.15151515       6.854133050725442E-005
   3435108.66238139        5404040.40404040       6.501709717833078E-005
   3435108.66238139        5656565.65656566       6.080966302327706E-005
   3435108.66238139        5909090.90909091       5.601719847849947E-005
   3435108.66238139        6161616.16161616       5.079315231386076E-005
   3435108.66238139        6414141.41414141       4.532007477514985E-005
   3435108.66238139        6666666.66666667       3.978226582422242E-005
   3435108.66238139        6919191.91919192       3.434639221220527E-005
   3435108.66238139        7171717.17171717       2.915222445048806E-005
   3435108.66238139        7424242.42424243       2.431034088412491E-005
   3435108.66238139        7676767.67676768       1.990266010536933E-005
   3435108.66238139        7929292.92929293       1.598343769606829E-005
   3435108.66238139        8181818.18181818       1.258034589807759E-005
   3435108.66238139        8434343.43434343       9.696188856921460E-006
   3435108.66238139        8686868.68686869       7.311776254750933E-006
   3435108.66238139        8939393.93939394       5.390038258378073E-006
   3435108.66238139        9191919.19191919       3.881041847212686E-006
   3435108.66238139        9444444.44444444       2.727336362620865E-006
   3435108.66238139        9696969.69696970       1.869022850907843E-006
   3435108.66238139        9949494.94949495       1.248051006839785E-006
   3435108.66238139        10202020.2020202       8.114324171718700E-007
   3435108.66238139        10454545.4545455       5.132618429724038E-007
   3435108.66238139        10707070.7070707       3.156167300146939E-007
   3435108.66238139        10959595.9595960       1.885325732930977E-007
   3435108.66238139        11212121.2121212       1.093180052026923E-007
   3435108.66238139        11464646.4646465       6.148249437452838E-008
   3435108.66238139        11717171.7171717       3.351522921100856E-008
   3435108.66238139        11969696.9696970       1.769454317474663E-008
   3435108.66238139        12222222.2222222       9.040949610569257E-009
   3435108.66238139        12474747.4747475       4.467102473505144E-009
   3435108.66238139        12727272.7272727       2.132593639815519E-009
   3435108.66238139        12979797.9797980       9.827284705980168E-010
   3435108.66238139        13232323.2323232       4.365518343093606E-010
   3435108.66238139        13484848.4848485       1.865592414702113E-010
   3435108.66238139        13737373.7373737       7.639349799019005E-011
   3435108.66238139        13989898.9898990       2.970894836042752E-011
   3435108.66238139        14242424.2424242       1.072204246680322E-011
   3435108.66238139        14494949.4949495       3.334097161213166E-012
   3435108.66238139        14747474.7474747       5.932332640247831E-013
   3435108.66238139        15000000.0000000       0.000000000000000E+000
   3643250.68870523       -10000000.0000000       0.000000000000000E+000
   3643250.68870523       -9747474.74747475       9.807850445415077E-009
   3643250.68870523       -9494949.49494950       2.625258920473907E-008
   3643250.68870523       -9242424.24242424       5.297096325537653E-008
   3643250.68870523       -8989898.98989899       9.504486251438125E-008
   3643250.68870523       -8737373.73737374       1.593007513049081E-007
   3643250.68870523       -8484848.48484848       2.545298302447856E-007
   3643250.68870523       -8232323.23232323       3.915688681280029E-007
   3643250.68870523       -7979797.97979798       5.831724262322158E-007
   3643250.68870523       -7727272.72727273       8.436184184682315E-007
   3643250.68870523       -7474747.47474748       1.188016363726226E-006
   3643250.68870523       -7222222.22222222       1.631327993828180E-006
   3643250.68870523       -6969696.96969697       2.187154787627811E-006
   3643250.68870523       -6717171.71717172       2.866384731600355E-006
   3643250.68870523       -6464646.46464646       3.675812947906575E-006
   3643250.68870523       -6212121.21212121       4.616865974514171E-006
   3643250.68870523       -5959595.95959596       5.684602580370520E-006
   3643250.68870523       -5707070.70707071       6.867281837359350E-006
   3643250.68870523       -5454545.45454546       8.146972708928581E-006
   3643250.68870523       -5202020.20202020       9.501771000137551E-006
   3643250.68870523       -4949494.94949495       1.090989960203416E-005
   3643250.68870523       -4696969.69696970       1.235514284019221E-005
   3643250.68870523       -4444444.44444444       1.383205228018632E-005
   3643250.68870523       -4191919.19191919       1.534895115461052E-005
   3643250.68870523       -3939393.93939394       1.692748677911826E-005
   3643250.68870523       -3686868.68686869       1.859894904571403E-005
   3643250.68870523       -3434343.43434343       2.039878999336626E-005
   3643250.68870523       -3181818.18181818       2.236109091292030E-005
   3643250.68870523       -2929292.92929293       2.451426965075663E-005
   3643250.68870523       -2676767.67676768       2.687862321070275E-005
   3643250.68870523       -2424242.42424242       2.946570151638256E-005
   3643250.68870523       -2171717.17171717       3.227902587125913E-005
   3643250.68870523       -1919191.91919192       3.531516992915258E-005
   3643250.68870523       -1666666.66666667       3.856369435684062E-005
   3643250.68870523       -1414141.41414141       4.200423868130364E-005
   3643250.68870523       -1161616.16161616       4.560001250982512E-005
   3643250.68870523       -909090.909090910       4.928947472709239E-005
   3643250.68870523       -656565.656565657       5.298109687533834E-005
   3643250.68870523       -404040.404040404       5.655718184419884E-005
   3643250.68870523       -151515.151515152       5.988978682475544E-005
   3643250.68870523        101010.101010101       6.286582047212122E-005
   3643250.68870523        353535.353535354       6.541281325409677E-005
   3643250.68870523        606060.606060605       6.751511005232113E-005
   3643250.68870523        858585.858585859       6.921350139029352E-005
   3643250.68870523        1111111.11111111       7.058814810032886E-005
   3643250.68870523        1363636.36363636       7.173180576056766E-005
   3643250.68870523        1616161.61616162       7.272417166183773E-005
   3643250.68870523        1868686.86868687       7.361647680010875E-005
   3643250.68870523        2121212.12121212       7.442923317784890E-005
   3643250.68870523        2373737.37373737       7.515938648473227E-005
   3643250.68870523        2626262.62626263       7.579014411066846E-005
   3643250.68870523        2878787.87878788       7.629823256054110E-005
   3643250.68870523        3131313.13131313       7.665673702607105E-005
   3643250.68870523        3383838.38383838       7.683419672580682E-005
   3643250.68870523        3636363.63636364       7.679146757579437E-005
   3643250.68870523        3888888.88888889       7.647780142097035E-005
   3643250.68870523        4141414.14141414       7.582760199293108E-005
   3643250.68870523        4393939.39393939       7.475979947389051E-005
   3643250.68870523        4646464.64646465       7.318242902157977E-005
   3643250.68870523        4898989.89898990       7.100482023983405E-005
   3643250.68870523        5151515.15151515       6.815752394452628E-005
   3643250.68870523        5404040.40404040       6.461545950956449E-005
   3643250.68870523        5656565.65656566       6.041521118189554E-005
   3643250.68870523        5909090.90909091       5.565745791866275E-005
   3643250.68870523        6161616.16161616       5.049223976277260E-005
   3643250.68870523        6414141.41414141       4.509384914780210E-005
   3643250.68870523        6666666.66666667       3.963627765737503E-005
   3643250.68870523        6919191.91919192       3.427676029735804E-005
   3643250.68870523        7171717.17171717       2.914831584087290E-005
   3643250.68870523        7424242.42424243       2.435788117107999E-005
   3643250.68870523        7676767.67676768       1.998637292061698E-005
   3643250.68870523        7929292.92929293       1.608890387105793E-005
   3643250.68870523        8181818.18181818       1.269513484769320E-005
   3643250.68870523        8434343.43434343       9.810429290926177E-006
   3643250.68870523        8686868.68686869       7.418320418003617E-006
   3643250.68870523        8939393.93939394       5.484334568759082E-006
   3643250.68870523        9191919.19191919       3.960805503872645E-006
   3643250.68870523        9444444.44444444       2.792097300750159E-006
   3643250.68870523        9696969.69696970       1.919624595899439E-006
   3643250.68870523        9949494.94949495       1.286164448123191E-006
   3643250.68870523        10202020.2020202       8.391330902115978E-007
   3643250.68870523        10454545.4545455       5.327000156804721E-007
   3643250.68870523        10707070.7070707       3.287901343450773E-007
   3643250.68870523        10959595.9595960       1.971554158091397E-007
   3643250.68870523        11212121.2121212       1.147690238376193E-007
   3643250.68870523        11464646.4646465       6.480981085353221E-008
   3643250.68870523        11717171.7171717       3.547576849965816E-008
   3643250.68870523        11969696.9696970       1.880926656511293E-008
   3643250.68870523        12222222.2222222       9.652297251380305E-009
   3643250.68870523        12474747.4747475       4.790349230427083E-009
   3643250.68870523        12727272.7272727       2.297285467241920E-009
   3643250.68870523        12979797.9797980       1.063531113739344E-009
   3643250.68870523        13232323.2323232       4.746963549054211E-010
   3643250.68870523        13484848.4848485       2.038625067970517E-010
   3643250.68870523        13737373.7373737       8.391726076150508E-011
   3643250.68870523        13989898.9898990       3.282689753309957E-011
   3643250.68870523        14242424.2424242       1.193483539410712E-011
   3643250.68870523        14494949.4949495       3.755886306833436E-012
   3643250.68870523        14747474.7474747       6.984709720299436E-013
   3643250.68870523        15000000.0000000       0.000000000000000E+000
   3857514.53933272       -10000000.0000000       0.000000000000000E+000
   3857514.53933272       -9747474.74747475       9.808578459028406E-009
   3857514.53933272       -9494949.49494950       2.618823670782423E-008
   3857514.53933272       -9242424.24242424       5.270540443743979E-008
   3857514.53933272       -8989898.98989899       9.432899382064426E-008
   3857514.53933272       -8737373.73737374       1.577158537358065E-007
   3857514.53933272       -8484848.48484848       2.514171834975746E-007
   3857514.53933272       -8232323.23232323       3.859486553247670E-007
   3857514.53933272       -7979797.97979798       5.736590348928591E-007
   3857514.53933272       -7727272.72727273       8.283435954538266E-007
   3857514.53933272       -7474747.47474748       1.164575697140701E-006
   3857514.53933272       -7222222.22222222       1.596769748387119E-006
   3857514.53933272       -6969696.96969697       2.138033755308311E-006
   3857514.53933272       -6717171.71717172       2.798908222951443E-006
   3857514.53933272       -6464646.46464646       3.586110130743377E-006
   3857514.53933272       -6212121.21212121       4.501408112186443E-006
   3857514.53933272       -5959595.95959596       5.540773750118476E-006
   3857514.53933272       -5707070.70707071       6.694028523579847E-006
   3857514.53933272       -5454545.45454546       7.945350789666496E-006
   3857514.53933272       -5202020.20202020       9.275120563352996E-006
   3857514.53933272       -4949494.94949495       1.066341897659269E-005
   3857514.53933272       -4696969.69696970       1.209486394513280E-005
   3857514.53933272       -4444444.44444444       1.356353939531303E-005
   3857514.53933272       -4191919.19191919       1.507622011238846E-005
   3857514.53933272       -3939393.93939394       1.665251666232980E-005
   3857514.53933272       -3686868.68686869       1.832183063372811E-005
   3857514.53933272       -3434343.43434343       2.011827448853941E-005
   3857514.53933272       -3181818.18181818       2.207522454897509E-005
   3857514.53933272       -2929292.92929293       2.422088689210296E-005
   3857514.53933272       -2676767.67676768       2.657559881717240E-005
   3857514.53933272       -2424242.42424242       2.915095048017652E-005
   3857514.53933272       -2171717.17171717       3.195029235031681E-005
   3857514.53933272       -1919191.91919192       3.496971102987695E-005
   3857514.53933272       -1666666.66666667       3.819808169337590E-005
   3857514.53933272       -1414141.41414141       4.161463185345663E-005
   3857514.53933272       -1161616.16161616       4.518324823224537E-005
   3857514.53933272       -909090.909090910       4.884498856275864E-005
   3857514.53933272       -656565.656565657       5.251309915526868E-005
   3857514.53933272       -404040.404040404       5.607602449278400E-005
   3857514.53933272       -151515.151515152       5.941152121618956E-005
   3857514.53933272        101010.101010101       6.240964166325121E-005
   3857514.53933272        353535.353535354       6.499705115025434E-005
   3857514.53933272        606060.606060605       6.715313852404167E-005
   3857514.53933272        858585.858585859       6.891103366634444E-005
   3857514.53933272        1111111.11111111       7.034282620792091E-005
   3857514.53933272        1363636.36363636       7.153502845365644E-005
   3857514.53933272        1616161.61616162       7.256419551522744E-005
   3857514.53933272        1868686.86868687       7.348143491898978E-005
   3857514.53933272        2121212.12121212       7.430903585703003E-005
   3857514.53933272        2373737.37373737       7.504622894435020E-005
   3857514.53933272        2626262.62626263       7.567800960980760E-005
   3857514.53933272        2878787.87878788       7.618199621373249E-005
   3857514.53933272        3131313.13131313       7.653131706349341E-005
   3857514.53933272        3383838.38383838       7.669395101743968E-005
   3857514.53933272        3636363.63636364       7.662989422548764E-005
   3857514.53933272        3888888.88888889       7.628760328900448E-005
   3857514.53933272        4141414.14141414       7.560125151583230E-005
   3857514.53933272        4393939.39393939       7.449079585237260E-005
   3857514.53933272        4646464.64646465       7.286735225625595E-005
   3857514.53933272        4898989.89898990       7.064593219461491E-005
   3857514.53933272        5151515.15151515       6.776506049094563E-005
   3857514.53933272        5404040.40404040       6.420825495409391E-005
   3857514.53933272        5656565.65656566       6.001852837348975E-005
   3857514.53933272        5909090.90909091       5.529815805910835E-005
   3857514.53933272        6161616.16161616       5.019301643747604E-005
   3857514.53933272        6414141.41414141       4.486887498296286E-005
   3857514.53933272        6666666.66666667       3.948971818179130E-005
   3857514.53933272        6919191.91919192       3.420400766091663E-005
   3857514.53933272        7171717.17171717       2.913872088910500E-005
   3857514.53933272        7424242.42424243       2.439768987684624E-005
   3857514.53933272        7676767.67676768       2.006110837895244E-005
   3857514.53933272        7929292.92929293       1.618499325441608E-005
   3857514.53933272        8181818.18181818       1.280088171897837E-005
   3857514.53933272        8434343.43434343       9.916501905925459E-006
   3857514.53933272        8686868.68686869       7.517894164815367E-006
   3857514.53933272        8939393.93939394       5.572983370870301E-006
   3857514.53933272        9191919.19191919       4.036213943700188E-006
   3857514.53933272        9444444.44444444       2.853658751770035E-006
   3857514.53933272        9696969.69696970       1.967988651270834E-006
   3857514.53933272        9949494.94949495       1.322791082489690E-006
   3857514.53933272        10202020.2020202       8.658989464155394E-007
   3857514.53933272        10454545.4545455       5.515857365534888E-007
   3857514.53933272        10707070.7070707       3.416602018524466E-007
   3857514.53933272        10959595.9595960       2.056268236635937E-007
   3857514.53933272        11212121.2121212       1.201544753471767E-007
   3857514.53933272        11464646.4646465       6.811574088883367E-008
   3857514.53933272        11717171.7171717       3.743481397335430E-008
   3857514.53933272        11969696.9696970       1.992952522915784E-008
   3857514.53933272        12222222.2222222       1.027021837860808E-008
   3857514.53933272        12474747.4747475       5.118960743960019E-009
   3857514.53933272        12727272.7272727       2.465682321512427E-009
   3857514.53933272        12979797.9797980       1.146632988449065E-009
   3857514.53933272        13232323.2323232       5.141560511434088E-010
   3857514.53933272        13484848.4848485       2.218681170584219E-010
   3857514.53933272        13737373.7373737       9.179348571781759E-011
   3857514.53933272        13989898.9898990       3.611132446273663E-011
   3857514.53933272        14242424.2424242       1.322115490943945E-011
   3857514.53933272        14494949.4949495       4.207152495466579E-012
   3857514.53933272        14747474.7474747       8.131502309790488E-013
   3857514.53933272        15000000.0000000       0.000000000000000E+000
   4077900.21426385       -10000000.0000000       0.000000000000000E+000
   4077900.21426385       -9747474.74747475       9.751061120305205E-009
   4077900.21426385       -9494949.49494950       2.597787842910092E-008
   4077900.21426385       -9242424.24242424       5.216557897230411E-008
   4077900.21426385       -8989898.98989899       9.315678001673011E-008
   4077900.21426385       -8737373.73737374       1.554238199137203E-007
   4077900.21426385       -8484848.48484848       2.472633314839050E-007
   4077900.21426385       -8232323.23232323       3.788585132619301E-007
   4077900.21426385       -7979797.97979798       5.621475527432902E-007
   4077900.21426385       -7727272.72727273       8.104482618592029E-007
   4077900.21426385       -7474747.47474748       1.137815405808892E-006
   4077900.21426385       -7222222.22222222       1.558146124760314E-006
   4077900.21426385       -6969696.96969697       2.084093428768632E-006
   4077900.21426385       -6717171.71717172       2.725886995431796E-006
   4077900.21426385       -6464646.46464646       3.490183192111315E-006
   4077900.21426385       -6212121.21212121       4.379069664998726E-006
   4077900.21426385       -5959595.95959596       5.389351249217372E-006
   4077900.21426385       -5707070.70707071       6.512282264643568E-006
   4077900.21426385       -5454545.45454546       7.734014155498241E-006
   4077900.21426385       -5202020.20202020       9.037141939654542E-006
   4077900.21426385       -4949494.94949495       1.040366849158289E-005
   4077900.21426385       -4696969.69696970       1.181924614139541E-005
   4077900.21426385       -4444444.44444444       1.327775347994521E-005
   4077900.21426385       -4191919.19191919       1.478462726187491E-005
   4077900.21426385       -3939393.93939394       1.635752263073750E-005
   4077900.21426385       -3686868.68686869       1.802390426016690E-005
   4077900.21426385       -3434343.43434343       1.981642258701941E-005
   4077900.21426385       -3181818.18181818       2.176761855538914E-005
   4077900.21426385       -2929292.92929293       2.390539172698544E-005
   4077900.21426385       -2676767.67676768       2.625007810602136E-005
   4077900.21426385       -2424242.42424242       2.881332260563427E-005
   4077900.21426385       -2171717.17171717       3.159837487447443E-005
   4077900.21426385       -1919191.91919192       3.460095673303406E-005
   4077900.21426385       -1666666.66666667       3.780941552963234E-005
   4077900.21426385       -1414141.41414141       4.120271426963259E-005
   4077900.21426385       -1161616.16161616       4.474548042917177E-005
   4077900.21426385       -909090.909090910       4.838128095768490E-005
   4077900.21426385       -656565.656565657       5.202787971555883E-005
   4077900.21426385       -404040.404040404       5.557950591053387E-005
   4077900.21426385       -151515.151515152       5.891928476484223E-005
   4077900.21426385        101010.101010101       6.194023036604377E-005
   4077900.21426385        353535.353535354       6.456817344875830E-005
   4077900.21426385        606060.606060605       6.677776892426604E-005
   4077900.21426385        858585.858585859       6.859480570513256E-005
   4077900.21426385        1111111.11111111       7.008359309226658E-005
   4077900.21426385        1363636.36363636       7.132455834641310E-005
   4077900.21426385        1616161.61616162       7.239110459986992E-005
   4077900.21426385        1868686.86868687       7.333408072739193E-005
   4077900.21426385        2121212.12121212       7.417737710898653E-005
   4077900.21426385        2373737.37373737       7.492236381446170E-005
   4077900.21426385        2626262.62626263       7.555573613215910E-005
   4077900.21426385        2878787.87878788       7.605596362818010E-005
   4077900.21426385        3131313.13131313       7.639620528288618E-005
   4077900.21426385        3383838.38383838       7.654388685681477E-005
   4077900.21426385        3636363.63636364       7.645818055437933E-005
   4077900.21426385        3888888.88888889       7.608683586933344E-005
   4077900.21426385        4141414.14141414       7.536396601413043E-005
   4077900.21426385        4393939.39393939       7.421082380878156E-005
   4077900.21426385        4646464.64646465       7.254194295460080E-005
   4077900.21426385        4898989.89898990       7.027830644820710E-005
   4077900.21426385        5151515.15151515       6.736646044355997E-005
   4077900.21426385        5404040.40404040       6.379814692576534E-005
   4077900.21426385        5656565.65656566       5.962201380610956E-005
   4077900.21426385        5909090.90909091       5.494100117924212E-005
   4077900.21426385        6161616.16161616       4.989616418050841E-005
   4077900.21426385        6414141.41414141       4.464468966829527E-005
   4077900.21426385        6666666.66666667       3.934106124420412E-005
   4077900.21426385        6919191.91919192       3.412576786427433E-005
   4077900.21426385        7171717.17171717       2.912051519853390E-005
   4077900.21426385        7424242.42424243       2.442656013554244E-005
   4077900.21426385        7676767.67676768       2.012360962890137E-005
   4077900.21426385        7929292.92929293       1.626857631111120E-005
   4077900.21426385        8181818.18181818       1.289470762716083E-005
   4077900.21426385        8434343.43434343       1.001185450948398E-005
   4077900.21426385        8686868.68686869       7.608308892555658E-006
   4077900.21426385        8939393.93939394       5.654165567644033E-006
   4077900.21426385        9191919.19191919       4.105800287520649E-006
   4077900.21426385        9444444.44444444       2.910872800694583E-006
   4077900.21426385        9696969.69696970       2.013243360820964E-006
   4077900.21426385        9949494.94949495       1.357288926811778E-006
   4077900.21426385        10202020.2020202       8.912716451101791E-007
   4077900.21426385        10454545.4545455       5.696020261239340E-007
   4077900.21426385        10707070.7070707       3.540147499280513E-007
   4077900.21426385        10959595.9595960       2.138094366395104E-007
   4077900.21426385        11212121.2121212       1.253884370690856E-007
   4077900.21426385        11464646.4646465       7.134839682997309E-008
   4077900.21426385        11717171.7171717       3.936214270558503E-008
   4077900.21426385        11969696.9696970       2.103835532294668E-008
   4077900.21426385        12222222.2222222       1.088554623510339E-008
   4077900.21426385        12474747.4747475       5.448172895523775E-009
   4077900.21426385        12727272.7272727       2.635405351078564E-009
   4077900.21426385        12979797.9797980       1.230894217643100E-009
   4077900.21426385        13232323.2323232       5.544075263363508E-010
   4077900.21426385        13484848.4848485       2.403462388612025E-010
   4077900.21426385        13737373.7373737       9.992598410258209E-011
   4077900.21426385        13989898.9898990       3.952413330230515E-011
   4077900.21426385        14242424.2424242       1.456697697826595E-011
   4077900.21426385        14494949.4949495       4.683362236968940E-012
   4077900.21426385        14747474.7474747       9.362994815367282E-013
   4077900.21426385        15000000.0000000       0.000000000000000E+000
   4304407.71349862       -10000000.0000000       0.000000000000000E+000
   4304407.71349862       -9747474.74747475       9.633246385452486E-009
   4304407.71349862       -9494949.49494950       2.561590167569806E-008
   4304407.71349862       -9242424.24242424       5.134024161591748E-008
   4304407.71349862       -8989898.98989899       9.150902088086853E-008
   4304407.71349862       -8737373.73737374       1.523951701925099E-007
   4304407.71349862       -8484848.48484848       2.420262695957706E-007
   4304407.71349862       -8232323.23232323       3.702416879187692E-007
   4304407.71349862       -7979797.97979798       5.485641605000357E-007
   4304407.71349862       -7727272.72727273       7.898390532233525E-007
   4304407.71349862       -7474747.47474748       1.107620051600843E-006
   4304407.71349862       -7222222.22222222       1.515317607378447E-006
   4304407.71349862       -6969696.96969697       2.025170165745599E-006
   4304407.71349862       -6717171.71717172       2.647137839927969E-006
   4304407.71349862       -6464646.46464646       3.387842277440745E-006
   4304407.71349862       -6212121.21212121       4.249678859888415E-006
   4304407.71349862       -5959595.95959596       5.230217770614823E-006
   4304407.71349862       -5707070.70707071       6.322020261571883E-006
   4304407.71349862       -5454545.45454546       7.513060763160745E-006
   4304407.71349862       -5202020.20202020       8.788045316274565E-006
   4304407.71349862       -4949494.94949495       1.013091648085501E-005
   4304407.71349862       -4696969.69696970       1.152852789075066E-005
   4304407.71349862       -4444444.44444444       1.297481283227394E-005
   4304407.71349862       -4191919.19191919       1.447411121704548E-005
   4304407.71349862       -3939393.93939394       1.604224945526303E-005
   4304407.71349862       -3686868.68686869       1.770474361131315E-005
   4304407.71349862       -3434343.43434343       1.949267614744707E-005
   4304407.71349862       -3181818.18181818       2.143762037964630E-005
   4304407.71349862       -2929292.92929293       2.356706337311937E-005
   4304407.71349862       -2676767.67676768       2.590128563826709E-005
   4304407.71349862       -2424242.42424242       2.845199112459861E-005
   4304407.71349862       -2171717.17171717       3.122239051492695E-005
   4304407.71349862       -1919191.91919192       3.420795457362629E-005
   4304407.71349862       -1666666.66666667       3.739664937962151E-005
   4304407.71349862       -1414141.41414141       4.076730807131433E-005
   4304407.71349862       -1161616.16161616       4.428535308482276E-005
   4304407.71349862       -909090.909090910       4.789677279577035E-005
   4304407.71349862       -656565.656565657       5.152361051450889E-005
   4304407.71349862       -404040.404040404       5.506555947611348E-005
   4304407.71349862       -151515.151515152       5.841082775915526E-005
   4304407.71349862        101010.101010101       6.145524945433836E-005
   4304407.71349862        353535.353535354       6.412387202484988E-005
   4304407.71349862        606060.606060605       6.638683154297167E-005
   4304407.71349862        858585.858585859       6.826286351097218E-005
   4304407.71349862        1111111.11111111       6.980874347603567E-005
   4304407.71349862        1363636.36363636       7.109893214088719E-005
   4304407.71349862        1616161.61616162       7.220364749404517E-005
   4304407.71349862        1868686.86868687       7.317333946518144E-005
   4304407.71349862        2121212.12121212       7.403333067801877E-005
   4304407.71349862        2373737.37373737       7.478699671039977E-005
   4304407.71349862        2626262.62626263       7.542265598933440E-005
   4304407.71349862        2878787.87878788       7.591959924215861E-005
   4304407.71349862        3131313.13131313       7.625101463984730E-005
   4304407.71349862        3383838.38383838       7.638379503320385E-005
   4304407.71349862        3636363.63636364       7.627634041958747E-005
   4304407.71349862        3888888.88888889       7.587579946718730E-005
   4304407.71349862        4141414.14141414       7.511641125444381E-005
   4304407.71349862        4393939.39393939       7.392099516363739E-005
   4304407.71349862        4646464.64646465       7.220780807119494E-005
   4304407.71349862        4898989.89898990       6.990401008795737E-005
   4304407.71349862        5151515.15151515       6.696407805414285E-005
   4304407.71349862        5404040.40404040       6.338744960961630E-005
   4304407.71349862        5656565.65656566       5.922751723896038E-005
   4304407.71349862        5909090.90909091       5.458697449498607E-005
   4304407.71349862        6161616.16161616       4.960156417520161E-005
   4304407.71349862        6414141.41414141       4.442004187411112E-005
   4304407.71349862        6666666.66666667       3.918808654484741E-005
   4304407.71349862        6919191.91919192       3.403912282712428E-005
   4304407.71349862        7171717.17171717       2.909037645078225E-005
   4304407.71349862        7424242.42424243       2.444102524727354E-005
   4304407.71349862        7676767.67676768       2.017046868157472E-005
   4304407.71349862        7929292.92929293       1.633644859168289E-005
   4304407.71349862        8181818.18181818       1.297370599299119E-005
   4304407.71349862        8434343.43434343       1.009393188104488E-005
   4304407.71349862        8686868.68686869       7.687382120438205E-006
   4304407.71349862        8939393.93939394       5.726068090992928E-006
   4304407.71349862        9191919.19191919       4.168099235610684E-006
   4304407.71349862        9444444.44444444       2.962587651334002E-006
   4304407.71349862        9696969.69696970       2.054508656665194E-006
   4304407.71349862        9949494.94949495       1.389004816880846E-006
   4304407.71349862        10202020.2020202       9.147807264837519E-007
   4304407.71349862        10454545.4545455       5.864203195691497E-007
   4304407.71349862        10707070.7070707       3.656314922184331E-007
   4304407.71349862        10959595.9595960       2.215577116160798E-007
   4304407.71349862        11212121.2121212       1.303787674262860E-007
   4304407.71349862        11464646.4646465       7.445142675821387E-008
   4304407.71349862        11717171.7171717       4.122449172058451E-008
   4304407.71349862        11969696.9696970       2.211682348798809E-008
   4304407.71349862        12222222.2222222       1.148789777901306E-008
   4304407.71349862        12474747.4747475       5.772504634722509E-009
   4304407.71349862        12727272.7272727       2.803672011732793E-009
   4304407.71349862        12979797.9797980       1.314957677805684E-009
   4304407.71349862        13232323.2323232       5.948156411264650E-010
   4304407.71349862        13484848.4848485       2.590121276401203E-010
   4304407.71349862        13737373.7373737       1.081928253325772E-010
   4304407.71349862        13989898.9898990       4.301576311584889E-011
   4304407.71349862        14242424.2424242       1.595348286560420E-011
   4304407.71349862        14494949.4949495       5.178169178993128E-012
   4304407.71349862        14747474.7474747       1.066418207869027E-012
   4304407.71349862        15000000.0000000       0.000000000000000E+000
   4537037.03703704       -10000000.0000000       0.000000000000000E+000
   4537037.03703704       -9747474.74747475       9.454404862773512E-009
   4537037.03703704       -9494949.49494950       2.510019628583432E-008
   4537037.03703704       -9242424.24242424       5.022496549881136E-008
   4537037.03703704       -8989898.98989899       8.937794727445972E-008
   4537037.03703704       -8737373.73737374       1.486179107838981E-007
   4537037.03703704       -8484848.48484848       2.356891219574359E-007
   4537037.03703704       -8232323.23232323       3.600758417807099E-007
   4537037.03703704       -7979797.97979798       5.328802071111232E-007
   4537037.03703704       -7727272.72727273       7.664794170381228E-007
   4537037.03703704       -7474747.47474748       1.073942452738250E-006
   4537037.03703704       -7222222.22222222       1.468222497048597E-006
   4537037.03703704       -6969696.96969697       1.961183580354556E-006
   4537037.03703704       -6717171.71717172       2.562559621667160E-006
   4537037.03703704       -6464646.46464646       3.278969736388940E-006
   4537037.03703704       -6212121.21212121       4.113117183028406E-006
   4537037.03703704       -5959595.95959596       5.063284099028938E-006
   4537037.03703704       -5707070.70707071       6.123223436065594E-006
   4537037.03703704       -5454545.45454546       7.282578614378853E-006
   4537037.03703704       -5202020.20202020       8.528036320717145E-006
   4537037.03703704       -4949494.94949495       9.845452317467271E-006
   4537037.03703704       -4696969.69696970       1.122300589435518E-005
   4537037.03703704       -4444444.44444444       1.265492848999039E-005
   4537037.03703704       -4191919.19191919       1.414472330075674E-005
   4537037.03703704       -3939393.93939394       1.570655645895616E-005
   4537037.03703704       -3686868.68686869       1.736402474165723E-005
   4537037.03703704       -3434343.43434343       1.914656027874269E-005
   4537037.03703704       -3181818.18181818       2.108464048147967E-005
   4537037.03703704       -2929292.92929293       2.320522567486317E-005
   4537037.03703704       -2676767.67676768       2.552847471548602E-005
   4537037.03703704       -2424242.42424242       2.806614408118643E-005
   4537037.03703704       -2171717.17171717       3.082145840971865E-005
   4537037.03703704       -1919191.91919192       3.378974225402171E-005
   4537037.03703704       -1666666.66666667       3.695871641484400E-005
   4537037.03703704       -1414141.41414141       4.030720741138354E-005
   4537037.03703704       -1161616.16161616       4.380147916836712E-005
   4537037.03703704       -909090.909090910       4.738985625006269E-005
   4537037.03703704       -656565.656565657       5.099844080411472E-005
   4537037.03703704       -404040.404040404       5.453210141800948E-005
   4537037.03703704       -151515.151515152       5.788388330426711E-005
   4537037.03703704        101010.101010101       6.095233548066041E-005
   4537037.03703704        353535.353535354       6.366179444169648E-005
   4537037.03703704        606060.606060605       6.597808977283699E-005
   4537037.03703704        858585.858585859       6.791316535791285E-005
   4537037.03703704        1111111.11111111       6.951647074633532E-005
   4537037.03703704        1363636.36363636       7.085658116651342E-005
   4537037.03703704        1616161.61616162       7.200047179257762E-005
   4537037.03703704        1868686.86868687       7.299804504893131E-005
   4537037.03703704        2121212.12121212       7.387589078318022E-005
   4537037.03703704        2373737.37373737       7.463926582757633E-005
   4537037.03703704        2626262.62626263       7.527804608434499E-005
   4537037.03703704        2878787.87878788       7.577232447115655E-005
   4537037.03703704        3131313.13131313       7.609532849478650E-005
   4537037.03703704        3383838.38383838       7.621345148250198E-005
   4537037.03703704        3636363.63636364       7.608438808021475E-005
   4537037.03703704        3888888.88888889       7.565480765315973E-005
   4537037.03703704        4141414.14141414       7.485927025652801E-005
   4537037.03703704        4393939.39393939       7.362242266744009E-005
   4537037.03703704        4646464.64646465       7.186650292101633E-005
   4537037.03703704        4898989.89898990       6.952495430588534E-005
   4537037.03703704        5151515.15151515       6.655995155939287E-005
   4537037.03703704        5404040.40404040       6.297796416774467E-005
   4537037.03703704        5656565.65656566       5.883618568488167E-005
   4537037.03703704        5909090.90909091       5.423623378785558E-005
   4537037.03703704        6161616.16161616       4.930823577750438E-005
   4537037.03703704        6414141.41414141       4.419288944814796E-005
   4537037.03703704        6666666.66666667       3.902792712594443E-005
   4537037.03703704        6919191.91919192       3.394068334556094E-005
   4537037.03703704        7171717.17171717       2.904468100561307E-005
   4537037.03703704        7424242.42424243       2.443745811029834E-005
   4537037.03703704        7676767.67676768       2.019822021848093E-005
   4537037.03703704        7929292.92929293       1.638541452804693E-005
   4537037.03703704        8181818.18181818       1.303501471173756E-005
   4537037.03703704        8434343.43434343       1.016023631283220E-005
   4537037.03703704        8686868.68686869       7.752987213500380E-006
   4537037.03703704        8939393.93939394       5.786923961312954E-006
   4537037.03703704        9191919.19191919       4.221678713385516E-006
   4537037.03703704        9444444.44444444       3.007672096393523E-006
   4537037.03703704        9696969.69696970       2.090914533613629E-006
   4537037.03703704        9949494.94949495       1.417287986181960E-006
   4537037.03703704        10202020.2020202       9.359532991178117E-007
   4537037.03703704        10454545.4545455       6.017071556300788E-007
   4537037.03703704        10707070.7070707       3.762824957832067E-007
   4537037.03703704        10959595.9595960       2.287207809002691E-007
   4537037.03703704        11212121.2121212       1.350288650405672E-007
   4537037.03703704        11464646.4646465       7.736505031442447E-008
   4537037.03703704        11717171.7171717       4.298613954377586E-008
   4537037.03703704        11969696.9696970       2.314433683117027E-008
   4537037.03703704        12222222.2222222       1.206582965384820E-008
   4537037.03703704        12474747.4747475       6.085831446591401E-009
   4537037.03703704        12727272.7272727       2.967328031993325E-009
   4537037.03703704        12979797.9797980       1.397261535966332E-009
   4537037.03703704        13232323.2323232       6.346377132186778E-010
   4537037.03703704        13484848.4848485       2.775271415734310E-010
   4537037.03703704        13737373.7373737       1.164463395194097E-010
   4537037.03703704        13989898.9898990       4.652498496126652E-011
   4537037.03703704        14242424.2424242       1.735689088214596E-011
   4537037.03703704        14494949.4949495       5.683318612901469E-012
   4537037.03703704        14747474.7474747       1.201436744115009E-012
   4537037.03703704        15000000.0000000       0.000000000000000E+000
   4775788.18487909       -10000000.0000000       0.000000000000000E+000
   4775788.18487909       -9747474.74747475       9.215202738281343E-009
   4775788.18487909       -9494949.49494950       2.443230279794924E-008
   4775788.18487909       -9242424.24242424       4.882244450811152E-008
   4775788.18487909       -8989898.98989899       8.676784598897086E-008
   4775788.18487909       -8737373.73737374       1.440986878618030E-007
   4775788.18487909       -8484848.48484848       2.282620364673066E-007
   4775788.18487909       -8232323.23232323       3.483759252812040E-007
   4775788.18487909       -7979797.97979798       5.151163738362961E-007
   4775788.18487909       -7727272.72727273       7.403955331388313E-007
   4775788.18487909       -7474747.47474748       1.036812023468270E-006
   4775788.18487909       -7222222.22222222       1.416888539045435E-006
   4775788.18487909       -6969696.96969697       1.892152445557917E-006
   4775788.18487909       -6717171.71717172       2.472154301974026E-006
   4775788.18487909       -6464646.46464646       3.163546482288706E-006
   4775788.18487909       -6212121.21212121       3.969350001492763E-006
   4775788.18487909       -5959595.95959596       4.888521061935830E-006
   4775788.18487909       -5707070.70707071       5.915905033600156E-006
   4775788.18487909       -5454545.45454546       7.042665939139945E-006
   4775788.18487909       -5202020.20202020       8.257324731474411E-006
   4775788.18487909       -4949494.94949495       9.547584689685670E-006
   4775788.18487909       -4696969.69696970       1.090302793792137E-005
   4775788.18487909       -4444444.44444444       1.231839791676920E-005
   4775788.18487909       -4191919.19191919       1.379662628821500E-005
   4775788.18487909       -3939393.93939394       1.535042200776807E-005
   4775788.18487909       -3686868.68686869       1.700153443642516E-005
   4775788.18487909       -3434343.43434343       1.877769307452684E-005
   4775788.18487909       -3181818.18181818       2.070816165987461E-005
   4775788.18487909       -2929292.92929293       2.281925527595745E-005
   4775788.18487909       -2676767.67676768       2.513093438678156E-005
   4775788.18487909       -2424242.42424242       2.765499049769983E-005
   4775788.18487909       -2171717.17171717       3.039470547984666E-005
   4775788.18487909       -1919191.91919192       3.334535322843362E-005
   4775788.18487909       -1666666.66666667       3.649453507016783E-005
   4775788.18487909       -1414141.41414141       3.982118397553059E-005
   4775788.18487909       -1161616.16161616       4.329244565189765E-005
   4775788.18487909       -909090.909090910       4.685889864118819E-005
   4775788.18487909       -656565.656565657       5.045049916268031E-005
   4775788.18487909       -404040.404040404       5.397703060626060E-005
   4775788.18487909       -151515.151515152       5.733616483159602E-005
   4775788.18487909        101010.101010101       6.042909414232941E-005
   4775788.18487909        353535.353535354       6.317953766753780E-005
   4775788.18487909        606060.606060605       6.554923225311506E-005
   4775788.18487909        858585.858585859       6.754357242363619E-005
   4775788.18487909        1111111.11111111       6.920485619634949E-005
   4775788.18487909        1363636.36363636       7.059581956885154E-005
   4775788.18487909        1616161.61616162       7.178011180360769E-005
   4775788.18487909        1868686.86868687       7.280692786441966E-005
   4775788.18487909        2121212.12121212       7.370396036689190E-005
   4775788.18487909        2373737.37373737       7.447823062783619E-005
   4775788.18487909        2626262.62626263       7.512111662755866E-005
   4775788.18487909        2878787.87878788       7.561350569307111E-005
   4775788.18487909        3131313.13131313       7.592868672408211E-005
   4775788.18487909        3383838.38383838       7.603259983464030E-005
   4775788.18487909        3636363.63636364       7.588231464697167E-005
   4775788.18487909        3888888.88888889       7.542415387929504E-005
   4775788.18487909        4141414.14141414       7.459319495079141E-005
   4775788.18487909        4393939.39393939       7.331615066649762E-005
   4775788.18487909        4646464.64646465       7.151943579147190E-005
   4775788.18487909        4898989.89898990       6.914277254084061E-005
   4775788.18487909        5151515.15151515       6.615566345297521E-005
   4775788.18487909        5404040.40404040       6.257084058547126E-005
   4775788.18487909        5656565.65656566       5.844835296744556E-005
   4775788.18487909        5909090.90909091       5.388804379117144E-005
   4775788.18487909        6161616.16161616       4.901433821931679E-005
   4775788.18487909        6414141.41414141       4.396045713411003E-005
   4775788.18487909        6666666.66666667       3.885716653963290E-005
   4775788.18487909        6919191.91919192       3.382670588726169E-005
   4775788.18487909        7171717.17171717       2.897962368300744E-005
   4775788.18487909        7424242.42424243       2.441218321640981E-005
   4775788.18487909        7676767.67676768       2.020344053702627E-005
   4775788.18487909        7929292.92929293       1.641237189158990E-005
   4775788.18487909        8181818.18181818       1.307588678569762E-005
   4775788.18487909        8434343.43434343       1.020838594521156E-005
   4775788.18487909        8686868.68686869       7.803101117995624E-006
   4775788.18487909        8939393.93939394       5.835050980512136E-006
   4775788.18487909        9191919.19191919       4.265170859531624E-006
   4775788.18487909        9444444.44444444       3.045039943828166E-006
   4775788.18487909        9696969.69696970       2.121619918710846E-006
   4775788.18487909        9949494.94949495       1.441504292255041E-006
   4775788.18487909        10202020.2020202       9.543244685677075E-007
   4775788.18487909        10454545.4545455       6.151315853192956E-007
   4775788.18487909        10707070.7070707       3.857392678019406E-007
   4775788.18487909        10959595.9595960       2.351458193698829E-007
   4775788.18487909        11212121.2121212       1.392398130123402E-007
   4775788.18487909        11464646.4646465       8.002736974160441E-008
   4775788.18487909        11717171.7171717       4.460967424909208E-008
   4775788.18487909        11969696.9696970       2.409907310931980E-008
   4775788.18487909        12222222.2222222       1.260706798497907E-008
   4775788.18487909        12474747.4747475       6.381502071915082E-009
   4775788.18487909        12727272.7272727       3.122903565745752E-009
   4775788.18487909        12979797.9797980       1.476064698842636E-009
   4775788.18487909        13232323.2323232       6.730342963144143E-010
   4775788.18487909        13484848.4848485       2.955029530618239E-010
   4775788.18487909        13737373.7373737       1.245145999270649E-010
   4775788.18487909        13989898.9898990       4.997934866510851E-011
   4775788.18487909        14242424.2424242       1.874855561980038E-011
   4775788.18487909        14494949.4949495       6.188651502453791E-012
   4775788.18487909        14747474.7474747       1.338704582330109E-012
   4775788.18487909        15000000.0000000       0.000000000000000E+000
   5020661.15702479       -10000000.0000000       0.000000000000000E+000
   5020661.15702479       -9747474.74747475       8.917729500411505E-009
   5020661.15702479       -9494949.49494950       2.361745134190094E-008
   5020661.15702479       -9242424.24242424       4.714254133088812E-008
   5020661.15702479       -8989898.98989899       8.369518967454907E-008
   5020661.15702479       -8737373.73737374       1.388631326489365E-007
   5020661.15702479       -8484848.48484848       2.197829044665475E-007
   5020661.15702479       -8232323.23232323       3.351954557306851E-007
   5020661.15702479       -7979797.97979798       4.953447698307477E-007
   5020661.15702479       -7727272.72727273       7.116796352947841E-007
   5020661.15702479       -7474747.47474748       9.963399681894826E-007
   5020661.15702479       -7222222.22222222       1.361440933087159E-006
   5020661.15702479       -6969696.96969697       1.818206742478179E-006
   5020661.15702479       -6717171.71717172       2.376044356992720E-006
   5020661.15702479       -6464646.46464646       3.041675790653581E-006
   5020661.15702479       -6212121.21212121       3.818456716831753E-006
   5020661.15702479       -5959595.95959596       4.705994148454491E-006
   5020661.15702479       -5707070.70707071       5.700145538821959E-006
   5020661.15702479       -5454545.45454546       6.793460717266469E-006
   5020661.15702479       -5202020.20202020       7.976143634796480E-006
   5020661.15702479       -4949494.94949495       9.237648888514332E-006
   5020661.15702479       -4696969.69696970       1.056899144561844E-005
   5020661.15702479       -4444444.44444444       1.196560085925692E-005
   5020661.15702479       -4191919.19191919       1.343009300087149E-005
   5020661.15702479       -3939393.93939394       1.497394715211187E-005
   5020661.15702479       -3686868.68686869       1.661717811055517E-005
   5020661.15702479       -3434343.43434343       1.838579559436604E-005
   5020661.15702479       -3181818.18181818       2.030774919707603E-005
   5020661.15702479       -2929292.92929293       2.240859092684632E-005
   5020661.15702479       -2676767.67676768       2.470799771925449E-005
   5020661.15702479       -2424242.42424242       2.721776783138875E-005
   5020661.15702479       -2171717.17171717       2.994127341226943E-005
   5020661.15702479       -1919191.91919192       3.287382349173949E-005
   5020661.15702479       -1666666.66666667       3.600301574995326E-005
   5020661.15702479       -1414141.41414141       3.930799346763719E-005
   5020661.15702479       -1161616.16161616       4.275681936433204E-005
   5020661.15702479       -909090.909090910       4.630224707525243E-005
   5020661.15702479       -656565.656565657       4.987789636916542E-005
   5020661.15702479       -404040.404040404       5.339822935118533E-005
   5020661.15702479       -151515.151515152       5.676536479110684E-005
   5020661.15702479        101010.101010101       5.988309698812960E-005
   5020661.15702479        353535.353535354       6.267464288326708E-005
   5020661.15702479        606060.606060605       6.509786574467151E-005
   5020661.15702479        858585.858585859       6.715183966511098E-005
   5020661.15702479        1111111.11111111       6.887185799497305E-005
   5020661.15702479        1363636.36363636       7.031483177072095E-005
   5020661.15702479        1616161.61616162       7.154097516295966E-005
   5020661.15702479        1868686.86868687       7.259860123284334E-005
   5020661.15702479        2121212.12121212       7.351633786945804E-005
   5020661.15702479        2373737.37373737       7.430285896190080E-005
   5020661.15702479        2626262.62626263       7.495099820109363E-005
   5020661.15702479        2878787.87878788       7.544244043467549E-005
   5020661.15702479        3131313.13131313       7.575056977087866E-005
   5020661.15702479        3383838.38383838       7.584093149064091E-005
   5020661.15702479        3636363.63636364       7.567006152283676E-005
   5020661.15702479        3888888.88888889       7.518407457098802E-005
   5020661.15702479        4141414.14141414       7.431875425138771E-005
   5020661.15702479        4393939.39393939       7.300308347926040E-005
   5020661.15702479        4646464.64646465       7.116777435156851E-005
   5020661.15702479        4898989.89898990       6.875870888029475E-005
   5020661.15702479        5151515.15151515       6.575222448417675E-005
   5020661.15702479        5404040.40404040       6.216647999868189E-005
   5020661.15702479        5656565.65656566       5.806348540117331E-005
   5020661.15702479        5909090.90909091       5.354078392450974E-005
   5020661.15702479        6161616.16161616       4.871723725545498E-005
   5020661.15702479        6414141.41414141       4.371934985906022E-005
   5020661.15702479        6666666.66666667       3.867197697090689E-005
   5020661.15702479        6919191.91919192       3.369323493455384E-005
   5020661.15702479        7171717.17171717       2.889135009531058E-005
   5020661.15702479        7424242.42424243       2.436159196280171E-005
   5020661.15702479        7676767.67676768       2.018284427372284E-005
   5020661.15702479        7929292.92929293       1.641439140719871E-005
   5020661.15702479        8181818.18181818       1.309375546892509E-005
   5020661.15702479        8434343.43434343       1.023616812848190E-005
   5020661.15702479        8686868.68686869       7.835848183931815E-006
   5020661.15702479        8939393.93939394       5.868887712356717E-006
   5020661.15702479        9191919.19191919       4.297301400571974E-006
   5020661.15702479        9444444.44444444       3.073673710023746E-006
   5020661.15702479        9696969.69696970       2.145831435066610E-006
   5020661.15702479        9949494.94949495       1.461050728929933E-006
   5020661.15702479        10202020.2020202       9.694482511890849E-007
   5020661.15702479        10454545.4545455       6.263731257664999E-007
   5020661.15702479        10707070.7070707       3.937783582196672E-007
   5020661.15702479        10959595.9595960       2.406818509795402E-007
   5020661.15702479        11212121.2121212       1.429128691755379E-007
   5020661.15702479        11464646.4646465       8.237593632387188E-008
   5020661.15702479        11717171.7171717       4.605693960074250E-008
   5020661.15702479        11969696.9696970       2.495852875965295E-008
   5020661.15702479        12222222.2222222       1.309881237616673E-008
   5020661.15702479        12474747.4747475       6.652499757268587E-009
   5020661.15702479        12727272.7272727       3.266694841265750E-009
   5020661.15702479        12979797.9797980       1.549486196699763E-009
   5020661.15702479        13232323.2323232       7.090872289356590E-010
   5020661.15702479        13484848.4848485       3.125093788989073E-010
   5020661.15702479        13737373.7373737       1.322046213909341E-010
   5020661.15702479        13989898.9898990       5.329640158493085E-011
   5020661.15702479        14242424.2424242       2.009539284420607E-011
   5020661.15702479        14494949.4949495       6.682232558499950E-012
   5020661.15702479        14747474.7474747       1.475015161065441E-012
   5020661.15702479        15000000.0000000       0.000000000000000E+000
   5271655.95347413       -10000000.0000000       0.000000000000000E+000
   5271655.95347413       -9747474.74747475       8.565474221220240E-009
   5271655.95347413       -9494949.49494950       2.266448422292912E-008
   5271655.95347413       -9242424.24242424       4.520209382062858E-008
   5271655.95347413       -8989898.98989899       8.018829955761672E-008
   5271655.95347413       -8737373.73737374       1.329554122197966E-007
   5271655.95347413       -8484848.48484848       2.103168775174551E-007
   5271655.95347413       -8232323.23232323       3.206261156034055E-007
   5271655.95347413       -7979797.97979798       4.736887956786386E-007
   5271655.95347413       -7727272.72727273       6.804904660462411E-007
   5271655.95347413       -7474747.47474748       9.527208966701585E-007
   5271655.95347413       -7222222.22222222       1.302106020096926E-006
   5271655.95347413       -6969696.96969697       1.739594724182508E-006
   5271655.95347413       -6717171.71717172       2.274484845970730E-006
   5271655.95347413       -6464646.46464646       2.913602010298513E-006
   5271655.95347413       -6212121.21212121       3.660657113044286E-006
   5271655.95347413       -5959595.95959596       4.515896887765313E-006
   5271655.95347413       -5707070.70707071       5.476130021078820E-006
   5271655.95347413       -5454545.45454546       6.535176524207441E-006
   5271655.95347413       -5202020.20202020       7.684777594399970E-006
   5271655.95347413       -4949494.94949495       8.916023388719813E-006
   5271655.95347413       -4696969.69696970       1.022134915988003E-005
   5271655.95347413       -4444444.44444444       1.159699901002364E-005
   5271655.95347413       -4191919.19191919       1.304550593355880E-005
   5271655.95347413       -3939393.93939394       1.457735900335575E-005
   5271655.95347413       -3686868.68686869       1.621098744419353E-005
   5271655.95347413       -3434343.43434343       1.797070216966421E-005
   5271655.95347413       -3181818.18181818       1.988306191506350E-005
   5271655.95347413       -2929292.92929293       2.197274406365085E-005
   5271655.95347413       -2676767.67676768       2.425905148601619E-005
   5271655.95347413       -2424242.42424242       2.675375086744019E-005
   5271655.95347413       -2171717.17171717       2.946032703588041E-005
   5271655.95347413       -1919191.91919192       3.237419968351905E-005
   5271655.95347413       -1666666.66666667       3.548306874413822E-005
   5271655.95347413       -1414141.41414141       3.876638318430511E-005
   5271655.95347413       -1161616.16161616       4.219315383163300E-005
   5271655.95347413       -909090.909090910       4.571823403290975E-005
   5271655.95347413       -656565.656565657       4.927872929824931E-005
   5271655.95347413       -404040.404040404       5.279356538549513E-005
   5271655.95347413       -151515.151515152       5.616915470673622E-005
   5271655.95347413        101010.101010101       5.931187956918935E-005
   5271655.95347413        353535.353535354       6.214459161839514E-005
   5271655.95347413        606060.606060605       6.462150899303727E-005
   5271655.95347413        858585.858585859       6.673560717120743E-005
   5271655.95347413        1111111.11111111       6.851530005361259E-005
   5271655.95347413        1363636.36363636       7.001165928439677E-005
   5271655.95347413        1616161.61616162       7.128132835861747E-005
   5271655.95347413        1868686.86868687       7.237154648255355E-005
   5271655.95347413        2121212.12121212       7.331170243394233E-005
   5271655.95347413        2373737.37373737       7.411201253862984E-005
   5271655.95347413        2626262.62626263       7.476672712359317E-005
   5271655.95347413        2878787.87878788       7.525834179717717E-005
   5271655.95347413        3131313.13131313       7.556038082871369E-005
   5271655.95347413        3383838.38383838       7.563806369601057E-005
   5271655.95347413        3636363.63636364       7.544749177736929E-005
   5271655.95347413        3888888.88888889       7.493471044603728E-005
   5271655.95347413        4141414.14141414       7.403638160563933E-005
   5271655.95347413        4393939.39393939       7.268391649217159E-005
   5271655.95347413        4646464.64646465       7.081236139034662E-005
   5271655.95347413        4898989.89898990       6.837352683074943E-005
   5271655.95347413        5151515.15151515       6.534999301496214E-005
   5271655.95347413        5404040.40404040       6.176448824922501E-005
   5271655.95347413        5656565.65656566       5.768019032257341E-005
   5271655.95347413        5909090.90909091       5.319201963892399E-005
   5271655.95347413        6161616.16161616       4.841363006775228E-005
   5271655.95347413        6414141.41414141       4.346570960386053E-005
   5271655.95347413        6666666.66666667       3.846828384968517E-005
   5271655.95347413        6919191.91919192       3.353625663332700E-005
   5271655.95347413        7171717.17171717       2.877608928595579E-005
   5271655.95347413        7424242.42424243       2.428225174294960E-005
   5271655.95347413        7676767.67676768       2.013337199964626E-005
   5271655.95347413        7929292.92929293       1.638878677731642E-005
   5271655.95347413        8181818.18181818       1.308629076144281E-005
   5271655.95347413        8434343.43434343       1.024158571584192E-005
   5271655.95347413        8686868.68686869       7.849538655157905E-006
   5271655.95347413        8939393.93939394       5.887025741962503E-006
   5271655.95347413        9191919.19191919       4.316916654802982E-006
   5271655.95347413        9444444.44444444       3.092646986153755E-006
   5271655.95347413        9696969.69696970       2.162821586043715E-006
   5271655.95347413        9949494.94949495       1.475369848974842E-006
   5271655.95347413        10202020.2020202       9.809086836762964E-007
   5271655.95347413        10454545.4545455       6.351300445939679E-007
   5271655.95347413        10707070.7070707       4.001873266682873E-007
   5271655.95347413        10959595.9595960       2.451838930382208E-007
   5271655.95347413        11212121.2121212       1.459522381745817E-007
   5271655.95347413        11464646.4646465       8.434953428425285E-008
   5271655.95347413        11717171.7171717       4.729013848880555E-008
   5271655.95347413        11969696.9696970       2.570017438439065E-008
   5271655.95347413        12222222.2222222       1.352810953979832E-008
   5271655.95347413        12474747.4747475       6.891646425116876E-009
   5271655.95347413        12727272.7272727       3.394871013147045E-009
   5271655.95347413        12979797.9797980       1.615558679240387E-009
   5271655.95347413        13232323.2323232       7.418252207809621E-010
   5271655.95347413        13484848.4848485       3.280860496213396E-010
   5271655.95347413        13737373.7373737       1.393074207505867E-010
   5271655.95347413        13989898.9898990       5.638576364977927E-011
   5271655.95347413        14242424.2424242       2.136067322845102E-011
   5271655.95347413        14494949.4949495       7.150621545869601E-012
   5271655.95347413        14747474.7474747       1.606673648020883E-012
   5271655.95347413        15000000.0000000       0.000000000000000E+000
   5528772.57422712       -10000000.0000000       0.000000000000000E+000
   5528772.57422712       -9747474.74747475       8.163250729345359E-009
   5528772.57422712       -9494949.49494950       2.158565661075826E-008
   5528772.57422712       -9242424.24242424       4.302449109375490E-008
   5528772.57422712       -8989898.98989899       7.628658615276400E-008
   5528772.57422712       -8737373.73737374       1.264370567724530E-007
   5528772.57422712       -8484848.48484848       1.999547532453529E-007
   5528772.57422712       -8232323.23232323       3.047957209587500E-007
   5528772.57422712       -7979797.97979798       4.503207896898880E-007
   5528772.57422712       -7727272.72727273       6.470508257489881E-007
   5528772.57422712       -7474747.47474748       9.062307270232985E-007
   5528772.57422712       -7222222.22222222       1.239210334115168E-006
   5528772.57422712       -6969696.96969697       1.656684359120634E-006
   5528772.57422712       -6717171.71717172       2.167868961299128E-006
   5528772.57422712       -6464646.46464646       2.779722240566568E-006
   5528772.57422712       -6212121.21212121       3.496330980370106E-006
   5528772.57422712       -5959595.95959596       4.318579111589253E-006
   5528772.57422712       -5707070.70707071       5.244183469883552E-006
   5528772.57422712       -5454545.45454546       6.268140497372695E-006
   5528772.57422712       -5202020.20202020       7.383596814228361E-006
   5528772.57422712       -4949494.94949495       8.583154470186078E-006
   5528772.57422712       -4696969.69696970       9.860622291768002E-006
   5528772.57422712       -4444444.44444444       1.121314062774657E-005
   5528772.57422712       -4191919.19191919       1.264335903005224E-005
   5528772.57422712       -3939393.93939394       1.416101451365926E-005
   5528772.57422712       -3686868.68686869       1.578312802440042E-005
   5528772.57422712       -3434343.43434343       1.753237113085851E-005
   5528772.57422712       -3181818.18181818       1.943386423296798E-005
   5528772.57422712       -2929292.92929293       2.151131078834806E-005
   5528772.57422712       -2676767.67676768       2.378354742686279E-005
   5528772.57422712       -2424242.42424242       2.626226220265145E-005
   5528772.57422712       -2171717.17171717       2.895106423079935E-005
   5528772.57422712       -1919191.91919192       3.184554863523487E-005
   5528772.57422712       -1666666.66666667       3.493361348112248E-005
   5528772.57422712       -1414141.41414141       3.819510081722742E-005
   5528772.57422712       -1161616.16161616       4.159999725958470E-005
   5528772.57422712       -909090.909090910       4.510518407689131E-005
   5528772.57422712       -656565.656565657       4.865108600101376E-005
   5528772.57422712       -404040.404040404       5.216089518633102E-005
   5528772.57422712       -151515.151515152       5.554518675609759E-005
   5528772.57422712        101010.101010101       5.871294122632141E-005
   5528772.57422712        353535.353535354       6.158680345708789E-005
   5528772.57422712        606060.606060605       6.411758785961366E-005
   5528772.57422712        858585.858585859       6.629239226896657E-005
   5528772.57422712        1111111.11111111       6.813286101080053E-005
   5528772.57422712        1363636.36363636       6.968418700271318E-005
   5528772.57422712        1616161.61616162       7.099928119420100E-005
   5528772.57422712        1868686.86868687       7.212409657774991E-005
   5528772.57422712        2121212.12121212       7.308859745195698E-005
   5528772.57422712        2373737.37373737       7.390443065185294E-005
   5528772.57422712        2626262.62626263       7.456722906990285E-005
   5528772.57422712        2878787.87878788       7.506032117260501E-005
   5528772.57422712        3131313.13131313       7.535742638623493E-005
   5528772.57422712        3383838.38383838       7.542351614493853E-005
   5528772.57422712        3636363.63636364       7.521436050761694E-005
   5528772.57422712        3888888.88888889       7.467606795860204E-005
   5528772.57422712        4141414.14141414       7.374632520275942E-005
   5528772.57422712        4393939.39393939       7.235907489776589E-005
   5528772.57422712        4646464.64646465       7.045364672569086E-005
   5528772.57422712        4898989.89898990       6.798744663217975E-005
   5528772.57422712        5151515.15151515       6.494863747144925E-005
   5528772.57422712        5404040.40404040       6.136368516117498E-005
   5528772.57422712        5656565.65656566       5.729628596168004E-005
   5528772.57422712        5909090.90909091       5.283863064202218E-005
   5528772.57422712        6161616.16161616       4.809971360103276E-005
   5528772.57422712        6414141.41414141       4.319539785304018E-005
   5528772.57422712        6666666.66666667       3.824193905245765E-005
   5528772.57422712        6919191.91919192       3.335184835385294E-005
   5528772.57422712        7171717.17171717       2.863027485041415E-005
   5528772.57422712        7424242.42424243       2.417100052133137E-005
   5528772.57422712        7676767.67676768       2.005226327565196E-005
   5528772.57422712        7929292.92929293       1.633317176727915E-005
   5528772.57422712        8181818.18181818       1.305144523142924E-005
   5528772.57422712        8434343.43434343       1.022289503888492E-005
   5528772.57422712        8686868.68686869       7.842700985811103E-006
   5528772.57422712        8939393.93939394       5.888237569390288E-006
   5528772.57422712        9191919.19191919       4.323007613469079E-006
   5528772.57422712        9444444.44444444       3.101144981114581E-006
   5528772.57422712        9696969.69696970       2.171945914769796E-006
   5528772.57422712        9949494.94949495       1.483963711457159E-006
   5528772.57422712        10202020.2020202       9.883308092523910E-007
   5528772.57422712        10454545.4545455       6.411277241196204E-007
   5528772.57422712        10707070.7070707       4.047708868208613E-007
   5528772.57422712        10959595.9595960       2.485173062370806E-007
   5528772.57422712        11212121.2121212       1.482680369628990E-007
   5528772.57422712        11464646.4646465       8.589012610767774E-008
   5528772.57422712        11717171.7171717       4.827306010482292E-008
   5528772.57422712        11969696.9696970       2.630219877353209E-008
   5528772.57422712        12222222.2222222       1.388228657834472E-008
   5528772.57422712        12474747.4747475       7.091844879239627E-009
   5528772.57422712        12727272.7272727       3.503604038046235E-009
   5528772.57422712        12979797.9797980       1.672295167140859E-009
   5528772.57422712        13232323.2323232       7.702567048770879E-010
   5528772.57422712        13484848.4848485       3.417578708443044E-010
   5528772.57422712        13737373.7373737       1.456049591943374E-010
   5528772.57422712        13989898.9898990       5.915208671786018E-011
   5528772.57422712        14242424.2424242       2.250520463369395E-011
   5528772.57422712        14494949.4949495       7.579298160876536E-012
   5528772.57422712        14747474.7474747       1.729611651106613E-012
   5528772.57422712        15000000.0000000       0.000000000000000E+000
   5792011.01928375       -10000000.0000000       0.000000000000000E+000
   5792011.01928375       -9747474.74747475       7.717076201602600E-009
   5792011.01928375       -9494949.49494950       2.039631612923684E-008
   5792011.01928375       -9242424.24242424       4.063903034101806E-008
   5792011.01928375       -8989898.98989899       7.203941628096316E-008
   5792011.01928375       -8737373.73737374       1.193851640778914E-007
   5792011.01928375       -8484848.48484848       1.888103766481633E-007
   5792011.01928375       -8232323.23232323       2.878647342911190E-007
   5792011.01928375       -7979797.97979798       4.254576437890544E-007
   5792011.01928375       -7727272.72727273       6.116424036833682E-007
   5792011.01928375       -7474747.47474748       8.572210449151111E-007
   5792011.01928375       -7222222.22222222       1.173175117174355E-006
   5792011.01928375       -6969696.96969697       1.569959073137472E-006
   5792011.01928375       -6717171.71717172       2.056726612233318E-006
   5792011.01928375       -6464646.46464646       2.640589888887011E-006
   5792011.01928375       -6212121.21212121       3.326028987476123E-006
   5792011.01928375       -5959595.95959596       4.114566929444326E-006
   5792011.01928375       -5707070.70707071       5.004799914534264E-006
   5792011.01928375       -5454545.45454546       5.992828770564739E-006
   5792011.01928375       -5202020.20202020       7.073093175222426E-006
   5792011.01928375       -4949494.94949495       8.239586220130363E-006
   5792011.01928375       -4696969.69696970       9.487420254373177E-006
   5792011.01928375       -4444444.44444444       1.081467052158927E-005
   5792011.01928375       -4191919.19191919       1.222426245346664E-005
   5792011.01928375       -3939393.93939394       1.372540531440020E-005
   5792011.01928375       -3686868.68686869       1.533390730138365E-005
   5792011.01928375       -3434343.43434343       1.707089606148560E-005
   5792011.01928375       -3181818.18181818       1.896003929851017E-005
   5792011.01928375       -2929292.92929293       2.102398536413825E-005
   5792011.01928375       -2676767.67676768       2.328101523256635E-005
   5792011.01928375       -2424242.42424242       2.574268448128530E-005
   5792011.01928375       -2171717.17171717       2.841272752559583E-005
   5792011.01928375       -1919191.91919192       3.128696850634096E-005
   5792011.01928375       -1666666.66666667       3.435358926293968E-005
   5792011.01928375       -1414141.41414141       3.759290463905287E-005
   5792011.01928375       -1161616.16161616       4.097590182867525E-005
   5792011.01928375       -909090.909090910       4.446142185430527E-005
   5792011.01928375       -656565.656565657       4.799305214182119E-005
   5792011.01928375       -404040.404040404       5.149806879834188E-005
   5792011.01928375       -151515.151515152       5.489109704261757E-005
   5792011.01928375        101010.101010101       5.808374672073855E-005
   5792011.01928375        353535.353535354       6.099863558447856E-005
   5792011.01928375        606060.606060605       6.358343204805713E-005
   5792011.01928375        858585.858585859       6.581958272456744E-005
   5792011.01928375        1111111.11111111       6.772206362889260E-005
   5792011.01928375        1363636.36363636       6.933012916682486E-005
   5792011.01928375        1616161.61616162       7.069277027453602E-005
   5792011.01928375        1868686.86868687       7.185441828843965E-005
   5792011.01928375        2121212.12121212       7.284541237447926E-005
   5792011.01928375        2373737.37373737       7.367871207675271E-005
   5792011.01928375        2626262.62626263       7.435130089706100E-005
   5792011.01928375        2878787.87878788       7.484736930164162E-005
   5792011.01928375        3131313.13131313       7.514089536540483E-005
   5792011.01928375        3383838.38383838       7.519668665664160E-005
   5792011.01928375        3636363.63636364       7.497028523107220E-005
   5792011.01928375        3888888.88888889       7.440798268978701E-005
   5792011.01928375        4141414.14141414       7.344860374431533E-005
   5792011.01928375        4393939.39393939       7.202866422921596E-005
   5792011.01928375        4646464.64646465       7.009164038716875E-005
   5792011.01928375        4898989.89898990       6.760011596782013E-005
   5792011.01928375        5151515.15151515       6.454714423519074E-005
   5792011.01928375        5404040.40404040       6.096216667037152E-005
   5792011.01928375        5656565.65656566       5.690892277158337E-005
   5792011.01928375        5909090.90909091       5.247697947447456E-005
   5792011.01928375        6161616.16161616       4.777137578744197E-005
   5792011.01928375        6414141.41414141       4.290418272325110E-005
   5792011.01928375        6666666.66666667       3.798888451807290E-005
   5792011.01928375        6919191.91919192       3.313631030072910E-005
   5792011.01928375        7171717.17171717       2.845064510957372E-005
   5792011.01928375        7424242.42424243       2.402502111615089E-005
   5792011.01928375        7676767.67676768       1.993711196913140E-005
   5792011.01928375        7929292.92929293       1.624550274330707E-005
   5792011.01928375        8181818.18181818       1.298748840456775E-005
   5792011.01928375        8434343.43434343       1.017863517149226E-005
   5792011.01928375        8686868.68686869       7.814107686430970E-006
   5792011.01928375        8939393.93939394       5.871499816846511E-006
   5792011.01928375        9191919.19191919       4.314730724217886E-006
   5792011.01928375        9444444.44444444       3.098482827706143E-006
   5792011.01928375        9696969.69696970       2.172658720342562E-006
   5792011.01928375        9949494.94949495       1.486406962286851E-006
   5792011.01928375        10202020.2020202       9.913911992814361E-007
   5792011.01928375        10454545.4545455       6.441268261509914E-007
   5792011.01928375        10707070.7070707       4.073570124460453E-007
   5792011.01928375        10959595.9595960       2.505621924974737E-007
   5792011.01928375        11212121.2121212       1.497793439241646E-007
   5792011.01928375        11464646.4646465       8.694488670850883E-008
   5792011.01928375        11717171.7171717       4.897238522665605E-008
   5792011.01928375        11969696.9696970       2.674431419528368E-008
   5792011.01928375        12222222.2222222       1.414942844372516E-008
   5792011.01928375        12474747.4747475       7.246350727583592E-009
   5792011.01928375        12727272.7272727       3.589217351474061E-009
   5792011.01928375        12979797.9797980       1.717767044230645E-009
   5792011.01928375        13232323.2323232       7.934090582357243E-010
   5792011.01928375        13484848.4848485       3.530539079017403E-010
   5792011.01928375        13737373.7373737       1.508788293888802E-010
   5792011.01928375        13989898.9898990       6.149885370399406E-011
   5792011.01928375        14242424.2424242       2.348889126890397E-011
   5792011.01928375        14494949.4949495       7.953238614506765E-012
   5792011.01928375        14747474.7474747       1.839549125499893E-012
   5792011.01928375        15000000.0000000       0.000000000000000E+000
   6061371.28864402       -10000000.0000000       0.000000000000000E+000
   6061371.28864402       -9747474.74747475       7.234007690431850E-009
   6061371.28864402       -9494949.49494950       1.911446981728608E-008
   6061371.28864402       -9242424.24242424       3.808006997095925E-008
   6061371.28864402       -8989898.98989899       6.750465258025685E-008
   6061371.28864402       -8737373.73737374       1.118900874772122E-007
   6061371.28864402       -8484848.48484848       1.770172395667911E-007
   6061371.28864402       -8232323.23232323       2.700215790459451E-007
   6061371.28864402       -7979797.97979798       3.993547110522031E-007
   6061371.28864402       -7727272.72727273       5.745982704506682E-007
   6061371.28864402       -7474747.47474748       8.061103487950410E-007
   6061371.28864402       -7222222.22222222       1.104506757364344E-006
   6061371.28864402       -6969696.96969697       1.480008220814100E-006
   6061371.28864402       -6717171.71717172       1.941716309820613E-006
   6061371.28864402       -6464646.46464646       2.496909975123110E-006
   6061371.28864402       -6212121.21212121       3.150473928385557E-006
   6061371.28864402       -5959595.95959596       3.904572446409529E-006
   6061371.28864402       -5707070.70707071       4.758662084747368E-006
   6061371.28864402       -5454545.45454546       5.709895118209041E-006
   6061371.28864402       -5202020.20202020       6.753913670938162E-006
   6061371.28864402       -4949494.94949495       7.885992292637449E-006
   6061371.28864402       -4696969.69696970       9.102464950729216E-006
   6061371.28864402       -4444444.44444444       1.040234492929704E-005
   6061371.28864402       -4191919.19191919       1.178895075562121E-005
   6061371.28864402       -3939393.93939394       1.327116414646271E-005
   6061371.28864402       -3686868.68686869       1.486378316401199E-005
   6061371.28864402       -3434343.43434343       1.658651768013930E-005
   6061371.28864402       -3181818.18181818       1.846160324194392E-005
   6061371.28864402       -2929292.92929293       2.051057531510572E-005
   6061371.28864402       -2676767.67676768       2.275107739265225E-005
   6061371.28864402       -2424242.42424242       2.519447454816726E-005
   6061371.28864402       -2171717.17171717       2.784461755029080E-005
   6061371.28864402       -1919191.91919192       3.069760167296970E-005
   6061371.28864402       -1666666.66666667       3.374196764718132E-005
   6061371.28864402       -1414141.41414141       3.695857524628977E-005
   6061371.28864402       -1161616.16161616       4.031943448643615E-005
   6061371.28864402       -909090.909090910       4.378528158376316E-005
   6061371.28864402       -656565.656565657       4.730271897421571E-005
   6061371.28864402       -404040.404040404       5.080293633043826E-005
   6061371.28864402       -151515.151515152       5.420451074095334E-005
   6061371.28864402        101010.101010101       5.742172993377698E-005
   6061371.28864402        353535.353535354       6.037738447591371E-005
   6061371.28864402        606060.606060605       6.301627380615765E-005
   6061371.28864402        858585.858585859       6.531443145528726E-005
   6061371.28864402        1111111.11111111       6.728026498648107E-005
   6061371.28864402        1363636.36363636       6.894701529716095E-005
   6061371.28864402        1616161.61616162       7.035954166953260E-005
   6061371.28864402        1868686.86868687       7.156049293443823E-005
   6061371.28864402        2121212.12121212       7.258036273519778E-005
   6061371.28864402        2373737.37373737       7.343329505176686E-005
   6061371.28864402        2626262.62626263       7.411759061954371E-005
   6061371.28864402        2878787.87878788       7.461833570625145E-005
   6061371.28864402        3131313.13131313       7.490983705591385E-005
   6061371.28864402        3383838.38383838       7.495682640615932E-005
   6061371.28864402        3636363.63636364       7.471471722407633E-005
   6061371.28864402        3888888.88888889       7.413008620409579E-005
   6061371.28864402        4141414.14141414       7.314297001091548E-005
   6061371.28864402        4393939.39393939       7.169243547345130E-005
   6061371.28864402        4646464.64646465       6.972588962518385E-005
   6061371.28864402        4898989.89898990       6.721061473196313E-005
   6061371.28864402        5151515.15151515       6.414386739653615E-005
   6061371.28864402        5404040.40404040       6.055740991361752E-005
   6061371.28864402        5656565.65656566       5.651473958733981E-005
   6061371.28864402        5909090.90909091       5.210309904052768E-005
   6061371.28864402        6161616.16161616       4.742438714245680E-005
   6061371.28864402        6414141.41414141       4.258791078497334E-005
   6061371.28864402        6666666.66666667       3.770529105500479E-005
   6061371.28864402        6919191.91919192       3.288626915757960E-005
   6061371.28864402        7171717.17171717       2.823431670655804E-005
   6061371.28864402        7424242.42424243       2.384189262461457E-005
   6061371.28864402        7676767.67676768       1.978590307300183E-005
   6061371.28864402        7929292.92929293       1.612410676705749E-005
   6061371.28864402        8181818.18181818       1.289303008965761E-005
   6061371.28864402        8434343.43434343       1.010764879574745E-005
   6061371.28864402        8686868.68686869       7.762794826374483E-006
   6061371.28864402        8939393.93939394       5.836011670874267E-006
   6061371.28864402        9191919.19191919       4.291425132527431E-006
   6061371.28864402        9444444.44444444       3.084121302897513E-006
   6061371.28864402        9696969.69696970       2.164526937086385E-006
   6061371.28864402        9949494.94949495       1.482358658591814E-006
   6061371.28864402        10202020.2020202       9.898276584472232E-007
   6061371.28864402        10454545.4545455       6.439309610809310E-007
   6061371.28864402        10707070.7070707       4.078027701709278E-007
   6061371.28864402        10959595.9595960       2.512176640074768E-007
   6061371.28864402        11212121.2121212       1.504172053325745E-007
   6061371.28864402        11464646.4646465       8.746824038401195E-008
   6061371.28864402        11717171.7171717       4.935901365294203E-008
   6061371.28864402        11969696.9696970       2.700858822036616E-008
   6061371.28864402        12222222.2222222       1.431887899848758E-008
   6061371.28864402        12474747.4747475       7.349062395617375E-009
   6061371.28864402        12727272.7272727       3.648347084497838E-009
   6061371.28864402        12979797.9797980       1.750190081397663E-009
   6061371.28864402        13232323.2323232       8.103726284991517E-010
   6061371.28864402        13484848.4848485       3.615289726044356E-010
   6061371.28864402        13737373.7373737       1.549203728883719E-010
   6061371.28864402        13989898.9898990       6.333288856513852E-011
   6061371.28864402        14242424.2424242       2.427262062995307E-011
   6061371.28864402        14494949.4949495       8.257627163084678E-012
   6061371.28864402        14747474.7474747       1.932199177491694E-012
   6061371.28864402        15000000.0000000       0.000000000000000E+000
   6336853.38230793       -10000000.0000000       0.000000000000000E+000
   6336853.38230793       -9747474.74747475       6.721939461609607E-009
   6336853.38230793       -9494949.49494950       1.776025223284042E-008
   6336853.38230793       -9242424.24242424       3.538600327633125E-008
   6336853.38230793       -8989898.98989899       6.274691289264433E-008
   6336853.38230793       -8737373.73737374       1.040527073211154E-007
   6336853.38230793       -8484848.48484848       1.647244623116938E-007
   6336853.38230793       -8232323.23232323       2.514770431218866E-007
   6336853.38230793       -7979797.97979798       3.722984006759531E-007
   6336853.38230793       -7727272.72727273       5.362935356142362E-007
   6336853.38230793       -7474747.47474748       7.533727952728115E-007
   6336853.38230793       -7222222.22222222       1.033783876055307E-006
   6336853.38230793       -6969696.96969697       1.387513107854719E-006
   6336853.38230793       -6717171.71717172       1.823611203021043E-006
   6336853.38230793       -6464646.46464646       2.349526896470959E-006
   6336853.38230793       -6212121.21212121       2.970552622907453E-006
   6336853.38230793       -5959595.95959596       3.689492653178636E-006
   6336853.38230793       -5707070.70707071       4.506649802747445E-006
   6336853.38230793       -5454545.45454546       5.420189663317327E-006
   6336853.38230793       -5202020.20202020       6.426887214050779E-006
   6336853.38230793       -4949494.94949495       7.523205487252738E-006
   6336853.38230793       -4696969.69696970       8.706616777246097E-006
   6336853.38230793       -4444444.44444444       9.977049973573829E-006
   6336853.38230793       -4191919.19191919       1.133829429928355E-005
   6336853.38230793       -3939393.93939394       1.279907319079630E-005
   6336853.38230793       -3686868.68686869       1.437337338579715E-005
   6336853.38230793       -3434343.43434343       1.607963642970537E-005
   6336853.38230793       -3181818.18181818       1.793872056644361E-005
   6336853.38230793       -2929292.92929293       1.997101818383774E-005
   6336853.38230793       -2676767.67676768       2.219346602648619E-005
   6336853.38230793       -2424242.42424242       2.461717968229682E-005
   6336853.38230793       -2171717.17171717       2.724610852396183E-005
   6336853.38230793       -1919191.91919192       3.007664955006703E-005
   6336853.38230793       -1666666.66666667       3.309776665902689E-005
   6336853.38230793       -1414141.41414141       3.629092905101312E-005
   6336853.38230793       -1161616.16161616       3.962918943956648E-005
   6336853.38230793       -909090.909090910       4.307511823351227E-005
   6336853.38230793       -656565.656565657       4.657819305404123E-005
   6336853.38230793       -404040.404040404       5.007335631278846E-005
   6336853.38230793       -151515.151515152       5.348304930938867E-005
   6336853.38230793        101010.101010101       5.672429987759133E-005
   6336853.38230793        353535.353535354       5.972029006127893E-005
   6336853.38230793        606060.606060605       6.241324903682916E-005
   6336853.38230793        858585.858585859       6.477405325036903E-005
   6336853.38230793        1111111.11111111       6.680464795349832E-005
   6336853.38230793        1363636.36363636       6.853217648285226E-005
   6336853.38230793        1616161.61616162       6.999713300776234E-005
   6336853.38230793        1868686.86868687       7.124009580427149E-005
   6336853.38230793        2121212.12121212       7.229146837087319E-005
   6336853.38230793        2373737.37373737       7.316643527157102E-005
   6336853.38230793        2626262.62626263       7.386457546467283E-005
   6336853.38230793        2878787.87878788       7.437190649811031E-005
   6336853.38230793        3131313.13131313       7.466313798631289E-005
   6336853.38230793        3383838.38383838       7.470301507059216E-005
   6336853.38230793        3636363.63636364       7.444691447395829E-005
   6336853.38230793        3888888.88888889       7.384177739518863E-005
   6336853.38230793        4141414.14141414       7.282888349062937E-005
   6336853.38230793        4393939.39393939       7.134976577211031E-005
   6336853.38230793        4646464.64646465       6.935547935443099E-005
   6336853.38230793        4898989.89898990       6.681749022291407E-005
   6336853.38230793        5151515.15151515       6.373661149173445E-005
   6336853.38230793        5404040.40404040       6.014640614476164E-005
   6336853.38230793        5656565.65656566       5.611003431658174E-005
   6336853.38230793        5909090.90909091       5.171287681307238E-005
   6336853.38230793        6161616.16161616       4.705457237585199E-005
   6336853.38230793        6414141.41414141       4.224264801505462E-005
   6336853.38230793        6666666.66666667       3.738766250729435E-005
   6336853.38230793        6919191.91919192       3.259874893414578E-005
   6336853.38230793        7171717.17171717       2.797883027282815E-005
   6336853.38230793        7424242.42424243       2.361961957908861E-005
   6336853.38230793        7676767.67676768       1.959703240159450E-005
   6336853.38230793        7929292.92929293       1.596769669796347E-005
   6336853.38230793        8181818.18181818       1.276703381427692E-005
   6336853.38230793        8434343.43434343       1.000909544471435E-005
   6336853.38230793        8686868.68686869       7.688075577758739E-006
   6336853.38230793        8939393.93939394       5.781208626362414E-006
   6336853.38230793        9191919.19191919       4.252626220808430E-006
   6336853.38230793        9444444.44444444       3.057679662950555E-006
   6336853.38230793        9696969.69696970       2.147241812539916E-006
   6336853.38230793        9949494.94949495       1.471572462891643E-006
   6336853.38230793        10202020.2020202       9.834477667490853E-007
   6336853.38230793        10454545.4545455       6.403935627826023E-007
   6336853.38230793        10707070.7070707       4.059996370330976E-007
   6336853.38230793        10959595.9595960       2.504057974977278E-007
   6336853.38230793        11212121.2121212       1.501274630305731E-007
   6336853.38230793        11464646.4646465       8.742380542946226E-008
   6336853.38230793        11717171.7171717       4.940935024745540E-008
   6336853.38230793        11969696.9696970       2.708026148697872E-008
   6336853.38230793        12222222.2222222       1.438174087083726E-008
   6336853.38230793        12474747.4747475       7.394814729137685E-009
   6336853.38230793        12727272.7272727       3.678107715994095E-009
   6336853.38230793        12979797.9797980       1.768014164084947E-009
   6336853.38230793        13232323.2323232       8.203473596043174E-010
   6336853.38230793        13484848.4848485       3.667868388832354E-010
   6336853.38230793        13737373.7373737       1.575417311033167E-010
   6336853.38230793        13989898.9898990       6.456935930192052E-011
   6336853.38230793        14242424.2424242       2.482038874902220E-011
   6336853.38230793        14494949.4949495       8.478669456535055E-012
   6336853.38230793        14747474.7474747       2.003506363376806E-012
   6336853.38230793        15000000.0000000       0.000000000000000E+000
   6618457.30027548       -10000000.0000000       0.000000000000000E+000
   6618457.30027548       -9747474.74747475       6.189364722421129E-009
   6618457.30027548       -9494949.49494950       1.635531143108520E-008
   6618457.30027548       -9242424.24242424       3.259808557495692E-008
   6618457.30027548       -8989898.98989899       5.783560389290253E-008
   6618457.30027548       -8737373.73737374       9.598138069957807E-008
   6618457.30027548       -8484848.48484848       1.520923249346245E-007
   6618457.30027548       -8232323.23232323       2.324580445212345E-007
   6618457.30027548       -7979797.97979798       3.445978625163978E-007
   6618457.30027548       -7727272.72727273       4.971347150187967E-007
   6618457.30027548       -7474747.47474748       6.995251422242628E-007
   6618457.30027548       -7222222.22222222       9.616419295290159E-007
   6618457.30027548       -6969696.96969697       1.293229611046433E-006
   6618457.30027548       -6717171.71717172       1.703280483760159E-006
   6618457.30027548       -6464646.46464646       2.199405963072949E-006
   6618457.30027548       -6212121.21212121       2.787299665893394E-006
   6618457.30027548       -5959595.95959596       3.470398194691347E-006
   6618457.30027548       -5707070.70707071       4.249836838007890E-006
   6618457.30027548       -5454545.45454546       5.124766023492338E-006
   6618457.30027548       -5202020.20202020       6.093041881488523E-006
   6618457.30027548       -4949494.94949495       7.152241578454878E-006
   6618457.30027548       -4696969.69696970       8.300899181588368E-006
   6618457.30027548       -4444444.44444444       9.539821730389638E-006
   6618457.30027548       -4191919.19191919       1.087331321939169E-005
   6618457.30027548       -3939393.93939394       1.231007430354669E-005
   6618457.30027548       -3686868.68686869       1.386346608607901E-005
   6618457.30027548       -3434343.43434343       1.555082581085108E-005
   6618457.30027548       -3181818.18181818       1.739172064348555E-005
   6618457.30027548       -2929292.92929293       1.940539995340591E-005
   6618457.30027548       -2676767.67676768       2.160804178608873E-005
   6618457.30027548       -2424242.42424242       2.401045606464031E-005
   6618457.30027548       -2171717.17171717       2.661666596278775E-005
   6618457.30027548       -1919191.91919192       2.942338954352807E-005
   6618457.30027548       -1666666.66666667       3.242006703516194E-005
   6618457.30027548       -1414141.41414141       3.558883373141729E-005
   6618457.30027548       -1161616.16161616       3.890380256587328E-005
   6618457.30027548       -909090.909090910       4.232932061451326E-005
   6618457.30027548       -656565.656565657       4.581760790553341E-005
   6618457.30027548       -404040.404040404       4.930720611596421E-005
   6618457.30027548       -151515.151515152       5.272433997454187E-005
   6618457.30027548        101010.101010101       5.598884927044469E-005
   6618457.30027548        353535.353535354       5.902454271954234E-005
   6618457.30027548        606060.606060605       6.177140130094503E-005
   6618457.30027548        858585.858585859       6.419542408316328E-005
   6618457.30027548        1111111.11111111       6.629221455188324E-005
   6618457.30027548        1363636.36363636       6.808273255500901E-005
   6618457.30027548        1616161.61616162       6.960285537219784E-005
   6618457.30027548        1868686.86868687       7.089077444270854E-005
   6618457.30027548        2121212.12121212       7.197652987901376E-005
   6618457.30027548        2373737.37373737       7.287618183634860E-005
   6618457.30027548        2626262.62626263       7.359053792705666E-005
   6618457.30027548        2878787.87878788       7.410658051996544E-005
   6618457.30027548        3131313.13131313       7.439949778327404E-005
   6618457.30027548        3383838.38383838       7.443413608046703E-005
   6618457.30027548        3636363.63636364       7.416591658371249E-005
   6618457.30027548        3888888.88888889       7.354219872107548E-005
   6618457.30027548        4141414.14141414       7.250549220784329E-005
   6618457.30027548        4393939.39393939       7.099965383328333E-005
   6618457.30027548        4646464.64646465       6.897905281887460E-005
   6618457.30027548        4898989.89898990       6.641881552913054E-005
   6618457.30027548        5151515.15151515       6.332273470402482E-005
   6618457.30027548        5404040.40404040       5.972580393215294E-005
   6618457.30027548        5656565.65656566       5.569092895391221E-005
   6618457.30027548        5909090.90909091       5.130221655355373E-005
   6618457.30027548        6161616.16161616       4.665794723307552E-005
   6618457.30027548        6414141.41414141       4.186478099919043E-005
   6618457.30027548        6666666.66666667       3.703290184487210E-005
   6618457.30027548        6919191.91919192       3.227120939956396E-005
   6618457.30027548        7171717.17171717       2.768217055645732E-005
   6618457.30027548        7424242.42424243       2.335664184596994E-005
   6618457.30027548        7676767.67676768       1.936931196881428E-005
   6618457.30027548        7929292.92929293       1.577537553292327E-005
   6618457.30027548        8181818.18181818       1.260882193971652E-005
   6618457.30027548        8434343.43434343       9.882458091543925E-006
   6618457.30027548        8686868.68686869       7.589548288212402E-006
   6618457.30027548        8939393.93939394       5.706771664784918E-006
   6618457.30027548        9191919.19191919       4.198075337960106E-006
   6618457.30027548        9444444.44444444       3.018945341600089E-006
   6618457.30027548        9696969.69696970       2.120628061222544E-006
   6618457.30027548        9949494.94949495       1.453904866243706E-006
   6618457.30027548        10202020.2020202       9.721359353564077E-007
   6618457.30027548        10454545.4545455       6.334236854373391E-007
   6618457.30027548        10707070.7070707       4.018780678756541E-007
   6618457.30027548        10959595.9595960       2.480750892224278E-007
   6618457.30027548        11212121.2121212       1.488732651978816E-007
   6618457.30027548        11464646.4646465       8.678614765209272E-008
   6618457.30027548        11717171.7171717       4.910648204762045E-008
   6618457.30027548        11969696.9696970       2.694850718974788E-008
   6618457.30027548        12222222.2222222       1.433134639060868E-008
   6618457.30027548        12474747.4747475       7.379659556374526E-009
   6618457.30027548        12727272.7272727       3.676252607147782E-009
   6618457.30027548        12979797.9797980       1.770011471664121E-009
   6618457.30027548        13232323.2323232       8.226892553475885E-010
   6618457.30027548        13484848.4848485       3.685037003616524E-010
   6618457.30027548        13737373.7373737       1.585871655595183E-010
   6618457.30027548        13989898.9898990       6.513697209070148E-011
   6618457.30027548        14242424.2424242       2.510153523461322E-011
   6618457.30027548        14494949.4949495       8.604458434726976E-012
   6618457.30027548        14747474.7474747       2.049903972646684E-012
   6618457.30027548        15000000.0000000       0.000000000000000E+000
   6906183.04254668       -10000000.0000000       0.000000000000000E+000
   6906183.04254668       -9747474.74747475       5.645109231826621E-009
   6906183.04254668       -9494949.49494950       1.492213297194695E-008
   6906183.04254668       -9242424.24242424       2.975915488241634E-008
   6906183.04254668       -8989898.98989899       5.284279326337015E-008
   6906183.04254668       -8737373.73737374       8.778866710918889E-008
   6906183.04254668       -8484848.48484848       1.392875007239046E-007
   6906183.04254668       -8232323.23232323       2.132009988407939E-007
   6906183.04254668       -7979797.97979798       3.165761214865990E-007
   6906183.04254668       -7727272.72727273       4.575483162080558E-007
   6906183.04254668       -7474747.47474748       6.451125685291056E-007
   6906183.04254668       -7222222.22222222       8.887561981877713E-007
   6906183.04254668       -6969696.96969697       1.197968492907947E-006
   6906183.04254668       -6717171.71717172       1.581667509387923E-006
   6906183.04254668       -6464646.46464646       2.047610297693009E-006
   6906183.04254668       -6212121.21212121       2.601874762766158E-006
   6906183.04254668       -5959595.95959596       3.248513631251069E-006
   6906183.04254668       -5707070.70707071       3.989477255823696E-006
   6906183.04254668       -5454545.45454546       4.824876811168783E-006
   6906183.04254668       -5202020.20202020       5.753611097377516E-006
   6906183.04254668       -4949494.94949495       6.774314739903010E-006
   6906183.04254668       -4696969.69696970       7.886518811367113E-006
   6906183.04254668       -4444444.44444444       9.091865599888384E-006
   6906183.04254668       -4191919.19191919       1.039519271818130E-005
   6906183.04254668       -3939393.93939394       1.180528081439625E-005
   6906183.04254668       -3686868.68686869       1.333503119478623E-005
   6906183.04254668       -3434343.43434343       1.500084643006434E-005
   6906183.04254668       -3181818.18181818       1.682111522429856E-005
   6906183.04254668       -2929292.92929293       1.881397507978945E-005
   6906183.04254668       -2676767.67676768       2.099481487361481E-005
   6906183.04254668       -2424242.42424242       2.337408961319868E-005
   6906183.04254668       -2171717.17171717       2.595586679499684E-005
   6906183.04254668       -1919191.91919192       2.873719434165584E-005
   6906183.04254668       -1666666.66666667       3.170803071869650E-005
   6906183.04254668       -1414141.41414141       3.485122586925693E-005
   6906183.04254668       -1161616.16161616       3.814196798411220E-005
   6906183.04254668       -909090.909090910       4.154632663133474E-005
   6906183.04254668       -656565.656565657       4.501913787553796E-005
   6906183.04254668       -404040.404040404       4.850239465078669E-005
   6906183.04254668       -151515.151515152       5.192602770395707E-005
   6906183.04254668        101010.101010101       5.521276593607430E-005
   6906183.04254668        353535.353535354       5.828729347229991E-005
   6906183.04254668        606060.606060605       6.108768923529562E-005
   6906183.04254668        858585.858585859       6.357538367970343E-005
   6906183.04254668        1111111.11111111       6.573978193048243E-005
   6906183.04254668        1363636.36363636       6.759558082123791E-005
   6906183.04254668        1616161.61616162       6.917377552144514E-005
   6906183.04254668        1868686.86868687       7.050982612444187E-005
   6906183.04254668        2121212.12121212       7.163310343461916E-005
   6906183.04254668        2373737.37373737       7.256035113857127E-005
   6906183.04254668        2626262.62626263       7.329353973456182E-005
   6906183.04254668        2878787.87878788       7.382064372781854E-005
   6906183.04254668        3131313.13131313       7.411740396407876E-005
   6906183.04254668        3383838.38383838       7.414885196397574E-005
   6906183.04254668        3636363.63636364       7.387052159550340E-005
   6906183.04254668        3888888.88888889       7.323021706458918E-005
   6906183.04254668        4141414.14141414       7.217162277734748E-005
   6906183.04254668        4393939.39393939       7.064072748466264E-005
   6906183.04254668        4646464.64646465       6.859484705363698E-005
   6906183.04254668        4898989.89898990       6.601226160993472E-005
   6906183.04254668        5151515.15151515       6.289925865040010E-005
   6906183.04254668        5404040.40404040       5.929204581663427E-005
   6906183.04254668        5656565.65656566       5.525351224949649E-005
   6906183.04254668        5909090.90909091       5.086716446072530E-005
   6906183.04254668        6161616.16161616       4.623081316059714E-005
   6906183.04254668        6414141.41414141       4.145107665792128E-005
   6906183.04254668        6666666.66666667       3.663834155862282E-005
   6906183.04254668        6919191.91919192       3.190155655021533E-005
   6906183.04254668        7171717.17171717       2.734276587835511E-005
   6906183.04254668        7424242.42424243       2.305182958290510E-005
   6906183.04254668        7676767.67676768       1.910196443010552E-005
   6906183.04254668        7929292.92929293       1.554663240378878E-005
   6906183.04254668        8181818.18181818       1.241807405093953E-005
   6906183.04254668        8434343.43434343       9.727544038063970E-006
   6906183.04254668        8686868.68686869       7.467099565006668E-006
   6906183.04254668        8939393.93939394       5.612632021353637E-006
   6906183.04254668        9191919.19191919       4.127725657577570E-006
   6906183.04254668        9444444.44444444       2.967880317387104E-006
   6906183.04254668        9696969.69696970       2.084650230855070E-006
   6906183.04254668        9949494.94949495       1.429321153046399E-006
   6906183.04254668        10202020.2020202       9.558586965050384E-007
   6906183.04254668        10454545.4545455       6.229904700337199E-007
   6906183.04254668        10707070.7070707       3.954110986515763E-007
   6906183.04254668        10959595.9595960       2.442032385928678E-007
   6906183.04254668        11212121.2121212       1.466371284184016E-007
   6906183.04254668        11464646.4646465       8.554224638995579E-008
   6906183.04254668        11717171.7171717       4.844117902316194E-008
   6906183.04254668        11969696.9696970       2.660708717464539E-008
   6906183.04254668        12222222.2222222       1.416367069693811E-008
   6906183.04254668        12474747.4747475       7.301115472243336E-009
   6906183.04254668        12727272.7272727       3.641318997988935E-009
   6906183.04254668        12979797.9797980       1.755357248485153E-009
   6906183.04254668        13232323.2323232       8.169535275088521E-010
   6906183.04254668        13484848.4848485       3.664502480244342E-010
   6906183.04254668        13737373.7373737       1.579438519150717E-010
   6906183.04254668        13989898.9898990       6.498298633407960E-011
   6906183.04254668        14242424.2424242       2.509292686964775E-011
   6906183.04254668        14494949.4949495       8.625829661975575E-012
   6906183.04254668        14747474.7474747       2.068571320814462E-012
   6906183.04254668        15000000.0000000       0.000000000000000E+000
   7200030.60912152       -10000000.0000000       0.000000000000000E+000
   7200030.60912152       -9747474.74747475       5.098048542868361E-009
   7200030.60912152       -9494949.49494950       1.348332733250539E-008
   7200030.60912152       -9242424.24242424       2.691229256679743E-008
   7200030.60912152       -8989898.98989899       4.784099432737613E-008
   7200030.60912152       -8737373.73737374       7.958793656464254E-008
   7200030.60912152       -8484848.48484848       1.264781411361079E-007
   7200030.60912152       -8232323.23232323       1.939450009972740E-007
   7200030.60912152       -7979797.97979798       2.885609669058527E-007
   7200030.60912152       -7727272.72727273       4.179690722467472E-007
   7200030.60912152       -7474747.47474748       5.906939572196414E-007
   7200030.60912152       -7222222.22222222       8.158239382907059E-007
   7200030.60912152       -6969696.96969697       1.102574412016341E-006
   7200030.60912152       -6717171.71717172       1.459765915577318E-006
   7200030.60912152       -6464646.46464646       1.895274684356626E-006
   7200030.60912152       -6212121.21212121       2.415535537198512E-006
   7200030.60912152       -5959595.95959596       3.025191239632789E-006
   7200030.60912152       -5707070.70707071       3.726983124062703E-006
   7200030.60912152       -5454545.45454546       4.521958633294985E-006
   7200030.60912152       -5202020.20202020       5.410028660130627E-006
   7200030.60912152       -4949494.94949495       6.390843095860525E-006
   7200030.60912152       -4696969.69696970       7.464878908796679E-006
   7200030.60912152       -4444444.44444444       8.634572672631717E-006
   7200030.60912152       -4191919.19191919       9.905298150150318E-006
   7200030.60912152       -3939393.93939394       1.128599020418159E-005
   7200030.60912152       -3686868.68686869       1.278923271188885E-005
   7200030.60912152       -3434343.43434343       1.443066063865835E-005
   7200030.60912152       -3181818.18181818       1.622761680711195E-005
   7200030.60912152       -2929292.92929293       1.819718800618799E-005
   7200030.60912152       -2676767.67676768       2.035396815396301E-005
   7200030.60912152       -2424242.42424242       2.270801928300834E-005
   7200030.60912152       -2171717.17171717       2.526342206011890E-005
   7200030.60912152       -1919191.91919192       2.801755376304526E-005
   7200030.60912152       -1666666.66666667       3.096092183936506E-005
   7200030.60912152       -1414141.41414141       3.407713101936814E-005
   7200030.60912152       -1161616.16161616       3.734245703772061E-005
   7200030.60912152       -909090.909090910       4.072464095331936E-005
   7200030.60912152       -656565.656565657       4.418101443193820E-005
   7200030.60912152       -404040.404040404       4.765687758554217E-005
   7200030.60912152       -151515.151515152       5.108578989135759E-005
   7200030.60912152        101010.101010101       5.439344728616421E-005
   7200030.60912152        353535.353535354       5.750566774679564E-005
   7200030.60912152        606060.606060605       6.035899793590770E-005
   7200030.60912152        858585.858585859       6.291064208394137E-005
   7200030.60912152        1111111.11111111       6.514398181389061E-005
   7200030.60912152        1363636.36363636       6.706738721163419E-005
   7200030.60912152        1616161.61616162       6.870669914373190E-005
   7200030.60912152        1868686.86868687       7.009427499290206E-005
   7200030.60912152        2121212.12121212       7.125847420328978E-005
   7200030.60912152        2373737.37373737       7.221649872939841E-005
   7200030.60912152        2626262.62626263       7.297139364564141E-005
   7200030.60912152        2878787.87878788       7.351214167599163E-005
   7200030.60912152        3131313.13131313       7.381510549680144E-005
   7200030.60912152        3383838.38383838       7.384557956302482E-005
   7200030.60912152        3636363.63636364       7.355926433066469E-005
   7200030.60912152        3888888.88888889       7.290440834022579E-005
   7200030.60912152        4141414.14141414       7.182577676945191E-005
   7200030.60912152        4393939.39393939       7.027125955682225E-005
   7200030.60912152        4646464.64646465       6.820073645049007E-005
   7200030.60912152        4898989.89898990       6.559517294072100E-005
   7200030.60912152        5151515.15151515       6.246297184326820E-005
   7200030.60912152        5404040.40404040       5.884148497887303E-005
   7200030.60912152        5656565.65656566       5.479394916954409E-005
   7200030.60912152        5909090.90909091       5.040399394646373E-005
   7200030.60912152        6161616.16161616       4.576980963586778E-005
   7200030.60912152        6414141.41414141       4.099870468484683E-005
   7200030.60912152        6666666.66666667       3.620174474720844E-005
   7200030.60912152        6919191.91919192       3.148813178127138E-005
   7200030.60912152        7171717.17171717       2.695947271039768E-005
   7200030.60912152        7424242.42424243       2.270446774534615E-005
   7200030.60912152        7676767.67676768       1.879460980639769E-005
   7200030.60912152        7929292.92929293       1.528133240447114E-005
   7200030.60912152        8181818.18181818       1.219482000838019E-005
   7200030.60912152        8434343.43434343       9.544480929870796E-006
   7200030.60912152        8686868.68686869       7.320902809230977E-006
   7200030.60912152        8939393.93939394       5.498971714859835E-006
   7200030.60912152        9191919.19191919       4.041744161480455E-006
   7200030.60912152        9444444.44444444       2.904624033134538E-006
   7200030.60912152        9696969.69696970       2.039416097423603E-006
   7200030.60912152        9949494.94949495       1.397898892787188E-006
   7200030.60912152        10202020.2020202       9.346680080113112E-007
   7200030.60912152        10454545.4545455       6.091260749393813E-007
   7200030.60912152        10707070.7070707       3.866168054366639E-007
   7200030.60912152        10959595.9595960       2.387991112596098E-007
   7200030.60912152        11212121.2121212       1.434224337075215E-007
   7200030.60912152        11464646.4646465       8.369258511188172E-008
   7200030.60912152        11717171.7171717       4.741265558670941E-008
   7200030.60912152        11969696.9696970       2.605486163049349E-008
   7200030.60912152        12222222.2222222       1.387765888508690E-008
   7200030.60912152        12474747.4747475       7.158369234742532E-009
   7200030.60912152        12727272.7272727       3.572746915212432E-009
   7200030.60912152        12979797.9797980       1.723697116826702E-009
   7200030.60912152        13232323.2323232       8.029311100725892E-010
   7200030.60912152        13484848.4848485       3.605106284851344E-010
   7200030.60912152        13737373.7373737       1.555512784237728E-010
   7200030.60912152        13989898.9898990       6.407763874862413E-011
   7200030.60912152        14242424.2424242       2.478090736414145E-011
   7200030.60912152        14494949.4949495       8.537133637550197E-012
   7200030.60912152        14747474.7474747       2.057668958736553E-012
   7200030.60912152        15000000.0000000       0.000000000000000E+000
   7500000.00000000       -10000000.0000000       0.000000000000000E+000
   7500000.00000000       -9747474.74747475       4.556822515251518E-009
   7500000.00000000       -9494949.49494950       1.206091116505698E-008
   7500000.00000000       -9242424.24242424       2.409947672678015E-008
   7500000.00000000       -8989898.98989899       4.290094513823680E-008
   7500000.00000000       -8737373.73737374       7.148997678126752E-008
   7500000.00000000       -8484848.48484848       1.138289678418326E-007
   7500000.00000000       -8232323.23232323       1.749250241519461E-007
   7500000.00000000       -7979797.97979798       2.608758633586173E-007
   7500000.00000000       -7727272.72727273       3.788281785819811E-007
   7500000.00000000       -7474747.47474748       5.368271146424500E-007
   7500000.00000000       -7222222.22222222       7.435463206826484E-007
   7500000.00000000       -6969696.96969697       1.007904445945835E-006
   7500000.00000000       -6717171.71717172       1.338594781080977E-006
   7500000.00000000       -6464646.46464646       1.743577733370849E-006
   7500000.00000000       -6212121.21212121       2.229607531609676E-006
   7500000.00000000       -5959595.95959596       2.801880399887217E-006
   7500000.00000000       -5707070.70707071       3.463895752256840E-006
   7500000.00000000       -5454545.45454546       4.217608464748954E-006
   7500000.00000000       -5202020.20202020       5.063913612324052E-006
   7500000.00000000       -4949494.94949495       6.003444102346531E-006
   7500000.00000000       -4696969.69696970       7.037584459274285E-006
   7500000.00000000       -4444444.44444444       8.169531086868225E-006
   7500000.00000000       -4191919.19191919       9.405188205666122E-006
   7500000.00000000       -3939393.93939394       1.075369668113886E-005
   7500000.00000000       -3686868.68686869       1.222744132877199E-005
   7500000.00000000       -3434343.43434343       1.384144751636029E-005
   7500000.00000000       -3181818.18181818       1.561215761230330E-005
   7500000.00000000       -2929292.92929293       1.755569594046621E-005
   7500000.00000000       -2676767.67676768       1.968588226059105E-005
   7500000.00000000       -2424242.42424242       2.201236287386701E-005
   7500000.00000000       -2171717.17171717       2.453920234680479E-005
   7500000.00000000       -1919191.91919192       2.726409937774469E-005
   7500000.00000000       -1666666.66666667       3.017813042459113E-005
   7500000.00000000       -1414141.41414141       3.326568647183336E-005
   7500000.00000000       -1161616.16161616       3.650413996550298E-005
   7500000.00000000       -909090.909090910       3.986285538805340E-005
   7500000.00000000       -656565.656565657       4.330154518445047E-005
   7500000.00000000       -404040.404040404       4.676867533710888E-005
   7500000.00000000       -151515.151515152       5.020135398834282E-005
   7500000.00000000        101010.101010101       5.352831813843291E-005
   7500000.00000000        353535.353535354       5.667678306650230E-005
   7500000.00000000        606060.606060605       5.958215486490814E-005
   7500000.00000000        858585.858585859       6.219779101944993E-005
   7500000.00000000        1111111.11111111       6.450126441392879E-005
   7500000.00000000        1363636.36363636       6.649458087654909E-005
   7500000.00000000        1616161.61616162       6.819815606973418E-005
   7500000.00000000        1868686.86868687       6.964084954922737E-005
   7500000.00000000        2121212.12121212       7.084962874760026E-005
   7500000.00000000        2373737.37373737       7.184188930342382E-005
   7500000.00000000        2626262.62626263       7.262163302953257E-005
   7500000.00000000        2878787.87878788       7.317884993597443E-005
   7500000.00000000        3131313.13131313       7.349058486276006E-005
   7500000.00000000        3383838.38383838       7.352246470931505E-005
   7500000.00000000        3636363.63636364       7.323039552384091E-005
   7500000.00000000        3888888.88888889       7.256304448071702E-005
   7500000.00000000        4141414.14141414       7.146613082801473E-005
   7500000.00000000        4393939.39393939       6.988918764400234E-005
   7500000.00000000        4646464.64646465       6.779427751761911E-005
   7500000.00000000        4898989.89898990       6.516463750630248E-005
   7500000.00000000        5151515.15151515       6.201051669889119E-005
   7500000.00000000        5404040.40404040       5.837047338559348E-005
   7500000.00000000        5656565.65656566       5.430855274264380E-005
   7500000.00000000        5909090.90909091       4.990924990335615E-005
   7500000.00000000        6161616.16161616       4.527192950940467E-005
   7500000.00000000        6414141.41414141       4.050523047823013E-005
   7500000.00000000        6666666.66666667       3.572128498917656E-005
   7500000.00000000        6919191.91919192       3.102968677670868E-005
   7500000.00000000        7171717.17171717       2.653155078181316E-005
   7500000.00000000        7424242.42424243       2.231423399760444E-005
   7500000.00000000        7676767.67676768       1.844724710532090E-005
   7500000.00000000        7929292.92929293       1.497970196799784E-005
   7500000.00000000        8181818.18181818       1.193942876912356E-005
   7500000.00000000        8434343.43434343       9.333708592788743E-006
   7500000.00000000        8686868.68686869       7.151412613980804E-006
   7500000.00000000        8939393.93939394       5.366220058137425E-006
   7500000.00000000        9191919.19191919       3.940509826894671E-006
   7500000.00000000        9444444.44444444       2.829492846926855E-006
   7500000.00000000        9696969.69696970       1.985177001475386E-006
   7500000.00000000        9949494.94949495       1.359828830722052E-006
   7500000.00000000        10202020.2020202       9.087024259918633E-007
   7500000.00000000        10454545.4545455       5.919269230268442E-007
   7500000.00000000        10707070.7070707       3.755594828570689E-007
   7500000.00000000        10959595.9595960       2.319037640620818E-007
   7500000.00000000        11212121.2121212       1.392542608687354E-007
   7500000.00000000        11464646.4646465       8.125179286020750E-008
   7500000.00000000        11717171.7171717       4.602903876452790E-008
   7500000.00000000        11969696.9696970       2.529611454280283E-008
   7500000.00000000        12222222.2222222       1.347544192375824E-008
   7500000.00000000        12474747.4747475       6.952412644170699E-009
   7500000.00000000        12727272.7272727       3.470962146573126E-009
   7500000.00000000        12979797.9797980       1.675195185330924E-009
   7500000.00000000        13232323.2323232       7.806753328041993E-010
   7500000.00000000        13484848.4848485       3.506965737741349E-010
   7500000.00000000        13737373.7373737       1.514083810318051E-010
   7500000.00000000        13989898.9898990       6.241755911191844E-011
   7500000.00000000        14242424.2424242       2.416282588775412E-011
   7500000.00000000        14494949.4949495       8.336849759954381E-012
   7500000.00000000        14747474.7474747       2.016528583949783E-012
   7500000.00000000        15000000.0000000       0.000000000000000E+000
   7806091.21518212       -10000000.0000000       0.000000000000000E+000
   7806091.21518212       -9747474.74747475       4.029560522574798E-009
   7806091.21518212       -9494949.49494950       1.067561522622380E-008
   7806091.21518212       -9242424.24242424       2.136028555397502E-008
   7806091.21518212       -8989898.98989899       3.808946988026831E-008
   7806091.21518212       -8737373.73737374       6.359972388371695E-008
   7806091.21518212       -8484848.48484848       1.014965367619029E-007
   7806091.21518212       -8232323.23232323       1.563653433850308E-007
   7806091.21518212       -7979797.97979798       2.338311375416408E-007
   7806091.21518212       -7727272.72727273       3.405418444105424E-007
   7806091.21518212       -7474747.47474748       4.840543117366553E-007
   7806091.21518212       -7222222.22222222       6.726106428636277E-007
   7806091.21518212       -6969696.96969697       9.148067484454421E-007
   7806091.21518212       -6717171.71717172       1.219173649674449E-006
   7806091.21518212       -6464646.46464646       1.593713416956869E-006
   7806091.21518212       -6212121.21212121       2.045452777822595E-006
   7806091.21518212       -5959595.95959596       2.580094314366750E-006
   7806091.21518212       -5707070.70707071       3.201852516557593E-006
   7806091.21518212       -5454545.45454546       3.913553486757405E-006
   7806091.21518212       -5202020.20202020       4.717046584059252E-006
   7806091.21518212       -4949494.94949495       5.613920380476697E-006
   7806091.21518212       -4696969.69696970       6.606438477664538E-006
   7806091.21518212       -4444444.44444444       7.698530871781832E-006
   7806091.21518212       -4191919.19191919       8.896624544261697E-006
   7806091.21518212       -3939393.93939394       1.021010245690347E-005
   7806091.21518212       -3686868.68686869       1.165124674607709E-005
   7806091.21518212       -3434343.43434343       1.323461780163486E-005
   7806091.21518212       -3181818.18181818       1.497590881072167E-005
   7806091.21518212       -2929292.92929293       1.689039256980609E-005
   7806091.21518212       -2676767.67676768       1.899116248759329E-005
   7806091.21518212       -2424242.42424242       2.128744530918726E-005
   7806091.21518212       -2171717.17171717       2.378326608067512E-005
   7806091.21518212       -1919191.91919192       2.647663210596418E-005
   7806091.21518212       -1666666.66666667       2.935919909181312E-005
   7806091.21518212       -1414141.41414141       3.241616697948374E-005
   7806091.21518212       -1161616.16161616       3.562601054756908E-005
   7806091.21518212       -909090.909090910       3.895967225786292E-005
   7806091.21518212       -656565.656565657       4.237913592857954E-005
   7806091.21518212       -404040.404040404       4.583589411440646E-005
   7806091.21518212       -151515.151515152       4.927051832634317E-005
   7806091.21518212        101010.101010101       5.261485211138483E-005
   7806091.21518212        353535.353535354       5.579777099968952E-005
   7806091.21518212        606060.606060605       5.875395082260371E-005
   7806091.21518212        858585.858585859       6.143332088209561E-005
   7806091.21518212        1111111.11111111       6.380790790902964E-005
   7806091.21518212        1363636.36363636       6.587335347653107E-005
   7806091.21518212        1616161.61616162       6.764438862317964E-005
   7806091.21518212        1868686.86868687       6.914596143305049E-005
   7806091.21518212        2121212.12121212       7.040322703836888E-005
   7806091.21518212        2373737.37373737       7.143346508613096E-005
   7806091.21518212        2626262.62626263       7.224147925037870E-005
   7806091.21518212        2878787.87878788       7.281824227716273E-005
   7806091.21518212        3131313.13131313       7.314152828284757E-005
   7806091.21518212        3383838.38383838       7.317735579919595E-005
   7806091.21518212        3636363.63636364       7.288186079327364E-005
   7806091.21518212        3888888.88888889       7.220408112760096E-005
   7806091.21518212        4141414.14141414       7.109053769215454E-005
   7806091.21518212        4393939.39393939       6.949213326933093E-005
   7806091.21518212        4646464.64646465       6.737274864204555E-005
   7806091.21518212        4898989.89898990       6.471754396813320E-005
   7806091.21518212        5151515.15151515       6.153845370269460E-005
   7806091.21518212        5404040.40404040       5.787541805547739E-005
   7806091.21518212        5656565.65656566       5.379381948563699E-005
   7806091.21518212        5909090.90909091       4.937975805889120E-005
   7806091.21518212        6161616.16161616       4.473450567116608E-005
   7806091.21518212        6414141.41414141       3.996858742684050E-005
   7806091.21518212        6666666.66666667       3.519551278578630E-005
   7806091.21518212        6919191.91919192       3.052535012820187E-005
   7806091.21518212        7171717.17171717       2.605863297538421E-005
   7806091.21518212        7424242.42424243       2.188117290913596E-005
   7806091.21518212        7676767.67676768       1.806023275860038E-005
   7806091.21518212        7929292.92929293       1.464231108609947E-005
   7806091.21518212        8181818.18181818       1.165259386907910E-005
   7806091.21518212        8434343.43434343       9.095967317193646E-006
   7806091.21518212        8686868.68686869       6.959355465085712E-006
   7806091.21518212        8939393.93939394       5.215046443966488E-006
   7806091.21518212        9191919.19191919       3.824608197022350E-006
   7806091.21518212        9444444.44444444       2.742976101934957E-006
   7806091.21518212        9696969.69696970       1.922325141631143E-006
   7806091.21518212        9949494.94949495       1.315413142457467E-006
   7806091.21518212        10202020.2020202       8.781860787014785E-007
   7806091.21518212        10454545.4545455       5.715531825938965E-007
   7806091.21518212        10707070.7070707       3.623494563692505E-007
   7806091.21518212        10959595.9595960       2.235904524275971E-007
   7806091.21518212        11212121.2121212       1.341794931083853E-007
   7806091.21518212        11464646.4646465       7.824878189014735E-008
   7806091.21518212        11717171.7171717       4.430750161095203E-008
   7806091.21518212        11969696.9696970       2.434066513176833E-008
   7806091.21518212        12222222.2222222       1.296242097008273E-008
   7806091.21518212        12474747.4747475       6.686101617068294E-009
   7806091.21518212        12727272.7272727       3.337415009445342E-009
   7806091.21518212        12979797.9797980       1.610558034815876E-009
   7806091.21518212        13232323.2323232       7.505159620474060E-010
   7806091.21518212        13484848.4848485       3.371551902821749E-010
   7806091.21518212        13737373.7373737       1.455776354800941E-010
   7806091.21518212        13989898.9898990       6.002779745130682E-011
   7806091.21518212        14242424.2424242       2.324797155979144E-011
   7806091.21518212        14494949.4949495       8.027971733949525E-012
   7806091.21518212        14747474.7474747       1.945775808126627E-012
   7806091.21518212        15000000.0000000       0.000000000000000E+000
   8118304.25466789       -10000000.0000000       0.000000000000000E+000
   8118304.25466789       -9747474.74747475       3.523630149222900E-009
   8118304.25466789       -9494949.49494950       9.346251219613818E-009
   8118304.25466789       -9242424.24242424       1.873070858328496E-008
   8118304.25466789       -8989898.98989899       3.346751228431196E-008
   8118304.25466789       -8737373.73737374       5.601324431188808E-008
   8118304.25466789       -8484848.48484848       8.962484461824000E-008
   8118304.25466789       -8232323.23232323       1.384733995226760E-007
   8118304.25466789       -7979797.97979798       2.077157007944010E-007
   8118304.25466789       -7727272.72727273       3.035004619003157E-007
   8118304.25466789       -7474747.47474748       4.328884973099287E-007
   8118304.25466789       -7222222.22222222       6.036732205526648E-007
   8118304.25466789       -6969696.96969697       8.240998232172892E-007
   8118304.25466789       -6717171.71717172       1.102498002498734E-006
   8118304.25466789       -6464646.46464646       1.446862734424736E-006
   8118304.25466789       -6212121.21212121       1.864437939006406E-006
   8118304.25466789       -5959595.95959596       2.361375383788214E-006
   8118304.25466789       -5707070.70707071       2.942550950884441E-006
   8118304.25466789       -5454545.45454546       3.611616311125367E-006
   8118304.25466789       -5202020.20202020       4.371339423713985E-006
   8118304.25466789       -4949494.94949495       5.224237180972200E-006
   8118304.25466789       -4696969.69696970       6.173429544235831E-006
   8118304.25466789       -4444444.44444444       7.223561339251733E-006
   8118304.25466789       -4191919.19191919       8.381576421575476E-006
   8118304.25466789       -3939393.93939394       9.657126400826918E-006
   8118304.25466789       -3686868.68686869       1.106246880024031E-005
   8118304.25466789       -3434343.43434343       1.261182819378531E-005
   8118304.25466789       -3181818.18181818       1.432029952143388E-005
   8118304.25466789       -2929292.92929293       1.620243226093784E-005
   8118304.25466789       -2676767.67676768       1.827066713117048E-005
   8118304.25466789       -2424242.42424242       2.053382924018187E-005
   8118304.25466789       -2171717.17171717       2.299589070437413E-005
   8118304.25466789       -1919191.91919192       2.565515296779956E-005
   8118304.25466789       -1666666.66666667       2.850385296688774E-005
   8118304.25466789       -1414141.41414141       3.152801373006229E-005
   8118304.25466789       -1161616.16161616       3.470721402681142E-005
   8118304.25466789       -909090.909090910       3.801393109668152E-005
   8118304.25466789       -656565.656565657       4.141231603581814E-005
   8118304.25466789       -404040.404040404       4.485675031649552E-005
   8118304.25466789       -151515.151515152       4.829117638524417E-005
   8118304.25466789        101010.101010101       5.165059682259387E-005
   8118304.25466789        353535.353535354       5.486580365376477E-005
   8118304.25466789        606060.606060605       5.787116648081828E-005
   8118304.25466789        858585.858585859       6.061364419746657E-005
   8118304.25466789        1111111.11111111       6.306003468717817E-005
   8118304.25466789        1363636.36363636       6.519966460313267E-005
   8118304.25466789        1616161.61616162       6.704134457000604E-005
   8118304.25466789        1868686.86868687       6.860568674781146E-005
   8118304.25466789        2121212.12121212       6.991557496362502E-005
   8118304.25466789        2373737.37373737       7.098781311853252E-005
   8118304.25466789        2626262.62626263       7.182780700022218E-005
   8118304.25466789        2878787.87878788       7.242745647937079E-005
   8118304.25466789        3131313.13131313       7.276529374009114E-005
   8118304.25466789        3383838.38383838       7.280777561722347E-005
   8118304.25466789        3636363.63636364       7.251127836080763E-005
   8118304.25466789        3888888.88888889       7.182514423955910E-005
   8118304.25466789        4141414.14141414       7.069652532618743E-005
   8118304.25466789        4393939.39393939       6.907741648611976E-005
   8118304.25466789        4646464.64646465       6.693318002947893E-005
   8118304.25466789        4898989.89898990       6.425062141713374E-005
   8118304.25466789        5151515.15151515       6.104330012334255E-005
   8118304.25466789        5404040.40404040       5.735280641889640E-005
   8118304.25466789        5656565.65656566       5.324643340125886E-005
   8118304.25466789        5909090.90909091       4.881260732640371E-005
   8118304.25466789        6161616.16161616       4.415517789129305E-005
   8118304.25466789        6414141.41414141       3.938703656552670E-005
   8118304.25466789        6666666.66666667       3.462331483977143E-005
   8118304.25466789        6919191.91919192       2.997459011819849E-005
   8118304.25466789        7171717.17171717       2.554069299417462E-005
   8118304.25466789        7424242.42424243       2.140566843251872E-005
   8118304.25466789        7676767.67676768       1.763425726640377E-005
   8118304.25466789        7929292.92929293       1.427005340041572E-005
   8118304.25466789        8181818.18181818       1.133531636824111E-005
   8118304.25466789        8434343.43434343       8.832283230927995E-006
   8118304.25466789        8686868.68686869       6.745717253322168E-006
   8118304.25466789        8939393.93939394       5.046349798324635E-006
   8118304.25466789        9191919.19191919       3.694822621217883E-006
   8118304.25466789        9444444.44444444       2.645729008446811E-006
   8118304.25466789        9696969.69696970       1.851387941168171E-006
   8118304.25466789        9949494.94949495       1.265061107747773E-006
   8118304.25466789        10202020.2020202       8.434254532397798E-007
   8118304.25466789        10454545.4545455       5.482264657186126E-007
   8118304.25466789        10707070.7070707       3.471414967435010E-007
   8118304.25466789        10959595.9595960       2.139635829443291E-007
   8118304.25466789        11212121.2121212       1.282661555097193E-007
   8118304.25466789        11464646.4646465       7.472634972210361E-008
   8118304.25466789        11717171.7171717       4.227403628763784E-008
   8118304.25466789        11969696.9696970       2.320374601803297E-008
   8118304.25466789        12222222.2222222       1.234720640961863E-008
   8118304.25466789        12474747.4747475       6.364128254280476E-009
   8118304.25466789        12727272.7272727       3.174569028855982E-009
   8118304.25466789        12979797.9797980       1.531030998174410E-009
   8118304.25466789        13232323.2323232       7.130585302075714E-010
   8118304.25466789        13484848.4848485       3.201692588988409E-010
   8118304.25466789        13737373.7373737       1.381855041394991E-010
   8118304.25466789        13989898.9898990       5.696216430546346E-011
   8118304.25466789        14242424.2424242       2.205777641568828E-011
   8118304.25466789        14494949.4949495       7.618107925724816E-012
   8118304.25466789        14747474.7474747       1.847368021180650E-012
   8118304.25466789        15000000.0000000       0.000000000000000E+000
   8436639.11845730       -10000000.0000000       0.000000000000000E+000
   8436639.11845730       -9747474.74747475       3.045421524502735E-009
   8436639.11845730       -9494949.49494950       8.089167364591550E-009
   8436639.11845730       -9242424.24242424       1.624212015160223E-008
   8436639.11845730       -8989898.98989899       2.908842687539820E-008
   8436639.11845730       -8737373.73737374       4.881509205018038E-008
   8436639.11845730       -8484848.48484848       7.834144658173286E-008
   8436639.11845730       -8232323.23232323       1.214343203159500E-007
   8436639.11845730       -7979797.97979798       1.827895738090005E-007
   8436639.11845730       -7727272.72727273       2.680587059438659E-007
   8436639.11845730       -7474747.47474748       3.838005368482164E-007
   8436639.11845730       -7222222.22222222       5.373433488898184E-007
   8436639.11845730       -6969696.96969697       7.365528425248190E-007
   8436639.11845730       -6717171.71717172       9.895156605047373E-007
   8436639.11845730       -6464646.46464646       1.304166071127414E-006
   8436639.11845730       -6212121.21212121       1.687902731442601E-006
   8436639.11845730       -5959595.95959596       2.147260177341682E-006
   8436639.11845730       -5707070.70707071       2.687711348859998E-006
   8436639.11845730       -5454545.45454546       3.313677141706291E-006
   8436639.11845730       -5202020.20202020       4.028799789326517E-006
   8436639.11845730       -4949494.94949495       4.836492862687595E-006
   8436639.11845730       -4696969.69696970       5.740711192132615E-006
   8436639.11845730       -4444444.44444444       6.746800609834777E-006
   8436639.11845730       -4191919.19191919       7.862219138054081E-006
   8436639.11845730       -3939393.93939394       9.096908724901926E-006
   8436639.11845730       -3686868.68686869       1.046316631713251E-005
   8436639.11845730       -3434343.43434343       1.197499425561525E-005
   8436639.11845730       -3181818.18181818       1.364703494163945E-005
   8436639.11845730       -2929292.92929293       1.549325414830990E-005
   8436639.11845730       -2676767.67676768       1.752553678714935E-005
   8436639.11845730       -2424242.42424242       1.975234768556104E-005
   8436639.11845730       -2171717.17171717       2.217760668834933E-005
   8436639.11845730       -1919191.91919192       2.479989710066746E-005
   8436639.11845730       -1666666.66666667       2.761203305175497E-005
   8436639.11845730       -1414141.41414141       3.060086684005209E-005
   8436639.11845730       -1161616.16161616       3.374707861284371E-005
   8436639.11845730       -909090.909090910       3.702463899757307E-005
   8436639.11845730       -656565.656565657       4.039976753378166E-005
   8436639.11845730       -404040.404040404       4.382959861324792E-005
   8436639.11845730       -151515.151515152       4.726134478185355E-005
   8436639.11845730        101010.101010101       5.063320310380179E-005
   8436639.11845730        353535.353535354       5.387812494786670E-005
   8436639.11845730        606060.606060605       5.693060489588715E-005
   8436639.11845730        858585.858585859       5.973512632993730E-005
   8436639.11845730        1111111.11111111       6.225363559522916E-005
   8436639.11845730        1363636.36363636       6.446925494827366E-005
   8436639.11845730        1616161.61616162       6.638467642657646E-005
   8436639.11845730        1868686.86868687       6.801575154828738E-005
   8436639.11845730        2121212.12121212       6.938259858571995E-005
   8436639.11845730        2373737.37373737       7.050113222504989E-005
   8436639.11845730        2626262.62626263       7.137710792352715E-005
   8436639.11845730        2878787.87878788       7.200325775225428E-005
   8436639.11845730        3131313.13131313       7.235887646248477E-005
   8436639.11845730        3383838.38383838       7.241089074529395E-005
   8436639.11845730        3636363.63636364       7.211591442340872E-005
   8436639.11845730        3888888.88888889       7.142351391104796E-005
   8436639.11845730        4141414.14141414       7.028129170067987E-005
   8436639.11845730        4393939.39393939       6.864206280716404E-005
   8436639.11845730        4646464.64646465       6.647237066045247E-005
   8436639.11845730        4898989.89898990       6.376045968731614E-005
   8436639.11845730        5151515.15151515       6.052154379437425E-005
   8436639.11845730        5404040.40404040       5.679920464297627E-005
   8436639.11845730        5656565.65656566       5.266324532352191E-005
   8436639.11845730        5909090.90909091       4.820511328738966E-005
   8436639.11845730        6161616.16161616       4.353184757289972E-005
   8436639.11845730        6414141.41414141       3.875911982000169E-005
   8436639.11845730        6666666.66666667       3.400387061451197E-005
   8436639.11845730        6919191.91919192       2.937717665319437E-005
   8436639.11845730        7171717.17171717       2.497801281311994E-005
   8436639.11845730        7424242.42424243       2.088841611266626E-005
   8436639.11845730        7676767.67676768       1.717032118841885E-005
   8436639.11845730        7929292.92929293       1.386412512352318E-005
   8436639.11845730        8181818.18181818       1.098888608655508E-005
   8436639.11845730        8434343.43434343       8.543951471805188E-006
   8436639.11845730        8686868.68686869       6.511728194659903E-006
   8436639.11845730        8939393.93939394       4.861245185079326E-006
   8436639.11845730        9191919.19191919       3.552122542621315E-006
   8436639.11845730        9444444.44444444       2.538562620481179E-006
   8436639.11845730        9696969.69696970       1.773019688558435E-006
   8436639.11845730        9949494.94949495       1.209282338321621E-006
   8436639.11845730        10202020.2020202       8.048040791313855E-007
   8436639.11845730        10454545.4545455       5.222257911475112E-007
   8436639.11845730        10707070.7070707       3.301318587463786E-007
   8436639.11845730        10959595.9595960       2.031566173762390E-007
   8436639.11845730        11212121.2121212       1.216019848620087E-007
   8436639.11845730        11464646.4646465       7.074023910872150E-008
   8436639.11845730        11717171.7171717       3.996285930182045E-008
   8436639.11845730        11969696.9696970       2.190564123548225E-008
   8436639.11845730        12222222.2222222       1.164140606689734E-008
   8436639.11845730        12474747.4747475       5.992901803764164E-009
   8436639.11845730        12727272.7272727       2.985836710398011E-009
   8436639.11845730        12979797.9797980       1.438364920221720E-009
   8436639.11845730        13232323.2323232       6.691678509758348E-010
   8436639.11845730        13484848.4848485       3.001494126156299E-010
   8436639.11845730        13737373.7373737       1.294188937448261E-010
   8436639.11845730        13989898.9898990       5.330170882087776E-011
   8436639.11845730        14242424.2424242       2.062520418077127E-011
   8436639.11845730        14494949.4949495       7.119262039665666E-012
   8436639.11845730        14747474.7474747       1.724536277134387E-012
   8436639.11845730        15000000.0000000       0.000000000000000E+000
   8761095.80655035       -10000000.0000000       0.000000000000000E+000
   8761095.80655035       -9747474.74747475       2.600178006405077E-009
   8761095.80655035       -9494949.49494950       6.917818616093718E-009
   8761095.80655035       -9242424.24242424       1.392046237220973E-008
   8761095.80655035       -8989898.98989899       2.499660404824742E-008
   8761095.80655035       -8737373.73737374       4.207615362488306E-008
   8761095.80655035       -8484848.48484848       6.775424157148915E-008
   8761095.80655035       -8232323.23232323       1.054063063950790E-007
   8761095.80655035       -7979797.97979798       1.592774762452626E-007
   8761095.80655035       -7727272.72727273       2.345268828766282E-007
   8761095.80655035       -7474747.47474748       3.372078463297363E-007
   8761095.80655035       -7222222.22222222       4.741687446128341E-007
   8761095.80655035       -6969696.96969697       6.528674530463472E-007
   8761095.80655035       -6717171.71717172       8.811045838845113E-007
   8761095.80655035       -6464646.46464646       1.166696749092912E-006
   8761095.80655035       -6212121.21212121       1.517129185705048E-006
   8761095.80655035       -5959595.95959596       1.939244680559403E-006
   8761095.80655035       -5707070.70707071       2.439038769469241E-006
   8761095.80655035       -5454545.45454546       3.021634036561264E-006
   8761095.80655035       -5202020.20202020       3.691492079672767E-006
   8761095.80655035       -4949494.94949495       4.452883717929430E-006
   8761095.80655035       -4696969.69696970       5.310573995634837E-006
   8761095.80655035       -4444444.44444444       6.270597267201043E-006
   8761095.80655035       -4191919.19191919       7.340925451980940E-006
   8761095.80655035       -3939393.93939394       8.531810409010271E-006
   8761095.80655035       -3686868.68686869       9.855642461079623E-006
   8761095.80655035       -3434343.43434343       1.132630094033766E-005
   8761095.80655035       -3181818.18181818       1.295811279318151E-005
   8761095.80655035       -2929292.92929293       1.476460534452037E-005
   8761095.80655035       -2676767.67676768       1.675722392733025E-005
   8761095.80655035       -2424242.42424242       1.894413823393280E-005
   8761095.80655035       -2171717.17171717       2.132923416434912E-005
   8761095.80655035       -1919191.91919192       2.391137106862635E-005
   8761095.80655035       -1666666.66666667       2.668393321893461E-005
   8761095.80655035       -1414141.41414141       2.963460163074183E-005
   8761095.80655035       -1161616.16161616       3.274515087347771E-005
   8761095.80655035       -909090.909090910       3.599100494820835E-005
   8761095.80655035       -656565.656565657       3.934035823695255E-005
   8761095.80655035       -404040.404040404       4.275296406273176E-005
   8761095.80655035       -151515.151515152       4.617919527362943E-005
   8761095.80655035        101010.101010101       4.956045843738800E-005
   8761095.80655035        353535.353535354       5.283208683306171E-005
   8761095.80655035        606060.606060605       5.592913031018232E-005
   8761095.80655035        858585.858585859       5.879412412765713E-005
   8761095.80655035        1111111.11111111       6.138460342192099E-005
   8761095.80655035        1363636.36363636       6.367766897579697E-005
   8761095.80655035        1616161.61616162       6.566974918586510E-005
   8761095.80655035        1868686.86868687       6.737152351952649E-005
   8761095.80655035        2121212.12121212       6.879982183755716E-005
   8761095.80655035        2373737.37373737       6.996920084084013E-005
   8761095.80655035        2626262.62626263       7.088545316956714E-005
   8761095.80655035        2878787.87878788       7.154199992751001E-005
   8761095.80655035        3131313.13131313       7.191887164125436E-005
   8761095.80655035        3383838.38383838       7.198347796883437E-005
   8761095.80655035        3636363.63636364       7.169265518168696E-005
   8761095.80655035        3888888.88888889       7.099610393183260E-005
   8761095.80655035        4141414.14141414       6.984169330151353E-005
   8761095.80655035        4393939.39393939       6.818280038041668E-005
   8761095.80655035        4646464.64646465       6.598689074630851E-005
   8761095.80655035        4898989.89898990       6.324351034136460E-005
   8761095.80655035        5151515.15151515       5.996963461144745E-005
   8761095.80655035        5404040.40404040       5.621123419810312E-005
   8761095.80655035        5656565.65656566       5.204123454543032E-005
   8761095.80655035        5909090.90909091       4.755476987435865E-005
   8761095.80655035        6161616.16161616       4.286262638262832E-005
   8761095.80655035        6414141.41414141       3.808361122929847E-005
   8761095.80655035        6666666.66666667       3.333660916905241E-005
   8761095.80655035        6919191.91919192       2.873314440514525E-005
   8761095.80655035        7171717.17171717       2.437115145185803E-005
   8761095.80655035        7424242.42424243       2.033039630136724E-005
   8761095.80655035        7676767.67676768       1.666971161130062E-005
   8761095.80655035        7929292.92929293       1.342600380858090E-005
   8761095.80655035        8181818.18181818       1.061486203686008E-005
   8761095.80655035        8434343.43434343       8.232517945740537E-006
   8761095.80655035        8686868.68686869       6.258845821260510E-006
   8761095.80655035        8939393.93939394       4.661048106234478E-006
   8761095.80655035        9191919.19191919       3.397649269382517E-006
   8761095.80655035        9444444.44444444       2.422431248988764E-006
   8761095.80655035        9696969.69696970       1.687990714614355E-006
   8761095.80655035        9949494.94949495       1.148677757237423E-006
   8761095.80655035        10202020.2020202       7.627752539681892E-007
   8761095.80655035        10454545.4545455       4.938819157936588E-007
   8761095.80655035        10707070.7070707       3.115540165229335E-007
   8761095.80655035        10959595.9595960       1.913289770019291E-007
   8761095.80655035        11212121.2121212       1.142922625992353E-007
   8761095.80655035        11464646.4646465       6.635767569160954E-008
   8761095.80655035        11717171.7171717       3.741546063967405E-008
   8761095.80655035        11969696.9696970       2.047109068048161E-008
   8761095.80655035        12222222.2222222       1.085926605146232E-008
   8761095.80655035        12474747.4747475       5.580340197889991E-009
   8761095.80655035        12727272.7272727       2.775463137633142E-009
   8761095.80655035        12979797.9797980       1.334753663641654E-009
   8761095.80655035        13232323.2323232       6.199357854561885E-010
   8761095.80655035        13484848.4848485       2.776181846159267E-010
   8761095.80655035        13737373.7373737       1.195176006899716E-010
   8761095.80655035        13989898.9898990       4.915131469119972E-011
   8761095.80655035        14242424.2424242       1.899331235053012E-011
   8761095.80655035        14494949.4949495       6.547287859663018E-012
   8761095.80655035        14747474.7474747       1.581628902048441E-012
   8761095.80655035        15000000.0000000       0.000000000000000E+000
   9091674.31894705       -10000000.0000000       0.000000000000000E+000
   9091674.31894705       -9747474.74747475       2.191881399797656E-009
   9091674.31894705       -9494949.49494950       5.842471745094506E-009
   9091674.31894705       -9242424.24242424       1.178567490508773E-008
   9091674.31894705       -8989898.98989899       2.122648995269849E-008
   9091674.31894705       -8737373.73737374       3.585207360855965E-008
   9091674.31894705       -8484848.48484848       5.794905870364218E-008
   9091674.31894705       -8232323.23232323       9.051706554513990E-008
   9091674.31894705       -7979797.97979798       1.373637233636674E-007
   9091674.31894705       -7727272.72727273       2.031638348822331E-007
   9091674.31894705       -7474747.47474748       2.934647937592209E-007
   9091674.31894705       -7222222.22222222       4.146229027216831E-007
   9091674.31894705       -6969696.96969697       5.736615510612579E-007
   9091674.31894705       -6717171.71717172       7.780525824256687E-007
   9091674.31894705       -6464646.46464646       1.035436300829962E-006
   9091674.31894705       -6212121.21212121       1.353312296149403E-006
   9091674.31894705       -5959595.95959596       1.738750414780256E-006
   9091674.31894705       -5707070.70707071       2.198185146419876E-006
   9091674.31894705       -5454545.45454546       2.737362151735143E-006
   9091674.31894705       -5202020.20202020       3.361495789989864E-006
   9091674.31894705       -4949494.94949495       4.075664306417234E-006
   9091674.31894705       -4696969.69696970       4.885411273270006E-006
   9091674.31894705       -4444444.44444444       5.797444410213331E-006
   9091674.31894705       -4191919.19191919       6.820249397950873E-006
   9091674.31894705       -3939393.93939394       7.964406197886477E-006
   9091674.31894705       -3686868.68686869       9.242445252484819E-006
   9091674.31894705       -3434343.43434343       1.066820956656984E-005
   9091674.31894705       -3181818.18181818       1.225583706999866E-005
   9091674.31894705       -2929292.92929293       1.401856231622874E-005
   9091674.31894705       -2676767.67676768       1.596752186620632E-005
   9091674.31894705       -2424242.42424242       1.811067811155965E-005
   9091674.31894705       -2171717.17171717       2.045192177589540E-005
   9091674.31894705       -1919191.91919192       2.299039334783873E-005
   9091674.31894705       -1666666.66666667       2.572004093011405E-005
   9091674.31894705       -1414141.41414141       2.862936890897456E-005
   9091674.31894705       -1161616.16161616       3.170123530380448E-005
   9091674.31894705       -909090.909090910       3.491247848952990E-005
   9091674.31894705       -656565.656565657       3.823317929935205E-005
   9091674.31894705       -404040.404040404       4.162557864430392E-005
   9091674.31894705       -151515.151515152       4.504309110133227E-005
   9091674.31894705        101010.101010101       4.843032481964930E-005
   9091674.31894705        353535.353535354       5.172519056609698E-005
   9091674.31894705        606060.606060605       5.486371341409696E-005
   9091674.31894705        858585.858585859       5.778703302333572E-005
   9091674.31894705        1111111.11111111       6.044877674356410E-005
   9091674.31894705        1363636.36363636       6.282028891187259E-005
   9091674.31894705        1616161.61616162       6.489165878850132E-005
   9091674.31894705        1868686.86868687       6.666801231676698E-005
   9091674.31894705        2121212.12121212       6.816234987174092E-005
   9091674.31894705        2373737.37373737       6.938734737833067E-005
   9091674.31894705        2626262.62626263       7.034845592244648E-005
   9091674.31894705        2878787.87878788       7.103958489126324E-005
   9091674.31894705        3131313.13131313       7.144143437110992E-005
   9091674.31894705        3383838.38383838       7.152188726488515E-005
   9091674.31894705        3636363.63636364       7.123797474359669E-005
   9091674.31894705        3888888.88888889       7.053943597701885E-005
   9091674.31894705        4141414.14141414       6.937422608196432E-005
   9091674.31894705        4393939.39393939       6.769604636013161E-005
   9091674.31894705        4646464.64646465       6.547306957811427E-005
   9091674.31894705        4898989.89898990       6.269606996456737E-005
   9091674.31894705        5151515.15151515       5.938395753040211E-005
   9091674.31894705        5404040.40404040       5.558553219311385E-005
   9091674.31894705        5656565.65656566       5.137745888172738E-005
   9091674.31894705        5909090.90909091       4.685919483373443E-005
   9091674.31894705        6161616.16161616       4.214578309601734E-005
   9091674.31894705        6414141.41414141       3.735946923084194E-005
   9091674.31894705        6666666.66666667       3.262116846704868E-005
   9091674.31894705        6919191.91919192       2.804275887015075E-005
   9091674.31894705        7171717.17171717       2.372091654564749E-005
   9091674.31894705        7424242.42424243       1.973284972758575E-005
   9091674.31894705        7676767.67676768       1.613398033127482E-005
   9091674.31894705        7929292.92929293       1.295742807686518E-005
   9091674.31894705        8181818.18181818       1.021505301803613E-005
   9091674.31894705        8434343.43434343       7.899760484163298E-006
   9091674.31894705        8686868.68686869       5.988736717025719E-006
   9091674.31894705        8939393.93939394       4.447257049167125E-006
   9091674.31894705        9191919.19191919       3.232699678529235E-006
   9091674.31894705        9444444.44444444       2.298417676945197E-006
   9091674.31894705        9696969.69696970       1.597174403201772E-006
   9091674.31894705        9949494.94949495       1.083928570244368E-006
   9091674.31894705        10202020.2020202       7.178530040574022E-007
   9091674.31894705        10454545.4545455       4.635701872603369E-007
   9091674.31894705        10707070.7070707       2.916732135025380E-007
   9091674.31894705        10959595.9595960       1.786620359489599E-007
   9091674.31894705        11212121.2121212       1.064569755461976E-007
   9091674.31894705        11464646.4646465       6.165542897135170E-008
   9091674.31894705        11717171.7171717       3.467932781732065E-008
   9091674.31894705        11969696.9696970       1.892848130304899E-008
   9091674.31894705        12222222.2222222       1.001717701703208E-008
   9091674.31894705        12474747.4747475       5.135579887965954E-009
   9091674.31894705        12727272.7272727       2.548361873572392E-009
   9091674.31894705        12979797.9797980       1.222744853034113E-009
   9091674.31894705        13232323.2323232       5.666345876968293E-010
   9091674.31894705        13484848.4848485       2.531866047599950E-010
   9091674.31894705        13737373.7373737       1.087630742385426E-010
   9091674.31894705        13989898.9898990       4.463456686031214E-011
   9091674.31894705        14242424.2424242       1.721305388323581E-011
   9091674.31894705        14494949.4949495       5.921043887525214E-012
   9091674.31894705        14747474.7474747       1.423864511818841E-012
   9091674.31894705        15000000.0000000       0.000000000000000E+000
   9428374.65564738       -10000000.0000000       0.000000000000000E+000
   9428374.65564738       -9747474.74747475       1.823196674355875E-009
   9428374.65564738       -9494949.49494950       4.870057996388514E-009
   9428374.65564738       -9242424.24242424       9.851395879056782E-009
   9428374.65564738       -8989898.98989899       1.780204265396781E-008
   9428374.65564738       -8737373.73737374       3.018232665416999E-008
   9428374.65564738       -8484848.48484848       4.898814496410472E-008
   9428374.65564738       -8232323.23232323       7.686144062983555E-008
   9428374.65564738       -7979797.97979798       1.171886323751444E-007
   9428374.65564738       -7727272.72727273       1.741716717832988E-007
   9428374.65564738       -7474747.47474748       2.528552180305376E-007
   9428374.65564738       -7222222.22222222       3.590947984330955E-007
   9428374.65564738       -6969696.96969697       4.994555337546373E-007
   9428374.65564738       -6717171.71717172       6.810395045336148E-007
   9428374.65564738       -6464646.46464646       9.112520725926490E-007
   9428374.65564738       -6212121.21212121       1.197532681995760E-006
   9428374.65564738       -5959595.95959596       1.547092061968356E-006
   9428374.65564738       -5707070.70707071       1.966712168543810E-006
   9428374.65564738       -5454545.45454546       2.462672721005065E-006
   9428374.65564738       -5202020.20202020       3.040862182541620E-006
   9428374.65564738       -4949494.94949495       3.707104287746256E-006
   9428374.65564738       -4696969.69696970       4.467679291384522E-006
   9428374.65564738       -4444444.44444444       5.329946537582569E-006
   9428374.65564738       -4191919.19191919       6.302902212357258E-006
   9428374.65564738       -3939393.93939394       7.397470168192634E-006
   9428374.65564738       -3686868.68686869       8.626361895089024E-006
   9428374.65564738       -3434343.43434343       1.000345988803434E-005
   9428374.65564738       -3181818.18181818       1.154282785696471E-005
   9428374.65564738       -2929292.92929293       1.325754925539897E-005
   9428374.65564738       -2676767.67676768       1.515859199221470E-005
   9428374.65564738       -2424242.42424242       1.725381915166158E-005
   9428374.65564738       -2171717.17171717       1.954718708402325E-005
   9428374.65564738       -1919191.91919192       2.203813767216565E-005
   9428374.65564738       -1666666.66666667       2.472118164723322E-005
   9428374.65564738       -1414141.41414141       2.758563940437702E-005
   9428374.65564738       -1161616.16161616       3.061543832772849E-005
   9428374.65564738       -909090.909090910       3.378879301712344E-005
   9428374.65564738       -656565.656565657       3.707758756100172E-005
   9428374.65564738       -404040.404040404       4.044642260658531E-005
   9428374.65564738       -151515.151515152       4.385162802760366E-005
   9428374.65564738        101010.101010101       4.724098127124295E-005
   9428374.65564738        353535.353535354       5.055513308901716E-005
   9428374.65564738        606060.606060605       5.373148308599066E-005
   9428374.65564738        858585.858585859       5.671034288429783E-005
   9428374.65564738        1111111.11111111       5.944199506222659E-005
   9428374.65564738        1363636.36363636       6.189238182643193E-005
   9428374.65564738        1616161.61616162       6.404526386280364E-005
   9428374.65564738        1868686.86868687       6.589988147380458E-005
   9428374.65564738        2121212.12121212       6.746486086940739E-005
   9428374.65564738        2373737.37373737       6.875042543836786E-005
   9428374.65564738        2626262.62626263       6.976123551504655E-005
   9428374.65564738        2878787.87878788       7.049142116486397E-005
   9428374.65564738        3131313.13131313       7.092223713540183E-005
   9428374.65564738        3383838.38383838       7.102200124256071E-005
   9428374.65564738        3636363.63636364       7.074789843765148E-005
   9428374.65564738        3888888.88888889       7.004960776237151E-005
   9428374.65564738        4141414.14141414       6.887499824194283E-005
   9428374.65564738        4393939.39393939       6.717788235214955E-005
   9428374.65564738        4646464.64646465       6.492696974305408E-005
   9428374.65564738        4898989.89898990       6.211424833428689E-005
   9428374.65564738        5151515.15151515       5.876079123448484E-005
   9428374.65564738        5404040.40404040       5.491870060439365E-005
   9428374.65564738        5656565.65656566       5.066899826010926E-005
   9428374.65564738        5909090.90909091       4.611607326074233E-005
   9428374.65564738        6161616.16161616       4.137969192455107E-005
   9428374.65564738        6414141.41414141       3.658579246562821E-005
   9428374.65564738        6666666.66666667       3.185735915005424E-005
   9428374.65564738        6919191.91919192       2.730648711117175E-005
   9428374.65564738        7171717.17171717       2.302834035112511E-005
   9428374.65564738        7424242.42424243       1.909725692574589E-005
   9428374.65564738        7676767.67676768       1.556492508356680E-005
   9428374.65564738        7929292.92929293       1.246037943835245E-005
   9428374.65564738        8181818.18181818       9.791499305161492E-006
   9428374.65564738        8434343.43434343       7.547670158636596E-006
   9428374.65564738        8686868.68686869       5.703257608222303E-006
   9428374.65564738        8939393.93939394       4.221534777970005E-006
   9428374.65564738        9191919.19191919       3.058708265906868E-006
   9428374.65564738        9444444.44444444       2.167716528168024E-006
   9428374.65564738        9696969.69696970       1.501532339774809E-006
   9428374.65564738        9949494.94949495       1.015783493252181E-006
   9428374.65564738        10202020.2020202       6.706015072026684E-007
   9428374.65564738        10454545.4545455       4.317021088035840E-007
   9428374.65564738        10707070.7070707       2.707799836601060E-007
   9428374.65564738        10959595.9595960       1.653543277948614E-007
   9428374.65564738        11212121.2121212       9.822739939122791E-008
   9428374.65564738        11464646.4646465       5.671746633780368E-008
   9428374.65564738        11717171.7171717       3.180639409648178E-008
   9428374.65564738        11969696.9696970       1.730885843018750E-008
   9428374.65564738        12222222.2222222       9.133067563831160E-009
   9428374.65564738        12474747.4747475       4.668617545731304E-009
   9428374.65564738        12727272.7272727       2.309911295053728E-009
   9428374.65564738        12979797.9797980       1.105128526474366E-009
   9428374.65564738        13232323.2323232       5.106584000136865E-010
   9428374.65564738        13484848.4848485       2.275246987264896E-010
   9428374.65564738        13737373.7373737       9.746417879425257E-011
   9428374.65564738        13989898.9898990       3.988721408045951E-011
   9428374.65564738        14242424.2424242       1.534046355063872E-011
   9428374.65564738        14494949.4949495       5.261305865301919E-012
   9428374.65564738        14747474.7474747       1.257012159697156E-012
   9428374.65564738        15000000.0000000       0.000000000000000E+000
   9771196.81665136       -10000000.0000000       0.000000000000000E+000
   9771196.81665136       -9747474.74747475       1.495477584480799E-009
   9771196.81665136       -9494949.49494950       4.004177394845810E-009
   9771196.81665136       -9242424.24242424       8.124943119580909E-009
   9771196.81665136       -8989898.98989899       1.473664282009832E-008
   9771196.81665136       -8737373.73737374       2.508996964670438E-008
   9771196.81665136       -8484848.48484848       4.090961204405495E-008
   9771196.81665136       -8232323.23232323       6.450032547064303E-008
   9771196.81665136       -7979797.97979798       9.884658387332831E-008
   9771196.81665136       -7727272.72727273       1.476925429460658E-007
   9771196.81665136       -7474747.47474748       2.155873611607931E-007
   9771196.81665136       -7222222.22222222       3.078813263946081E-007
   9771196.81665136       -6969696.96969697       4.306615199992538E-007
   9771196.81665136       -6717171.71717172       5.906224942191873E-007
   9771196.81665136       -6464646.46464646       7.948778241091664E-007
   9771196.81665136       -6212121.21212121       1.050731976490158E-006
   9771196.81665136       -5959595.95959596       1.365447332461546E-006
   9771196.81665136       -5707070.70707071       1.746055677202617E-006
   9771196.81665136       -5454545.45454546       2.199272541922544E-006
   9771196.81665136       -5202020.20202020       2.731570102416735E-006
   9771196.81665136       -4949494.94949495       3.349442647219167E-006
   9771196.81665136       -4696969.69696970       4.059852817545482E-006
   9771196.81665136       -4444444.44444444       4.870779805882237E-006
   9771196.81665136       -4191919.19191919       5.791720292105835E-006
   9771196.81665136       -3939393.93939394       6.833953064081503E-006
   9771196.81665136       -3686868.68686869       8.010405590180164E-006
   9771196.81665136       -3434343.43434343       9.335065769923163E-006
   9771196.81665136       -3181818.18181818       1.082202577694751E-005
   9771196.81665136       -2929292.92929293       1.248435204445748E-005
   9771196.81665136       -2676767.67676768       1.433298787706578E-005
   9771196.81665136       -2424242.42424242       1.637582139553625E-005
   9771196.81665136       -2171717.17171717       1.861695754813523E-005
   9771196.81665136       -1919191.91919192       2.105617864928766E-005
   9771196.81665136       -1666666.66666667       2.368856671019084E-005
   9771196.81665136       -1414141.41414141       2.650425239678497E-005
   9771196.81665136       -1161616.16161616       2.948821692097241E-005
   9771196.81665136       -909090.909090910       3.262001400874055E-005
   9771196.81665136       -656565.656565657       3.587325304531102E-005
   9771196.81665136       -404040.404040404       3.921477104013319E-005
   9771196.81665136       -151515.151515152       4.260368046388837E-005
   9771196.81665136        101010.101010101       4.599087124701804E-005
   9771196.81665136        353535.353535354       4.931985853457142E-005
   9771196.81665136        606060.606060605       5.252978447168870E-005
   9771196.81665136        858585.858585859       5.556070262554458E-005
   9771196.81665136        1111111.11111111       5.836016585469730E-005
   9771196.81665136        1363636.36363636       6.088916138990190E-005
   9771196.81665136        1616161.61616162       6.312523333328987E-005
   9771196.81665136        1868686.86868687       6.506147517418448E-005
   9771196.81665136        2121212.12121212       6.670160974938924E-005
   9771196.81665136        2373737.37373737       6.805279691610921E-005
   9771196.81665136        2626262.62626263       6.911838545183995E-005
   9771196.81665136        2878787.87878788       6.989238315261005E-005
   9771196.81665136        3131313.13131313       7.035642565002837E-005
   9771196.81665136        3383838.38383838       7.047919132365316E-005
   9771196.81665136        3636363.63636364       7.021796149126990E-005
   9771196.81665136        3888888.88888889       6.952225500982505E-005
   9771196.81665136        4141414.14141414       6.833969487658756E-005
   9771196.81665136        4393939.39393939       6.662401959900818E-005
   9771196.81665136        4646464.64646465       6.434434944913934E-005
   9771196.81665136        4898989.89898990       6.149392451168772E-005
   9771196.81665136        5151515.15151515       5.809625658956784E-005
   9771196.81665136        5404040.40404040       5.420724892390805E-005
   9771196.81665136        5656565.65656566       4.991289604389125E-005
   9771196.81665136        5909090.90909091       4.532310269445084E-005
   9771196.81665136        6161616.16161616       4.056278512760002E-005
   9771196.81665136        6414141.41414141       3.576178146473540E-005
   9771196.81665136        6666666.66666667       3.104513490647383E-005
   9771196.81665136        6919191.91919192       2.652497516623364E-005
   9771196.81665136        7171717.17171717       2.229466199518256E-005
   9771196.81665136        7424242.42424243       1.842532310031004E-005
   9771196.81665136        7676767.67676768       1.496457512784250E-005
   9771196.81665136        7929292.92929293       1.193706724296237E-005
   9771196.81665136        8181818.18181818       9.346456233379358E-006
   9771196.81665136        8434343.43434343       7.178433358742521E-006
   9771196.81665136        8686868.68686869       5.404436279880745E-006
   9771196.81665136        8939393.93939394       3.985688753318611E-006
   9771196.81665136        9191919.19191919       2.877227876862571E-006
   9771196.81665136        9444444.44444444       2.031616097000033E-006
   9771196.81665136        9696969.69696970       1.402097886886221E-006
   9771196.81665136        9949494.94949495       9.450445075206415E-007
   9771196.81665136        10202020.2020202       6.216232271730583E-007
   9771196.81665136        10454545.4545455       3.987158384101692E-007
   9771196.81665136        10707070.7070707       2.491828333740902E-007
   9771196.81665136        10959595.9595960       1.516161202785086E-007
   9771196.81665136        11212121.2121212       8.974222620703416E-008
   9771196.81665136        11464646.4646465       5.163229117152767E-008
   9771196.81665136        11717171.7171717       2.885127624603659E-008
   9771196.81665136        11969696.9696970       1.564480221541643E-008
   9771196.81665136        12222222.2222222       8.225714454514136E-009
   9771196.81665136        12474747.4747475       4.189902383688486E-009
   9771196.81665136        12727272.7272727       2.065722718993467E-009
   9771196.81665136        12979797.9797980       9.848102883929492E-010
   9771196.81665136        13232323.2323232       4.534565642491342E-010
   9771196.81665136        13484848.4848485       2.013278398136208E-010
   9771196.81665136        13737373.7373737       8.594094481709634E-011
   9771196.81665136        13989898.9898990       3.504970353536760E-011
   9771196.81665136        14242424.2424242       1.343344298186667E-011
   9771196.81665136        14494949.4949495       4.589523291751352E-012
   9771196.81665136        14747474.7474747       1.087025094058570E-012
   9771196.81665136        15000000.0000000       0.000000000000000E+000
   10120140.8019590       -10000000.0000000       0.000000000000000E+000
   10120140.8019590       -9747474.74747475       1.208830845085878E-009
   10120140.8019590       -9494949.49494950       3.245249645006400E-009
   10120140.8019590       -9242424.24242424       6.607568470333586E-009
   10120140.8019590       -8989898.98989899       1.203345168857640E-008
   10120140.8019590       -8737373.73737374       2.058207117614739E-008
   10120140.8019590       -8484848.48484848       3.372785171504121E-008
   10120140.8019590       -8232323.23232323       5.346090190637211E-008
   10120140.8019590       -7979797.97979798       8.238581131411381E-008
   10120140.8019590       -7727272.72727273       1.238075816004707E-007
   10120140.8019590       -7474747.47474748       1.817914272920711E-007
   10120140.8019590       -7222222.22222222       2.611827928186672E-007
   10120140.8019590       -6969696.96969697       3.675759751687707E-007
   10120140.8019590       -6717171.71717172       5.072248768100328E-007
   10120140.8019590       -6464646.46464646       6.868980052529671E-007
   10120140.8019590       -6212121.21212121       9.136917221133587E-007
   10120140.8019590       -5959595.95959596       1.194829916810934E-006
   10120140.8019590       -5707070.70707071       1.537492450084474E-006
   10120140.8019590       -5454545.45454546       1.948724846170048E-006
   10120140.8019590       -5202020.20202020       2.435481828686224E-006
   10120140.8019590       -4949494.94949495       3.004840221645007E-006
   10120140.8019590       -4696969.69696970       3.664376889458168E-006
   10120140.8019590       -4444444.44444444       4.422646301935030E-006
   10120140.8019590       -4191919.19191919       5.289625322202374E-006
   10120140.8019590       -3939393.93939394       6.276950830054346E-006
   10120140.8019590       -3686868.68686869       7.397793625046933E-006
   10120140.8019590       -3434343.43434343       8.666302913371162E-006
   10120140.8019590       -3181818.18181818       1.009668943053022E-005
   10120140.8019590       -2929292.92929293       1.170212617483695E-005
   10120140.8019590       -2676767.67676768       1.349367459856676E-005
   10120140.8019590       -2424242.42424242       1.547938371628602E-005
   10120140.8019590       -2171717.17171717       1.766361072102229E-005
   10120140.8019590       -1919191.91919192       2.004653869976186E-005
   10120140.8019590       -1666666.66666667       2.262384417648874E-005
   10120140.8019590       -1414141.41414141       2.538646838245460E-005
   10120140.8019590       -1161616.16161616       2.832043193307395E-005
   10120140.8019590       -909090.909090910       3.140659239502652E-005
   10120140.8019590       -656565.656565657       3.462021192732738E-005
   10120140.8019590       -404040.404040404       3.793024607890714E-005
   10120140.8019590       -151515.151515152       4.129845310977142E-005
   10120140.8019590        101010.101010101       4.467875524621527E-005
   10120140.8019590        353535.353535354       4.801761487747008E-005
   10120140.8019590        606060.606060605       5.125624312931341E-005
   10120140.8019590        858585.858585859       5.433499328640209E-005
   10120140.8019590        1111111.11111111       5.719934372664808E-005
   10120140.8019590        1363636.36363636       5.980586552643335E-005
   10120140.8019590        1616161.61616162       6.212611239132038E-005
   10120140.8019590        1868686.86868687       6.414686344800806E-005
   10120140.8019590        2121212.12121212       6.586644784083485E-005
   10120140.8019590        2373737.37373737       6.728832689335038E-005
   10120140.8019590        2626262.62626263       6.841394855480890E-005
   10120140.8019590        2878787.87878788       6.923677338336004E-005
   10120140.8019590        3131313.13131313       6.973857455979739E-005
   10120140.8019590        3383838.38383838       6.988827152784629E-005
   10120140.8019590        3636363.63636364       6.964316356992944E-005
   10120140.8019590        3888888.88888889       6.895250764140083E-005
   10120140.8019590        4141414.14141414       6.776353517566508E-005
   10120140.8019590        4393939.39393939       6.602975522881863E-005
   10120140.8019590        4646464.64646465       6.372061523116356E-005
   10120140.8019590        4898989.89898990       6.083069411972060E-005
   10120140.8019590        5151515.15151515       5.738625881186885E-005
   10120140.8019590        5404040.40404040       5.344753425331283E-005
   10120140.8019590        5656565.65656566       4.910610175697009E-005
   10120140.8019590        5909090.90909091       4.447794294282505E-005
   10120140.8019590        6161616.16161616       3.969351268680765E-005
   10120140.8019590        6414141.41414141       3.488670875772333E-005
   10120140.8019590        6666666.66666667       3.018457180065463E-005
   10120140.8019590        6919191.91919192       2.569903426915907E-005
   10120140.8019590        7171717.17171717       2.152131781630566E-005
   10120140.8019590        7424242.42424243       1.771896991957017E-005
   10120140.8019590        7676767.67676768       1.433518231669249E-005
   10120140.8019590        7929292.92929293       1.138991756210091E-005
   10120140.8019590        8181818.18181818       8.882380217731950E-006
   10120140.8019590        8434343.43434343       6.794414999607343E-006
   10120140.8019590        8686868.68686869       5.094452584534875E-006
   10120140.8019590        8939393.93939394       3.741650907291795E-006
   10120140.8019590        9191919.19191919       2.689909342533467E-006
   10120140.8019590        9444444.44444444       1.891478880176477E-006
   10120140.8019590        9696969.69696970       1.299958446036025E-006
   10120140.8019590        9949494.94949495       8.725514109163852E-007
   10120140.8019590        10202020.2020202       5.715460233475617E-007
   10120140.8019590        10454545.4545455       3.650658667861963E-007
   10120140.8019590        10707070.7070707       2.272002993125876E-007
   10120140.8019590        10959595.9595960       1.376635381141253E-007
   10120140.8019590        11212121.2121212       8.114337911743000E-008
   10120140.8019590        11464646.4646465       4.649007348557721E-008
   10120140.8019590        11717171.7171717       2.586938036708702E-008
   10120140.8019590        11969696.9696970       1.396922355773172E-008
   10120140.8019590        12222222.2222222       7.314005637604452E-009
   10120140.8019590        12474747.4747475       3.709901922779681E-009
   10120140.8019590        12727272.7272727       1.821394188956999E-009
   10120140.8019590        12979797.9797980       8.646770339471978E-010
   10120140.8019590        13232323.2323232       3.964632453158133E-010
   10120140.8019590        13484848.4848485       1.752813492445046E-010
   10120140.8019590        13737373.7373737       7.450752603555612E-011
   10120140.8019590        13989898.9898990       3.025937417895563E-011
   10120140.8019590        14242424.2424242       1.154840829856532E-011
   10120140.8019590        14494949.4949495       3.926526164187715E-012
   10120140.8019590        14747474.7474747       9.196608181363711E-013
   10120140.8019590        15000000.0000000       0.000000000000000E+000
   10475206.6115703       -10000000.0000000       0.000000000000000E+000
   10475206.6115703       -9747474.74747475       9.622328396109064E-010
   10475206.6115703       -9494949.49494950       2.590797592595301E-009
   10475206.6115703       -9242424.24242424       5.294961694879521E-009
   10475206.6115703       -8989898.98989899       9.686183144101661E-009
   10475206.6115703       -8737373.73737374       1.665077765671046E-008
   10475206.6115703       -8484848.48484848       2.743487718384331E-008
   10475206.6115703       -8232323.23232323       4.373816381660725E-008
   10475206.6115703       -7979797.97979798       6.780990832906650E-008
   10475206.6115703       -7727272.72727273       1.025380566043675E-007
   10475206.6115703       -7474747.47474748       1.515198746387891E-007
   10475206.6115703       -7222222.22222222       2.191016661755940E-007
   10475206.6115703       -6969696.96969697       3.103760720616541E-007
   10475206.6115703       -6717171.71717172       4.311291525067244E-007
   10475206.6115703       -6464646.46464646       5.877363443251373E-007
   10475206.6115703       -6212121.21212121       7.870165535463566E-007
   10475206.6115703       -5959595.95959596       1.036066423389297E-006
   10475206.6115703       -5707070.70707071       1.342110352329390E-006
   10475206.6115703       -5454545.45454546       1.712412572489025E-006
   10475206.6115703       -5202020.20202020       2.154299987121711E-006
   10475206.6115703       -4949494.94949495       2.675331540937233E-006
   10475206.6115703       -4696969.69696970       3.283615761784224E-006
   10475206.6115703       -4444444.44444444       3.988223108893107E-006
   10475206.6115703       -4191919.19191919       4.799576931171429E-006
   10475206.6115703       -3939393.93939394       5.729664037884985E-006
   10475206.6115703       -3686868.68686869       6.791915713306135E-006
   10475206.6115703       -3434343.43434343       8.000687085556984E-006
   10475206.6115703       -3181818.18181818       9.370384049384893E-006
   10475206.6115703       -2929292.92929293       1.091439674935642E-005
   10475206.6115703       -2676767.67676768       1.264404132703611E-005
   10475206.6115703       -2424242.42424242       1.456766949297877E-005
   10475206.6115703       -2171717.17171717       1.669001186008098E-005
   10475206.6115703       -1919191.91919192       1.901173492265342E-005
   10475206.6115703       -1666666.66666667       2.152915173546698E-005
   10475206.6115703       -1414141.41414141       2.423402535122213E-005
   10475206.6115703       -1161616.16161616       2.711340600772253E-005
   10475206.6115703       -909090.909090910       3.014942317907101E-005
   10475206.6115703       -656565.656565657       3.331892522288625E-005
   10475206.6115703       -404040.404040404       3.659287510334921E-005
   10475206.6115703       -151515.151515152       3.993553854747088E-005
   10475206.6115703        101010.101010101       4.330376898495345E-005
   10475206.6115703        353535.353535354       4.664701579244362E-005
   10475206.6115703        606060.606060605       4.990883487463800E-005
   10475206.6115703        858585.858585859       5.303040895718061E-005
   10475206.6115703        1111111.11111111       5.595582134763157E-005
   10475206.6115703        1363636.36363636       5.863785062722540E-005
   10475206.6115703        1616161.61616162       6.104240897342674E-005
   10475206.6115703        1868686.86868687       6.314990942134804E-005
   10475206.6115703        2121212.12121212       6.495286311267424E-005
   10475206.6115703        2373737.37373737       6.645039509679716E-005
   10475206.6115703        2626262.62626263       6.764140349544644E-005
   10475206.6115703        2878787.87878788       6.851829110035127E-005
   10475206.6115703        3131313.13131313       6.906264538636928E-005
   10475206.6115703        3383838.38383838       6.924345150025491E-005
   10475206.6115703        3636363.63636364       6.901792036027147E-005
   10475206.6115703        3888888.88888889       6.833494127657770E-005
   10475206.6115703        4141414.14141414       6.714122349978834E-005
   10475206.6115703        4393939.39393939       6.538992147412881E-005
   10475206.6115703        4646464.64646465       6.305076771925750E-005
   10475206.6115703        4898989.89898990       6.011981120227940E-005
   10475206.6115703        5151515.15151515       5.662642713271950E-005
   10475206.6115703        5404040.40404040       5.263570261311631E-005
   10475206.6115703        5656565.65656566       4.824541871038162E-005
   10475206.6115703        5909090.90909091       4.357817383583168E-005
   10475206.6115703        6161616.16161616       3.877031201291201E-005
   10475206.6115703        6414141.41414141       3.395990017541873E-005
   10475206.6115703        6666666.66666667       2.927585907714627E-005
   10475206.6115703        6919191.91919192       2.482963803443361E-005
   10475206.6115703        7171717.17171717       2.070994150055901E-005
   10475206.6115703        7424242.42424243       1.698033546486672E-005
   10475206.6115703        7676767.67676768       1.367921843561431E-005
   10475206.6115703        7929292.92929293       1.082156643740025E-005
   10475206.6115703        8181818.18181818       8.401917403640198E-006
   10475206.6115703        8434343.43434343       6.398142920539053E-006
   10475206.6115703        8686868.68686869       4.775619563007477E-006
   10475206.6115703        8939393.93939394       3.491456815469527E-006
   10475206.6115703        9191919.19191919       2.498480121812073E-006
   10475206.6115703        9444444.44444444       1.748720977975598E-006
   10475206.6115703        9696969.69696970       1.196236630219027E-006
   10475206.6115703        9949494.94949495       7.991654260812172E-007
   10475206.6115703        10202020.2020202       5.210095085201513E-007
   10475206.6115703        10454545.4545455       3.312121371632153E-007
   10475206.6115703        10707070.7070707       2.051526185175038E-007
   10475206.6115703        10959595.9595960       1.237124335186558E-007
   10475206.6115703        11212121.2121212       7.257167377664930E-008
   10475206.6115703        11464646.4646465       4.137969446423566E-008
   10475206.6115703        11717171.7171717       2.291496367467438E-008
   10475206.6115703        11969696.9696970       1.231414026840687E-008
   10475206.6115703        12222222.2222222       6.416196261498149E-009
   10475206.6115703        12474747.4747475       3.238666630587170E-009
   10475206.6115703        12727272.7272727       1.582265322556147E-009
   10475206.6115703        12979797.9797980       7.474641783020138E-010
   10475206.6115703        13232323.2323232       3.410283275984182E-010
   10475206.6115703        13484848.4848485       1.500259788856828E-010
   10475206.6115703        13737373.7373737       6.345569674856170E-011
   10475206.6115703        13989898.9898990       2.564294903669150E-011
   10475206.6115703        14242424.2424242       9.737087303059851E-012
   10475206.6115703        14494949.4949495       3.291297063958619E-012
   10475206.6115703        14747474.7474747       7.601227694427303E-013
   10475206.6115703        15000000.0000000       0.000000000000000E+000
   10836394.2454852       -10000000.0000000       0.000000000000000E+000
   10836394.2454852       -9747474.74747475       7.536895760471555E-010
   10836394.2454852       -9494949.49494950       2.035841115428800E-009
   10836394.2454852       -9242424.24242424       4.177965474660755E-009
   10836394.2454852       -8989898.98989899       7.680232416061015E-009
   10836394.2454852       -8737373.73737374       1.327493892637603E-008
   10836394.2454852       -8484848.48484848       2.200249632597743E-008
   10836394.2454852       -8232323.23232323       3.529762474455900E-008
   10836394.2454852       -7979797.97979798       5.508095521769438E-008
   10836394.2454852       -7727272.72727273       8.384865881785580E-008
   10836394.2454852       -7474747.47474748       1.247504214833497E-007
   10836394.2454852       -7222222.22222222       1.816446550786447E-007
   10836394.2454852       -6969696.96969697       2.591199799722247E-007
   10836394.2454852       -6717171.71717172       3.624744464815197E-007
   10836394.2454852       -6464646.46464646       4.976492777374723E-007
   10836394.2454852       -6212121.21212121       6.711223883063157E-007
   10836394.2454852       -5959595.95959596       8.897782003547271E-007
   10836394.2454852       -5707070.70707071       1.160782899492962E-006
   10836394.2454852       -5454545.45454546       1.491505184681349E-006
   10836394.2454852       -5202020.20202020       1.889526713933684E-006
   10836394.2454852       -4949494.94949495       2.362777176245074E-006
   10836394.2454852       -4696969.69696970       2.919800169297179E-006
   10836394.2454852       -4444444.44444444       3.570107146580870E-006
   10836394.2454852       -4191919.19191919       4.324518498155900E-006
   10836394.2454852       -3939393.93939394       5.195348223424708E-006
   10836394.2454852       -3686868.68686869       6.196291844213318E-006
   10836394.2454852       -3434343.43434343       7.341941438050482E-006
   10836394.2454852       -3181818.18181818       8.646959523258921E-006
   10836394.2454852       -2929292.92929293       1.012504850753999E-005
   10836394.2454852       -2676767.67676768       1.178790495032569E-005
   10836394.2454852       -2424242.42424242       1.364432499203337E-005
   10836394.2454852       -2171717.17171717       1.569954667708990E-005
   10836394.2454852       -1919191.91919192       1.795482395331023E-005
   10836394.2454852       -1666666.66666667       2.040717030705803E-005
   10836394.2454852       -1414141.41414141       2.304919785145688E-005
   10836394.2454852       -1161616.16161616       2.586898572800536E-005
   10836394.2454852       -909090.909090910       2.884990923252101E-005
   10836394.2454852       -656565.656565657       3.197034333132471E-005
   10836394.2454852       -404040.404040404       3.520315524878343E-005
   10836394.2454852       -151515.151515152       3.851498122682842E-005
   10836394.2454852        101010.101010101       4.186548755518480E-005
   10836394.2454852        353535.353535354       4.520710786360388E-005
   10836394.2454852        606060.606060605       4.848596094151582E-005
   10836394.2454852        858585.858585859       5.164454467096723E-005
   10836394.2454852        1111111.11111111       5.462623126839262E-005
   10836394.2454852        1363636.36363636       5.738070223862441E-005
   10836394.2454852        1616161.61616162       5.986870225041939E-005
   10836394.2454852        1868686.86868687       6.206436200694095E-005
   10836394.2454852        2121212.12121212       6.395404587946207E-005
   10836394.2454852        2373737.37373737       6.553192954729837E-005
   10836394.2454852        2626262.62626263       6.679366814086313E-005
   10836394.2454852        2878787.87878788       6.773001180221872E-005
   10836394.2454852        3131313.13131313       6.832195029060719E-005
   10836394.2454852        3383838.38383838       6.853829143322831E-005
   10836394.2454852        3636363.63636364       6.833601425906590E-005
   10836394.2454852        3888888.88888889       6.766352589045519E-005
   10836394.2454852        4141414.14141414       6.646689635935535E-005
   10836394.2454852        4393939.39393939       6.469883034895744E-005
   10836394.2454852        4646464.64646465       6.232934354935539E-005
   10836394.2454852        4898989.89898990       5.935612824055181E-005
   10836394.2454852        5151515.15151515       5.581205577016364E-005
   10836394.2454852        5404040.40404040       5.176763524362879E-005
   10836394.2454852        5656565.65656566       4.732746013782606E-005
   10836394.2454852        5909090.90909091       4.262126432481848E-005
   10836394.2454852        6161616.16161616       3.779159090004426E-005
   10836394.2454852        6414141.41414141       3.298073027678173E-005
   10836394.2454852        6666666.66666667       2.831930395086455E-005
   10836394.2454852        6919191.91919192       2.391793257673405E-005
   10836394.2454852        7171717.17171717       1.986237538602908E-005
   10836394.2454852        7424242.42424243       1.621178313753329E-005
   10836394.2454852        7676767.67676768       1.299937913932514E-005
   10836394.2454852        7929292.92929293       1.023485747904764E-005
   10836394.2454852        8181818.18181818       7.907894733698653E-006
   10836394.2454852        8434343.43434343       5.992293195074049E-006
   10836394.2454852        8686868.68686869       4.450364432793128E-006
   10836394.2454852        8939393.93939394       3.237224119968445E-006
   10836394.2454852        9191919.19191919       2.304721926841041E-006
   10836394.2454852        9444444.44444444       1.604790462740840E-006
   10836394.2454852        9696969.69696970       1.092070541267570E-006
   10836394.2454852        9949494.94949495       7.257521213789606E-007
   10836394.2454852        10202020.2020202       4.706509370823980E-007
   10836394.2454852        10454545.4545455       2.976088851390031E-007
   10836394.2454852        10707070.7070707       1.833532629876700E-007
   10836394.2454852        10959595.9595960       1.099722181501729E-007
   10836394.2454852        11212121.2121212       6.416249724378165E-008
   10836394.2454852        11464646.4646465       3.638583396037288E-008
   10836394.2454852        11717171.7171717       2.003924513754240E-008
   10836394.2454852        11969696.9696970       1.070949726983656E-008
   10836394.2454852        12222222.2222222       5.549199521343344E-009
   10836394.2454852        12474747.4747475       2.785419685398018E-009
   10836394.2454852        12727272.7272727       1.353188988650212E-009
   10836394.2454852        12979797.9797980       6.356334579826043E-010
   10836394.2454852        13232323.2323232       2.883545742448403E-010
   10836394.2454852        13484848.4848485       1.261269020951390E-010
   10836394.2454852        13737373.7373737       5.304020687542124E-011
   10836394.2454852        13989898.9898990       2.130995333639116E-011
   10836394.2454852        14242424.2424242       8.043744769704540E-012
   10836394.2454852        14494949.4949495       2.699919436386753E-012
   10836394.2454852        14747474.7474747       6.127573739948281E-013
   10836394.2454852        15000000.0000000       0.000000000000000E+000
   11203703.7037037       -10000000.0000000       0.000000000000000E+000
   11203703.7037037       -9747474.74747475       5.804280585629160E-010
   11203703.7037037       -9494949.49494950       1.573372819733276E-009
   11203703.7037037       -9242424.24242424       3.243450673125525E-009
   11203703.7037037       -8989898.98989899       5.994083207538906E-009
   11203703.7037037       -8737373.73737374       1.042218404347818E-008
   11203703.7037037       -8484848.48484848       1.738517566352170E-008
   11203703.7037037       -8232323.23232323       2.807904021697394E-008
   11203703.7037037       -7979797.97979798       4.412407876762082E-008
   11203703.7037037       -7727272.72727273       6.765273840341630E-008
   11203703.7037037       -7474747.47474748       1.013916128584030E-007
   11203703.7037037       -7222222.22222222       1.487280269380022E-007
   11203703.7037037       -6969696.96969697       2.137511051550915E-007
   11203703.7037037       -6717171.71717172       3.012585929429018E-007
   11203703.7037037       -6464646.46464646       4.167245927750335E-007
   11203703.7037037       -6212121.21212121       5.662302191989988E-007
   11203703.7037037       -5959595.95959596       7.563688675799176E-007
   11203703.7037037       -5707070.70707071       9.941492741323368E-007
   11203703.7037037       -5454545.45454546       1.286930253043619E-006
   11203703.7037037       -5202020.20202020       1.642426408207479E-006
   11203703.7037037       -4949494.94949495       2.068817986380869E-006
   11203703.7037037       -4696969.69696970       2.574974279254921E-006
   11203703.7037037       -4444444.44444444       3.170757035307539E-006
   11203703.7037037       -4191919.19191919       3.867317060665233E-006
   11203703.7037037       -3939393.93939394       4.677255534154188E-006
   11203703.7037037       -3686868.68686869       5.614519276974901E-006
   11203703.7037037       -3434343.43434343       6.693951751605440E-006
   11203703.7037037       -3181818.18181818       7.930516019277203E-006
   11203703.7037037       -2929292.92929293       9.338303697217754E-006
   11203703.7037037       -2676767.67676768       1.092950227501672E-005
   11203703.7037037       -2424242.42424242       1.271348775609582E-005
   11203703.7037037       -2171717.17171717       1.469614644897728E-005
   11203703.7037037       -1919191.91919192       1.687944226421747E-005
   11203703.7037037       -1666666.66666667       1.926117630396691E-005
   11203703.7037037       -1414141.41414141       2.183485747779583E-005
   11203703.7037037       -1161616.16161616       2.458960721107234E-005
   11203703.7037037       -909090.909090910       2.751002992163980E-005
   11203703.7037037       -656565.656565657       3.057597637803347E-005
   11203703.7037037       -404040.404040404       3.376212439928612E-005
   11203703.7037037       -151515.151515152       3.703734822533963E-005
   11203703.7037037        101010.101010101       4.036399603975703E-005
   11203703.7037037        353535.353535354       4.369744340765250E-005
   11203703.7037037        606060.606060605       4.698652813962872E-005
   11203703.7037037        858585.858585859       5.017549019801588E-005
   11203703.7037037        1111111.11111111       5.320765715624179E-005
   11203703.7037037        1363636.36363636       5.603036123588541E-005
   11203703.7037037        1616161.61616162       5.859977366598659E-005
   11203703.7037037        1868686.86868687       6.088397678548003E-005
   11203703.7037037        2121212.12121212       6.286298488491082E-005
   11203703.7037037        2373737.37373737       6.452546869379400E-005
   11203703.7037037        2626262.62626263       6.586312633369720E-005
   11203703.7037037        2878787.87878788       6.686438377709133E-005
   11203703.7037037        3131313.13131313       6.750912665143609E-005
   11203703.7037037        3383838.38383838       6.776566283472629E-005
   11203703.7037037        3636363.63636364       6.759054735598921E-005
   11203703.7037037        3888888.88888889       6.693157445834575E-005
   11203703.7037037        4141414.14141414       6.573406814696628E-005
   11203703.7037037        4393939.39393939       6.395021694089599E-005
   11203703.7037037        4646464.64646465       6.155035698588072E-005
   11203703.7037037        4898989.89898990       5.853403823130403E-005
   11203703.7037037        5151515.15151515       5.493805025987183E-005
   11203703.7037037        5404040.40404040       5.083890392763195E-005
   11203703.7037037        5656565.65656566       4.634861775236217E-005
   11203703.7037037        5909090.90909091       4.160455665601113E-005
   11203703.7037037        6161616.16161616       3.675572716106408E-005
   11203703.7037037        6414141.41414141       3.194863487570932E-005
   11203703.7037037        6666666.66666667       2.731535273723493E-005
   11203703.7037037        6919191.91919192       2.296526119595879E-005
   11203703.7037037        7171717.17171717       1.898069383808024E-005
   11203703.7037037        7424242.42424243       1.541591978542657E-005
   11203703.7037037        7676767.67676768       1.229859425969601E-005
   11203703.7037037        7929292.92929293       9.632843285875510E-006
   11203703.7037037        8181818.18181818       7.403312778572852E-006
   11203703.7037037        8434343.43434343       5.579675724209782E-006
   11203703.7037037        8686868.68686869       4.121208943281768E-006
   11203703.7037037        8939393.93939394       2.981129885003608E-006
   11203703.7037037        9191919.19191919       2.110447207280342E-006
   11203703.7037037        9444444.44444444       1.461144762083779E-006
   11203703.7037037        9696969.69696970       9.885933298819210E-007
   11203703.7037037        9949494.94949495       6.531639041862122E-007
   11203703.7037037        10202020.2020202       4.210909184014314E-007
   11203703.7037037        10454545.4545455       2.646934910854904E-007
   11203703.7037037        10707070.7070707       1.621006031910507E-007
   11203703.7037037        10959595.9595960       9.663987862606199E-008
   11203703.7037037        11212121.2121212       5.604167969288767E-008
   11203703.7037037        11464646.4646465       3.158623204722102E-008
   11203703.7037037        11717171.7171717       1.728865807415546E-008
   11203703.7037037        11969696.9696970       9.182093839457681E-009
   11203703.7037037        12222222.2222222       4.727953065739867E-009
   11203703.7037037        12474747.4747475       2.358197033020261E-009
   11203703.7037037        12727272.7272727       1.138334693701448E-009
   11203703.7037037        12979797.9797980       5.312697232728545E-010
   11203703.7037037        13232323.2323232       2.394456071010605E-010
   11203703.7037037        13484848.4848485       1.040485711725835E-010
   11203703.7037037        13737373.7373737       4.346715846340290E-011
   11203703.7037037        13989898.9898990       1.734760284026888E-011
   11203703.7037037        14242424.2424242       6.503073793344879E-012
   11203703.7037037        14494949.4949495       2.164795308050096E-012
   11203703.7037037        14747474.7474747       4.808344477979716E-013
   11203703.7037037        15000000.0000000       0.000000000000000E+000
   11577134.9862259       -10000000.0000000       0.000000000000000E+000
   11577134.9862259       -9747474.74747475       4.391056335006276E-010
   11577134.9862259       -9494949.49494950       1.194882638694444E-009
   11577134.9862259       -9242424.24242424       2.475292460524094E-009
   11577134.9862259       -8989898.98989899       4.600899876416879E-009
   11577134.9862259       -8737373.73737374       8.051313090072298E-009
   11577134.9862259       -8484848.48484848       1.352341547366306E-008
   11577134.9862259       -8232323.23232323       2.200091939939145E-008
   11577134.9862259       -7979797.97979798       3.483318060108760E-008
   11577134.9862259       -7727272.72727273       5.381920402529670E-008
   11577134.9862259       -7474747.47474748       8.129066048948412E-008
   11577134.9862259       -7222222.22222222       1.201859185392347E-007
   11577134.9862259       -6969696.96969697       1.741061193637607E-007
   11577134.9862259       -6717171.71717172       2.473448289028513E-007
   11577134.9862259       -6464646.46464646       3.448854526538335E-007
   11577134.9862259       -6212121.21212121       4.723659189017857E-007
   11577134.9862259       -5959595.95959596       6.360182420246508E-007
   11577134.9862259       -5707070.70707071       8.426007610517907E-007
   11577134.9862259       -5454545.45454546       1.099351025512792E-006
   11577134.9862259       -5202020.20202020       1.413993511970653E-006
   11577134.9862259       -4949494.94949495       1.794832843180747E-006
   11577134.9862259       -4696969.69696970       2.250943966884805E-006
   11577134.9862259       -4444444.44444444       2.792433555102240E-006
   11577134.9862259       -4191919.19191919       3.430698662292691E-006
   11577134.9862259       -3939393.93939394       4.178568550033829E-006
   11577134.9862259       -3686868.68686869       5.050208803842685E-006
   11577134.9862259       -3434343.43434343       6.060708850589070E-006
   11577134.9862259       -3181818.18181818       7.225355629157341E-006
   11577134.9862259       -2929292.92929293       8.558685622935704E-006
   11577134.9862259       -2676767.67676768       1.007346818140876E-005
   11577134.9862259       -2424242.42424242       1.177978199104549E-005
   11577134.9862259       -2171717.17171717       1.368430222439901E-005
   11577134.9862259       -1919191.91919192       1.578983869573894E-005
   11577134.9862259       -1666666.66666667       1.809508978254313E-005
   11577134.9862259       -1414141.41414141       2.059453270634504E-005
   11577134.9862259       -1161616.16161616       2.327836380629169E-005
   11577134.9862259       -909090.909090910       2.613241380589359E-005
   11577134.9862259       -656565.656565657       2.913797001665302E-005
   11577134.9862259       -404040.404040404       3.227143864624879E-005
   11577134.9862259       -151515.151515152       3.550380705142583E-005
   11577134.9862259        101010.101010101       3.879996705598929E-005
   11577134.9862259        353535.353535354       4.211815930464500E-005
   11577134.9862259        606060.606060605       4.541003385244761E-005
   11577134.9862259        858585.858585859       4.862192864524989E-005
   11577134.9862259        1111111.11111111       5.169775251205945E-005
   11577134.9862259        1363636.36363636       5.458326351312249E-005
   11577134.9862259        1616161.61616162       5.723075979304449E-005
   11577134.9862259        1868686.86868687       5.960266670850121E-005
   11577134.9862259        2121212.12121212       6.167259814532209E-005
   11577134.9862259        2373737.37373737       6.342325863509486E-005
   11577134.9862259        2626262.62626263       6.484168579314914E-005
   11577134.9862259        2878787.87878788       6.591324921629825E-005
   11577134.9862259        3131313.13131313       6.661612916197413E-005
   11577134.9862259        3383838.38383838       6.691772071508108E-005
   11577134.9862259        3636363.63636364       6.677390133140828E-005
   11577134.9862259        3888888.88888889       6.613169563992172E-005
   11577134.9862259        4141414.14141414       6.493557950675038E-005
   11577134.9862259        4393939.39393939       6.313718532249912E-005
   11577134.9862259        4646464.64646465       6.070724550332261E-005
   11577134.9862259        4898989.89898990       5.764742327962129E-005
   11577134.9862259        5151515.15151515       5.399888368525338E-005
   11577134.9862259        5404040.40404040       4.984473984200541E-005
   11577134.9862259        5656565.65656566       4.530504709089613E-005
   11577134.9862259        5909090.90909091       4.052526970516817E-005
   11577134.9862259        6161616.16161616       3.566108855734289E-005
   11577134.9862259        6414141.41414141       3.086314359482682E-005
   11577134.9862259        6666666.66666667       2.626463040074833E-005
   11577134.9862259        6919191.91919192       2.197320479957682E-005
   11577134.9862259        7171717.17171717       1.806723902159851E-005
   11577134.9862259        7424242.42424243       1.459562268904138E-005
   11577134.9862259        7676767.67676768       1.158004365707040E-005
   11577134.9862259        7929292.92929293       9.018789622957546E-006
   11577134.9862259        8181818.18181818       6.891339240541554E-006
   11577134.9862259        8434343.43434343       5.163219154095956E-006
   11577134.9862259        8686868.68686869       3.790748371245633E-006
   11577134.9862259        8939393.93939394       2.725386430346834E-006
   11577134.9862259        9191919.19191919       1.917474301020106E-006
   11577134.9862259        9444444.44444444       1.319227083028807E-006
   11577134.9862259        9696969.69696970       8.869122219660207E-007
   11577134.9862259        9949494.94949495       5.822223632981447E-007
   11577134.9862259        10202020.2020202       3.729192687205201E-007
   11577134.9862259        10454545.4545455       2.328756519725177E-007
   11577134.9862259        10707070.7070707       1.416699731581307E-007
   11577134.9862259        10959595.9595960       8.389440031764604E-008
   11577134.9862259        11212121.2121212       4.832173275994199E-008
   11577134.9862259        11464646.4646465       2.704925169638314E-008
   11577134.9862259        11717171.7171717       1.470333291541734E-008
   11577134.9862259        11969696.9696970       7.754676205215160E-009
   11577134.9862259        12222222.2222222       3.964897729521732E-009
   11577134.9862259        12474747.4747475       1.963559878539008E-009
   11577134.9862259        12727272.7272727       9.410364210631472E-010
   11577134.9862259        12979797.9797980       4.360037321552877E-010
   11577134.9862259        13232323.2323232       1.950683921721809E-010
   11577134.9862259        13484848.4848485       8.413729012585492E-011
   11577134.9862259        13737373.7373737       3.488628685250696E-011
   11577134.9862259        13989898.9898990       1.381756197824184E-011
   11577134.9862259        14242424.2424242       5.138922077140238E-012
   11577134.9862259        14494949.4949495       1.694196468209324E-012
   11577134.9862259        14747474.7474747       3.664295137205009E-013
   11577134.9862259        15000000.0000000       0.000000000000000E+000
   11956688.0930517       -10000000.0000000       0.000000000000000E+000
   11956688.0930517       -9747474.74747475       3.260233567139626E-010
   11956688.0930517       -9494949.49494950       8.908967752444102E-010
   11956688.0930517       -9242424.24242424       1.855383924175816E-009
   11956688.0930517       -8989898.98989899       3.470203079994675E-009
   11956688.0930517       -8737373.73737374       6.114855474728590E-009
   11956688.0930517       -8484848.48484848       1.034743006717022E-008
   11956688.0930517       -8232323.23232323       1.696555842525270E-008
   11956688.0930517       -7979797.97979798       2.707750537484836E-008
   11956688.0930517       -7727272.72727273       4.218070378773051E-008
   11956688.0930517       -7474747.47474748       6.424314537942366E-008
   11956688.0930517       -7222222.22222222       9.578123181019929E-008
   11956688.0930517       -6969696.96969697       1.399264214919305E-007
   11956688.0930517       -6717171.71717172       2.004728538636716E-007
   11956688.0930517       -6464646.46464646       2.818997375920253E-007
   11956688.0930517       -6212121.21212121       3.893662337830121E-007
   11956688.0930517       -5959595.95959596       5.286831330939644E-007
   11956688.0930517       -5707070.70707071       7.062744131896334E-007
   11956688.0930517       -5454545.45454546       9.291511429327402E-007
   11956688.0930517       -5202020.20202020       1.204926787470878E-006
   11956688.0930517       -4949494.94949495       1.541901559177734E-006
   11956688.0930517       -4696969.69696970       1.949228299047826E-006
   11956688.0930517       -4444444.44444444       2.437140622324147E-006
   11956688.0930517       -4191919.19191919       3.017180924913664E-006
   11956688.0930517       -3939393.93939394       3.702327679563555E-006
   11956688.0930517       -3686868.68686869       4.506911007151973E-006
   11956688.0930517       -3434343.43434343       5.446237998608853E-006
   11956688.0930517       -3181818.18181818       6.535918890621232E-006
   11956688.0930517       -2929292.92929293       7.790965885629738E-006
   11956688.0930517       -2676767.67676768       9.224797080972820E-006
   11956688.0930517       -2424242.42424242       1.084829772431587E-005
   11956688.0930517       -2171717.17171717       1.266906443018446E-005
   11956688.0930517       -1919191.91919192       1.469089533371750E-005
   11956688.0930517       -1666666.66666667       1.691351485724762E-005
   11956688.0930517       -1414141.41414141       1.933246511557778E-005
   11956688.0930517       -1161616.16161616       2.193907377441266E-005
   11956688.0930517       -909090.909090910       2.472041405518638E-005
   11956688.0930517       -656565.656565657       2.765918592077517E-005
   11956688.0930517       -404040.404040404       3.073345588016768E-005
   11956688.0930517       -151515.151515152       3.391621054907142E-005
   11956688.0930517        101010.101010101       3.717474562672918E-005
   11956688.0930517        353535.353535354       4.047006233777202E-005
   11956688.0930517        606060.606060605       4.375665595510872E-005
   11956688.0930517        858585.858585859       4.698323890575261E-005
   11956688.0930517        1111111.11111111       5.009486465004714E-005
   11956688.0930517        1363636.36363636       5.303649028551990E-005
   11956688.0930517        1616161.61616162       5.575732477783495E-005
   11956688.0930517        1868686.86868687       5.821468262780608E-005
   11956688.0930517        2121212.12121212       6.037590176682560E-005
   11956688.0930517        2373737.37373737       6.221739176049529E-005
   11956688.0930517        2626262.62626263       6.372087554651924E-005
   11956688.0930517        2878787.87878788       6.486789898478241E-005
   11956688.0930517        3131313.13131313       6.563424802697309E-005
   11956688.0930517        3383838.38383838       6.598589470218991E-005
   11956688.0930517        3636363.63636364       6.587771067940312E-005
   11956688.0930517        3888888.88888889       6.525575611797635E-005
   11956688.0930517        4141414.14141414       6.406355355293277E-005
   11956688.0930517        4393939.39393939       6.225216220443985E-005
   11956688.0930517        4646464.64646465       5.979282451888832E-005
   11956688.0930517        4898989.89898990       5.668961498433441E-005
   11956688.0930517        5151515.15151515       5.298856810251502E-005
   11956688.0930517        5404040.40404040       4.878002114268732E-005
   11956688.0930517        5656565.65656566       4.419267460553860E-005
   11956688.0930517        5909090.90909091       3.938052596865973E-005
   11956688.0930517        6161616.16161616       3.450607679270580E-005
   11956688.0930517        6414141.41414141       2.972393525393734E-005
   11956688.0930517        6666666.66666667       2.516800023103515E-005
   11956688.0930517        6919191.91919192       2.094363867748970E-005
   11956688.0930517        7171717.17171717       1.712466873359313E-005
   11956688.0930517        7424242.42424243       1.375407436057476E-005
   11956688.0930517        7676767.67676768       1.084717714667165E-005
   11956688.0930517        7929292.92929293       8.396180749203752E-006
   11956688.0930517        8181818.18181818       6.375301618643250E-006
   11956688.0930517        8434343.43434343       4.745953868336710E-006
   11956688.0930517        8686868.68686869       3.461628254703532E-006
   11956688.0930517        8939393.93939394       2.472215104877034E-006
   11956688.0930517        9191919.19191919       1.727601039910767E-006
   11956688.0930517        9444444.44444444       1.180441921481161E-006
   11956688.0930517        9696969.69696970       7.880872283552832E-007
   11956688.0930517        9949494.94949495       5.137007708823738E-007
   11956688.0930517        10202020.2020202       3.266813403093307E-007
   11956688.0930517        10454545.4545455       2.025271936260109E-007
   11956688.0930517        10707070.7070707       1.223064134995904E-007
   11956688.0930517        10959595.9595960       7.189182002688799E-008
   11956688.0930517        11212121.2121212       4.109861967934428E-008
   11956688.0930517        11464646.4646465       2.283185928779572E-008
   11956688.0930517        11717171.7171717       1.231588828872720E-008
   11956688.0930517        11969696.9696970       6.445245209481253E-009
   11956688.0930517        12222222.2222222       3.269598674348321E-009
   11956688.0930517        12474747.4747475       1.606396933530958E-009
   11956688.0930517        12727272.7272727       7.636944115654063E-010
   11956688.0930517        12979797.9797980       3.509658868589424E-010
   11956688.0930517        13232323.2323232       1.557326726654644E-010
   11956688.0930517        13484848.4848485       6.661264532376889E-011
   11956688.0930517        13737373.7373737       2.738765049026653E-011
   11956688.0930517        13989898.9898990       1.075477989054774E-011
   11956688.0930517        14242424.2424242       3.963932420995559E-012
   11956688.0930517        14494949.4949495       1.292175852517353E-012
   11956688.0930517        14747474.7474747       2.704147597723279E-013
   11956688.0930517        15000000.0000000       0.000000000000000E+000
   12342363.0241812       -10000000.0000000       0.000000000000000E+000
   12342363.0241812       -9747474.74747475       2.373300658858441E-010
   12342363.0241812       -9494949.49494950       6.514975725554012E-010
   12342363.0241812       -9242424.24242424       1.364624841756526E-009
   12342363.0241812       -8989898.98989899       2.569526932705006E-009
   12342363.0241812       -8737373.73737374       4.561641096112002E-009
   12342363.0241812       -8484848.48484848       7.780915735562174E-009
   12342363.0241812       -8232323.23232323       1.286430373689633E-008
   12342363.0241812       -7979797.97979798       2.070867734919306E-008
   12342363.0241812       -7727272.72727273       3.254263893375518E-008
   12342363.0241812       -7474747.47474748       5.000407042427742E-008
   12342363.0241812       -7222222.22222222       7.521856703283489E-008
   12342363.0241812       -6969696.96969697       1.108724944361637E-007
   12342363.0241812       -6717171.71717172       1.602737886640638E-007
   12342363.0241812       -6464646.46464646       2.273943807304878E-007
   12342363.0241812       -6212121.21212121       3.168908728429577E-007
   12342363.0241812       -5959595.95959596       4.341052200870526E-007
   12342363.0241812       -5707070.70707071       5.850545319559644E-007
   12342363.0241812       -5454545.45454546       7.764274938761050E-007
   12342363.0241812       -5202020.20202020       1.015611503035599E-006
   12342363.0241812       -4949494.94949495       1.310774807655364E-006
   12342363.0241812       -4696969.69696970       1.671016314606960E-006
   12342363.0241812       -4444444.44444444       2.106569046244084E-006
   12342363.0241812       -4191919.19191919       2.629005104276213E-006
   12342363.0241812       -3939393.93939394       3.251354137290634E-006
   12342363.0241812       -3686868.68686869       3.988033945810422E-006
   12342363.0241812       -3434343.43434343       4.854515824042998E-006
   12342363.0241812       -3181818.18181818       5.866705661936030E-006
   12342363.0241812       -2929292.92929293       7.040093743692149E-006
   12342363.0241812       -2676767.67676768       8.388785192758418E-006
   12342363.0241812       -2424242.42424242       9.924550443225371E-006
   12342363.0241812       -2171717.17171717       1.165602386656438E-005
   12342363.0241812       -1919191.91919192       1.358813223761469E-005
   12342363.0241812       -1666666.66666667       1.572176785829795E-005
   12342363.0241812       -1414141.41414141       1.805365798554772E-005
   12342363.0241812       -1161616.16161616       2.057634481640027E-005
   12342363.0241812       -909090.909090910       2.327818439590828E-005
   12342363.0241812       -656565.656565657       2.614328556446905E-005
   12342363.0241812       -404040.404040404       2.915132471803170E-005
   12342363.0241812       -151515.151515152       3.227718862145075E-005
   12342363.0241812        101010.101010101       3.549044158737421E-005
   12342363.0241812        353535.353535354       3.875472157634870E-005
   12342363.0241812        606060.606060605       4.202734800056658E-005
   12342363.0241812        858585.858585859       4.525960132761880E-005
   12342363.0241812        1111111.11111111       4.839816171714318E-005
   12342363.0241812        1363636.36363636       5.138792536946582E-005
   12342363.0241812        1616161.61616162       5.417584856949288E-005
   12342363.0241812        1868686.86868687       5.671482157663955E-005
   12342363.0241812        2121212.12121212       5.896621803179670E-005
   12342363.0241812        2373737.37373737       6.089999205092227E-005
   12342363.0241812        2626262.62626263       6.249199138696123E-005
   12342363.0241812        2878787.87878788       6.371917130715788E-005
   12342363.0241812        3131313.13131313       6.455416374976390E-005
   12342363.0241812        3383838.38383838       6.496090878775976E-005
   12342363.0241812        3636363.63636364       6.489285782367814E-005
   12342363.0241812        3888888.88888889       6.429486016275796E-005
   12342363.0241812        4141414.14141414       6.310936685717919E-005
   12342363.0241812        4393939.39393939       6.128686492872324E-005
   12342363.0241812        4646464.64646465       5.879925775873967E-005
   12342363.0241812        4898989.89898990       5.565337305027197E-005
   12342363.0241812        5151515.15151515       5.190064750643973E-005
   12342363.0241812        5404040.40404040       4.763928541199296E-005
   12342363.0241812        5656565.65656566       4.300723219383887E-005
   12342363.0241812        5909090.90909091       3.816740716729191E-005
   12342363.0241812        6161616.16161616       3.328919947719666E-005
   12342363.0241812        6414141.41414141       2.853091870885330E-005
   12342363.0241812        6666666.66666667       2.402664488394210E-005
   12342363.0241812        6919191.91919192       1.987880557809006E-005
   12342363.0241812        7171717.17171717       1.615601519924663E-005
   12342363.0241812        7424242.42424243       1.289480335304806E-005
   12342363.0241812        7676767.67676768       1.010373635868524E-005
   12342363.0241812        7929292.92929293       7.768723748851810E-006
   12342363.0241812        8181818.18181818       5.858677141653060E-006
   12342363.0241812        8434343.43434343       4.330991572955004E-006
   12342363.0241812        8686868.68686869       3.136517857382213E-006
   12342363.0241812        8939393.93939394       2.223817448089730E-006
   12342363.0241812        9191919.19191919       1.542576639929438E-006
   12342363.0241812        9444444.44444444       1.046129765719393E-006
   12342363.0241812        9696969.69696970       6.931098194943148E-007
   12342363.0241812        9949494.94949495       4.483071051109003E-007
   12342363.0241812        10202020.2020202       2.828651979297446E-007
   12342363.0241812        10454545.4545455       1.739728569368262E-007
   12342363.0241812        10707070.7070707       1.042183663966175E-007
   12342363.0241812        10959595.9595960       6.076111638877472E-008
   12342363.0241812        11212121.2121212       3.444920614082939E-008
   12342363.0241812        11464646.4646465       1.897812280384793E-008
   12342363.0241812        11717171.7171717       1.015059349367232E-008
   12342363.0241812        11969696.9696970       5.266616572241736E-009
   12342363.0241812        12222222.2222222       2.648529936111783E-009
   12342363.0241812        12474747.4747475       1.289827418241957E-009
   12342363.0241812        12727272.7272727       6.077362368540433E-010
   12342363.0241812        12979797.9797980       2.767732967958560E-010
   12342363.0241812        13232323.2323232       1.216882948206527E-010
   12342363.0241812        13484848.4848485       5.156810629240857E-011
   12342363.0241812        13737373.7373737       2.100279744969267E-011
   12342363.0241812        13989898.9898990       8.168396956089623E-012
   12342363.0241812        14242424.2424242       2.980077748582535E-012
   12342363.0241812        14494949.4949495       9.588254143530894E-013
   12342363.0241812        14747474.7474747       1.925527030987950E-013
   12342363.0241812        15000000.0000000       0.000000000000000E+000
   12734159.7796143       -10000000.0000000       0.000000000000000E+000
   12734159.7796143       -9747474.74747475       1.692055546356242E-010
   12734159.7796143       -9494949.49494950       4.667947182404517E-010
   12734159.7796143       -9242424.24242424       9.838292910372634E-010
   12734159.7796143       -8989898.98989899       1.865963325501318E-009
   12734159.7796143       -8737373.73737374       3.339238348944817E-009
   12734159.7796143       -8484848.48484848       5.744693517427620E-009
   12734159.7796143       -8232323.23232323       9.582750738186793E-009
   12734159.7796143       -7979797.97979798       1.556781653295260E-008
   12734159.7796143       -7727272.72727273       2.469252151541429E-008
   12734159.7796143       -7474747.47474748       3.829967892530881E-008
   12734159.7796143       -7222222.22222222       5.815853352837824E-008
   12734159.7796143       -6969696.96969697       8.654045931804483E-008
   12734159.7796143       -6717171.71717172       1.262883559548766E-007
   12734159.7796143       -6464646.46464646       1.808741193120027E-007
   12734159.7796143       -6212121.21212121       2.544403027140850E-007
   12734159.7796143       -5959595.95959596       3.518259125789886E-007
   12734159.7796143       -5707070.70707071       4.785822473493798E-007
   12734159.7796143       -5454545.45454546       6.409919548970123E-007
   12734159.7796143       -5202020.20202020       8.461107776281421E-007
   12734159.7796143       -4949494.94949495       1.101852789187068E-006
   12734159.7796143       -4696969.69696970       1.417131307796474E-006
   12734159.7796143       -4444444.44444444       1.802045615989539E-006
   12734159.7796143       -4191919.19191919       2.268070351893580E-006
   12734159.7796143       -3939393.93939394       2.828171149107254E-006
   12734159.7796143       -3686868.68686869       3.496754506975446E-006
   12734159.7796143       -3434343.43434343       4.289376222174315E-006
   12734159.7796143       -3181818.18181818       5.222180698063909E-006
   12734159.7796143       -2929292.92929293       6.311106721615406E-006
   12734159.7796143       -2676767.67676768       7.570951592864770E-006
   12734159.7796143       -2424242.42424242       9.014418087396298E-006
   12734159.7796143       -2171717.17171717       1.065126995595682E-005
   12734159.7796143       -1919191.91919192       1.248769104792957E-005
   12734159.7796143       -1666666.66666667       1.452588785327909E-005
   12734159.7796143       -1414141.41414141       1.676391211594399E-005
   12734159.7796143       -1161616.16161616       1.919563107958126E-005
   12734159.7796143       -909090.909090910       2.181075227270594E-005
   12734159.7796143       -656565.656565657       2.459481499132550E-005
   12734159.7796143       -404040.404040404       2.752907728433767E-005
   12734159.7796143       -151515.151515152       3.059024597092698E-005
   12734159.7796143        101010.101010101       3.375002938114342E-005
   12734159.7796143        353535.353535354       3.697456822923921E-005
   12734159.7796143        606060.606060605       4.022394024854460E-005
   12734159.7796143        858585.858585859       4.345210643833816E-005
   12734159.7796143        1111111.11111111       4.660776085759097E-005
   12734159.7796143        1363636.36363636       4.963641545019961E-005
   12734159.7796143        1616161.61616162       5.248362571482780E-005
   12734159.7796143        1868686.86868687       5.509865836172208E-005
   12734159.7796143        2121212.12121212       5.743742137853831E-005
   12734159.7796143        2373737.37373737       5.946345017461757E-005
   12734159.7796143        2626262.62626263       6.114629696860623E-005
   12734159.7796143        2878787.87878788       6.245760514465413E-005
   12734159.7796143        3131313.13131313       6.336605063902169E-005
   12734159.7796143        3383838.38383838       6.383284168689498E-005
   12734159.7796143        3636363.63636364       6.380950116003849E-005
   12734159.7796143        3888888.88888889       6.323935635788475E-005
   12734159.7796143        4141414.14141414       6.206364426530867E-005
   12734159.7796143        4393939.39393939       6.023229230177568E-005
   12734159.7796143        4646464.64646465       5.771805143595076E-005
   12734159.7796143        4898989.89898990       5.453089008823418E-005
   12734159.7796143        5151515.15151515       5.072822004502998E-005
   12734159.7796143        5404040.40404040       4.641677424977212E-005
   12734159.7796143        5656565.65656566       4.174432572057360E-005
   12734159.7796143        5909090.90909091       3.688304390799125E-005
   12734159.7796143        6161616.16161616       3.200917404343468E-005
   12734159.7796143        6414141.41414141       2.728434144188284E-005
   12734159.7796143        6666666.66666667       2.284216939647075E-005
   12734159.7796143        6919191.91919192       1.878140420747411E-005
   12734159.7796143        7171717.17171717       1.516475283893245E-005
   12734159.7796143        7424242.42424243       1.202172842995219E-005
   12734159.7796143        7676767.67676768       9.353775680915104E-006
   12734159.7796143        7929292.92929293       7.140349197196694E-006
   12734159.7796143        8181818.18181818       5.345077748141133E-006
   12734159.7796143        8434343.43434343       3.921499840751731E-006
   12734159.7796143        8686868.68686869       2.818079339485606E-006
   12734159.7796143        8939393.93939394       1.982343257221548E-006
   12734159.7796143        9191919.19191919       1.364071815500037E-006
   12734159.7796143        9444444.44444444       9.175412172866748E-007
   12734159.7796143        9696969.69696970       6.028819422257271E-007
   12734159.7796143        9949494.94949495       3.866680200686013E-007
   12734159.7796143        10202020.2020202       2.418900467824161E-007
   12734159.7796143        10454545.4545455       1.474823993368830E-007
   12734159.7796143        10707070.7070707       8.757258605009850E-008
   12734159.7796143        10959595.9595960       5.060112605181488E-008
   12734159.7796143        11212121.2121212       2.842951647181039E-008
   12734159.7796143        11464646.4646465       1.551830428610911E-008
   12734159.7796143        11717171.7171717       8.222945737621459E-009
   12734159.7796143        11969696.9696970       4.226256045082463E-009
   12734159.7796143        12222222.2222222       2.105032430915866E-009
   12734159.7796143        12474747.4747475       1.015208446436874E-009
   12734159.7796143        12727272.7272727       4.736378371764619E-010
   12734159.7796143        12979797.9797980       2.135497413043065E-010
   12734159.7796143        13232323.2323232       9.293977207962370E-011
   12734159.7796143        13484848.4848485       3.898024546040010E-011
   12734159.7796143        13737373.7373737       1.571003533287640E-011
   12734159.7796143        13989898.9898990       6.044501783879927E-012
   12734159.7796143        14242424.2424242       2.179975835948836E-012
   12734159.7796143        14494949.4949495       6.908287299519732E-013
   12734159.7796143        14747474.7474747       1.316749533947353E-013
   12734159.7796143        15000000.0000000       0.000000000000000E+000
   13132078.3593511       -10000000.0000000       0.000000000000000E+000
   13132078.3593511       -9747474.74747475       1.180138464611404E-010
   13132078.3593511       -9494949.49494950       3.273242859172512E-010
   13132078.3593511       -9242424.24242424       6.945061042314556E-010
   13132078.3593511       -8989898.98989899       1.327513908230920E-009
   13132078.3593511       -8737373.73737374       2.396131720629289E-009
   13132078.3593511       -8484848.48484848       4.160034617145507E-009
   13132078.3593511       -8232323.23232323       7.005601751644282E-009
   13132078.3593511       -7979797.97979798       1.149235610815371E-008
   13132078.3593511       -7727272.72727273       1.840918093234245E-008
   13132078.3593511       -7474747.47474748       2.883942107041588E-008
   13132078.3593511       -7222222.22222222       4.423270481924039E-008
   13132078.3593511       -6969696.96969697       6.648000573022147E-008
   13132078.3593511       -6717171.71717172       9.798742241604265E-008
   13132078.3593511       -6464646.46464646       1.417438372331042E-007
   13132078.3593511       -6212121.21212121       2.013785583563011E-007
   13132078.3593511       -5959595.95959596       2.812077512544023E-007
   13132078.3593511       -5707070.70707071       3.862731238803343E-007
   13132078.3593511       -5454545.45454546       5.223824233181155E-007
   13132078.3593511       -5202020.20202020       6.961670603378253E-007
   13132078.3593511       -4949494.94949495       9.151742372783343E-007
   13132078.3593511       -4696969.69696970       1.188004816097841E-006
   13132078.3593511       -4444444.44444444       1.524490255265416E-006
   13132078.3593511       -4191919.19191919       1.935873308176245E-006
   13132078.3593511       -3939393.93939394       2.434926660766829E-006
   13132078.3593511       -3686868.68686869       3.035926510859071E-006
   13132078.3593511       -3434343.43434343       3.754407712730345E-006
   13132078.3593511       -3181818.18181818       4.606665378356946E-006
   13132078.3593511       -2929292.92929293       5.609022601573617E-006
   13132078.3593511       -2676767.67676768       6.776936769619790E-006
   13132078.3593511       -2424242.42424242       8.124052754246879E-006
   13132078.3593511       -2171717.17171717       9.661322270243387E-006
   13132078.3593511       -1919191.91919192       1.139629226708841E-005
   13132078.3593511       -1666666.66666667       1.333262344390896E-005
   13132078.3593511       -1414141.41414141       1.546984254250510E-005
   13132078.3593511       -1161616.16161616       1.780327683989867E-005
   13132078.3593511       -909090.909090910       2.032408447881682E-005
   13132078.3593511       -656565.656565657       2.301928703277163E-005
   13132078.3593511       -404040.404040404       2.587172338094958E-005
   13132078.3593511       -151515.151515152       2.885986428570423E-005
   13132078.3593511        101010.101010101       3.195745451407372E-005
   13132078.3593511        353535.353535354       3.513300307468862E-005
   13132078.3593511        606060.606060605       3.834924719377635E-005
   13132078.3593511        858585.858585859       4.156286707549723E-005
   13132078.3593511        1111111.11111111       4.472485628027305E-005
   13132078.3593511        1363636.36363636       4.778192950778772E-005
   13132078.3593511        1616161.61616162       5.067906851347342E-005
   13132078.3593511        1868686.86868687       5.336279366841747E-005
   13132078.3593511        2121212.12121212       5.578421762545352E-005
   13132078.3593511        2373737.37373737       5.790070828975862E-005
   13132078.3593511        2626262.62626263       5.967528596944986E-005
   13132078.3593511        2878787.87878788       6.107365844786260E-005
   13132078.3593511        3131313.13131313       6.205974212455923E-005
   13132078.3593511        3383838.38383838       6.259124184847686E-005
   13132078.3593511        3636363.63636364       6.261714965455497E-005
   13132078.3593511        3888888.88888889       6.207888412702536E-005
   13132078.3593511        4141414.14141414       6.091628917511698E-005
   13132078.3593511        4393939.39393939       5.907874912006958E-005
   13132078.3593511        4646464.64646465       5.654008254635264E-005
   13132078.3593511        4898989.89898990       5.331383247306744E-005
   13132078.3593511        5151515.15151515       4.946399885558091E-005
   13132078.3593511        5404040.40404040       4.510651863624588E-005
   13132078.3593511        5656565.65656566       4.039954501434634E-005
   13132078.3593511        5909090.90909091       3.552474528386380E-005
   13132078.3593511        6161616.16161616       3.066506751688074E-005
   13132078.3593511        6414141.41414141       2.598492766057824E-005
   13132078.3593511        6666666.66666667       2.161672589729554E-005
   13132078.3593511        6919191.91919192       1.765469120480059E-005
   13132078.3593511        7171717.17171717       1.415487192873010E-005
   13132078.3593511        7424242.42424243       1.113920248446058E-005
   13132078.3593511        7676767.67676768       8.601678687883282E-006
   13132078.3593511        7929292.92929293       6.515205001295370E-006
   13132078.3593511        8181818.18181818       4.838227649112728E-006
   13132078.3593511        8434343.43434343       3.520669939203722E-006
   13132078.3593511        8686868.68686869       2.508931706171490E-006
   13132078.3593511        8939393.93939394       1.749855246502872E-006
   13132078.3593511        9191919.19191919       1.193647244343686E-006
   13132078.3593511        9444444.44444444       7.958109180931406E-007
   13132078.3593511        9696969.69696970       5.181958788356022E-007
   13132078.3593511        9949494.94949495       3.293142641963129E-007
   13132078.3593511        10202020.2020202       2.040963473708337E-007
   13132078.3593511        10454545.4545455       1.232643514739376E-007
   13132078.3593511        10707070.7070707       7.249050629173859E-008
   13132078.3593511        10959595.9595960       4.147864239073130E-008
   13132078.3593511        11212121.2121212       2.307388698523553E-008
   13132078.3593511        11464646.4646465       1.246859382933506E-008
   13132078.3593511        11717171.7171717       6.539681920150826E-009
   13132078.3593511        11969696.9696970       3.326394272567621E-009
   13132078.3593511        12222222.2222222       1.639443392785455E-009
   13132078.3593511        12474747.4747475       7.822425770571833E-010
   13132078.3593511        12727272.7272727       3.610003886433462E-010
   13132078.3593511        12979797.9797980       1.609753184482344E-010
   13132078.3593511        13232323.2323232       6.927590184509966E-011
   13132078.3593511        13484848.4848485       2.872522841459048E-011
   13132078.3593511        13737373.7373737       1.144303852342216E-011
   13132078.3593511        13989898.9898990       4.350336490648202E-012
   13132078.3593511        14242424.2424242       1.548790385800197E-012
   13132078.3593511        14494949.4949495       4.822263254199356E-013
   13132078.3593511        14747474.7474747       8.591949584629174E-014
   13132078.3593511        15000000.0000000       0.000000000000000E+000
   13536118.7633915       -10000000.0000000       0.000000000000000E+000
   13536118.7633915       -9747474.74747475       8.042076893941297E-011
   13536118.7633915       -9494949.49494950       2.243598323773470E-010
   13536118.7633915       -9242424.24242424       4.794797655986003E-010
   13536118.7633915       -8989898.98989899       9.241908477057482E-010
   13536118.7633915       -8737373.73737374       1.683539855183480E-009
   13536118.7633915       -8484848.48484848       2.951511224108250E-009
   13536118.7633915       -8232323.23232323       5.020946345476359E-009
   13536118.7633915       -7979797.97979798       8.322220887718371E-009
   13536118.7633915       -7727272.72727273       1.347135306770970E-008
   13536118.7633915       -7474747.47474748       2.132745880537338E-008
   13536118.7633915       -7222222.22222222       3.305845935735356E-008
   13536118.7633915       -6969696.96969697       5.021280156245582E-008
   13536118.7633915       -6717171.71717172       7.479390460801645E-008
   13536118.7633915       -6464646.46464646       1.093334637368248E-007
   13536118.7633915       -6212121.21212121       1.569600917359697E-007
   13536118.7633915       -5959595.95959596       2.214615507367918E-007
   13536118.7633915       -5707070.70707071       3.073423136692259E-007
   13536118.7633915       -5454545.45454546       4.198831297229282E-007
   13536118.7633915       -5202020.20202020       5.652143316192224E-007
   13536118.7633915       -4949494.94949495       7.504170515433112E-007
   13536118.7633915       -4696969.69696970       9.836623532015537E-007
   13536118.7633915       -4444444.44444444       1.274384019041980E-006
   13536118.7633915       -4191919.19191919       1.633456431185349E-006
   13536118.7633915       -3939393.93939394       2.073321379430151E-006
   13536118.7633915       -3686868.68686869       2.607989501070875E-006
   13536118.7633915       -3434343.43434343       3.252845846880743E-006
   13536118.7633915       -3181818.18181818       4.024218336942147E-006
   13536118.7633915       -2929292.92929293       4.938714261434363E-006
   13536118.7633915       -2676767.67676768       6.012378592254321E-006
   13536118.7633915       -2424242.42424242       7.259765374109099E-006
   13536118.7633915       -2171717.17171717       8.693031914920381E-006
   13536118.7633915       -1919191.91919192       1.032116113569803E-005
   13536118.7633915       -1666666.66666667       1.214938933132289E-005
   13536118.7633915       -1414141.41414141       1.417886880876131E-005
   13536118.7633915       -1161616.16161616       1.640653954878819E-005
   13536118.7633915       -909090.909090910       1.882513878920235E-005
   13536118.7633915       -656565.656565657       2.142325580642494E-005
   13536118.7633915       -404040.404040404       2.418534220873473E-005
   13536118.7633915       -151515.151515152       2.709160620061111E-005
   13536118.7633915        101010.101010101       3.011774506158396E-005
   13536118.7633915        353535.353535354       3.323451095452993E-005
   13536118.7633915        606060.606060605       3.640718206643552E-005
   13536118.7633915        858585.858585859       3.959513468716981E-005
   13536118.7633915        1111111.11111111       4.275184686333899E-005
   13536118.7633915        1363636.36363636       4.582571431464590E-005
   13536118.7633915        1616161.61616162       4.876190805459819E-005
   13536118.7633915        1868686.86868687       5.150510994179364E-005
   13536118.7633915        2121212.12121212       5.400244826297179E-005
   13536118.7633915        2373737.37373737       5.620559022725877E-005
   13536118.7633915        2626262.62626263       5.807100705133274E-005
   13536118.7633915        2878787.87878788       5.955799930615424E-005
   13536118.7633915        3131313.13131313       6.062497069676623E-005
   13536118.7633915        3383838.38383838       6.122531249687573E-005
   13536118.7633915        3636363.63636364       6.130480000039980E-005
   13536118.7633915        3888888.88888889       6.080247552939896E-005
   13536118.7633915        4141414.14141414       5.965656379685705E-005
   13536118.7633915        4393939.39393939       5.781591798867500E-005
   13536118.7633915        4646464.64646465       5.525567410953995E-005
   13536118.7633915        4898989.89898990       5.199342937490307E-005
   13536118.7633915        5151515.15151515       4.810042279104188E-005
   13536118.7633915        5404040.40404040       4.370247513447505E-005
   13536118.7633915        5656565.65656566       3.896862369073987E-005
   13536118.7633915        5909090.90909091       3.409017451631048E-005
   13536118.7633915        6161616.16161616       2.925647562904487E-005
   13536118.7633915        6414141.41414141       2.463404672035600E-005
   13536118.7633915        6666666.66666667       2.035315844904971E-005
   13536118.7633915        6919191.91919192       1.650259323643642E-005
   13536118.7633915        7171717.17171717       1.313095374945370E-005
   13536118.7633915        7424242.42424243       1.025205150998712E-005
   13536118.7633915        7676767.67676768       7.852165700079602E-006
   13536118.7633915        7929292.92929293       5.897639838480097E-006
   13536118.7633915        8181818.18181818       4.341930890420721E-006
   13536118.7633915        8434343.43434343       3.131676368999296E-006
   13536118.7633915        8686868.68686869       2.211608838871908E-006
   13536118.7633915        8939393.93939394       1.528290266435242E-006
   13536118.7633915        9191919.19191919       1.032720774955025E-006
   13536118.7633915        9444444.44444444       6.819318839827507E-007
   13536118.7633915        9696969.69696970       4.397155902936588E-007
   13536118.7633915        9949494.94949495       2.766681230700720E-007
   13536118.7633915        10202020.2020202       1.697380731719501E-007
   13536118.7633915        10454545.4545455       1.014617527452651E-007
   13536118.7633915        10707070.7070707       5.904627076697652E-008
   13536118.7633915        10959595.9595960       3.342781041318495E-008
   13536118.7633915        11212121.2121212       1.839506721799231E-008
   13536118.7633915        11464646.4646465       9.831497902116408E-009
   13536118.7633915        11717171.7171717       5.099218424801642E-009
   13536118.7633915        11969696.9696970       2.564407561358426E-009
   13536118.7633915        12222222.2222222       1.249382913105807E-009
   13536118.7633915        12474747.4747475       5.891736751225260E-010
   13536118.7633915        12727272.7272727       2.686743904429150E-010
   13536118.7633915        12979797.9797980       1.183600924413309E-010
   13536118.7633915        13232323.2323232       5.031095763815083E-011
   13536118.7633915        13484848.4848485       2.060059015682372E-011
   13536118.7633915        13737373.7373737       8.101731975815289E-012
   13536118.7633915        13989898.9898990       3.039420274176192E-012
   13536118.7633915        14242424.2424242       1.066473915261142E-012
   13536118.7633915        14494949.4949495       3.252934833641026E-013
   13536118.7633915        14747474.7474747       5.299493732207249E-014
   13536118.7633915        15000000.0000000       0.000000000000000E+000
   13946280.9917355       -10000000.0000000       0.000000000000000E+000
   13946280.9917355       -9747474.74747475       5.347347941776944E-011
   13946280.9917355       -9494949.49494950       1.501282628809087E-010
   13946280.9917355       -9242424.24242424       3.233347508624326E-010
   13946280.9917355       -8989898.98989899       6.288317072016611E-010
   13946280.9917355       -8737373.73737374       1.156809635501132E-009
   13946280.9917355       -8484848.48484848       2.049261298605697E-009
   13946280.9917355       -8232323.23232323       3.523783083361767E-009
   13946280.9917355       -7979797.97979798       5.905089191767783E-009
   13946280.9917355       -7727272.72727273       9.665248133565034E-009
   13946280.9917355       -7474747.47474748       1.547315085288853E-008
   13946280.9917355       -7222222.22222222       2.425297352881301E-008
   13946280.9917355       -6969696.96969697       3.725046816883596E-008
   13946280.9917355       -6717171.71717172       5.610496027125990E-008
   13946280.9917355       -6464646.46464646       8.292423347555421E-008
   13946280.9917355       -6212121.21212121       1.203594299692575E-007
   13946280.9917355       -5959595.95959596       1.716781414459588E-007
   13946280.9917355       -5707070.70707071       2.408363505043832E-007
   13946280.9917355       -5454545.45454546       3.325537329619175E-007
   13946280.9917355       -5202020.20202020       4.524011146643145E-007
   13946280.9917355       -4949494.94949495       6.069113918279854E-007
   13946280.9917355       -4696969.69696970       8.037225840011862E-007
   13946280.9917355       -4444444.44444444       1.051750546112471E-006
   13946280.9917355       -4191919.19191919       1.361368556964035E-006
   13946280.9917355       -3939393.93939394       1.744546380071587E-006
   13946280.9917355       -3686868.68686869       2.214882907625707E-006
   13946280.9917355       -3434343.43434343       2.787465376836731E-006
   13946280.9917355       -3181818.18181818       3.478509181635008E-006
   13946280.9917355       -2929292.92929293       4.304770437247295E-006
   13946280.9917355       -2676767.67676768       5.282767196061250E-006
   13946280.9917355       -2424242.42424242       6.427883002140893E-006
   13946280.9917355       -2171717.17171717       7.753450411365026E-006
   13946280.9917355       -1919191.91919192       9.269917654417222E-006
   13946280.9917355       -1666666.66666667       1.098418618555974E-005
   13946280.9917355       -1414141.41414141       1.289917076196979E-005
   13946280.9917355       -1161616.16161616       1.501358352278490E-005
   13946280.9917355       -909090.909090910       1.732189323288585E-005
   13946280.9917355       -656565.656565657       1.981437630375321E-005
   13946280.9917355       -404040.404040404       2.247716596071414E-005
   13946280.9917355       -151515.151515152       2.529221681323851E-005
   13946280.9917355        101010.101010101       2.823712534429717E-005
   13946280.9917355        353535.353535354       3.128478081434032E-005
   13946280.9917355        606060.606060605       3.440287819767883E-005
   13946280.9917355        858585.858585859       3.755342068199000E-005
   13946280.9917355        1111111.11111111       4.069246383189650E-005
   13946280.9917355        1363636.36363636       4.377044417332912E-005
   13946280.9917355        1616161.61616162       4.673338728858715E-005
   13946280.9917355        1868686.86868687       4.952502524301035E-005
   13946280.9917355        2121212.12121212       5.208940839877366E-005
   13946280.9917355        2373737.37373737       5.437316783816699E-005
   13946280.9917355        2626262.62626263       5.632644812450209E-005
   13946280.9917355        2878787.87878788       5.790187389464551E-005
   13946280.9917355        3131313.13131313       5.905169315627049E-005
   13946280.9917355        3383838.38383838       5.972418205287064E-005
   13946280.9917355        3636363.63636364       5.986115392296469E-005
   13946280.9917355        3888888.88888889       5.939873033115488E-005
   13946280.9917355        4141414.14141414       5.827323684413821E-005
   13946280.9917355        4393939.39393939       5.643299498049551E-005
   13946280.9917355        4646464.64646465       5.385473294095737E-005
   13946280.9917355        4898989.89898990       5.056062450648872E-005
   13946280.9917355        5151515.15151515       4.662983026177407E-005
   13946280.9917355        5404040.40404040       4.219872433063318E-005
   13946280.9917355        5656565.65656566       3.744765772473533E-005
   13946280.9917355        5909090.90909091       3.257757649944839E-005
   13946280.9917355        6161616.16161616       2.778374376992373E-005
   13946280.9917355        6414141.41414141       2.323391113217805E-005
   13946280.9917355        6666666.66666667       1.905516461312704E-005
   13946280.9917355        6919191.91919192       1.532982400536471E-005
   13946280.9917355        7171717.17171717       1.209824121969674E-005
   13946280.9917355        7424242.42424243       9.365602732792952E-006
   13946280.9917355        7676767.67676768       7.110287395679228E-006
   13946280.9917355        7929292.92929293       5.292172334836233E-006
   13946280.9917355        8181818.18181818       3.860026399959458E-006
   13946280.9917355        8434343.43434343       2.757626834356000E-006
   13946280.9917355        8686868.68686869       1.928511312936291E-006
   13946280.9917355        8939393.93939394       1.319417453801118E-006
   13946280.9917355        9191919.19191919       8.825341093188157E-007
   13946280.9917355        9444444.44444444       5.767310906219944E-007
   13946280.9917355        9696969.69696970       3.679603318778566E-007
   13946280.9917355        9949494.94949495       2.290335235423698E-007
   13946280.9917355        10202020.2020202       1.389775665697067E-007
   13946280.9917355        10454545.4545455       8.215015182492017E-008
   13946280.9917355        10707070.7070707       4.726657721860465E-008
   13946280.9917355        10959595.9595960       2.645087597159878E-008
   13946280.9917355        11212121.2121212       1.438527110995526E-008
   13946280.9917355        11464646.4646465       7.596856560416346E-009
   13946280.9917355        11717171.7171717       3.892484842699769E-009
   13946280.9917355        11969696.9696970       1.933432347330066E-009
   13946280.9917355        12222222.2222222       9.301717552969245E-010
   13946280.9917355        12474747.4747475       4.330525003405556E-010
   13946280.9917355        12727272.7272727       1.949186776598976E-010
   13946280.9917355        12979797.9797980       8.473416356107375E-011
   13946280.9917355        13232323.2323232       3.553307790292292E-011
   13946280.9917355        13484848.4848485       1.434991521047348E-011
   13946280.9917355        13737373.7373737       5.564230898326794E-012
   13946280.9917355        13989898.9898990       2.057004201668502E-012
   13946280.9917355        14242424.2424242       7.100907085560422E-013
   13946280.9917355        14494949.4949495       2.114264389679274E-013
   13946280.9917355        14747474.7474747       3.043982918561675E-014
   13946280.9917355        15000000.0000000       0.000000000000000E+000
   14362565.0443832       -10000000.0000000       0.000000000000000E+000
   14362565.0443832       -9747474.74747475       3.464291961138024E-011
   14362565.0443832       -9494949.49494950       9.793153872103950E-011
   14362565.0443832       -9242424.24242424       2.126818799739837E-010
   14362565.0443832       -8989898.98989899       4.176191134213960E-010
   14362565.0443832       -8737373.73737374       7.763595099983101E-010
   14362565.0443832       -8484848.48484848       1.390608073482921E-009
   14362565.0443832       -8232323.23232323       2.418669351619215E-009
   14362565.0443832       -7979797.97979798       4.100542201194777E-009
   14362565.0443832       -7727272.72727273       6.790784350839734E-009
   14362565.0443832       -7474747.47474748       1.100005085879672E-008
   14362565.0443832       -7222222.22222222       1.744571093653761E-008
   14362565.0443832       -6969696.96969697       2.711125101261196E-008
   14362565.0443832       -6717171.71717172       4.131337574271178E-008
   14362565.0443832       -6464646.46464646       6.177502278868035E-008
   14362565.0443832       -6212121.21212121       9.070222367914138E-008
   14362565.0443832       -5959595.95959596       1.308632625802762E-007
   14362565.0443832       -5707070.70707071       1.856702578199165E-007
   14362565.0443832       -5454545.45454546       2.592661786289988E-007
   14362565.0443832       -5202020.20202020       3.566237967338992E-007
   14362565.0443832       -4949494.94949495       4.836654658392882E-007
   14362565.0443832       -4696969.69696970       6.474110977314627E-007
   14362565.0443832       -4444444.44444444       8.561531857508682E-007
   14362565.0443832       -4191919.19191919       1.119641027525831E-006
   14362565.0443832       -3939393.93939394       1.449234672287600E-006
   14362565.0443832       -3686868.68686869       1.857970833185586E-006
   14362565.0443832       -3434343.43434343       2.360477915218569E-006
   14362565.0443832       -3181818.18181818       2.972690949816999E-006
   14362565.0443832       -2929292.92929293       3.711347307809231E-006
   14362565.0443832       -2676767.67676768       4.593282275066957E-006
   14362565.0443832       -2424242.42424242       5.634580302595369E-006
   14362565.0443832       -2171717.17171717       6.849665396103062E-006
   14362565.0443832       -1919191.91919192       8.250427576262998E-006
   14362565.0443832       -1666666.66666667       9.845478043707285E-006
   14362565.0443832       -1414141.41414141       1.163960172466204E-005
   14362565.0443832       -1161616.16161616       1.363343450273589E-005
   14362565.0443832       -909090.909090910       1.582334277429077E-005
   14362565.0443832       -656565.656565657       1.820143955688639E-005
   14362565.0443832       -404040.404040404       2.075564725915471E-005
   14362565.0443832       -151515.151515152       2.346971643817392E-005
   14362565.0443832        101010.101010101       2.632312710301833E-005
   14362565.0443832        353535.353535354       2.929082827006894E-005
   14362565.0443832        606060.606060605       3.234281603482822E-005
   14362565.0443832        858585.858585859       3.544362331337619E-005
   14362565.0443832        1111111.11111111       3.855189967781393E-005
   14362565.0443832        1363636.36363636       4.162036459468632E-005
   14362565.0443832        1616161.61616162       4.459644184548046E-005
   14362565.0443832        1868686.86868687       4.742373549119996E-005
   14362565.0443832        2121212.12121212       5.004416467714378E-005
   14362565.0443832        2373737.37373737       5.240014942896881E-005
   14362565.0443832        2626262.62626263       5.443597003380245E-005
   14362565.0443832        2878787.87878788       5.609754890867548E-005
   14362565.0443832        3131313.13131313       5.733050731877128E-005
   14362565.0443832        3383838.38383838       5.807727309352667E-005
   14362565.0443832        3636363.63636364       5.827493323456670E-005
   14362565.0443832        3888888.88888889       5.785608393931076E-005
   14362565.0443832        4141414.14141414       5.675481854379871E-005
   14362565.0443832        4393939.39393939       5.491890842630422E-005
   14362565.0443832        4646464.64646465       5.232696819966027E-005
   14362565.0443832        4898989.89898990       4.900630742471386E-005
   14362565.0443832        5151515.15151515       4.504471110836703E-005
   14362565.0443832        5404040.40404040       4.058974378117587E-005
   14362565.0443832        5656565.65656566       3.583339160071306E-005
   14362565.0443832        5909090.90909091       3.098606203410944E-005
   14362565.0443832        6161616.16161616       2.624823037909053E-005
   14362565.0443832        6414141.41414141       2.178780099781406E-005
   14362565.0443832        6666666.66666667       1.772746776562655E-005
   14362565.0443832        6919191.91919192       1.414199863028490E-005
   14362565.0443832        7171717.17171717       1.106269715838060E-005
   14362565.0443832        7424242.42424243       8.485694798706331E-006
   14362565.0443832        7676767.67676768       6.381398815118951E-006
   14362565.0443832        7929292.92929293       4.703442081007714E-006
   14362565.0443832        8181818.18181818       3.396328337134604E-006
   14362565.0443832        8434343.43434343       2.401501901487898E-006
   14362565.0443832        8686868.68686869       1.661852289799889E-006
   14362565.0443832        8939393.93939394       1.124794206635313E-006
   14362565.0443832        9191919.19191919       7.441200938972992E-007
   14362565.0443832        9444444.44444444       4.808474163766407E-007
   14362565.0443832        9696969.69696970       3.032914593402383E-007
   14362565.0443832        9949494.94949495       1.865894674165355E-007
   14362565.0443832        10202020.2020202       1.118834158609135E-007
   14362565.0443832        10454545.4545455       6.533809340108157E-008
   14362565.0443832        10707070.7070707       3.713241381930299E-008
   14362565.0443832        10959595.9595960       2.052027985590633E-008
   14362565.0443832        11212121.2121212       1.101812571275060E-008
   14362565.0443832        11464646.4646465       5.743424301111835E-009
   14362565.0443832        11717171.7171717       2.904090774829903E-009
   14362565.0443832        11969696.9696970       1.423164484592181E-009
   14362565.0443832        12222222.2222222       6.753450073512671E-010
   14362565.0443832        12474747.4747475       3.100483251368800E-010
   14362565.0443832        12727272.7272727       1.375795745055875E-010
   14362565.0443832        12979797.9797980       5.894549834027649E-011
   14362565.0443832        13232323.2323232       2.435506809313571E-011
   14362565.0443832        13484848.4848485       9.687927722384533E-012
   14362565.0443832        13737373.7373737       3.698609302750749E-012
   14362565.0443832        13989898.9898990       1.345289708403718E-012
   14362565.0443832        14242424.2424242       4.559761280591867E-013
   14362565.0443832        14494949.4949495       1.319434054145509E-013
   14362565.0443832        14747474.7474747       1.584935781546034E-014
   14362565.0443832        15000000.0000000       0.000000000000000E+000
   14784970.9213346       -10000000.0000000       0.000000000000000E+000
   14784970.9213346       -9747474.74747475       2.183303448355181E-011
   14784970.9213346       -9494949.49494950       6.218266312347615E-011
   14784970.9213346       -9242424.24242424       1.362593852596272E-010
   14784970.9213346       -8989898.98989899       2.703196688052972E-010
   14784970.9213346       -8737373.73737374       5.081821130393024E-010
   14784970.9213346       -8484848.48484848       9.210283281141853E-010
   14784970.9213346       -8232323.23232323       1.621458536028028E-009
   14784970.9213346       -7979797.97979798       2.782997926988401E-009
   14784970.9213346       -7727272.72727273       4.666286280224996E-009
   14784970.9213346       -7474747.47474748       7.653075652545011E-009
   14784970.9213346       -7222222.22222222       1.228887629271049E-008
   14784970.9213346       -6969696.96969697       1.933462220523931E-008
   14784970.9213346       -6717171.71717172       2.982712397879387E-008
   14784970.9213346       -6464646.46464646       4.514746968663454E-008
   14784970.9213346       -6212121.21212121       6.709615808683479E-008
   14784970.9213346       -5959595.95959596       9.797392332172167E-008
   14784970.9213346       -5707070.70707071       1.406682655036042E-007
   14784970.9213346       -5454545.45454546       1.987477802112573E-007
   14784970.9213346       -5202020.20202020       2.765691149892275E-007
   14784970.9213346       -4949494.94949495       3.794035183537630E-007
   14784970.9213346       -4696969.69696970       5.135892007774124E-007
   14784970.9213346       -4444444.44444444       6.867093632940164E-007
   14784970.9213346       -4191919.19191919       9.077822580381701E-007
   14784970.9213346       -3939393.93939394       1.187430963138688E-006
   14784970.9213346       -3686868.68686869       1.537982971379519E-006
   14784970.9213346       -3434343.43434343       1.973441584960214E-006
   14784970.9213346       -3181818.18181818       2.509278293807702E-006
   14784970.9213346       -2929292.92929293       3.162017685633678E-006
   14784970.9213346       -2676767.67676768       3.948618558959738E-006
   14784970.9213346       -2424242.42424242       4.885689248930025E-006
   14784970.9213346       -2171717.17171717       5.988604814780258E-006
   14784970.9213346       -1919191.91919192       7.270613247839827E-006
   14784970.9213346       -1666666.66666667       8.742022986513729E-006
   14784970.9213346       -1414141.41414141       1.040955160693532E-005
   14784970.9213346       -1161616.16161616       1.227588494386754E-005
   14784970.9213346       -909090.909090910       1.433945166686680E-005
   14784970.9213346       -656565.656565657       1.659437148915214E-005
   14784970.9213346       -404040.404040404       1.903049963003893E-005
   14784970.9213346       -151515.151515152       2.163347556382921E-005
   14784970.9213346        101010.101010101       2.438469107184490E-005
   14784970.9213346        353535.353535354       2.726111555952003E-005
   14784970.9213346        606060.606060605       3.023495282218803E-005
   14784970.9213346        858585.858585859       3.327315946181516E-005
   14784970.9213346        1111111.11111111       3.633693950645347E-005
   14784970.9213346        1363636.36363636       3.938143101455028E-005
   14784970.9213346        1616161.61616162       4.235586655929026E-005
   14784970.9213346        1868686.86868687       4.520443717299282E-005
   14784970.9213346        2121212.12121212       4.786785887764748E-005
   14784970.9213346        2373737.37373737       5.028527231309652E-005
   14784970.9213346        2626262.62626263       5.239577301740049E-005
   14784970.9213346        2878787.87878788       5.413881817430377E-005
   14784970.9213346        3131313.13131313       5.545315906990367E-005
   14784970.9213346        3383838.38383838       5.627477792105922E-005
   14784970.9213346        3636363.63636364       5.653530773178102E-005
   14784970.9213346        3888888.88888889       5.616318747336399E-005
   14784970.9213346        4141414.14141414       5.508990399485762E-005
   14784970.9213346        4393939.39393939       5.326264197832990E-005
   14784970.9213346        4646464.64646465       5.066221092231199E-005
   14784970.9213346        4898989.89898990       4.732164283932005E-005
   14784970.9213346        5151515.15151515       4.333805230905520E-005
   14784970.9213346        5404040.40404040       3.887076760971943E-005
   14784970.9213346        5656565.65656566       3.412357958452658E-005
   14784970.9213346        5909090.90909091       2.931595116207040E-005
   14784970.9213346        6161616.16161616       2.465261019359514E-005
   14784970.9213346        6414141.41414141       2.030030818014710E-005
   14784970.9213346        6666666.66666667       1.637599080198737E-005
   14784970.9213346        6919191.91919192       1.294573502406917E-005
   14784970.9213346        7171717.17171717       1.003104032563515E-005
   14784970.9213346        7424242.42424243       7.618661810522572E-006
   14784970.9213346        7676767.67676768       5.671107812636320E-006
   14784970.9213346        7929292.92929293       4.136138904825728E-006
   14784970.9213346        8181818.18181818       2.954550248873897E-006
   14784970.9213346        8434343.43434343       2.066084423389864E-006
   14784970.9213346        8686868.68686869       1.413598551167473E-006
   14784970.9213346        8939393.93939394       9.457215055994694E-007
   14784970.9213346        9191919.19191919       6.182721827137616E-007
   14784970.9213346        9444444.44444444       3.947132872583760E-007
   14784970.9213346        9696969.69696970       2.459034305348090E-007
   14784970.9213346        9949494.94949495       1.493874447346896E-007
   14784970.9213346        10202020.2020202       8.843170011997991E-008
   14784970.9213346        10454545.4545455       5.097021539144229E-008
   14784970.9213346        10707070.7070707       2.858267198628251E-008
   14784970.9213346        10959595.9595960       1.558200996658596E-008
   14784970.9213346        11212121.2121212       8.251407751202971E-009
   14784970.9213346        11464646.4646465       4.240910750569321E-009
   14784970.9213346        11717171.7171717       2.113741130562593E-009
   14784970.9213346        11969696.9696970       1.020781172911269E-009
   14784970.9213346        12222222.2222222       4.772194311165568E-010
   14784970.9213346        12474747.4747475       2.157799564499059E-010
   14784970.9213346        12727272.7272727       9.427440224467936E-011
   14784970.9213346        12979797.9797980       3.975670531758389E-011
   14784970.9213346        13232323.2323232       1.616297131822163E-011
   14784970.9213346        13484848.4848485       6.323681066682525E-012
   14784970.9213346        13737373.7373737       2.373413787661588E-012
   14784970.9213346        13989898.9898990       8.479337300903246E-013
   14784970.9213346        14242424.2424242       2.815375051332614E-013
   14784970.9213346        14494949.4949495       7.872937146869956E-014
   14784970.9213346        14747474.7474747       7.049467587884755E-015
   14784970.9213346        15000000.0000000       0.000000000000000E+000
   15213498.6225895       -10000000.0000000       0.000000000000000E+000
   15213498.6225895       -9747474.74747475       1.336271287275685E-011
   15213498.6225895       -9494949.49494950       3.837003916964912E-011
   15213498.6225895       -9242424.24242424       8.489270650117893E-011
   15213498.6225895       -8989898.98989899       1.702764764072063E-010
   15213498.6225895       -8737373.73737374       3.239485304049150E-010
   15213498.6225895       -8484848.48484848       5.945126175132744E-010
   15213498.6225895       -8232323.23232323       1.060154309034700E-009
   15213498.6225895       -7979797.97979798       1.843422480934960E-009
   15213498.6225895       -7727272.72727273       3.131568698594403E-009
   15213498.6225895       -7474747.47474748       5.203646739815257E-009
   15213498.6225895       -7222222.22222222       8.465464169256918E-009
   15213498.6225895       -6969696.96969697       1.349321345430372E-008
   15213498.6225895       -6717171.71717172       2.108620625970861E-008
   15213498.6225895       -6464646.46464646       3.232866890871930E-008
   15213498.6225895       -6212121.21212121       4.866019219456099E-008
   15213498.6225895       -5959595.95959596       7.195441402638311E-008
   15213498.6225895       -5707070.70707071       1.046061350991697E-007
   15213498.6225895       -5454545.45454546       1.496285074312154E-007
   15213498.6225895       -5202020.20202020       2.107640078620122E-007
   15213498.6225895       -4949494.94949495       2.926147243614086E-007
   15213498.6225895       -4696969.69696970       4.007972494281510E-007
   15213498.6225895       -4444444.44444444       5.421228402936666E-007
   15213498.6225895       -4191919.19191919       7.247928134214121E-007
   15213498.6225895       -3939393.93939394       9.585832957512849E-007
   15213498.6225895       -3686868.68686869       1.254977004971061E-006
   15213498.6225895       -3434343.43434343       1.627189541209340E-006
   15213498.6225895       -3181818.18181818       2.090039431188785E-006
   15213498.6225895       -2929292.92929293       2.659626356532606E-006
   15213498.6225895       -2676767.67676768       3.352807658868650E-006
   15213498.6225895       -2424242.42424242       4.186493922127398E-006
   15213498.6225895       -2171717.17171717       5.176814318915304E-006
   15213498.6225895       -1919191.91919192       6.338226097693729E-006
   15213498.6225895       -1666666.66666667       7.682655374366295E-006
   15213498.6225895       -1414141.41414141       9.218754329673071E-006
   15213498.6225895       -1161616.16161616       1.095134058523674E-005
   15213498.6225895       -909090.909090910       1.288104903452329E-005
   15213498.6225895       -656565.656565657       1.500418150460379E-005
   15213498.6225895       -404040.404040404       1.731269724339312E-005
   15213498.6225895       -151515.151515152       1.979425968396324E-005
   15213498.6225895        101010.101010101       2.243224867725340E-005
   15213498.6225895        353535.353535354       2.520566085398270E-005
   15213498.6225895        606060.606060605       2.808884939902478E-005
   15213498.6225895        858585.858585859       3.105109864344786E-005
   15213498.6225895        1111111.11111111       3.405609503886106E-005
   15213498.6225895        1363636.36363636       3.706144437478869E-005
   15213498.6225895        1616161.61616162       4.001846806465586E-005
   15213498.6225895        1868686.86868687       4.287252556111239E-005
   15213498.6225895        2121212.12121212       4.556398438211272E-005
   15213498.6225895        2373737.37373737       4.802967960585241E-005
   15213498.6225895        2626262.62626263       5.020437336140560E-005
   15213498.6225895        2878787.87878788       5.202155422045524E-005
   15213498.6225895        3131313.13131313       5.341312893203855E-005
   15213498.6225895        3383838.38383838       5.430824035930312E-005
   15213498.6225895        3636363.63636364       5.463244507334212E-005
   15213498.6225895        3888888.88888889       5.430941593216821E-005
   15213498.6225895        4141414.14141414       5.326764464630878E-005
   15213498.6225895        4393939.39393939       5.145368304701404E-005
   15213498.6225895        4646464.64646465       4.885085511997067E-005
   15213498.6225895        4898989.89898990       4.549851647711186E-005
   15213498.6225895        5151515.15151515       4.150379261303044E-005
   15213498.6225895        5404040.40404040       3.703824301661723E-005
   15213498.6225895        5656565.65656566       3.231742650353352E-005
   15213498.6225895        5909090.90909091       2.756917376678147E-005
   15213498.6225895        6161616.16161616       2.300120991149413E-005
   15213498.6225895        6414141.41414141       1.877758866735015E-005
   15213498.6225895        6666666.66666667       1.500801763789818E-005
   15213498.6225895        6919191.91919192       1.174872872910280E-005
   15213498.6225895        7171717.17171717       9.010747467063105E-006
   15213498.6225895        7424242.42424243       6.771282281190433E-006
   15213498.6225895        7676767.67676768       4.985192230345241E-006
   15213498.6225895        7929292.92929293       3.594907662839990E-006
   15213498.6225895        8181818.18181818       2.538212663561172E-006
   15213498.6225895        8434343.43434343       1.753879943586943E-006
   15213498.6225895        8686868.68686869       1.185408699600365E-006
   15213498.6225895        8939393.93939394       7.832007935353282E-007
   15213498.6225895        9191919.19191919       5.055180502394364E-007
   15213498.6225895        9444444.44444444       3.185415486921881E-007
   15213498.6225895        9696969.69696970       1.958200195296223E-007
   15213498.6225895        9949494.94949495       1.173533901288152E-007
   15213498.6225895        10202020.2020202       6.851082041241307E-008
   15213498.6225895        10454545.4545455       3.893295035121778E-008
   15213498.6225895        10707070.7070707       2.151950925308061E-008
   15213498.6225895        10959595.9595960       1.156004179385917E-008
   15213498.6225895        11212121.2121212       6.030402559940302E-009
   15213498.6225895        11464646.4646465       3.052343578038444E-009
   15213498.6225895        11717171.7171717       1.497797113353254E-009
   15213498.6225895        11969696.9696970       7.119149189760718E-010
   15213498.6225895        12222222.2222222       3.274694063486083E-010
   15213498.6225895        12474747.4747475       1.456391869759298E-010
   15213498.6225895        12727272.7272727       6.256418443281906E-011
   15213498.6225895        12979797.9797980       2.593274158509323E-011
   15213498.6225895        13232323.2323232       1.035841950944805E-011
   15213498.6225895        13484848.4848485       3.979982290042019E-012
   15213498.6225895        13737373.7373737       1.466106037427564E-012
   15213498.6225895        13989898.9898990       5.135078086769380E-013
   15213498.6225895        14242424.2424242       1.665723014437311E-013
   15213498.6225895        14494949.4949495       4.468371283190995E-014
   15213498.6225895        14747474.7474747       2.208334367898586E-015
   15213498.6225895        15000000.0000000       0.000000000000000E+000
   15648148.1481481       -10000000.0000000       0.000000000000000E+000
   15648148.1481481       -9747474.74747475       7.927637122276235E-012
   15648148.1481481       -9494949.49494950       2.296779868806146E-011
   15648148.1481481       -9242424.24242424       5.134455661852596E-011
   15648148.1481481       -8989898.98989899       1.042038940610270E-010
   15648148.1481481       -8737373.73737374       2.007813382011648E-010
   15648148.1481481       -8484848.48484848       3.734008934872616E-010
   15648148.1481481       -8232323.23232323       6.749733310366111E-010
   15648148.1481481       -7979797.97979798       1.189900126251461E-009
   15648148.1481481       -7727272.72727273       2.049447812686755E-009
   15648148.1481481       -7474747.47474748       3.452763079925292E-009
   15648148.1481481       -7222222.22222222       5.694718604069583E-009
   15648148.1481481       -6969696.96969697       9.201683786039534E-009
   15648148.1481481       -6717171.71717172       1.457609648710593E-008
   15648148.1481481       -6464646.46464646       2.265040889115121E-008
   15648148.1481481       -6212121.21212121       3.455069682945683E-008
   15648148.1481481       -5959595.95959596       5.177013865530167E-008
   15648148.1481481       -5707070.70707071       7.625292006859247E-008
   15648148.1481481       -5454545.45454546       1.104900916011829E-007
   15648148.1481481       -5202020.20202020       1.576304330809283E-007
   15648148.1481481       -4949494.94949495       2.216108649074250E-007
   15648148.1481481       -4696969.69696970       3.073110297457015E-007
   15648148.1481481       -4444444.44444444       4.207333941219507E-007
   15648148.1481481       -4191919.19191919       5.692019272561117E-007
   15648148.1481481       -3939393.93939394       7.615592472578129E-007
   15648148.1481481       -3686868.68686869       1.008327153878650E-006
   15648148.1481481       -3434343.43434343       1.321784081237984E-006
   15648148.1481481       -3181818.18181818       1.715910431274162E-006
   15648148.1481481       -2929292.92929293       2.206161491841625E-006
   15648148.1481481       -2676767.67676768       2.809046737219507E-006
   15648148.1481481       -2424242.42424242       3.541520339438253E-006
   15648148.1481481       -2171717.17171717       4.420216149729852E-006
   15648148.1481481       -1919191.91919192       5.460586349813348E-006
   15648148.1481481       -1666666.66666667       6.676021568334432E-006
   15648148.1481481       -1414141.41414141       8.077037048853503E-006
   15648148.1481481       -1161616.16161616       9.670600953553068E-006
   15648148.1481481       -909090.909090910       1.145965583889472E-005
   15648148.1481481       -656565.656565657       1.344284573055612E-005
   15648148.1481481       -404040.404040404       1.561441747383916E-005
   15648148.1481481       -151515.151515152       1.796422806319850E-005
   15648148.1481481        101010.101010101       2.047776969968730E-005
   15648148.1481481        353535.353535354       2.313612514739500E-005
   15648148.1481481        606060.606060605       2.591578506697678E-005
   15648148.1481481        858585.858585859       2.878829346174133E-005
   15648148.1481481        1111111.11111111       3.171973926308352E-005
   15648148.1481481        1363636.36363636       3.467018487403275E-005
   15648148.1481481        1616161.61616162       3.759320562135357E-005
   15648148.1481481        1868686.86868687       4.043576710020033E-005
   15648148.1481481        2121212.12121212       4.313862625868455E-005
   15648148.1481481        2373737.37373737       4.563726229953083E-005
   15648148.1481481        2626262.62626263       4.786306402866255E-005
   15648148.1481481        2878787.87878788       4.974427729706938E-005
   15648148.1481481        3131313.13131313       5.120627606556082E-005
   15648148.1481481        3383838.38383838       5.217123173782917E-005
   15648148.1481481        3636363.63636364       5.255818177223917E-005
   15648148.1481481        3888888.88888889       5.228551300628318E-005
   15648148.1481481        4141414.14141414       5.127836272180074E-005
   15648148.1481481        4393939.39393939       4.948261448050972E-005
   15648148.1481481        4646464.64646465       4.688443855264478E-005
   15648148.1481481        4898989.89898990       4.353011347532324E-005
   15648148.1481481        5151515.15151515       3.953739780813449E-005
   15648148.1481481        5404040.40404040       3.509038936462835E-005
   15648148.1481481        5656565.65656566       3.041610657755008E-005
   15648148.1481481        5909090.90909091       2.574971890575079E-005
   15648148.1481481        6161616.16161616       2.130036196980197E-005
   15648148.1481481        6414141.41414141       1.722760537441461E-005
   15648148.1481481        6666666.66666667       1.363232401589438E-005
   15648148.1481481        6919191.91919192       1.055978446098597E-005
   15648148.1481481        7171717.17171717       8.010008099687700E-006
   15648148.1481481        7424242.42424243       5.950684035777929E-006
   15648148.1481481        7676767.67676768       4.329481054218896E-006
   15648148.1481481        7929292.92929293       3.084227329426011E-006
   15648148.1481481        8181818.18181818       2.150535380674137E-006
   15648148.1481481        8434343.43434343       1.467030726116141E-006
   15648148.1481481        8686868.68686869       9.785716296346669E-007
   15648148.1481481        8939393.93939394       6.378953083054839E-007
   15648148.1481481        9191919.19191919       4.060996628569071E-007
   15648148.1481481        9444444.44444444       2.523191569548719E-007
   15648148.1481481        9696969.69696970       1.528966651902760E-007
   15648148.1481481        9949494.94949495       9.029457449764919E-008
   15648148.1481481        10202020.2020202       5.192995128346436E-008
   15648148.1481481        10454545.4545455       2.906266376900994E-008
   15648148.1481481        10707070.7070707       1.581521377563950E-008
   15648148.1481481        10959595.9595960       8.361615389282306E-009
   15648148.1481481        11212121.2121212       4.291670996864710E-009
   15648148.1481481        11464646.4646465       2.136590790287194E-009
   15648148.1481481        11717171.7171717       1.030869706135274E-009
   15648148.1481481        11969696.9696970       4.816066216367094E-010
   15648148.1481481        12222222.2222222       2.176676612612762E-010
   15648148.1481481        12474747.4747475       9.508205020488627E-011
   15648148.1481481        12727272.7272727       4.010259361409620E-011
   15648148.1481481        12979797.9797980       1.631318234373583E-011
   15648148.1481481        13232323.2323232       6.391854277948664E-012
   15648148.1481481        13484848.4848485       2.407824032079113E-012
   15648148.1481481        13737373.7373737       8.689636289946810E-013
   15648148.1481481        13989898.9898990       2.977517951288602E-013
   15648148.1481481        14242424.2424242       9.405862145759585E-014
   15648148.1481481        14494949.4949495       2.396184849813006E-014
   15648148.1481481        14747474.7474747      -1.147790321040546E-016
   15648148.1481481        15000000.0000000       0.000000000000000E+000
   16088919.4980104       -10000000.0000000       0.000000000000000E+000
   16088919.4980104       -9747474.74747475       4.549538498521418E-012
   16088919.4980104       -9494949.49494950       1.331091596197405E-011
   16088919.4980104       -9242424.24242424       3.009014295947057E-011
   16088919.4980104       -8989898.98989899       6.184075568958648E-011
   16088919.4980104       -8737373.73737374       1.207788562988817E-010
   16088919.4980104       -8484848.48484848       2.278048772356885E-010
   16088919.4980104       -8232323.23232323       4.177546553994290E-010
   16088919.4980104       -7979797.97979798       7.472172571334599E-010
   16088919.4980104       -7727272.72727273       1.305829798151720E-009
   16088919.4980104       -7474747.47474748       2.232112330698758E-009
   16088919.4980104       -7222222.22222222       3.735012233174292E-009
   16088919.4980104       -6969696.96969697       6.122358551127746E-009
   16088919.4980104       -6717171.71717172       9.837364887753599E-009
   16088919.4980104       -6464646.46464646       1.550417542134140E-008
   16088919.4980104       -6212121.21212121       2.398328162960738E-008
   16088919.4980104       -5959595.95959596       3.643757005895613E-008
   16088919.4980104       -5707070.70707071       5.440997131352900E-008
   16088919.4980104       -5454545.45454546       7.991433615748059E-008
   16088919.4980104       -5202020.20202020       1.155422773451857E-007
   16088919.4980104       -4949494.94949495       1.645899045993250E-007
   16088919.4980104       -4696969.69696970       2.312086502510604E-007
   16088919.4980104       -4444444.44444444       3.205821615932700E-007
   16088919.4980104       -4191919.19191919       4.391249672042995E-007
   16088919.4980104       -3939393.93939394       5.946879336655105E-007
   16088919.4980104       -3686868.68686869       7.967422893427481E-007
   16088919.4980104       -3434343.43434343       1.056502216596417E-006
   16088919.4980104       -3181818.18181818       1.386940231046382E-006
   16088919.4980104       -2929292.92929293       1.802652783625695E-006
   16088919.4980104       -2676767.67676768       2.319546257403916E-006
   16088919.4980104       -2424242.42424242       2.954334147513332E-006
   16088919.4980104       -2171717.17171717       3.723861639908429E-006
   16088919.4980104       -1919191.91919192       4.644300026866862E-006
   16088919.4980104       -1666666.66666667       5.730275809453376E-006
   16088919.4980104       -1414141.41414141       6.994013240351793E-006
   16088919.4980104       -1161616.16161616       8.444570289569914E-006
   16088919.4980104       -909090.909090910       1.008723382171014E-005
   16088919.4980104       -656565.656565657       1.192311029129076E-005
   16088919.4980104       -404040.404040404       1.394890817958779E-005
   16088919.4980104       -151515.151515152       1.615686711807179E-005
   16088919.4980104        101010.101010101       1.853475738529584E-005
   16088919.4980104        353535.353535354       2.106586031431019E-005
   16088919.4980104        606060.606060605       2.372884693614086E-005
   16088919.4980104        858585.858585859       2.649749640152233E-005
   16088919.4980104        1111111.11111111       2.934023599193675E-005
   16088919.4980104        1363636.36363636       3.221954291367670E-005
   16088919.4980104        1616161.61616162       3.509132259311342E-005
   16088919.4980104        1868686.86868687       3.790444782709224E-005
   16088919.4980104        2121212.12121212       4.060066065897943E-005
   16088919.4980104        2373737.37373737       4.311495160560945E-005
   16088919.4980104        2626262.62626263       4.537633295964367E-005
   16088919.4980104        2878787.87878788       4.730870853650521E-005
   16088919.4980104        3131313.13131313       4.883150668926995E-005
   16088919.4980104        3383838.38383838       4.986009524073293E-005
   16088919.4980104        3636363.63636364       5.030680051124090E-005
   16088919.4980104        3888888.88888889       5.008436890751064E-005
   16088919.4980104        4141414.14141414       4.911431361341942E-005
   16088919.4980104        4393939.39393939       4.734185953753751E-005
   16088919.4980104        4646464.64646465       4.475637456474741E-005
   16088919.4980104        4898989.89898990       4.141163864357106E-005
   16088919.4980104        5151515.15151515       3.743656100354971E-005
   16088919.4980104        5404040.40404040       3.302785709501511E-005
   16088919.4980104        5656565.65656566       2.842334949536952E-005
   16088919.4980104        5909090.90909091       2.386411470245204E-005
   16088919.4980104        6161616.16161616       1.955875316380768E-005
   16088919.4980104        6414141.41414141       1.566033626024284E-005
   16088919.4980104        6666666.66666667       1.225925400546735E-005
   16088919.4980104        6919191.91919192       9.388784915884363E-006
   16088919.4980104        7171717.17171717       7.037618249425267E-006
   16088919.4980104        7424242.42424243       5.164197174760387E-006
   16088919.4980104        7676767.67676768       3.709696820662579E-006
   16088919.4980104        7929292.92929293       2.608265468892509E-006
   16088919.4980104        8181818.18181818       1.794317839556176E-006
   16088919.4980104        8434343.43434343       1.207227720961788E-006
   16088919.4980104        8686868.68686869       7.939494726921026E-007
   16088919.4980104        8939393.93939394       5.100993384578603E-007
   16088919.4980104        9191919.19191919       3.199622846127853E-007
   16088919.4980104        9444444.44444444       1.958091859149718E-007
   16088919.4980104        9696969.69696970       1.168296461779118E-007
   16088919.4980104        9949494.94949495       6.791156022821812E-008
   16088919.4980104        10202020.2020202       3.843090936168612E-008
   16088919.4980104        10454545.4545455       2.115587970758346E-008
   16088919.4980104        10707070.7070707       1.132019909589959E-008
   16088919.4980104        10959595.9595960       5.883024512902866E-009
   16088919.4980104        11212121.2121212       2.966974006745234E-009
   16088919.4980104        11464646.4646465       1.450866620106043E-009
   16088919.4980104        11717171.7171717       6.873318216612856E-010
   16088919.4980104        11969696.9696970       3.151693813191468E-010
   16088919.4980104        12222222.2222222       1.397525903371765E-010
   16088919.4980104        12474747.4747475       5.986809287115155E-011
   16088919.4980104        12727272.7272727       2.475169525506546E-011
   16088919.4980104        12979797.9797980       9.864955395658237E-012
   16088919.4980104        13232323.2323232       3.785045606059883E-012
   16088919.4980104        13484848.4848485       1.395326097119858E-012
   16088919.4980104        13737373.7373737       4.923377905687529E-013
   16088919.4980104        13989898.9898990       1.646360544840656E-013
   16088919.4980104        14242424.2424242       5.044798279545443E-014
   16088919.4980104        14494949.4949495       1.203092007102587E-014
   16088919.4980104        14747474.7474747      -9.746311901365771E-016
   16088919.4980104        15000000.0000000       0.000000000000000E+000
   16535812.6721763       -10000000.0000000       0.000000000000000E+000
   16535812.6721763       -9747474.74747475       2.519840697539455E-012
   16535812.6721763       -9494949.49494950       7.453018947649612E-012
   16535812.6721763       -9242424.24242424       1.705174201442144E-011
   16535812.6721763       -8989898.98989899       3.551923542328565E-011
   16535812.6721763       -8737373.73737374       7.037826765664125E-011
   16535812.6721763       -8484848.48484848       1.347423539172381E-010
   16535812.6721763       -8232323.23232323       2.508828862919871E-010
   16535812.6721763       -7979797.97979798       4.556675736746149E-010
   16535812.6721763       -7727272.72727273       8.086121145628352E-010
   16535812.6721763       -7474747.47474748       1.403456869624138E-009
   16535812.6721763       -7222222.22222222       2.384334896761937E-009
   16535812.6721763       -6969696.96969697       3.967713243510043E-009
   16535812.6721763       -6717171.71717172       6.471345697609072E-009
   16535812.6721763       -6464646.46464646       1.035146790885937E-008
   16535812.6721763       -6212121.21212121       1.624942296811749E-008
   16535812.6721763       -5959595.95959596       2.504890339365140E-008
   16535812.6721763       -5707070.70707071       3.794515991539760E-008
   16535812.6721763       -5454545.45454546       5.652799732737885E-008
   16535812.6721763       -5202020.20202020       8.288120078024282E-008
   16535812.6721763       -4949494.94949495       1.197019868218431E-007
   16535812.6721763       -4696969.69696970       1.704444515793498E-007
   16535812.6721763       -4444444.44444444       2.394895721880067E-007
   16535812.6721763       -4191919.19191919       3.323397272044423E-007
   16535812.6721763       -3939393.93939394       4.558272536656693E-007
   16535812.6721763       -3686868.68686869       6.183152027228862E-007
   16535812.6721763       -3434343.43434343       8.298569859850788E-007
   16535812.6721763       -3181818.18181818       1.102273708719079E-006
   16535812.6721763       -2929292.92929293       1.449106745252450E-006
   16535812.6721763       -2676767.67676768       1.885410020891485E-006
   16535812.6721763       -2424242.42424242       2.427361322959126E-006
   16535812.6721763       -2171717.17171717       3.091693140651745E-006
   16535812.6721763       -1919191.91919192       3.894968150865732E-006
   16535812.6721763       -1666666.66666667       4.852748579344197E-006
   16535812.6721763       -1414141.41414141       5.978727695998916E-006
   16535812.6721763       -1161616.16161616       7.283901118749108E-006
   16535812.6721763       -909090.909090910       8.775851704853835E-006
   16535812.6721763       -656565.656565657       1.045820278692693E-005
   16535812.6721763       -404040.404040404       1.233026188919105E-005
   16535812.6721763       -151515.151515152       1.438683685906447E-005
   16535812.6721763        101010.101010101       1.661816833282601E-005
   16535812.6721763        353535.353535354       1.900989671796071E-005
   16535812.6721763        606060.606060605       2.154297459276440E-005
   16535812.6721763        858585.858585859       2.419344726666816E-005
   16535812.6721763        1111111.11111111       2.693205322167094E-005
   16535812.6721763        1363636.36363636       2.972364187319106E-005
   16535812.6721763        1616161.61616162       3.252646892450926E-005
   16535812.6721763        1868686.86868687       3.529150116151548E-005
   16535812.6721763        2121212.12121212       3.796191417344715E-005
   16535812.6721763        2373737.37373737       4.047295285300464E-005
   16535812.6721763        2626262.62626263       4.275221681301763E-005
   16535812.6721763        2878787.87878788       4.472027251233523E-005
   16535812.6721763        3131313.13131313       4.629142569165427E-005
   16535812.6721763        3383838.38383838       4.737471903649716E-005
   16535812.6721763        3636363.63636364       4.787588240125075E-005
   16535812.6721763        3888888.88888889       4.770191084725154E-005
   16535812.6721763        4141414.14141414       4.677058596354056E-005
   16535812.6721763        4393939.39393939       4.502657664627598E-005
   16535812.6721763        4646464.64646465       4.246283398227922E-005
   16535812.6721763        4898989.89898990       3.914117583571153E-005
   16535812.6721763        5151515.15151515       3.520201976226358E-005
   16535812.6721763        5404040.40404040       3.085447050749587E-005
   16535812.6721763        5656565.65656566       2.634606946776241E-005
   16535812.6721763        5909090.90909091       2.192190790542810E-005
   16535812.6721763        6161616.16161616       1.778773405159425E-005
   16535812.6721763        6414141.41414141       1.408791476249923E-005
   16535812.6721763        6666666.66666667       1.090071404814202E-005
   16535812.6721763        6919191.91919192       8.246576011581435E-006
   16535812.6721763        7171717.17171717       6.102800435793150E-006
   16535812.6721763        7424242.42424243       4.419149840533816E-006
   16535812.6721763        7676767.67676768       3.131259789639957E-006
   16535812.6721763        7929292.92929293       2.170712299662437E-006
   16535812.6721763        8181818.18181818       1.471813480319443E-006
   16535812.6721763        8434343.43434343       9.756265112973975E-007
   16535812.6721763        8686868.68686869       6.319301806433419E-007
   16535812.6721763        8939393.93939394       3.997192075539319E-007
   16535812.6721763        9191919.19191919       2.467548077765032E-007
   16535812.6721763        9444444.44444444       1.485623346320965E-007
   16535812.6721763        9696969.69696970       8.717239335327329E-008
   16535812.6721763        9949494.94949495       4.981499551134653E-008
   16535812.6721763        10202020.2020202       2.770296022399474E-008
   16535812.6721763        10454545.4545455       1.498105683778407E-008
   16535812.6721763        10707070.7070707       7.871647718563929E-009
   16535812.6721763        10959595.9595960       4.015540607970453E-009
   16535812.6721763        11212121.2121212       1.987087613571063E-009
   16535812.6721763        11464646.4646465       9.530475684010864E-010
   16535812.6721763        11717171.7171717       4.426453888009670E-010
   16535812.6721763        11969696.9696970       1.989059145534012E-010
   16535812.6721763        12222222.2222222       8.639340719544616E-011
   16535812.6721763        12474747.4747475       3.623466179546511E-011
   16535812.6721763        12727272.7272727       1.465941352251938E-011
   16535812.6721763        12979797.9797980       5.714017757542729E-012
   16535812.6721763        13232323.2323232       2.142739917342622E-012
   16535812.6721763        13484848.4848485       7.713993210738704E-013
   16535812.6721763        13737373.7373737       2.655012715323813E-013
   16535812.6721763        13989898.9898990       8.639215715838330E-014
   16535812.6721763        14242424.2424242       2.554880703343546E-014
   16535812.6721763        14494949.4949495       5.580330794181877E-015
   16535812.6721763        14747474.7474747      -1.084611048888694E-015
   16535812.6721763        15000000.0000000       0.000000000000000E+000
   16988827.6706459       -10000000.0000000       0.000000000000000E+000
   16988827.6706459       -9747474.74747475       1.343530765870867E-012
   16988827.6706459       -9494949.49494950       4.022230140236539E-012
   16988827.6706459       -9242424.24242424       9.322784702164236E-012
   16988827.6706459       -8989898.98989899       1.970159886842376E-011
   16988827.6706459       -8737373.73737374       3.964105770272947E-011
   16988827.6706459       -8484848.48484848       7.710835279180993E-011
   16988827.6706459       -8232323.23232323       1.459014096965112E-010
   16988827.6706459       -7979797.97979798       2.693126452246511E-010
   16988827.6706459       -7727272.72727273       4.856885606692758E-010
   16988827.6706459       -7474747.47474748       8.566280568157348E-010
   16988827.6706459       -7222222.22222222       1.478734025479534E-009
   16988827.6706459       -6969696.96969697       2.499994481927562E-009
   16988827.6706459       -6717171.71717172       4.142003695966924E-009
   16988827.6706459       -6464646.46464646       6.729330017021887E-009
   16988827.6706459       -6212121.21212121       1.072740446492688E-008
   16988827.6706459       -5959595.95959596       1.679038536549924E-008
   16988827.6706459       -5707070.70707071       2.582063243018116E-008
   16988827.6706459       -5454545.45454546       3.904180388622029E-008
   16988827.6706459       -5202020.20202020       5.808823158126307E-008
   16988827.6706459       -4949494.94949495       8.511400971409160E-008
   16988827.6706459       -4696969.69696970       1.229256788749282E-007
   16988827.6706459       -4444444.44444444       1.751415828635165E-007
   16988827.6706459       -4191919.19191919       2.463777560084358E-007
   16988827.6706459       -3939393.93939394       3.424537383528797E-007
   16988827.6706459       -3686868.68686869       4.706022992152008E-007
   16988827.6706459       -3434343.43434343       6.396564443286751E-007
   16988827.6706459       -3181818.18181818       8.601780908470593E-007
   16988827.6706459       -2929292.92929293       1.144488246512028E-006
   16988827.6706459       -2676767.67676768       1.506560426809078E-006
   16988827.6706459       -2424242.42424242       1.961748230127860E-006
   16988827.6706459       -2171717.17171717       2.526334098707237E-006
   16988827.6706459       -1919191.91919192       3.216907675785200E-006
   16988827.6706459       -1666666.66666667       4.049605861015093E-006
   16988827.6706459       -1414141.41414141       5.039268618554476E-006
   16988827.6706459       -1161616.16161616       6.198580266305900E-006
   16988827.6706459       -909090.909090910       7.537271120238310E-006
   16988827.6706459       -656565.656565657       9.061445891780003E-006
   16988827.6706459       -404040.404040404       1.077308232284571E-005
   16988827.6706459       -151515.151515152       1.266970895825883E-005
   16988827.6706459        101010.101010101       1.474423162192461E-005
   16988827.6706459        353535.353535354       1.698484371031743E-005
   16988827.6706459        606060.606060605       1.937493468014581E-005
   16988827.6706459        858585.858585859       2.189290876528853E-005
   16988827.6706459        1111111.11111111       2.451184219177710E-005
   16988827.6706459        1363636.36363636       2.719894070358019E-005
   16988827.6706459        1616161.61616162       2.991480993825742E-005
   16988827.6706459        1868686.86868687       3.261261682251445E-005
   16988827.6706459        2121212.12121212       3.523728685877110E-005
   16988827.6706459        2373737.37373737       3.772491915513240E-005
   16988827.6706459        2626262.62626263       4.000257550346346E-005
   16988827.6706459        2878787.87878788       4.198851837076986E-005
   16988827.6706459        3131313.13131313       4.359292714684863E-005
   16988827.6706459        3383838.38383838       4.471928783790506E-005
   16988827.6706459        3636363.63636364       4.526718609989050E-005
   16988827.6706459        3888888.88888889       4.513806605116050E-005
   16988827.6706459        4141414.14141414       4.424610883348788E-005
   16988827.6706459        4393939.39393939       4.253568079356793E-005
   16988827.6706459        4646464.64646465       4.000375720372311E-005
   16988827.6706459        4898989.89898990       3.672066511371776E-005
   16988827.6706459        5151515.15151515       3.283846326953662E-005
   16988827.6706459        5404040.40404040       2.857801985887231E-005
   16988827.6706459        5656565.65656566       2.419499535993354E-005
   16988827.6706459        5909090.90909091       1.993609691428971E-005
   16988827.6706459        6161616.16161616       1.600154344346039E-005
   16988827.6706459        6414141.41414141       1.252466237175070E-005
   16988827.6706459        6666666.66666667       9.570053668504065E-006
   16988827.6706459        6919191.91919192       7.144748685911852E-006
   16988827.6706459        7171717.17171717       5.214940611898076E-006
   16988827.6706459        7424242.42424243       3.722606077853653E-006
   16988827.6706459        7676767.67676768       2.599058962735341E-006
   16988827.6706459        7929292.92929293       1.774602377064620E-006
   16988827.6706459        8181818.18181818       1.184606719925938E-006
   16988827.6706459        8434343.43434343       7.727748603323097E-007
   16988827.6706459        8686868.68686869       4.923955327712867E-007
   16988827.6706459        8939393.93939394       3.062697483451240E-007
   16988827.6706459        9191919.19191919       1.858433815226058E-007
   16988827.6706459        9444444.44444444       1.099385693404540E-007
   16988827.6706459        9696969.69696970       6.335872291934655E-008
   16988827.6706459        9949494.94949495       3.554660297249007E-008
   16988827.6706459        10202020.2020202       1.939979572839249E-008
   16988827.6706459        10454545.4545455       1.029120770405310E-008
   16988827.6706459        10707070.7070707       5.302241147917633E-009
   16988827.6706459        10959595.9595960       2.651070654096206E-009
   16988827.6706459        11212121.2121212       1.285248180134640E-009
   16988827.6706459        11464646.4646465       6.036443919029069E-010
   16988827.6706459        11717171.7171717       2.744202942651526E-010
   16988827.6706459        11969696.9696970       1.206395704489500E-010
   16988827.6706459        12222222.2222222       5.123663249463522E-011
   16988827.6706459        12474747.4747475       2.100108259057361E-011
   16988827.6706459        12727272.7272727       8.298279631867883E-012
   16988827.6706459        12979797.9797980       3.156967545382772E-012
   16988827.6706459        13232323.2323232       1.154532856503960E-012
   16988827.6706459        13484848.4848485       4.049317913384952E-013
   16988827.6706459        13737373.7373737       1.355711650396774E-013
   16988827.6706459        13989898.9898990       4.277058282814418E-014
   16988827.6706459        14242424.2424242       1.212373043873837E-014
   16988827.6706459        14494949.4949495       2.338463243197086E-015
   16988827.6706459        14747474.7474747      -8.840274040145033E-016
   16988827.6706459        15000000.0000000       0.000000000000000E+000
   17447964.4934190       -10000000.0000000       0.000000000000000E+000
   17447964.4934190       -9747474.74747475       6.875796284753653E-013
   17447964.4934190       -9494949.49494950       2.086716203399311E-012
   17447964.4934190       -9242424.24242424       4.905256428444934E-012
   17447964.4934190       -8989898.98989899       1.052778150332325E-011
   17447964.4934190       -8737373.73737374       2.153246541150842E-011
   17447964.4934190       -8484848.48484848       4.259581332093465E-011
   17447964.4934190       -8232323.23232323       8.198304667153000E-011
   17447964.4934190       -7979797.97979798       1.539334079961396E-010
   17447964.4934190       -7727272.72727273       2.823711983423782E-010
   17447964.4934190       -7474747.47474748       5.065193256774203E-010
   17447964.4934190       -7222222.22222222       8.891581884447036E-010
   17447964.4934190       -6969696.96969697       1.528449302016485E-009
   17447964.4934190       -6717171.71717172       2.574417924069065E-009
   17447964.4934190       -6464646.46464646       4.251351605156610E-009
   17447964.4934190       -6212121.21212121       6.887521880218933E-009
   17447964.4934190       -5959595.95959596       1.095379538524308E-008
   17447964.4934190       -5707070.70707071       1.711291947399025E-008
   17447964.4934190       -5454545.45454546       2.628161989272704E-008
   17447964.4934190       -5202020.20202020       3.970818960578519E-008
   17447964.4934190       -4949494.94949495       5.906892087244896E-008
   17447964.4934190       -4696969.69696970       8.658722970479428E-008
   17447964.4934190       -4444444.44444444       1.251789813033571E-007
   17447964.4934190       -4191919.19191919       1.786254064269585E-007
   17447964.4934190       -3939393.93939394       2.517702597418447E-007
   17447964.4934190       -3686868.68686869       3.507303567870779E-007
   17447964.4934190       -3434343.43434343       4.830992924922051E-007
   17447964.4934190       -3181818.18181818       6.581149473819849E-007
   17447964.4934190       -2929292.92929293       8.867546882524427E-007
   17447964.4934190       -2676767.67676768       1.181720086201737E-006
   17447964.4934190       -2424242.42424242       1.557276986289656E-006
   17447964.4934190       -2171717.17171717       2.028927485508755E-006
   17447964.4934190       -1919191.91919192       2.612907320341827E-006
   17447964.4934190       -1666666.66666667       3.325523509193264E-006
   17447964.4934190       -1414141.41414141       4.182369673949495E-006
   17447964.4934190       -1161616.16161616       5.197476145749372E-006
   17447964.4934190       -909090.909090910       6.382464330513480E-006
   17447964.4934190       -656565.656565657       7.745775995610927E-006
   17447964.4934190       -404040.404040404       9.292035715980671E-006
   17447964.4934190       -151515.151515152       1.102157882871760E-005
   17447964.4934190        101010.101010101       1.293014165440349E-005
   17447964.4934190        353535.353535354       1.500867287128819E-005
   17447964.4934190        606060.606060605       1.724319395726473E-005
   17447964.4934190        858585.858585859       1.961462020198134E-005
   17447964.4934190        1111111.11111111       2.209845563201274E-005
   17447964.4934190        1363636.36363636       2.466429553092417E-005
   17447964.4934190        1616161.61616162       2.727510861015617E-005
   17447964.4934190        1868686.86868687       2.988632704001917E-005
   17447964.4934190        2121212.12121212       3.244484188504409E-005
   17447964.4934190        2373737.37373737       3.488806805242194E-005
   17447964.4934190        2626262.62626263       3.714328190214634E-005
   17447964.4934190        2878787.87878788       3.912743745559006E-005
   17447964.4934190        3131313.13131313       4.074768302990667E-005
   17447964.4934190        3383838.38383838       4.190295780545066E-005
   17447964.4934190        3636363.63636364       4.248749244269834E-005
   17447964.4934190        3888888.88888889       4.239773751853266E-005
   17447964.4934190        4141414.14141414       4.154471209256386E-005
   17447964.4934190        4393939.39393939       3.987294371056540E-005
   17447964.4934190        4646464.64646465       3.738395160032779E-005
   17447964.4934190        4898989.89898990       3.415695137561969E-005
   17447964.4934190        5151515.15151515       3.035547803561079E-005
   17447964.4934190        5404040.40404040       2.621104472325893E-005
   17447964.4934190        5656565.65656566       2.198523917316880E-005
   17447964.4934190        5909090.90909091       1.792345565824724E-005
   17447964.4934190        6161616.16161616       1.421739158262745E-005
   17447964.4934190        6414141.41414141       1.098696852516213E-005
   17447964.4934190        6666666.66666667       8.281802631934385E-006
   17447964.4934190        6919191.91919192       6.095301799192135E-006
   17447964.4934190        7171717.17171717       4.383239123948382E-006
   17447964.4934190        7424242.42424243       3.081051711312828E-006
   17447964.4934190        7676767.67676768       2.117200744689506E-006
   17447964.4934190        7929292.92929293       1.422136104522077E-006
   17447964.4934190        8181818.18181818       9.335036884848745E-007
   17447964.4934190        8434343.43434343       5.985605605542428E-007
   17447964.4934190        8686868.68686869       3.747103991957551E-007
   17447964.4934190        8939393.93939394       2.288894698829228E-007
   17447964.4934190        9191919.19191919       1.363395111763845E-007
   17447964.4934190        9444444.44444444       7.913874222628363E-008
   17447964.4934190        9696969.69696970       4.473213073396326E-008
   17447964.4934190        9949494.94949495       2.460326983768941E-008
   17447964.4934190        10202020.2020202       1.315764793458903E-008
   17447964.4934190        10454545.4545455       6.836527714864198E-009
   17447964.4934190        10707070.7070707       3.448378769396563E-009
   17447964.4934190        10959595.9595960       1.687161957535647E-009
   17447964.4934190        11212121.2121212       8.000013895590513E-010
   17447964.4934190        11464646.4646465       3.673114867954811E-010
   17447964.4934190        11717171.7171717       1.631515957340610E-010
   17447964.4934190        11969696.9696970       7.004004748766431E-011
   17447964.4934190        12222222.2222222       2.903096377299073E-011
   17447964.4934190        12474747.4747475       1.160553851099375E-011
   17447964.4934190        12727272.7272727       4.469285345169439E-012
   17447964.4934190        12979797.9797980       1.655687886691560E-012
   17447964.4934190        13232323.2323232       5.890112842822184E-013
   17447964.4934190        13484848.4848485       2.006842935785592E-013
   17447964.4934190        13737373.7373737       6.513029860462895E-014
   17447964.4934190        13989898.9898990       1.982526889784953E-014
   17447964.4934190        14242424.2424242       5.332305962000510E-015
   17447964.4934190        14494949.4949495       8.468614765640698E-016
   17447964.4934190        14747474.7474747      -6.122180074893812E-016
   17447964.4934190        15000000.0000000       0.000000000000000E+000
   17913223.1404959       -10000000.0000000       0.000000000000000E+000
   17913223.1404959       -9747474.74747475       3.366087051932538E-013
   17913223.1404959       -9494949.49494950       1.037562149720264E-012
   17913223.1404959       -9242424.24242424       2.476757852688045E-012
   17913223.1404959       -8989898.98989899       5.404941721448160E-012
   17913223.1404959       -8737373.73737374       1.124992932109601E-011
   17913223.1404959       -8484848.48484848       2.265705768418571E-011
   17913223.1404959       -8232323.23232323       4.440171612720095E-011
   17913223.1404959       -7979797.97979798       8.488675584903497E-011
   17913223.1404959       -7727272.72727273       1.585319553895778E-010
   17913223.1404959       -7474747.47474748       2.894827959833570E-010
   17913223.1404959       -7222222.22222222       5.172119091258978E-010
   17913223.1404959       -6969696.96969697       9.047552672821416E-010
   17913223.1404959       -6717171.71717172       1.550510132385945E-009
   17913223.1404959       -6464646.46464646       2.604715837306169E-009
   17913223.1404959       -6212121.21212121       4.291938871224231E-009
   17913223.1404959       -5959595.95959596       6.941099907184794E-009
   17913223.1404959       -5707070.70707071       1.102484176715183E-008
   17913223.1404959       -5454545.45454546       1.721039279131443E-008
   17913223.1404959       -5202020.20202020       2.642457480063957E-008
   17913223.1404959       -4949494.94949495       3.993621765584172E-008
   17913223.1404959       -4696969.69696970       5.945978294603847E-008
   17913223.1404959       -4444444.44444444       8.728400739432587E-008
   17913223.1404959       -4191919.19191919       1.264281255293617E-007
   17913223.1404959       -3939393.93939394       1.808249451673415E-007
   17913223.1404959       -3686868.68686869       2.555243211430775E-007
   17913223.1404959       -3434343.43434343       3.569027608224690E-007
   17913223.1404959       -3181818.18181818       4.928562109924509E-007
   17913223.1404959       -2929292.92929293       6.729453056145024E-007
   17913223.1404959       -2676767.67676768       9.084574356137801E-007
   17913223.1404959       -2424242.42424242       1.212349677272740E-006
   17913223.1404959       -2171717.17171717       1.599042147948354E-006
   17913223.1404959       -1919191.91919192       2.084043207824176E-006
   17913223.1404959       -1666666.66666667       2.683405401521726E-006
   17913223.1404959       -1414141.41414141       3.413032067174956E-006
   17913223.1404959       -1161616.16161616       4.287875791836732E-006
   17913223.1404959       -909090.909090910       5.321087221471757E-006
   17913223.1404959       -656565.656565657       6.523181933891106E-006
   17913223.1404959       -404040.404040404       7.901290706495781E-006
   17913223.1404959       -151515.151515152       9.458542800905916E-006
   17913223.1404959        101010.101010101       1.119360383026329E-005
   17913223.1404959        353535.353535354       1.310035386794399E-005
   17913223.1404959        606060.606060605       1.516765529611859E-005
   17913223.1404959        858585.858585859       1.737913208819458E-005
   17913223.1404959        1111111.11111111       1.971286951489654E-005
   17913223.1404959        1363636.36363636       2.214094895201260E-005
   17913223.1404959        1616161.61616162       2.462875741629092E-005
   17913223.1404959        1868686.86868687       2.713405630122040E-005
   17913223.1404959        2121212.12121212       2.960585865711409E-005
   17913223.1404959        2373737.37373737       3.198324461666518E-005
   17913223.1404959        2626262.62626263       3.419432814499817E-005
   17913223.1404959        2878787.87878788       3.615566638872468E-005
   17913223.1404959        3131313.13131313       3.777249916131685E-005
   17913223.1404959        3383838.38383838       3.894040289422198E-005
   17913223.1404959        3636363.63636364       3.954934700165623E-005
   17913223.1404959        3888888.88888889       3.949171726200096E-005
   17913223.1404959        4141414.14141414       3.867616368006384E-005
   17913223.1404959        4393939.39393939       3.704809819677910E-005
   17913223.1404959        4646464.64646465       3.461420027532562E-005
   17913223.1404959        4898989.89898990       3.146282831264095E-005
   17913223.1404959        5151515.15151515       2.776845153412342E-005
   17913223.1404959        5404040.40404040       2.377152405718556E-005
   17913223.1404959        5656565.65656566       1.973671850347560E-005
   17913223.1404959        5909090.90909091       1.590467092299696E-005
   17913223.1404959        6161616.16161616       1.245533862857402E-005
   17913223.1404959        6414141.41414141       9.492973287158121E-006
   17913223.1404959        6666666.66666667       7.051240124802489E-006
   17913223.1404959        6919191.91919192       5.110179570247672E-006
   17913223.1404959        7171717.17171717       3.616282357173928E-006
   17913223.1404959        7424242.42424243       2.500042677113975E-006
   17913223.1404959        7676767.67676768       1.688752442565836E-006
   17913223.1404959        7929292.92929293       1.114517269907995E-006
   17913223.1404959        8181818.18181818       7.184497039317251E-007
   17913223.1404959        8434343.43434343       4.521885200120556E-007
   17913223.1404959        8686868.68686869       2.777383534882445E-007
   17913223.1404959        8939393.93939394       1.663764595941200E-007
   17913223.1404959        9191919.19191919       9.714261480208213E-008
   17913223.1404959        9444444.44444444       5.524504613380879E-008
   17913223.1404959        9696969.69696970       3.057959283384386E-008
   17913223.1404959        9949494.94949495       1.646272918897311E-008
   17913223.1404959        10202020.2020202       8.613306040732811E-009
   17913223.1404959        10454545.4545455       4.376145121788356E-009
   17913223.1404959        10707070.7070707       2.157311979038307E-009
   17913223.1404959        10959595.9595960       1.031022889180986E-009
   17913223.1404959        11212121.2121212       4.772877366965623E-010
   17913223.1404959        11464646.4646465       2.138242533629639E-010
   17913223.1404959        11717171.7171717       9.261655475620769E-011
   17913223.1404959        11969696.9696970       3.874737892794352E-011
   17913223.1404959        12222222.2222222       1.564061297139472E-011
   17913223.1404959        12474747.4747475       6.084348161963254E-012
   17913223.1404959        12727272.7272727       2.277965809060313E-012
   17913223.1404959        12979797.9797980       8.195328466431735E-013
   17913223.1404959        13232323.2323232       2.827301563553208E-013
   17913223.1404959        13484848.4848485       9.323136095037901E-014
   17913223.1404959        13737373.7373737       2.919005694412457E-014
   17913223.1404959        13989898.9898990       8.511179141458798E-015
   17913223.1404959        14242424.2424242       2.136178099111180E-015
   17913223.1404959        14494949.4949495       2.346366382199573E-016
   17913223.1404959        14747474.7474747      -3.770868405989949E-016
   17913223.1404959        15000000.0000000       0.000000000000000E+000
   18384603.6118763       -10000000.0000000       0.000000000000000E+000
   18384603.6118763       -9747474.74747475       1.569969776022511E-013
   18384603.6118763       -9494949.49494950       4.927155709898786E-013
   18384603.6118763       -9242424.24242424       1.196168731333120E-012
   18384603.6118763       -8989898.98989899       2.657789971167280E-012
   18384603.6118763       -8737373.73737374       5.636773921729013E-012
   18384603.6118763       -8484848.48484848       1.157120642318109E-011
   18384603.6118763       -8232323.23232323       2.311514412262956E-011
   18384603.6118763       -7979797.97979798       4.504275057559295E-011
   18384603.6118763       -7727272.72727273       8.572883406975967E-011
   18384603.6118763       -7474747.47474748       1.595077636968215E-010
   18384603.6118763       -7222222.22222222       2.903319279669516E-010
   18384603.6118763       -6969696.96969697       5.172976154147863E-010
   18384603.6118763       -6717171.71717172       9.027792164032876E-010
   18384603.6118763       -6464646.46464646       1.544109278530595E-009
   18384603.6118763       -6212121.21212121       2.589960708817072E-009
   18384603.6118763       -5959595.95959596       4.262833014794436E-009
   18384603.6118763       -5707070.70707071       6.889333841420451E-009
   18384603.6118763       -5454545.45454546       1.094031152674407E-008
   18384603.6118763       -5202020.20202020       1.708336802069119E-008
   18384603.6118763       -4949494.94949495       2.625086202878726E-008
   18384603.6118763       -4696969.69696970       3.972708805833252E-008
   18384603.6118763       -4444444.44444444       5.925858093430805E-008
   18384603.6118763       -4191919.19191919       8.719091010050382E-008
   18384603.6118763       -3939393.93939394       1.266332316481900E-007
   18384603.6118763       -3686868.68686869       1.816477437000276E-007
   18384603.6118763       -3434343.43434343       2.574550001849721E-007
   18384603.6118763       -3181818.18181818       3.606383892711205E-007
   18384603.6118763       -2929292.92929293       4.993231747189044E-007
   18384603.6118763       -2676767.67676768       6.832989005503998E-007
   18384603.6118763       -2424242.42424242       9.240503688757017E-007
   18384603.6118763       -2171717.17171717       1.234663388962178E-006
   18384603.6118763       -1919191.91919192       1.629578182737246E-006
   18384603.6118763       -1666666.66666667       2.124175989266601E-006
   18384603.6118763       -1414141.41414141       2.734202103627710E-006
   18384603.6118763       -1161616.16161616       3.475049025660218E-006
   18384603.6118763       -909090.909090910       4.360943134063828E-006
   18384603.6118763       -656565.656565657       5.404093269774201E-006
   18384603.6118763       -404040.404040404       6.613865853731343E-006
   18384603.6118763       -151515.151515152       7.996045667418526E-006
   18384603.6118763        101010.101010101       9.552223049919234E-006
   18384603.6118763        353535.353535354       1.127931869071947E-005
   18384603.6118763        606060.606060605       1.316922140623776E-005
   18384603.6118763        858585.858585859       1.520847985908463E-005
   18384603.6118763        1111111.11111111       1.737796421462356E-005
   18384603.6118763        1363636.36363636       1.965240451155281E-005
   18384603.6118763        1616161.61616162       2.199972268319328E-005
   18384603.6118763        1868686.86868687       2.438010703010894E-005
   18384603.6118763        2121212.12121212       2.674483428721825E-005
   18384603.6118763        2373737.37373737       2.903492786450519E-005
   18384603.6118763        2626262.62626263       3.117985134750092E-005
   18384603.6118763        2878787.87878788       3.309657362652418E-005
   18384603.6118763        3131313.13131313       3.468952023069777E-005
   18384603.6118763        3383838.38383838       3.585219127826374E-005
   18384603.6118763        3636363.63636364       3.647163588658621E-005
   18384603.6118763        3888888.88888889       3.643745447922559E-005
   18384603.6118763        4141414.14141414       3.565709038853616E-005
   18384603.6118763        4393939.39393939       3.407784748478900E-005
   18384603.6118763        4646464.64646465       3.171227915733841E-005
   18384603.6118763        4898989.89898990       2.865797063037868E-005
   18384603.6118763        5151515.15151515       2.509932329477412E-005
   18384603.6118763        5404040.40404040       2.128336275222701E-005
   18384603.6118763        5656565.65656566       1.747433019419263E-005
   18384603.6118763        5909090.90909091       1.390420653377724E-005
   18384603.6118763        6161616.16161616       1.073790523783256E-005
   18384603.6118763        6414141.41414141       8.062016092153148E-006
   18384603.6118763        6666666.66666667       5.893783980236537E-006
   18384603.6118763        6919191.91919192       4.200690821162498E-006
   18384603.6118763        7171717.17171717       2.921554318009328E-006
   18384603.6118763        7424242.42424243       1.983839931227663E-006
   18384603.6118763        7676767.67676768       1.315504014083066E-006
   18384603.6118763        7929292.92929293       8.518258182825631E-007
   18384603.6118763        8181818.18181818       5.384870280677339E-007
   18384603.6118763        8434343.43434343       3.321950476507370E-007
   18384603.6118763        8686868.68686869       1.998870463767371E-007
   18384603.6118763        8939393.93939394       1.172452882200509E-007
   18384603.6118763        9191919.19191919       6.699552292618207E-008
   18384603.6118763        9444444.44444444       3.726808683858081E-008
   18384603.6118763        9696969.69696970       2.016766203308758E-008
   18384603.6118763        9949494.94949495       1.060900524991057E-008
   18384603.6118763        10202020.2020202       5.420714297295598E-009
   18384603.6118763        10454545.4545455       2.688141798160112E-009
   18384603.6118763        10707070.7070707       1.292710515678021E-009
   18384603.6118763        10959595.9595960       6.023250315788544E-010
   18384603.6118763        11212121.2121212       2.716773327578734E-010
   18384603.6118763        11464646.4646465       1.185121506302166E-010
   18384603.6118763        11717171.7171717       4.994934523668163E-011
   18384603.6118763        11969696.9696970       2.031854450281362E-011
   18384603.6118763        12222222.2222222       7.967913956557898E-012
   18384603.6118763        12474747.4747475       3.008246812821914E-012
   18384603.6118763        12727272.7272727       1.091756532820566E-012
   18384603.6118763        12979797.9797980       3.801388866111676E-013
   18384603.6118763        13232323.2323232       1.266526966070891E-013
   18384603.6118763        13484848.4848485       4.020647122367308E-014
   18384603.6118763        13737373.7373737       1.205399696005669E-014
   18384603.6118763        13989898.9898990       3.325202805156356E-015
   18384603.6118763        14242424.2424242       7.537389821620762E-016
   18384603.6118763        14494949.4949495       2.230186545148146E-017
   18384603.6118763        14747474.7474747      -2.104458114642820E-016
   18384603.6118763        15000000.0000000       0.000000000000000E+000
   18862105.9075605       -10000000.0000000       0.000000000000000E+000
   18862105.9075605       -9747474.74747475       6.941019439934899E-014
   18862105.9075605       -9494949.49494950       2.225238368396695E-013
   18862105.9075605       -9242424.24242424       5.504400513054014E-013
   18862105.9075605       -8989898.98989899       1.247263876865358E-012
   18862105.9075605       -8737373.73737374       2.699333864053592E-012
   18862105.9075605       -8484848.48484848       5.655672682652914E-012
   18862105.9075605       -8232323.23232323       1.153097915108417E-011
   18862105.9075605       -7979797.97979798       2.292926142856281E-011
   18862105.9075605       -7727272.72727273       4.452427945217947E-011
   18862105.9075605       -7474747.47474748       8.450027139507928E-011
   18862105.9075605       -7222222.22222222       1.568473984821796E-010
   18862105.9075605       -6969696.96969697       2.849245201158099E-010
   18862105.9075605       -6717171.71717172       5.068497423626500E-010
   18862105.9075605       -6464646.46464646       8.834579798523810E-010
   18862105.9075605       -6212121.21212121       1.509775873702569E-009
   18862105.9075605       -5959595.95959596       2.531211977632293E-009
   18862105.9075605       -5707070.70707071       4.165955211819776E-009
   18862105.9075605       -5454545.45454546       6.735437846456767E-009
   18862105.9075605       -5202020.20202020       1.070517591687821E-008
   18862105.9075605       -4949494.94949495       1.673885682892142E-008
   18862105.9075605       -4696969.69696970       2.576914050344727E-008
   18862105.9075605       -4444444.44444444       3.908908115915404E-008
   18862105.9075605       -4191919.19191919       5.846798249271378E-008
   18862105.9075605       -3939393.93939394       8.629434061988159E-008
   18862105.9075605       -3686868.68686869       1.257457856964007E-007
   18862105.9075605       -3434343.43434343       1.809813295646079E-007
   18862105.9075605       -3181818.18181818       2.573449309055844E-007
   18862105.9075605       -2929292.92929293       3.615620735119550E-007
   18862105.9075605       -2676767.67676768       5.019038327732535E-007
   18862105.9075605       -2424242.42424242       6.882872164090362E-007
   18862105.9075605       -2171717.17171717       9.322779905956104E-007
   18862105.9075605       -1919191.91919192       1.246964202976199E-006
   18862105.9075605       -1666666.66666667       1.646676156049547E-006
   18862105.9075605       -1414141.41414141       2.146541730021793E-006
   18862105.9075605       -1161616.16161616       2.761883545695236E-006
   18862105.9075605       -909090.909090910       3.507484045515689E-006
   18862105.9075605       -656565.656565657       4.396762673221048E-006
   18862105.9075605       -404040.404040404       5.440921997808655E-006
   18862105.9075605       -151515.151515152       6.648123169363430E-006
   18862105.9075605        101010.101010101       8.022742916781459E-006
   18862105.9075605        353535.353535354       9.564743796607127E-006
   18862105.9075605        606060.606060605       1.126915879323976E-005
   18862105.9075605        858585.858585859       1.312565595208342E-005
   18862105.9075605        1111111.11111111       1.511811602715961E-005
   18862105.9075605        1363636.36363636       1.722413403885828E-005
   18862105.9075605        1616161.61616162       1.941435071854942E-005
   18862105.9075605        1868686.86868687       2.165153717517413E-005
   18862105.9075605        2121212.12121212       2.388940111583525E-005
   18862105.9075605        2373737.37373737       2.607116292355594E-005
   18862105.9075605        2626262.62626263       2.812807408235676E-005
   18862105.9075605        2878787.87878788       2.997822961155424E-005
   18862105.9075605        3131313.13131313       3.152627628342338E-005
   18862105.9075605        3383838.38383838       3.266496455036906E-005
   18862105.9075605        3636363.63636364       3.327994118004293E-005
   18862105.9075605        3888888.88888889       3.325959898847942E-005
   18862105.9075605        4141414.14141414       3.251168135367203E-005
   18862105.9075605        4393939.39393939       3.098666357775410E-005
   18862105.9075605        4646464.64646465       2.870375569708358E-005
   18862105.9075605        4898989.89898990       2.576962083189669E-005
   18862105.9075605        5151515.15151515       2.237704778928211E-005
   18862105.9075605        5404040.40404040       1.877654520471039E-005
   18862105.9075605        5656565.65656566       1.522776262989065E-005
   18862105.9075605        5909090.90909091       1.194980899219542E-005
   18862105.9075605        6161616.16161616       9.089363030301042E-006
   18862105.9075605        6414141.41414141       6.713831334124885E-006
   18862105.9075605        6666666.66666667       4.824207824602722E-006
   18862105.9075605        6919191.91919192       3.376835740986594E-006
   18862105.9075605        7171717.17171717       2.304921914333569E-006
   18862105.9075605        7424242.42424243       1.535064622508287E-006
   18862105.9075605        7676767.67676768       9.977763231935116E-007
   18862105.9075605        7929292.92929293       6.329462080050258E-007
   18862105.9075605        8181818.18181818       3.917651816589753E-007
   18862105.9075605        8434343.43434343       2.365048695606835E-007
   18862105.9075605        8686868.68686869       1.391841028186370E-007
   18862105.9075605        8939393.93939394       7.980290024260470E-008
   18862105.9075605        9191919.19191919       4.454974283416933E-008
   18862105.9075605        9444444.44444444       2.419733012585224E-008
   18862105.9075605        9696969.69696970       1.277814973051752E-008
   18862105.9075605        9949494.94949495       6.555653449438988E-009
   18862105.9075605        10202020.2020202       3.264889097778054E-009
   18862105.9075605        10454545.4545455       1.577139039750268E-009
   18862105.9075605        10707070.7070707       7.383325828749362E-010
   18862105.9075605        10959595.9595960       3.346806215592402E-010
   18862105.9075605        11212121.2121212       1.467582254873313E-010
   18862105.9075605        11464646.4646465       6.219272610012500E-011
   18862105.9075605        11717171.7171717       2.544367160083363E-011
   18862105.9075605        11969696.9696970       1.003719690162628E-011
   18862105.9075605        12222222.2222222       3.812907007722300E-012
   18862105.9075605        12474747.4747475       1.392588211121172E-012
   18862105.9075605        12727272.7272727       4.880399929153455E-013
   18862105.9075605        12979797.9797980       1.636883426720457E-013
   18862105.9075605        13232323.2323232       5.234303490621064E-014
   18862105.9075605        13484848.4848485       1.585674840908980E-014
   18862105.9075605        13737373.7373737       4.489968236440448E-015
   18862105.9075605        13989898.9898990       1.141896019167714E-015
   18862105.9075605        14242424.2424242       2.149456930849082E-016
   18862105.9075605        14494949.4949495      -3.044555521293539E-017
   18862105.9075605        14747474.7474747      -1.073294649103072E-016
   18862105.9075605        15000000.0000000       0.000000000000000E+000
   19345730.0275482       -10000000.0000000       0.000000000000000E+000
   19345730.0275482       -9747474.74747475       2.889471112903413E-014
   19345730.0275482       -9494949.49494950       9.506889577738926E-014
   19345730.0275482       -9242424.24242424       2.401968277274821E-013
   19345730.0275482       -8989898.98989899       5.561736534572527E-013
   19345730.0275482       -8737373.73737374       1.230469057781913E-012
   19345730.0275482       -8484848.48484848       2.635557217358144E-012
   19345730.0275482       -8232323.23232323       5.492237896679777E-012
   19345730.0275482       -7979797.97979798       1.115963098204725E-011
   19345730.0275482       -7727272.72727273       2.213620827124869E-011
   19345730.0275482       -7474747.47474748       4.290237051968695E-011
   19345730.0275482       -7222222.22222222       8.130030014230679E-011
   19345730.0275482       -6969696.96969697       1.507357311255075E-010
   19345730.0275482       -6717171.71717172       2.736033319607066E-010
   19345730.0275482       -6464646.46464646       4.864866791707309E-010
   19345730.0275482       -6212121.21212121       8.478693795387329E-010
   19345730.0275482       -5959595.95959596       1.449321202032894E-009
   19345730.0275482       -5707070.70707071       2.431401308263488E-009
   19345730.0275482       -5454545.45454546       4.005865050726775E-009
   19345730.0275482       -5202020.20202020       6.486190865839515E-009
   19345730.0275482       -4949494.94949495       1.032897072599135E-008
   19345730.0275482       -4696969.69696970       1.618930326357271E-008
   19345730.0275482       -4444444.44444444       2.499387606827081E-008
   19345730.0275482       -4191919.19191919       3.803566861347103E-008
   19345730.0275482       -3939393.93939394       5.709375249226089E-008
   19345730.0275482       -3686868.68686869       8.458004707903984E-008
   19345730.0275482       -3434343.43434343       1.237117296986845E-007
   19345730.0275482       -3181818.18181818       1.787031802314157E-007
   19345730.0275482       -2929292.92929293       2.549651128644696E-007
   19345730.0275482       -2676767.67676768       3.592915758088405E-007
   19345730.0275482       -2424242.42424242       5.000088399775572E-007
   19345730.0275482       -2171717.17171717       6.870552208882686E-007
   19345730.0275482       -1919191.91919192       9.319590930617215E-007
   19345730.0275482       -1666666.66666667       1.247685111933026E-006
   19345730.0275482       -1414141.41414141       1.648326757043343E-006
   19345730.0275482       -1161616.16161616       2.148636618923881E-006
   19345730.0275482       -909090.909090910       2.763403038049993E-006
   19345730.0275482       -656565.656565657       3.506700222254785E-006
   19345730.0275482       -404040.404040404       4.391055361396024E-006
   19345730.0275482       -151515.151515152       5.426586722492697E-006
   19345730.0275482        101010.101010101       6.620167824398635E-006
   19345730.0275482        353535.353535354       7.974662337124622E-006
   19345730.0275482        606060.606060605       9.488252174554939E-006
   19345730.0275482        858585.858585859       1.115384999147642E-005
   19345730.0275482        1111111.11111111       1.295855252667512E-005
   19345730.0275482        1363636.36363636       1.488306063549018E-005
   19345730.0275482        1616161.61616162       1.690097377069513E-005
   19345730.0275482        1868686.86868687       1.897786917552394E-005
   19345730.0275482        2121212.12121212       2.107010770351475E-005
   19345730.0275482        2373737.37373737       2.312338027583616E-005
   19345730.0275482        2626262.62626263       2.507113759734928E-005
   19345730.0275482        2878787.87878788       2.683325177262701E-005
   19345730.0275482        3131313.13131313       2.831556504784437E-005
   19345730.0275482        3383838.38383838       2.941140336125341E-005
   19345730.0275482        3636363.63636364       3.000663677853122E-005
   19345730.0275482        3888888.88888889       2.999025149262482E-005
   19345730.0275482        4141414.14141414       2.927207681948145E-005
   19345730.0275482        4393939.39393939       2.780725265459524E-005
   19345730.0275482        4646464.64646465       2.562242922557057E-005
   19345730.0275482        4898989.89898990       2.283288047802605E-005
   19345730.0275482        5151515.15151515       1.963761937654785E-005
   19345730.0275482        5404040.40404040       1.628682002172375E-005
   19345730.0275482        5656565.65656566       1.303083886099293E-005
   19345730.0275482        5909090.90909091       1.007158534799272E-005
   19345730.0275482        6161616.16161616       7.534677385427786E-006
   19345730.0275482        6414141.41414141       5.467499784954761E-006
   19345730.0275482        6666666.66666667       3.855720707242674E-006
   19345730.0275482        6919191.91919192       2.646587349174518E-006
   19345730.0275482        7171717.17171717       1.770142209143399E-006
   19345730.0275482        7424242.42424243       1.154414856803461E-006
   19345730.0275482        7676767.67676768       7.343062366647517E-007
   19345730.0275482        7929292.92929293       4.555700669125799E-007
   19345730.0275482        8181818.18181818       2.756125854726603E-007
   19345730.0275482        8434343.43434343       1.625324573787539E-007
   19345730.0275482        8686868.68686869       9.338083425051334E-008
   19345730.0275482        8939393.93939394       5.223891034981107E-008
   19345730.0275482        9191919.19191919       2.843571409524836E-008
   19345730.0275482        9444444.44444444       1.505089332009414E-008
   19345730.0275482        9696969.69696970       7.740455333546759E-009
   19345730.0275482        9949494.94949495       3.864919948209566E-009
   19345730.0275482        10202020.2020202       1.872122413642516E-009
   19345730.0275482        10454545.4545455       8.789887017073648E-010
   19345730.0275482        10707070.7070707       3.996746588957489E-010
   19345730.0275482        10959595.9595960       1.758338683854477E-010
   19345730.0275482        11212121.2121212       7.477253660452269E-011
   19345730.0275482        11464646.4646465       3.070143256091444E-011
   19345730.0275482        11717171.7171717       1.215712786612465E-011
   19345730.0275482        11969696.9696970       4.636147366693336E-012
   19345730.0275482        12222222.2222222       1.699855793319136E-012
   19345730.0275482        12474747.4747475       5.979654613451944E-013
   19345730.0275482        12727272.7272727       2.012393966871189E-013
   19345730.0275482        12979797.9797980       6.452694564610782E-014
   19345730.0275482        13232323.2323232       1.958647140689364E-014
   19345730.0275482        13484848.4848485       5.563403124316481E-015
   19345730.0275482        13737373.7373737       1.441505743933132E-015
   19345730.0275482        13989898.9898990       3.143578440385017E-016
   19345730.0275482        14242424.2424242       3.316649392812494E-017
   19345730.0275482        14494949.4949495      -3.100176507635389E-017
   19345730.0275482        14747474.7474747      -5.025598339977025E-017
   19345730.0275482        15000000.0000000       0.000000000000000E+000
   19835475.9718396       -10000000.0000000       0.000000000000000E+000
   19835475.9718396       -9747474.74747475       1.121790874801440E-014
   19835475.9718396       -9494949.49494950       3.814550700409074E-014
   19835475.9718396       -9242424.24242424       9.877689759295566E-014
   19835475.9718396       -8989898.98989899       2.343522488055531E-013
   19835475.9718396       -8737373.73737374       5.312450254526435E-013
   19835475.9718396       -8484848.48484848       1.165585474850573E-012
   19835475.9718396       -8232323.23232323       2.487073493929053E-012
   19835475.9718396       -7979797.97979798       5.172025974508520E-012
   19835475.9718396       -7727272.72727273       1.049531943978134E-011
   19835475.9718396       -7474747.47474748       2.080073909324351E-011
   19835475.9718396       -7222222.22222222       4.029325709438085E-011
   19835475.9718396       -6969696.96969697       7.633948356184018E-011
   19835475.9718396       -6717171.71717172       1.415490303175353E-010
   19835475.9718396       -6464646.46464646       2.570252214262919E-010
   19835475.9718396       -6212121.21212121       4.573243156774344E-010
   19835475.9718396       -5959595.95959596       7.978550252467757E-010
   19835475.9718396       -5707070.70707071       1.365693788048941E-009
   19835475.9718396       -5454545.45454546       2.295098985926100E-009
   19835475.9718396       -5202020.20202020       3.789395639258391E-009
   19835475.9718396       -4949494.94949495       6.151384607771769E-009
   19835475.9718396       -4696969.69696970       9.824998917982746E-009
   19835475.9718396       -4444444.44444444       1.545152106820872E-008
   19835475.9718396       -4191919.19191919       2.394412930138897E-008
   19835475.9718396       -3939393.93939394       3.658457804525296E-008
   19835475.9718396       -3686868.68686869       5.514506247638936E-008
   19835475.9718396       -3434343.43434343       8.203638365271453E-008
   19835475.9718396       -3181818.18181818       1.204801456896477E-007
   19835475.9718396       -2929292.92929293       1.746978378322063E-007
   19835475.9718396       -2676767.67676768       2.501035590117257E-007
   19835475.9718396       -2424242.42424242       3.534804800975351E-007
   19835475.9718396       -2171717.17171717       4.931149368507689E-007
   19835475.9718396       -1919191.91919192       6.788576317765159E-007
   19835475.9718396       -1666666.66666667       9.220802286298199E-007
   19835475.9718396       -1414141.41414141       1.235498878104893E-006
   19835475.9718396       -1161616.16161616       1.632844563595054E-006
   19835475.9718396       -909090.909090910       2.128373308541386E-006
   19835475.9718396       -656565.656565657       2.736225789886266E-006
   19835475.9718396       -404040.404040404       3.469663173490457E-006
   19835475.9718396       -151515.151515152       4.340220635121464E-006
   19835475.9718396        101010.101010101       5.356828416430971E-006
   19835475.9718396        353535.353535354       6.524949221255301E-006
   19835475.9718396        606060.606060605       7.845768399103864E-006
   19835475.9718396        858585.858585859       9.315449938271768E-006
   19835475.9718396        1111111.11111111       1.092443986115826E-005
   19835475.9718396        1363636.36363636       1.265676519978608E-005
   19835475.9718396        1616161.61616162       1.448924975514148E-005
   19835475.9718396        1868686.86868687       1.639055736132017E-005
   19835475.9718396        2121212.12121212       1.831999116611945E-005
   19835475.9718396        2373737.37373737       2.022603882007962E-005
   19835475.9718396        2626262.62626263       2.204478009987376E-005
   19835475.9718396        2878787.87878788       2.369849450742854E-005
   19835475.9718396        3131313.13131313       2.509515309158041E-005
   19835475.9718396        3383838.38383838       2.612996354891591E-005
   19835475.9718396        3636363.63636364       2.669069513476077E-005
   19835475.9718396        3888888.88888889       2.666886561082088E-005
   19835475.9718396        4141414.14141414       2.597835583254679E-005
   19835475.9718396        4393939.39393939       2.458057100210475E-005
   19835475.9718396        4646464.64646465       2.251027302712796E-005
   19835475.9718396        4898989.89898990       1.989045428782497E-005
   19835475.9718396        5151515.15151515       1.692351224274747E-005
   19835475.9718396        5404040.40404040       1.385479220372564E-005
   19835475.9718396        5656565.65656566       1.092030692929900E-005
   19835475.9718396        5909090.90909091       8.300618454827012E-006
   19835475.9718396        6161616.16161616       6.098114373297821E-006
   19835475.9718396        6414141.41414141       4.340202778493968E-006
   19835475.9718396        6666666.66666667       2.998975024650524E-006
   19835475.9718396        6919191.91919192       2.015196513293221E-006
   19835475.9718396        7171717.17171717       1.318451734326352E-006
   19835475.9718396        7424242.42424243       8.404889538137261E-007
   19835475.9718396        7676767.67676768       5.222368147889592E-007
   19835475.9718396        7929292.92929293       3.162867941248175E-007
   19835475.9718396        8181818.18181818       1.866724100294346E-007
   19835475.9718396        8434343.43434343       1.073239901953231E-007
   19835475.9718396        8686868.68686869       6.007712559529755E-008
   19835475.9718396        8939393.93939394       3.272325444566647E-008
   19835475.9718396        9191919.19191919       1.733205129641020E-008
   19835475.9718396        9444444.44444444       8.920294400896263E-009
   19835475.9718396        9696969.69696970       4.457754251955008E-009
   19835475.9718396        9949494.94949495       2.161308352529567E-009
   19835475.9718396        10202020.2020202       1.015829203182841E-009
   19835475.9718396        10454545.4545455       4.624333947888929E-010
   19835475.9718396        10707070.7070707       2.037043615627530E-010
   19835475.9718396        10959595.9595960       8.674437307283966E-011
   19835475.9718396        11212121.2121212       3.566939173151886E-011
   19835475.9718396        11464646.4646465       1.414565228942250E-011
   19835475.9718396        11717171.7171717       5.402385586127563E-012
   19835475.9718396        11969696.9696970       1.983329718984672E-012
   19835475.9718396        12222222.2222222       6.982656211404002E-013
   19835475.9718396        12474747.4747475       2.349807175013840E-013
   19835475.9718396        12727272.7272727       7.521529491611617E-014
   19835475.9718396        12979797.9797980       2.272161595333178E-014
   19835475.9718396        13232323.2323232       6.388733153233294E-015
   19835475.9718396        13484848.4848485       1.625268276525705E-015
   19835475.9718396        13737373.7373737       3.470905066493215E-016
   19835475.9718396        13989898.9898990       4.355427058072969E-017
   19835475.9718396        14242424.2424242      -1.421868019942168E-017
   19835475.9718396        14494949.4949495      -2.058116287701529E-017
   19835475.9718396        14747474.7474747      -2.168605400943508E-017
   19835475.9718396        15000000.0000000       0.000000000000000E+000
   20331343.7404347       -10000000.0000000       0.000000000000000E+000
   20331343.7404347       -9747474.74747475       3.999391984663265E-015
   20331343.7404347       -9494949.49494950       1.421989057746822E-014
   20331343.7404347       -9242424.24242424       3.794091851497419E-014
   20331343.7404347       -8989898.98989899       9.260543486708233E-014
   20331343.7404347       -8737373.73737374       2.158007228138334E-013
   20331343.7404347       -8484848.48484848       4.863418235087683E-013
   20331343.7404347       -8232323.23232323       1.065050965852333E-012
   20331343.7404347       -7979797.97979798       2.271428048386886E-012
   20331343.7404347       -7727272.72727273       4.723902358256473E-012
   20331343.7404347       -7474747.47474748       9.589554156413427E-012
   20331343.7404347       -7222222.22222222       1.901713882123548E-011
   20331343.7404347       -6969696.96969697       3.686878279622244E-011
   20331343.7404347       -6717171.71717172       6.992555017256394E-011
   20331343.7404347       -6464646.46464646       1.298257347946717E-010
   20331343.7404347       -6212121.21212121       2.361086246413593E-010
   20331343.7404347       -5959595.95959596       4.208881777076365E-010
   20331343.7404347       -5707070.70707071       7.358799410920545E-010
   20331343.7404347       -5454545.45454546       1.262762810891631E-009
   20331343.7404347       -5202020.20202020       2.128190001199768E-009
   20331343.7404347       -4949494.94949495       3.525185815122737E-009
   20331343.7404347       -4696969.69696970       5.743180664805507E-009
   20331343.7404347       -4444444.44444444       9.209518008451754E-009
   20331343.7404347       -4191919.19191919       1.454582179703633E-008
   20331343.7404347       -3939393.93939394       2.264295854637595E-008
   20331343.7404347       -3686868.68686869       3.475818546305975E-008
   20331343.7404347       -3434343.43434343       5.263710677311337E-008
   20331343.7404347       -3181818.18181818       7.866094115119429E-008
   20331343.7404347       -2929292.92929293       1.160161200643744E-007
   20331343.7404347       -2676767.67676768       1.688783819128336E-007
   20331343.7404347       -2424242.42424242       2.425975854558599E-007
   20331343.7404347       -2171717.17171717       3.438630798212558E-007
   20331343.7404347       -1919191.91919192       4.808236415098916E-007
   20331343.7404347       -1666666.66666667       6.631319992606999E-007
   20331343.7404347       -1414141.41414141       9.018831631263352E-007
   20331343.7404347       -1161616.16161616       1.209419264406511E-006
   20331343.7404347       -909090.909090910       1.598981910183858E-006
   20331343.7404347       -656565.656565657       2.084205748550001E-006
   20331343.7404347       -404040.404040404       2.678462510043186E-006
   20331343.7404347       -151515.151515152       3.394080667605381E-006
   20331343.7404347        101010.101010101       4.241478746881504E-006
   20331343.7404347        353535.353535354       5.228256756970909E-006
   20331343.7404347        606060.606060605       6.358287279477956E-006
   20331343.7404347        858585.858585859       7.630833902187384E-006
   20331343.7404347        1111111.11111111       9.039700608949888E-006
   20331343.7404347        1363636.36363636       1.057238512340398E-005
   20331343.7404347        1616161.61616162       1.220917909319332E-005
   20331343.7404347        1868686.86868687       1.392213880679976E-005
   20331343.7404347        2121212.12121212       1.567385588966640E-005
   20331343.7404347        2373737.37373737       1.741600718112697E-005
   20331343.7404347        2626262.62626263       1.908778346175099E-005
   20331343.7404347        2878787.87878788       2.061452368518566E-005
   20331343.7404347        3131313.13131313       2.190725306200137E-005
   20331343.7404347        3383838.38383838       2.286435140993634E-005
   20331343.7404347        3636363.63636364       2.337717217437458E-005
   20331343.7404347        3888888.88888889       2.334175310798469E-005
   20331343.7404347        4141414.14141414       2.267804784132956E-005
   20331343.7404347        4393939.39393939       2.135528697446247E-005
   20331343.7404347        4646464.64646465       1.941675009610361E-005
   20331343.7404347        4898989.89898990       1.699171018807931E-005
   20331343.7404347        5151515.15151515       1.428241090790977E-005
   20331343.7404347        5404040.40404040       1.152433363221693E-005
   20331343.7404347        5656565.65656566       8.934040039715004E-006
   20331343.7404347        5909090.90909091       6.667138001898177E-006
   20331343.7404347        6161616.16161616       4.801576179300980E-006
   20331343.7404347        6414141.41414141       3.345870588719957E-006
   20331343.7404347        6666666.66666667       2.261100323702556E-006
   20331343.7404347        6919191.91919192       1.484607309783420E-006
   20331343.7404347        7171717.17171717       9.483038656229166E-007
   20331343.7404347        7424242.42424243       5.897574722026828E-007
   20331343.7404347        7676767.67676768       3.572335223969119E-007
   20331343.7404347        7929292.92929293       2.107669917484101E-007
   20331343.7404347        8181818.18181818       1.210975530520437E-007
   20331343.7404347        8434343.43434343       6.773024851924934E-008
   20331343.7404347        8686868.68686869       3.685703863786841E-008
   20331343.7404347        8939393.93939394       1.950223338291846E-008
   20331343.7404347        9191919.19191919       1.002721888777414E-008
   20331343.7404347        9444444.44444444       5.006012382972546E-009
   20331343.7404347        9696969.69696970       2.424833260886412E-009
   20331343.7404347        9949494.94949495       1.138660739228391E-009
   20331343.7404347        10202020.2020202       5.179070000193038E-010
   20331343.7404347        10454545.4545455       2.279553335135377E-010
   20331343.7404347        10707070.7070707       9.699453334560836E-011
   20331343.7404347        10959595.9595960       3.985203289741722E-011
   20331343.7404347        11212121.2121212       1.579015366147001E-011
   20331343.7404347        11464646.4646465       6.023640593894954E-012
   20331343.7404347        11717171.7171717       2.207889269076034E-012
   20331343.7404347        11969696.9696970       7.754064082178530E-013
   20331343.7404347        12222222.2222222       2.598717163219035E-013
   20331343.7404347        12474747.4747475       8.259186249759759E-014
   20331343.7404347        12727272.7272727       2.463029279350680E-014
   20331343.7404347        12979797.9797980       6.757211171144553E-015
   20331343.7404347        13232323.2323232       1.633064627715454E-015
   20331343.7404347        13484848.4848485       3.058797627142424E-016
   20331343.7404347        13737373.7373737       1.650500302297280E-017
   20331343.7404347        13989898.9898990      -2.398569222544234E-017
   20331343.7404347        14242424.2424242      -1.873158305116968E-017
   20331343.7404347        14494949.4949495      -1.159189150413233E-017
   20331343.7404347        14747474.7474747      -8.667150588388205E-018
   20331343.7404347        15000000.0000000       0.000000000000000E+000
   20833333.3333333       -10000000.0000000       0.000000000000000E+000
   20833333.3333333       -9747474.74747475       1.271544099570367E-015
   20833333.3333333       -9494949.49494950       4.834412449817807E-015
   20833333.3333333       -9242424.24242424       1.341831043592844E-014
   20833333.3333333       -8989898.98989899       3.392275762732724E-014
   20833333.3333333       -8737373.73737374       8.169248838132587E-014
   20833333.3333333       -8484848.48484848       1.899002785463885E-013
   20833333.3333333       -8232323.23232323       4.282671934900081E-013
   20833333.3333333       -7979797.97979798       9.393541285817062E-013
   20833333.3333333       -7727272.72727273       2.006996400359316E-012
   20833333.3333333       -7474747.47474748       4.181886349777537E-012
   20833333.3333333       -7222222.22222222       8.505978608403357E-012
   20833333.3333333       -6969696.96969697       1.690320275935459E-011
   20833333.3333333       -6717171.71717172       3.284273075588032E-011
   20833333.3333333       -6464646.46464646       6.243759157739962E-011
   20833333.3333333       -6212121.21212121       1.162217239673801E-010
   20833333.3333333       -5959595.95959596       2.119599382475164E-010
   20833333.3333333       -5707070.70707071       3.789968205767488E-010
   20833333.3333333       -5454545.45454546       6.648538279088668E-010
   20833333.3333333       -5202020.20202020       1.145052850815872E-009
   20833333.3333333       -4949494.94949495       1.937494863633882E-009
   20833333.3333333       -4696969.69696970       3.223165119208012E-009
   20833333.3333333       -4444444.44444444       5.275465477735450E-009
   20833333.3333333       -4191919.19191919       8.501044839324460E-009
   20833333.3333333       -3939393.93939394       1.349550138500930E-008
   20833333.3333333       -3686868.68686869       2.111757606618983E-008
   20833333.3333333       -3434343.43434343       3.258518136462512E-008
   20833333.3333333       -3181818.18181818       4.959550874816246E-008
   20833333.3333333       -2929292.92929293       7.446924954276452E-008
   20833333.3333333       -2676767.67676768       1.103154647118966E-007
   20833333.3333333       -2424242.42424242       1.612088578598267E-007
   20833333.3333333       -2171717.17171717       2.323654312261225E-007
   20833333.3333333       -1919191.91919192       3.302963670686826E-007
   20833333.3333333       -1666666.66666667       4.629144483056833E-007
   20833333.3333333       -1414141.41414141       6.395636291143273E-007
   20833333.3333333       -1161616.16161616       8.709417448758010E-007
   20833333.3333333       -909090.909090910       1.168889811161041E-006
   20833333.3333333       -656565.656565657       1.546029308115519E-006
   20833333.3333333       -404040.404040404       2.015240791923147E-006
   20833333.3333333       -151515.151515152       2.588991582767270E-006
   20833333.3333333        101010.101010101       3.278534634401286E-006
   20833333.3333333        353535.353535354       4.093011828155335E-006
   20833333.3333333        606060.606060605       5.038499589295980E-006
   20833333.3333333        858585.858585859       6.117030264515734E-006
   20833333.3333333        1111111.11111111       7.325608011189614E-006
   20833333.3333333        1363636.36363636       8.655214428591324E-006
   20833333.3333333        1616161.61616162       1.008977171220941E-005
   20833333.3333333        1868686.86868687       1.160500904667949E-005
   20833333.3333333        2121212.12121212       1.316717596949342E-005
   20833333.3333333        2373737.37373737       1.473158619892250E-005
   20833333.3333333        2626262.62626263       1.624108789077712E-005
   20833333.3333333        2878787.87878788       1.762478265644002E-005
   20833333.3333333        3131313.13131313       1.879769900135948E-005
   20833333.3333333        3383838.38383838       1.966267599456354E-005
   20833333.3333333        3636363.63636364       2.011631712362586E-005
   20833333.3333333        3888888.88888889       2.006113556319820E-005
   20833333.3333333        4141414.14141414       1.942509596244435E-005
   20833333.3333333        4393939.39393939       1.818659580035351E-005
   20833333.3333333        4646464.64646465       1.639739377624112E-005
   20833333.3333333        4898989.89898990       1.419094786729532E-005
   20833333.3333333        5151515.15151515       1.176515000251199E-005
   20833333.3333333        5404040.40404040       9.340280506323873E-006
   20833333.3333333        5656565.65656566       7.108677536239664E-006
   20833333.3333333        5909090.90909091       5.198335680063121E-006
   20833333.3333333        6161616.16161616       3.662790911869671E-006
   20833333.3333333        6414141.41414141       2.493862008351338E-006
   20833333.3333333        6666666.66666667       1.644887313209294E-006
   20833333.3333333        6919191.91919192       1.053079018617475E-006
   20833333.3333333        7171717.17171717       6.553169961620001E-007
   20833333.3333333        7424242.42424243       3.967156852658231E-007
   20833333.3333333        7676767.67676768       2.337343310041079E-007
   20833333.3333333        7929292.92929293       1.340315491937259E-007
   20833333.3333333        8181818.18181818       7.479044512824875E-008
   20833333.3333333        8434343.43434343       4.059485704043666E-008
   20833333.3333333        8686868.68686869       2.142172631270105E-008
   20833333.3333333        8939393.93939394       1.098315233010275E-008
   20833333.3333333        9191919.19191919       5.467483766822736E-009
   20833333.3333333        9444444.44444444       2.640638342430851E-009
   20833333.3333333        9696969.69696970       1.236346210041436E-009
   20833333.3333333        9949494.94949495       5.606651539587048E-010
   20833333.3333333        10202020.2020202       2.460304964278907E-010
   20833333.3333333        10454545.4545455       1.043615069723642E-010
   20833333.3333333        10707070.7070707       4.274001620727690E-011
   20833333.3333333        10959595.9595960       1.687506628844156E-011
   20833333.3333333        11212121.2121212       6.411831894664355E-012
   20833333.3333333        11464646.4646465       2.338760949573115E-012
   20833333.3333333        11717171.7171717       8.161038223589055E-013
   20833333.3333333        11969696.9696970       2.709899241737460E-013
   20833333.3333333        12222222.2222222       8.488112486232213E-014
   20833333.3333333        12474747.4747475       2.468682508624186E-014
   20833333.3333333        12727272.7272727       6.453559858291246E-015
   20833333.3333333        12979797.9797980       1.394151388032964E-015
   20833333.3333333        13232323.2323232       1.710771566152935E-016
   20833333.3333333        13484848.4848485      -4.876374681402932E-017
   20833333.3333333        13737373.7373737      -5.204061336027371E-017
   20833333.3333333        13989898.9898990      -2.887225472374883E-017
   20833333.3333333        14242424.2424242      -1.335758582305839E-017
   20833333.3333333        14494949.4949495      -5.994233076587626E-018
   20833333.3333333        14747474.7474747      -3.234547930354740E-018
   20833333.3333333        15000000.0000000       0.000000000000000E+000
   21341444.7505357       -10000000.0000000       0.000000000000000E+000
   21341444.7505357       -9747474.74747475       3.357120680816812E-016
   21341444.7505357       -9494949.49494950       1.442342337504405E-015
   21341444.7505357       -9242424.24242424       4.251965179815084E-015
   21341444.7505357       -8989898.98989899       1.128718771871682E-014
   21341444.7505357       -8737373.73737374       2.836819352593089E-014
   21341444.7505357       -8484848.48484848       6.851978254382532E-014
   21341444.7505357       -8232323.23232323       1.600308252135758E-013
   21341444.7505357       -7979797.97979798       3.625961197031110E-013
   21341444.7505357       -7727272.72727273       7.987463933005925E-013
   21341444.7505357       -7474747.47474748       1.713379302025205E-012
   21341444.7505357       -7222222.22222222       3.583523477485841E-012
   21341444.7505357       -6969696.96969697       7.315488257017624E-012
   21341444.7505357       -6717171.71717172       1.459005027736227E-011
   21341444.7505357       -6464646.46464646       2.845204979082042E-011
   21341444.7505357       -6212121.21212121       5.429362661481833E-011
   21341444.7505357       -5959595.95959596       1.014566430740610E-010
   21341444.7505357       -5707070.70707071       1.857877011476817E-010
   21341444.7505357       -5454545.45454546       3.336288589287277E-010
   21341444.7505357       -5202020.20202020       5.879315710622642E-010
   21341444.7505357       -4949494.94949495       1.017455569998497E-009
   21341444.7505357       -4696969.69696970       1.730372829298228E-009
   21341444.7505357       -4444444.44444444       2.894045928132150E-009
   21341444.7505357       -4191919.19191919       4.763274933801233E-009
   21341444.7505357       -3939393.93939394       7.719851427163072E-009
   21341444.7505357       -3686868.68686869       1.232670687232774E-008
   21341444.7505357       -3434343.43434343       1.940011010498883E-008
   21341444.7505357       -3181818.18181818       3.010300871775548E-008
   21341444.7505357       -2929292.92929293       4.606144323350854E-008
   21341444.7505357       -2676767.67676768       6.950373321839771E-008
   21341444.7505357       -2424242.42424242       1.034186763714175E-007
   21341444.7505357       -2171717.17171717       1.517243319145242E-007
   21341444.7505357       -1919191.91919192       2.194333625945028E-007
   21341444.7505357       -1666666.66666667       3.127949935341126E-007
   21341444.7505357       -1414141.41414141       4.393883361257666E-007
   21341444.7505357       -1161616.16161616       6.081382649174961E-007
   21341444.7505357       -909090.909090910       8.292243889165080E-007
   21341444.7505357       -656565.656565657       1.113856828657156E-006
   21341444.7505357       -404040.404040404       1.473899822551554E-006
   21341444.7505357       -151515.151515152       1.921335116957600E-006
   21341444.7505357        101010.101010101       2.467570135702330E-006
   21341444.7505357        353535.353535354       3.122608663603601E-006
   21341444.7505357        606060.606060605       3.894111227545732E-006
   21341444.7505357        858585.858585859       4.786375526415006E-006
   21341444.7505357        1111111.11111111       5.799261948430598E-006
   21341444.7505357        1363636.36363636       6.927075048556436E-006
   21341444.7505357        1616161.61616162       8.157391583181647E-006
   21341444.7505357        1868686.86868687       9.469806712883550E-006
   21341444.7505357        2121212.12121212       1.083456616326326E-005
   21341444.7505357        2373737.37373737       1.221108606054483E-005
   21341444.7505357        2626262.62626263       1.354646750959881E-005
   21341444.7505357        2878787.87878788       1.477433464991195E-005
   21341444.7505357        3131313.13131313       1.581470840226285E-005
   21341444.7505357        3383838.38383838       1.657617868783335E-005
   21341444.7505357        3636363.63636364       1.696222000496067E-005
   21341444.7505357        3888888.88888889       1.688366187112274E-005
   21341444.7505357        4141414.14141414       1.627818964165289E-005
   21341444.7505357        4393939.39393939       1.513429954643203E-005
   21341444.7505357        4646464.64646465       1.351156726094306E-005
   21341444.7505357        4898989.89898990       1.154481101987979E-005
   21341444.7505357        5151515.15151515       9.422845718407695E-006
   21341444.7505357        5404040.40404040       7.345467444397392E-006
   21341444.7505357        5656565.65656566       5.476826042461212E-006
   21341444.7505357        5909090.90909091       3.915994957375334E-006
   21341444.7505357        6161616.16161616       2.693546507837671E-006
   21341444.7505357        6414141.41414141       1.787851349943693E-006
   21341444.7505357        6666666.66666667       1.148261373688956E-006
   21341444.7505357        6919191.91919192       7.151070882554928E-007
   21341444.7505357        7171717.17171717       4.324809107515931E-007
   21341444.7505357        7424242.42424243       2.542286909090446E-007
   21341444.7505357        7676767.67676768       1.453232767811279E-007
   21341444.7505357        7929292.92929293       8.078507902282670E-008
   21341444.7505357        8181818.18181818       4.366433380847567E-008
   21341444.7505357        8434343.43434343       2.293777251328248E-008
   21341444.7505357        8686868.68686869       1.170501595748104E-008
   21341444.7505357        8939393.93939394       5.798446264265289E-009
   21341444.7505357        9191919.19191919       2.786486751324070E-009
   21341444.7505357        9444444.44444444       1.297964884653589E-009
   21341444.7505357        9696969.69696970       5.855317103191307E-010
   21341444.7505357        9949494.94949495       2.555628831464847E-010
   21341444.7505357        10202020.2020202       1.078011871528680E-010
   21341444.7505357        10454545.4545455       4.388900880998384E-011
   21341444.7505357        10707070.7070707       1.721787816913665E-011
   21341444.7505357        10959595.9595960       6.494521911087666E-012
   21341444.7505357        11212121.2121212       2.348108896482096E-012
   21341444.7505357        11464646.4646465       8.099656491553184E-013
   21341444.7505357        11717171.7171717       2.645454274549521E-013
   21341444.7505357        11969696.9696970       8.072238902272812E-014
   21341444.7505357        12222222.2222222       2.240556525251139E-014
   21341444.7505357        12474747.4747475       5.303969544595599E-015
   21341444.7505357        12727272.7272727       8.462202358455766E-016
   21341444.7505357        12979797.9797980      -7.893267668912145E-017
   21341444.7505357        13232323.2323232      -1.584023250545506E-016
   21341444.7505357        13484848.4848485      -9.818146113379592E-017
   21341444.7505357        13737373.7373737      -4.732882134553875E-017
   21341444.7505357        13989898.9898990      -2.013504957897676E-017
   21341444.7505357        14242424.2424242      -7.903426037307311E-018
   21341444.7505357        14494949.4949495      -2.952219694728252E-018
   21341444.7505357        14747474.7474747      -1.137108601740716E-018
   21341444.7505357        15000000.0000000       0.000000000000000E+000
   21855677.9920416       -10000000.0000000       0.000000000000000E+000
   21855677.9920416       -9747474.74747475       5.544391497167383E-017
   21855677.9920416       -9494949.49494950       3.389770970632135E-016
   21855677.9920416       -9242424.24242424       1.130169278304390E-015
   21855677.9920416       -8989898.98989899       3.264324461375758E-015
   21855677.9920416       -8737373.73737374       8.760548014748631E-015
   21855677.9920416       -8484848.48484848       2.233011095964774E-014
   21855677.9920416       -8232323.23232323       5.460477151133337E-014
   21855677.9920416       -7979797.97979798       1.288358160135581E-013
   21855677.9920416       -7727272.72727273       2.943943915501482E-013
   21855677.9920416       -7474747.47474748       6.532169875542871E-013
   21855677.9920416       -7222222.22222222       1.410204980016585E-012
   21855677.9920416       -6969696.96969697       2.966749609196716E-012
   21855677.9920416       -6717171.71717172       6.089851323006601E-012
   21855677.9920416       -6464646.46464646       1.221035791825721E-011
   21855677.9920416       -6212121.21212121       2.393629435549930E-011
   21855677.9920416       -5959595.95959596       4.591601765725380E-011
   21855677.9920416       -5707070.70707071       8.625754518558502E-011
   21855677.9920416       -5454545.45454546       1.588134570203600E-010
   21855677.9920416       -5202020.20202020       2.867863047582010E-010
   21855677.9920416       -4949494.94949495       5.083110431831764E-010
   21855677.9920416       -4696969.69696970       8.849436270996008E-010
   21855677.9920416       -4444444.44444444       1.514341233695689E-009
   21855677.9920416       -4191919.19191919       2.548861850336318E-009
   21855677.9920416       -3939393.93939394       4.222318084795738E-009
   21855677.9920416       -3686868.68686869       6.887631276987002E-009
   21855677.9920416       -3434343.43434343       1.106853226530488E-008
   21855677.9920416       -3181818.18181818       1.752856823686604E-008
   21855677.9920416       -2929292.92929293       2.736027042009926E-008
   21855677.9920416       -2676767.67676768       4.209615549566660E-008
   21855677.9920416       -2424242.42424242       6.384103333046852E-008
   21855677.9920416       -2171717.17171717       9.542172117501839E-008
   21855677.9920416       -1919191.91919192       1.405457371492819E-007
   21855677.9920416       -1666666.66666667       2.039551330056678E-007
   21855677.9920416       -1414141.41414141       2.915558998451131E-007
   21855677.9920416       -1161616.16161616       4.104982054136970E-007
   21855677.9920416       -909090.909090910       5.691791602786932E-007
   21855677.9920416       -656565.656565657       7.771389353363717E-007
   21855677.9920416       -404040.404040404       1.044823685010112E-006
   21855677.9920416       -151515.151515152       1.383195144534576E-006
   21855677.9920416        101010.101010101       1.803176447724873E-006
   21855677.9920416        353535.353535354       2.314935225567199E-006
   21855677.9920416        606060.606060605       2.927016152666151E-006
   21855677.9920416        858585.858585859       3.645343102782794E-006
   21855677.9920416        1111111.11111111       4.472113423890842E-006
   21855677.9920416        1363636.36363636       5.404602141350313E-006
   21855677.9920416        1616161.61616162       6.433883216977024E-006
   21855677.9920416        1868686.86868687       7.543463735471857E-006
   21855677.9920416        2121212.12121212       8.707827225345091E-006
   21855677.9920416        2373737.37373737       9.890916122843031E-006
   21855677.9920416        2626262.62626263       1.104468496074224E-005
   21855677.9920416        2878787.87878788       1.210807136204143E-005
   21855677.9920416        3131313.13131313       1.300710611044174E-005
   21855677.9920416        3383838.38383838       1.365741334004582E-005
   21855677.9920416        3636363.63636364       1.397087713125401E-005
   21855677.9920416        3888888.88888889       1.386828246712739E-005
   21855677.9920416        4141414.14141414       1.329836864500059E-005
   21855677.9920416        4393939.39393939       1.226006887014988E-005
   21855677.9920416        4646464.64646465       1.081934642635708E-005
   21855677.9920416        4898989.89898990       9.108838777008561E-006
   21855677.9920416        5151515.15151515       7.303289541043333E-006
   21855677.9920416        5404040.40404040       5.577253680989176E-006
   21855677.9920416        5656565.65656566       4.064045883154256E-006
   21855677.9920416        5909090.90909091       2.834193349373733E-006
   21855677.9920416        6161616.16161616       1.898215190351586E-006
   21855677.9920416        6414141.41414141       1.225122359351635E-006
   21855677.9920416        6666666.66666667       7.641802599066058E-007
   21855677.9920416        6919191.91919192       4.617131424922107E-007
   21855677.9920416        7171717.17171717       2.706395091297699E-007
   21855677.9920416        7424242.42424243       1.540534360042762E-007
   21855677.9920416        7676767.67676768       8.519533772124727E-008
   21855677.9920416        7929292.92929293       4.577847788487570E-008
   21855677.9920416        8181818.18181818       2.389580365266984E-008
   21855677.9920416        8434343.43434343       1.211213979948034E-008
   21855677.9920416        8686868.68686869       5.958233810703086E-009
   21855677.9920416        8939393.93939394       2.842622814779312E-009
   21855677.9920416        9191919.19191919       1.314283523876248E-009
   21855677.9920416        9444444.44444444       5.883606481447776E-010
   21855677.9920416        9696969.69696970       2.547658320382065E-010
   21855677.9920416        9949494.94949495       1.065752859766017E-010
   21855677.9920416        10202020.2020202       4.300657409561700E-011
   21855677.9920416        10454545.4545455       1.670748588610534E-011
   21855677.9920416        10707070.7070707       6.231122208498867E-012
   21855677.9920416        10959595.9595960       2.221588348736087E-012
   21855677.9920416        11212121.2121212       7.520270034143713E-013
   21855677.9920416        11464646.4646465       2.388193585251211E-013
   21855677.9920416        11717171.7171717       6.950242460339372E-014
   21855677.9920416        11969696.9696970       1.755440859905724E-014
   21855677.9920416        12222222.2222222       3.214240734651132E-015
   21855677.9920416        12474747.4747475      -5.096892199357967E-017
   21855677.9920416        12727272.7272727      -4.614880665766937E-016
   21855677.9920416        12979797.9797980      -3.194466975818468E-016
   21855677.9920416        13232323.2323232      -1.646594128058918E-016
   21855677.9920416        13484848.4848485      -7.404958095598274E-017
   21855677.9920416        13737373.7373737      -3.050681639739654E-017
   21855677.9920416        13989898.9898990      -1.172998705474007E-017
   21855677.9920416        14242424.2424242      -4.217329238009831E-018
   21855677.9920416        14494949.4949495      -1.383554603110005E-018
   21855677.9920416        14747474.7474747      -3.649884678290270E-019
   21855677.9920416        15000000.0000000       0.000000000000000E+000
   22376033.0578512       -10000000.0000000       0.000000000000000E+000
   22376033.0578512       -9747474.74747475      -1.026128188111733E-017
   22376033.0578512       -9494949.49494950       3.272148536921635E-017
   22376033.0578512       -9242424.24242424       1.957404240093996E-016
   22376033.0578512       -8989898.98989899       7.184298580144245E-016
   22376033.0578512       -8737373.73737374       2.222083614733938E-015
   22376033.0578512       -8484848.48484848       6.241898874547945E-015
   22376033.0578512       -8232323.23232323       1.641627428202035E-014
   22376033.0578512       -7979797.97979798       4.105570489430307E-014
   22376033.0578512       -7727272.72727273       9.852056971669568E-014
   22376033.0578512       -7474747.47474748       2.281479377442827E-013
   22376033.0578512       -7222222.22222222       5.118280318732046E-013
   22376033.0578512       -6969696.96969697       1.115455617322658E-012
   22376033.0578512       -6717171.71717172       2.366480732065766E-012
   22376033.0578512       -6464646.46464646       4.895327771178889E-012
   22376033.0578512       -6212121.21212121       9.886982186599447E-012
   22376033.0578512       -5959595.95959596       1.951803043910437E-011
   22376033.0578512       -5707070.70707071       3.769870722056694E-011
   22376033.0578512       -5454545.45454546       7.130563369712673E-011
   22376033.0578512       -5202020.20202020       1.321876955534234E-010
   22376033.0578512       -4949494.94949495       2.403662054330694E-010
   22376033.0578512       -4696969.69696970       4.290447170185304E-010
   22376033.0578512       -4444444.44444444       7.523078846159233E-010
   22376033.0578512       -4191919.19191919       1.296733322700584E-009
   22376033.0578512       -3939393.93939394       2.198564769938843E-009
   22376033.0578512       -3686868.68686869       3.668575064986975E-009
   22376033.0578512       -3434343.43434343       6.027222546739263E-009
   22376033.0578512       -3181818.18181818       9.753064138133695E-009
   22376033.0578512       -2929292.92929293       1.554746657085801E-008
   22376033.0578512       -2676767.67676768       2.441823768362352E-008
   22376033.0578512       -2424242.42424242       3.778363826353293E-008
   22376033.0578512       -2171717.17171717       5.759610279816717E-008
   22376033.0578512       -1919191.91919192       8.648174613401227E-008
   22376033.0578512       -1666666.66666667       1.278873720247208E-007
   22376033.0578512       -1414141.41414141       1.862214717131842E-007
   22376033.0578512       -1161616.16161616       2.669701285643273E-007
   22376033.0578512       -909090.909090910       3.767636209670437E-007
   22376033.0578512       -656565.656565657       5.233658152664380E-007
   22376033.0578512       -404040.404040404       7.155571484375124E-007
   22376033.0578512       -151515.151515152       9.628838706602315E-007
   22376033.0578512        101010.101010101       1.275251507558831E-006
   22376033.0578512        353535.353535354       1.662348748224313E-006
   22376033.0578512        606060.606060605       2.132897897664604E-006
   22376033.0578512        858585.858585859       2.693737702344359E-006
   22376033.0578512        1111111.11111111       3.348751561358347E-006
   22376033.0578512        1363636.36363636       4.097657206070485E-006
   22376033.0578512        1616161.61616162       4.934673007066775E-006
   22376033.0578512        1868686.86868687       5.847075008510592E-006
   22376033.0578512        2121212.12121212       6.813667880153747E-006
   22376033.0578512        2373737.37373737       7.803232305608377E-006
   22376033.0578512        2626262.62626263       8.773113772848087E-006
   22376033.0578512        2878787.87878788       9.668327711205745E-006
   22376033.0578512        3131313.13131313       1.042191348480277E-005
   22376033.0578512        3383838.38383838       1.095775882147419E-005
   22376033.0578512        3636363.63636364       1.119755022538280E-005
   22376033.0578512        3888888.88888889       1.107336336381703E-005
   22376033.0578512        4141414.14141414       1.054580200197429E-005
   22376033.0578512        4393939.39393939       9.623827283943504E-006
   22376033.0578512        4646464.64646465       8.377527497582979E-006
   22376033.0578512        4898989.89898990       6.933245778219837E-006
   22376033.0578512        5151515.15151515       5.446798497087615E-006
   22376033.0578512        5404040.40404040       4.063830574677554E-006
   22376033.0578512        5656565.65656566       2.885966204913235E-006
   22376033.0578512        5909090.90909091       1.957416637356464E-006
   22376033.0578512        6161616.16161616       1.272850893674855E-006
   22376033.0578512        6414141.41414141       7.964634995985779E-007
   22376033.0578512        6666666.66666667       4.810581416153123E-007
   22376033.0578512        6919191.91919192       2.811298693239261E-007
   22376033.0578512        7171717.17171717       1.592252022833212E-007
   22376033.0578512        7424242.42424243       8.748843839774470E-008
   22376033.0578512        7676767.67676768       4.665905453087291E-008
   22376033.0578512        7929292.92929293       2.415495522091544E-008
   22376033.0578512        8181818.18181818       1.213586863752412E-008
   22376033.0578512        8434343.43434343       5.914841964831927E-009
   22376033.0578512        8686868.68686869       2.794872839831350E-009
   22376033.0578512        8939393.93939394       1.279387538506705E-009
   22376033.0578512        9191919.19191919       5.668534359270137E-010
   22376033.0578512        9444444.44444444       2.428234278857256E-010
   22376033.0578512        9696969.69696970       1.004291430378438E-010
   22376033.0578512        9949494.94949495       4.002933725391857E-011
   22376033.0578512        10202020.2020202       1.533607933827593E-011
   22376033.0578512        10454545.4545455       5.625420253469254E-012
   22376033.0578512        10707070.7070707       1.963016170054254E-012
   22376033.0578512        10959595.9595960       6.443988375758782E-013
   22376033.0578512        11212121.2121212       1.947132409551210E-013
   22376033.0578512        11464646.4646465       5.152814392053162E-014
   22376033.0578512        11717171.7171717       1.020649799724494E-014
   22376033.0578512        11969696.9696970       1.853359603180710E-016
   22376033.0578512        12222222.2222222      -1.310007779426473E-015
   22376033.0578512        12474747.4747475      -9.866029288426923E-016
   22376033.0578512        12727272.7272727      -5.373719038315673E-016
   22376033.0578512        12979797.9797980      -2.537967735513378E-016
   22376033.0578512        13232323.2323232      -1.096531163849930E-016
   22376033.0578512        13484848.4848485      -4.427485795531311E-017
   22376033.0578512        13737373.7373737      -1.684201860439140E-017
   22376033.0578512        13989898.9898990      -6.025765298046422E-018
   22376033.0578512        14242424.2424242      -1.991556447130824E-018
   22376033.0578512        14494949.4949495      -5.638065565624017E-019
   22376033.0578512        14747474.7474747      -7.776589802640293E-020
   22376033.0578512        15000000.0000000       0.000000000000000E+000
   22902509.9479645       -10000000.0000000       0.000000000000000E+000
   22902509.9479645       -9747474.74747475      -1.647061214370735E-017
   22902509.9479645       -9494949.49494950      -2.790442799134723E-017
   22902509.9479645       -9242424.24242424      -2.684831885739672E-017
   22902509.9479645       -8989898.98989899       3.867440863804870E-017
   22902509.9479645       -8737373.73737374       3.253312451276631E-016
   22902509.9479645       -8484848.48484848       1.261607900067145E-015
   22902509.9479645       -8232323.23232323       3.942850806050280E-015
   22902509.9479645       -7979797.97979798       1.102759309892805E-014
   22902509.9479645       -7727272.72727273       2.869955600155100E-014
   22902509.9479645       -7474747.47474748       7.082303080088961E-014
   22902509.9479645       -7222222.22222222       1.674772929293838E-013
   22902509.9479645       -6969696.96969697       3.819831712948172E-013
   22902509.9479645       -6717171.71717172       8.439447006821013E-013
   22902509.9479645       -6464646.46464646       1.811691259233969E-012
   22902509.9479645       -6212121.21212121       3.787311547192876E-012
   22902509.9479645       -5959595.95959596       7.723447575738846E-012
   22902509.9479645       -5707070.70707071       1.538640907641268E-011
   22902509.9479645       -5454545.45454546       2.997959339033347E-011
   22902509.9479645       -5202020.20202020       5.719106592728101E-011
   22902509.9479645       -4949494.94949495       1.069181077767421E-010
   22902509.9479645       -4696969.69696970       1.960506531007007E-010
   22902509.9479645       -4444444.44444444       3.528779121915232E-010
   22902509.9479645       -4191919.19191919       6.239313416015898E-010
   22902509.9479645       -3939393.93939394       1.084401610400877E-009
   22902509.9479645       -3686868.68686869       1.853664986929116E-009
   22902509.9479645       -3434343.43434343       3.117901419131714E-009
   22902509.9479645       -3181818.18181818       5.162224229342357E-009
   22902509.9479645       -2929292.92929293       8.415066210500223E-009
   22902509.9479645       -2676767.67676768       1.350762387307383E-008
   22902509.9479645       -2424242.42424242       2.135074796109514E-008
   22902509.9479645       -2171717.17171717       3.323055354228643E-008
   22902509.9479645       -1919191.91919192       5.092198787648551E-008
   22902509.9479645       -1666666.66666667       7.681649034362789E-008
   22902509.9479645       -1414141.41414141       1.140556999245130E-007
   22902509.9479645       -1161616.16161616       1.666581178974318E-007
   22902509.9479645       -909090.909090910       2.396201783224056E-007
   22902509.9479645       -656565.656565657       3.389680279026881E-007
   22902509.9479645       -404040.404040404       4.717323542100396E-007
   22902509.9479645       -151515.151515152       6.458167311255085E-007
   22902509.9479645        101010.101010101       8.697308822940821E-007
   22902509.9479645        353535.353535354       1.152164278993408E-006
   22902509.9479645        606060.606060605       1.501382259168675E-006
   22902509.9479645        858585.858585859       1.924435402360099E-006
   22902509.9479645        1111111.11111111       2.426181809217383E-006
   22902509.9479645        1363636.36363636       3.008129951041654E-006
   22902509.9479645        1616161.61616162       3.667116856990732E-006
   22902509.9479645        1868686.86868687       4.393845624392198E-006
   22902509.9479645        2121212.12121212       5.171326328325866E-006
   22902509.9479645        2373737.37373737       5.973313272966034E-006
   22902509.9479645        2626262.62626263       6.762939064140645E-006
   22902509.9479645        2878787.87878788       7.491951871009517E-006
   22902509.9479645        3131313.13131313       8.101297411829440E-006
   22902509.9479645        3383838.38383838       8.524217748684130E-006
   22902509.9479645        3636363.63636364       8.693350996970707E-006
   22902509.9479645        3888888.88888889       8.552972927923065E-006
   22902509.9479645        4141414.14141414       8.075703189798401E-006
   22902509.9479645        4393939.39393939       7.279280208963199E-006
   22902509.9479645        4646464.64646465       6.234878595577815E-006
   22902509.9479645        4898989.89898990       5.058174146600560E-006
   22902509.9479645        5151515.15151515       3.881889159188013E-006
   22902509.9479645        5404040.40404040       2.820760783743080E-006
   22902509.9479645        5656565.65656566       1.945989507494728E-006
   22902509.9479645        5909090.90909091       1.279479621638870E-006
   22902509.9479645        6161616.16161616       8.051367320705526E-007
   22902509.9479645        6414141.41414141       4.868107549110638E-007
   22902509.9479645        6666666.66666667       2.837504468456277E-007
   22902509.9479645        6919191.91919192       1.598403025389784E-007
   22902509.9479645        7171717.17171717       8.716831538635494E-008
   22902509.9479645        7424242.42424243       4.606898685769866E-008
   22902509.9479645        7676767.67676768       2.360771821966171E-008
   22902509.9479645        7929292.92929293       1.173084844349232E-008
   22902509.9479645        8181818.18181818       5.651066500365989E-009
   22902509.9479645        8434343.43434343       2.637806458748538E-009
   22902509.9479645        8686868.68686869       1.192220937504448E-009
   22902509.9479645        8939393.93939394       5.212669105732817E-010
   22902509.9479645        9191919.19191919       2.201963152000445E-010
   22902509.9479645        9444444.44444444       8.971504850297171E-011
   22902509.9479645        9696969.69696970       3.516887104382462E-011
   22902509.9479645        9949494.94949495       1.321455872594214E-011
   22902509.9479645        10202020.2020202       4.730043714628993E-012
   22902509.9479645        10454545.4545455       1.595342783132024E-012
   22902509.9479645        10707070.7070707       4.963208061621391E-013
   22902509.9479645        10959595.9595960       1.356507373309578E-013
   22902509.9479645        11212121.2121212       2.795305213236220E-014
   22902509.9479645        11464646.4646465       7.052681070290577E-016
   22902509.9479645        11717171.7171717      -3.698520569818370E-015
   22902509.9479645        11969696.9696970      -2.917604430256794E-015
   22902509.9479645        12222222.2222222      -1.655364107657521E-015
   22902509.9479645        12474747.4747475      -8.139032637315707E-016
   22902509.9479645        12727272.7272727      -3.660723510986074E-016
   22902509.9479645        12979797.9797980      -1.538694581351649E-016
   22902509.9479645        13232323.2323232      -6.095404327264379E-017
   22902509.9479645        13484848.4848485      -2.278245572803805E-017
   22902509.9479645        13737373.7373737      -7.989292696098955E-018
   22902509.9479645        13989898.9898990      -2.586434354244130E-018
   22902509.9479645        14242424.2424242      -7.399104177489392E-019
   22902509.9479645        14494949.4949495      -1.556603074186634E-019
   22902509.9479645        14747474.7474747       1.922608025327360E-020
   22902509.9479645        15000000.0000000       0.000000000000000E+000
   23435108.6623814       -10000000.0000000       0.000000000000000E+000
   23435108.6623814       -9747474.74747475      -1.103953746873073E-017
   23435108.6623814       -9494949.49494950      -2.654874646985777E-017
   23435108.6623814       -9242424.24242424      -5.114089128256949E-017
   23435108.6623814       -8989898.98989899      -8.241474069502524E-017
   23435108.6623814       -8737373.73737374      -9.772117341722223E-017
   23435108.6623814       -8484848.48484848      -1.043077685020872E-017
   23435108.6623814       -8232323.23232323       4.434439392040765E-016
   23435108.6623814       -7979797.97979798       1.981503193396743E-015
   23435108.6623814       -7727272.72727273       6.416418277707225E-015
   23435108.6623814       -7474747.47474748       1.808610005925908E-014
   23435108.6623814       -7222222.22222222       4.693048689931050E-014
   23435108.6623814       -6969696.96969697       1.148997853711356E-013
   23435108.6623814       -6717171.71717172       2.689065342077758E-013
   23435108.6623814       -6464646.46464646       6.062749633110621E-013
   23435108.6623814       -6212121.21212121       1.323424307691053E-012
   23435108.6623814       -5959595.95959596       2.806648283382178E-012
   23435108.6623814       -5707070.70707071       5.797307019533431E-012
   23435108.6623814       -5454545.45454546       1.168548740439926E-011
   23435108.6623814       -5202020.20202020       2.302050333622365E-011
   23435108.6623814       -4949494.94949495       4.437954337852758E-011
   23435108.6623814       -4696969.69696970       8.381552161621025E-011
   23435108.6623814       -4444444.44444444       1.552222281292305E-010
   23435108.6623814       -4191919.19191919       2.821214331209096E-010
   23435108.6623814       -3939393.93939394       5.036047597915466E-010
   23435108.6623814       -3686868.68686869       8.834608773668256E-010
   23435108.6623814       -3434343.43434343       1.523883093409560E-009
   23435108.6623814       -3181818.18181818       2.585560889605811E-009
   23435108.6623814       -2929292.92929293       4.316357378845494E-009
   23435108.6623814       -2676767.67676768       7.091067435756985E-009
   23435108.6623814       -2424242.42424242       1.146479470230627E-008
   23435108.6623814       -2171717.17171717       1.824209070802781E-008
   23435108.6623814       -1919191.91919192       2.856294819944650E-008
   23435108.6623814       -1666666.66666667       4.400482169944950E-008
   23435108.6623814       -1414141.41414141       6.669690858111461E-008
   23435108.6623814       -1161616.16161616       9.943893527441277E-008
   23435108.6623814       -909090.909090910       1.458118162749121E-007
   23435108.6623814       -656565.656565657       2.102621812641156E-007
   23435108.6623814       -404040.404040404       2.981375227118962E-007
   23435108.6623814       -151515.151515152       4.156443979875837E-007
   23435108.6623814        101010.101010101       5.696995638355423E-007
   23435108.6623814        353535.353535354       7.676438285545694E-007
   23435108.6623814        606060.606060605       1.016791158366665E-006
   23435108.6623814        858585.858585859       1.323791111982981E-006
   23435108.6623814        1111111.11111111       1.693790570200996E-006
   23435108.6623814        1363636.36363636       2.129390554851836E-006
   23435108.6623814        1616161.61616162       2.629406162749835E-006
   23435108.6623814        1868686.86868687       3.187455212706809E-006
   23435108.6623814        2121212.12121212       3.790431957281454E-006
   23435108.6623814        2373737.37373737       4.416981965236636E-006
   23435108.6623814        2626262.62626263       5.036209019090555E-006
   23435108.6623814        2878787.87878788       5.607047077705958E-006
   23435108.6623814        3131313.13131313       6.079037756166616E-006
   23435108.6623814        3383838.38383838       6.395610584630352E-006
   23435108.6623814        3636363.63636364       6.501130195542675E-006
   23435108.6623814        3888888.88888889       6.352420083280876E-006
   23435108.6623814        4141414.14141414       5.933499946547125E-006
   23435108.6623814        4393939.39393939       5.268793790497279E-006
   23435108.6623814        4646464.64646465       4.426969047349456E-006
   23435108.6623814        4898989.89898990       3.508895893528118E-006
   23435108.6623814        5151515.15151515       2.621365375062251E-006
   23435108.6623814        5404040.40404040       1.848367238330953E-006
   23435108.6623814        5656565.65656566       1.234128491838910E-006
   23435108.6623814        5909090.90909091       7.836409668110729E-007
   23435108.6623814        6161616.16161616       4.753857918831099E-007
   23435108.6623814        6414141.41414141       2.766788202532986E-007
   23435108.6623814        6666666.66666667       1.550301492543451E-007
   23435108.6623814        6919191.91919192       8.384991660062176E-008
   23435108.6623814        7171717.17171717       4.385417762837847E-008
   23435108.6623814        7424242.42424243       2.220272911520817E-008
   23435108.6623814        7676767.67676768       1.088686224060426E-008
   23435108.6623814        7929292.92929293       5.170296417085020E-009
   23435108.6623814        8181818.18181818       2.377378164019403E-009
   23435108.6623814        8434343.43434343       1.057689879020746E-009
   23435108.6623814        8686868.68686869       4.548226509662562E-010
   23435108.6623814        8939393.93939394       1.887466710736131E-010
   23435108.6623814        9191919.19191919       7.541538515373114E-011
   23435108.6623814        9444444.44444444       2.890604869840969E-011
   23435108.6623814        9696969.69696970       1.056313340159603E-011
   23435108.6623814        9949494.94949495       3.639684456834687E-012
   23435108.6623814        10202020.2020202       1.156827814013545E-012
   23435108.6623814        10454545.4545455       3.222876360072245E-013
   23435108.6623814        10707070.7070707       6.675457228778358E-014
   23435108.6623814        10959595.9595960       4.513833529506920E-016
   23435108.6623814        11212121.2121212      -1.044952859237870E-014
   23435108.6623814        11464646.4646465      -8.302562401281698E-015
   23435108.6623814        11717171.7171717      -4.840108745709264E-015
   23435108.6623814        11969696.9696970      -2.458351957984391E-015
   23435108.6623814        12222222.2222222      -1.144743044862954E-015
   23435108.6623814        12474747.4747475      -4.986267760187109E-016
   23435108.6623814        12727272.7272727      -2.047912711306664E-016
   23435108.6623814        12979797.9797980      -7.943302258979254E-017
   23435108.6623814        13232323.2323232      -2.901018228276585E-017
   23435108.6623814        13484848.4848485      -9.904197250615074E-018
   23435108.6623814        13737373.7373737      -3.124239780616882E-018
   23435108.6623814        13989898.9898990      -8.961882941339574E-019
   23435108.6623814        14242424.2424242      -2.277905321668395E-019
   23435108.6623814        14494949.4949495      -4.265553404069244E-020
   23435108.6623814        14747474.7474747       1.610355887266188E-020
   23435108.6623814        15000000.0000000       0.000000000000000E+000
   23973829.2011019       -10000000.0000000       0.000000000000000E+000
   23973829.2011019       -9747474.74747475      -5.931570680349826E-018
   23973829.2011019       -9494949.49494950      -1.610401619764860E-017
   23973829.2011019       -9242424.24242424      -3.521554169872756E-017
   23973829.2011019       -8989898.98989899      -6.952711027393781E-017
   23973829.2011019       -8737373.73737374      -1.260880436739824E-016
   23973829.2011019       -8484848.48484848      -2.054083736556322E-016
   23973829.2011019       -8232323.23232323      -2.768148515734219E-016
   23973829.2011019       -7979797.97979798      -2.087786926388485E-016
   23973829.2011019       -7727272.72727273       4.100684672047145E-016
   23973829.2011019       -7474747.47474748       2.701746217664850E-015
   23973829.2011019       -7222222.22222222       9.485590776384046E-015
   23973829.2011019       -6969696.96969697       2.744724501666178E-014
   23973829.2011019       -6717171.71717172       7.174018772620201E-014
   23973829.2011019       -6464646.46464646       1.754408643856218E-013
   23973829.2011019       -6212121.21212121       4.084139133355565E-013
   23973829.2011019       -5959595.95959596       9.139324918432929E-013
   23973829.2011019       -5707070.70707071       1.977944173493597E-012
   23973829.2011019       -5454545.45454546       4.156897682184423E-012
   23973829.2011019       -5202020.20202020       8.508165381534253E-012
   23973829.2011019       -4949494.94949495       1.699616929053256E-011
   23973829.2011019       -4696969.69696970       3.319284393333849E-011
   23973829.2011019       -4444444.44444444       6.346054137768833E-011
   23973829.2011019       -4191919.19191919       1.189084841541998E-010
   23973829.2011019       -3939393.93939394       2.185615219228785E-010
   23973829.2011019       -3686868.68686869       3.943831675039748E-010
   23973829.2011019       -3434343.43434343       6.990608250453212E-010
   23973829.2011019       -3181818.18181818       1.217787231596351E-009
   23973829.2011019       -2929292.92929293       2.085637796886079E-009
   23973829.2011019       -2676767.67676768       3.512499941939886E-009
   23973829.2011019       -2424242.42424242       5.817770759934582E-009
   23973829.2011019       -2171717.17171717       9.477071688781069E-009
   23973829.2011019       -1919191.91919192       1.518285811660225E-008
   23973829.2011019       -1666666.66666667       2.391982251932970E-008
   23973829.2011019       -1414141.41414141       3.705419591305219E-008
   23973829.2011019       -1161616.16161616       5.643328421601275E-008
   23973829.2011019       -909090.909090910       8.448777880845941E-008
   23973829.2011019       -656565.656565657       1.243246648329330E-007
   23973829.2011019       -404040.404040404       1.797932370753311E-007
   23973829.2011019       -151515.151515152       2.555013610994394E-007
   23973829.2011019        101010.101010101       3.567544043676983E-007
   23973829.2011019        353535.353535354       4.893860111613911E-007
   23973829.2011019        606060.606060605       6.594488681371525E-007
   23973829.2011019        858585.858585859       8.727354173499265E-007
   23973829.2011019        1111111.11111111       1.134103585619426E-006
   23973829.2011019        1363636.36363636       1.446591577038239E-006
   23973829.2011019        1616161.61616162       1.810319954778690E-006
   23973829.2011019        1868686.86868687       2.221202026136505E-006
   23973829.2011019        2121212.12121212       2.669522458006869E-006
   23973829.2011019        2373737.37373737       3.138513150195890E-006
   23973829.2011019        2626262.62626263       3.603176329262700E-006
   23973829.2011019        2878787.87878788       4.029801186719395E-006
   23973829.2011019        3131313.13131313       4.376893787847163E-006
   23973829.2011019        3383838.38383838       4.598510843128971E-006
   23973829.2011019        3636363.63636364       4.650997983087668E-006
   23973829.2011019        3888888.88888889       4.503384362335421E-006
   23973829.2011019        4141414.14141414       4.149659660721560E-006
   23973829.2011019        4393939.39393939       3.618136087027800E-006
   23973829.2011019        4646464.64646465       2.971232623887895E-006
   23973829.2011019        4898989.89898990       2.291746728724101E-006
   23973829.2011019        5151515.15151515       1.659640024917134E-006
   23973829.2011019        5404040.40404040       1.130702910868400E-006
   23973829.2011019        5656565.65656566       7.275015246804344E-007
   23973829.2011019        5909090.90909091       4.441817641777727E-007
   23973829.2011019        6161616.16161616       2.586315496423568E-007
   23973829.2011019        6414141.41414141       1.442575169997529E-007
   23973829.2011019        6666666.66666667       7.735949182457095E-008
   23973829.2011019        6919191.91919192       3.999294186015337E-008
   23973829.2011019        7171717.17171717       1.996824701853787E-008
   23973829.2011019        7424242.42424243       9.639256838522576E-009
   23973829.2011019        7676767.67676768       4.500672605781605E-009
   23973829.2011019        7929292.92929293       2.032297268846136E-009
   23973829.2011019        8181818.18181818       8.869314247232268E-010
   23973829.2011019        8434343.43434343       3.736246844732517E-010
   23973829.2011019        8686868.68686869       1.515969322508844E-010
   23973829.2011019        8939393.93939394       5.903163793704201E-011
   23973829.2011019        9191919.19191919       2.192214595434628E-011
   23973829.2011019        9444444.44444444       7.673920351240720E-012
   23973829.2011019        9696969.69696970       2.472677646344345E-012
   23973829.2011019        9949494.94949495       6.926733146145799E-013
   23973829.2011019        10202020.2020202       1.385215892597721E-013
   23973829.2011019        10454545.4545455      -6.533004749302338E-015
   23973829.2011019        10707070.7070707      -2.927774129515156E-014
   23973829.2011019        10959595.9595960      -2.276196481339937E-014
   23973829.2011019        11212121.2121212      -1.348582435304759E-014
   23973829.2011019        11464646.4646465      -7.033130615631898E-015
   23973829.2011019        11717171.7171717      -3.377249321386821E-015
   23973829.2011019        11969696.9696970      -1.520433720835291E-015
   23973829.2011019        12222222.2222222      -6.465483619574222E-016
   23973829.2011019        12474747.4747475      -2.603014378605412E-016
   23973829.2011019        12727272.7272727      -9.919128595949756E-017
   23973829.2011019        12979797.9797980      -3.575079428416136E-017
   23973829.2011019        13232323.2323232      -1.222520798621419E-017
   23973829.2011019        13484848.4848485      -4.035142149326581E-018
   23973829.2011019        13737373.7373737      -1.352582662273565E-018
   23973829.2011019        13989898.9898990      -5.033257450379021E-019
   23973829.2011019        14242424.2424242      -2.167710781651704E-019
   23973829.2011019        14494949.4949495      -9.331872025282554E-020
   23973829.2011019        14747474.7474747      -2.056485639844830E-020
   23973829.2011019        15000000.0000000       0.000000000000000E+000
   24518671.5641261       -10000000.0000000       0.000000000000000E+000
   24518671.5641261       -9747474.74747475      -2.839055853738009E-018
   24518671.5641261       -9494949.49494950      -8.254970103307889E-018
   24518671.5641261       -9242424.24242424      -1.917049513163074E-017
   24518671.5641261       -8989898.98989899      -4.082593149656473E-017
   24518671.5641261       -8737373.73737374      -8.225067761915088E-017
   24518671.5641261       -8484848.48484848      -1.574535225498076E-016
   24518671.5641261       -8232323.23232323      -2.842149600145766E-016
   24518671.5641261       -7979797.97979798      -4.739516127011248E-016
   24518671.5641261       -7727272.72727273      -6.955533915819571E-016
   24518671.5641261       -7474747.47474748      -7.717960004705840E-016
   24518671.5641261       -7222222.22222222      -1.135897394368671E-016
   24518671.5641261       -6969696.96969697       2.915226154546139E-015
   24518671.5641261       -6717171.71717172       1.243907038752881E-014
   24518671.5641261       -6464646.46464646       3.820625550977747E-014
   24518671.5641261       -6212121.21212121       1.021717565854422E-013
   24518671.5641261       -5959595.95959596       2.518851854186781E-013
   24518671.5641261       -5707070.70707071       5.869428341195749E-013
   24518671.5641261       -5454545.45454546       1.309866621728878E-012
   24518671.5641261       -5202020.20202020       2.821525386607833E-012
   24518671.5641261       -4949494.94949495       5.895850447758208E-012
   24518671.5641261       -4696969.69696970       1.199246417350225E-011
   24518671.5641261       -4444444.44444444       2.380375805971923E-011
   24518671.5641261       -4191919.19191919       4.619153614534055E-011
   24518671.5641261       -3939393.93939394       8.775606009159632E-011
   24518671.5641261       -3686868.68686869       1.634070573631048E-010
   24518671.5641261       -3434343.43434343       2.984817087908265E-010
   24518671.5641261       -3181818.18181818       5.351852782970180E-010
   24518671.5641261       -2929292.92929293       9.424138508841533E-010
   24518671.5641261       -2676767.67676768       1.630337566397281E-009
   24518671.5641261       -2424242.42424242       2.771433498747992E-009
   24518671.5641261       -2171717.17171717       4.629882028919264E-009
   24518671.5641261       -1919191.91919192       7.601259841409680E-009
   24518671.5641261       -1666666.66666667       1.226411521222887E-008
   24518671.5641261       -1414141.41414141       1.944410381343426E-008
   24518671.5641261       -1161616.16161616       3.028969509092507E-008
   24518671.5641261       -909090.909090910       4.635586234633268E-008
   24518671.5641261       -656565.656565657       6.968856173711427E-008
   24518671.5641261       -404040.404040404       1.028982474097312E-007
   24518671.5641261       -151515.151515152       1.492054139778133E-007
   24518671.5641261        101010.101010101       2.124356705058132E-007
   24518671.5641261        353535.353535354       2.969368031417098E-007
   24518671.5641261        606060.606060605       4.073865100554305E-007
   24518671.5641261        858585.858585859       5.484579435894815E-007
   24518671.5641261        1111111.11111111       7.243119564768077E-007
   24518671.5641261        1363636.36363636       9.378914330910818E-007
   24518671.5641261        1616161.61616162       1.190006552828761E-006
   24518671.5641261        1868686.86868687       1.478224412173318E-006
   24518671.5641261        2121212.12121212       1.795619686797345E-006
   24518671.5641261        2373737.37373737       2.129517524588252E-006
   24518671.5641261        2626262.62626263       2.460482781747218E-006
   24518671.5641261        2878787.87878788       2.761994857872774E-006
   24518671.5641261        3131313.13131313       3.001479116636657E-006
   24518671.5641261        3383838.38383838       3.143542538439682E-006
   24518671.5641261        3636363.63636364       3.156118267656304E-006
   24518671.5641261        3888888.88888889       3.019330581354501E-006
   24518671.5641261        4141414.14141414       2.734954725773989E-006
   24518671.5641261        4393939.39393939       2.331990691686890E-006
   24518671.5641261        4646464.64646465       1.863291730943268E-006
   24518671.5641261        4898989.89898990       1.391852464577390E-006
   24518671.5641261        5151515.15151515       9.722373743428239E-007
   24518671.5641261        5404040.40404040       6.367797425983922E-007
   24518671.5641261        5656565.65656566       3.928145205419624E-007
   24518671.5641261        5909090.90909091       2.294481571707314E-007
   24518671.5641261        6161616.16161616       1.275842085696182E-007
   24518671.5641261        6414141.41414141       6.785378191376844E-008
   24518671.5641261        6666666.66666667       3.464653182065946E-008
   24518671.5641261        6919191.91919192       1.703160445991051E-008
   24518671.5641261        7171717.17171717       8.075023343993340E-009
   24518671.5641261        7424242.42424243       3.695981404674631E-009
   24518671.5641261        7676767.67676768       1.633312540038902E-009
   24518671.5641261        7929292.92929293       6.963857699020637E-010
   24518671.5641261        8181818.18181818       2.859469783886047E-010
   24518671.5641261        8434343.43434343       1.126809599445167E-010
   24518671.5641261        8686868.68686869       4.233382841341046E-011
   24518671.5641261        8939393.93939394       1.497104243786470E-011
   24518671.5641261        9191919.19191919       4.850499726292204E-012
   24518671.5641261        9444444.44444444       1.344280590547644E-012
   24518671.5641261        9696969.69696970       2.439387985625970E-013
   24518671.5641261        9949494.94949495      -4.134665963773571E-014
   24518671.5641261        10202020.2020202      -8.002836148839597E-014
   24518671.5641261        10454545.4545455      -6.005002467429281E-014
   24518671.5641261        10707070.7070707      -3.591419513827435E-014
   24518671.5641261        10959595.9595960      -1.915744735333379E-014
   24518671.5641261        11212121.2121212      -9.463302360762553E-015
   24518671.5641261        11464646.4646465      -4.396935156775095E-015
   24518671.5641261        11717171.7171717      -1.934900111253961E-015
   24518671.5641261        11969696.9696970      -8.089953530036224E-016
   24518671.5641261        12222222.2222222      -3.220795290339404E-016
   24518671.5641261        12474747.4747475      -1.225877688832718E-016
   24518671.5641261        12727272.7272727      -4.506952208663788E-017
   24518671.5641261        12979797.9797980      -1.639417136140392E-017
   24518671.5641261        13232323.2323232      -6.164917661365762E-018
   24518671.5641261        13484848.4848485      -2.522781040111885E-018
   24518671.5641261        13737373.7373737      -1.139569041065603E-018
   24518671.5641261        13989898.9898990      -5.385408437464814E-019
   24518671.5641261        14242424.2424242      -2.408647026111638E-019
   24518671.5641261        14494949.4949495      -8.747241238712817E-020
   24518671.5641261        14747474.7474747      -1.405776524674852E-020
   24518671.5641261        15000000.0000000       0.000000000000000E+000
   25069635.7514539       -10000000.0000000       0.000000000000000E+000
   25069635.7514539       -9747474.74747475      -1.242386535175719E-018
   25069635.7514539       -9494949.49494950      -3.804879492584911E-018
   25069635.7514539       -9242424.24242424      -9.222346852303384E-018
   25069635.7514539       -8989898.98989899      -2.059900721151538E-017
   25069635.7514539       -8737373.73737374      -4.388998592554720E-017
   25069635.7514539       -8484848.48484848      -8.999915619956230E-017
   25069635.7514539       -8232323.23232323      -1.777394038577674E-016
   25069635.7514539       -7979797.97979798      -3.369564056977919E-016
   25069635.7514539       -7727272.72727273      -6.087570970366592E-016
   25069635.7514539       -7474747.47474748      -1.033561157858735E-015
   25069635.7514539       -7222222.22222222      -1.602658593631159E-015
   25069635.7514539       -6969696.96969697      -2.114749839554422E-015
   25069635.7514539       -6717171.71717172      -1.804672425139756E-015
   25069635.7514539       -6464646.46464646       1.543548643618698E-015
   25069635.7514539       -6212121.21212121       1.359990802210108E-014
   25069635.7514539       -5959595.95959596       4.781941565902172E-014
   25069635.7514539       -5707070.70707071       1.344710720951579E-013
   25069635.7514539       -5454545.45454546       3.388712218592377E-013
   25069635.7514539       -5202020.20202020       7.971605885607058E-013
   25069635.7514539       -4949494.94949495       1.784661609947469E-012
   25069635.7514539       -4696969.69696970       3.843251189262667E-012
   25069635.7514539       -4444444.44444444       8.013072214692013E-012
   25069635.7514539       -4191919.19191919       1.624434563171965E-011
   25069635.7514539       -3939393.93939394       3.211264762824530E-011
   25069635.7514539       -3686868.68686869       6.203303499130017E-011
   25069635.7514539       -3434343.43434343       1.172733320203412E-010
   25069635.7514539       -3181818.18181818       2.172131940181132E-010
   25069635.7514539       -2929292.92929293       3.944889745780197E-010
   25069635.7514539       -2676767.67676768       7.029033973922680E-010
   25069635.7514539       -2424242.42424242       1.229248075570292E-009
   25069635.7514539       -2171717.17171717       2.110448244335586E-009
   25069635.7514539       -1919191.91919192       3.557623779798358E-009
   25069635.7514539       -1666666.66666667       5.888661608045617E-009
   25069635.7514539       -1414141.41414141       9.570564646606949E-009
   25069635.7514539       -1161616.16161616       1.527200065723798E-008
   25069635.7514539       -909090.909090910       2.392492597321248E-008
   25069635.7514539       -656565.656565657       3.679172944124002E-008
   25069635.7514539       -404040.404040404       5.553092497938423E-008
   25069635.7514539       -151515.151515152       8.225003576953925E-008
   25069635.7514539        101010.101010101       1.195291590985855E-007
   25069635.7514539        353535.353535354       1.703932054366632E-007
   25069635.7514539        606060.606060605       2.382056574639083E-007
   25069635.7514539        858585.858585859       3.264528810318929E-007
   25069635.7514539        1111111.11111111       4.383869033614323E-007
   25069635.7514539        1363636.36363636       5.764980946229139E-007
   25069635.7514539        1616161.61616162       7.418003059821366E-007
   25069635.7514539        1868686.86868687       9.329344930377420E-007
   25069635.7514539        2121212.12121212       1.145140316344125E-006
   25069635.7514539        2373737.37373737       1.369219794834823E-006
   25069635.7514539        2626262.62626263       1.590735377284003E-006
   25069635.7514539        2878787.87878788       1.789850720406013E-006
   25069635.7514539        3131313.13131313       1.942404217653942E-006
   25069635.7514539        3383838.38383838       2.022885470045281E-006
   25069635.7514539        3636363.63636364       2.009711761704536E-006
   25069635.7514539        3888888.88888889       1.892247709492553E-006
   25069635.7514539        4141414.14141414       1.677327858665000E-006
   25069635.7514539        4393939.39393939       1.391507395127233E-006
   25069635.7514539        4646464.64646465       1.075825346189369E-006
   25069635.7514539        4898989.89898990       7.737820942375715E-007
   25069635.7514539        5151515.15151515       5.182689889912765E-007
   25069635.7514539        5404040.40404040       3.243892189412751E-007
   25069635.7514539        5656565.65656566       1.907209430754142E-007
   25069635.7514539        5909090.90909091       1.059500860060098E-007
   25069635.7514539        6161616.16161616       5.593075141767229E-008
   25069635.7514539        6414141.41414141       2.819612272139998E-008
   25069635.7514539        6666666.66666667       1.362691655860201E-008
   25069635.7514539        6919191.91919192       6.330716813362894E-009
   25069635.7514539        7171717.17171717       2.831580969746844E-009
   25069635.7514539        7424242.42424243       1.219763650652459E-009
   25069635.7514539        7676767.67676768       5.054923209583072E-010
   25069635.7514539        7929292.92929293       2.008853530697282E-010
   25069635.7514539        8181818.18181818       7.602718302836809E-011
   25069635.7514539        8434343.43434343       2.700810152166935E-011
   25069635.7514539        8686868.68686869       8.717558394141528E-012
   25069635.7514539        8939393.93939394       2.338326578407977E-012
   25069635.7514539        9191919.19191919       3.384659181026161E-013
   25069635.7514539        9444444.44444444      -1.632477189932213E-013
   25069635.7514539        9696969.69696970      -2.101771818578794E-013
   25069635.7514539        9949494.94949495      -1.521417659088453E-013
   25069635.7514539        10202020.2020202      -9.163531453693979E-014
   25069635.7514539        10454545.4545455      -4.991259370993776E-014
   25069635.7514539        10707070.7070707      -2.533209810864652E-014
   25069635.7514539        10959595.9595960      -1.213504569846265E-014
   25069635.7514539        11212121.2121212      -5.520700635411009E-015
   25069635.7514539        11464646.4646465      -2.393773927531277E-015
   25069635.7514539        11717171.7171717      -9.926622404945973E-016
   25069635.7514539        11969696.9696970      -3.958867463304794E-016
   25069635.7514539        12222222.2222222      -1.534443831798070E-016
   25069635.7514539        12474747.4747475      -5.886157596929102E-017
   25069635.7514539        12727272.7272727      -2.291158898671242E-017
   25069635.7514539        12979797.9797980      -9.236314707119550E-018
   25069635.7514539        13232323.2323232      -3.831421041866363E-018
   25069635.7514539        13484848.4848485      -1.551195091057728E-018
   25069635.7514539        13737373.7373737      -5.421361028029527E-019
   25069635.7514539        13989898.9898990      -1.082889077279914E-019
   25069635.7514539        14242424.2424242       4.686879927374623E-020
   25069635.7514539        14494949.4949495       7.094297864150664E-020
   25069635.7514539        14747474.7474747       4.333169525435970E-020
   25069635.7514539        15000000.0000000       0.000000000000000E+000
   25626721.7630854       -10000000.0000000       0.000000000000000E+000
   25626721.7630854       -9747474.74747475      -4.947238640629241E-019
   25626721.7630854       -9494949.49494950      -1.594696394108620E-018
   25626721.7630854       -9242424.24242424      -4.025407572648405E-018
   25626721.7630854       -8989898.98989899      -9.375465806222246E-018
   25626721.7630854       -8737373.73737374      -2.087901626605872E-017
   25626721.7630854       -8484848.48484848      -4.489727998911887E-017
   25626721.7630854       -8232323.23232323      -9.347642851511877E-017
   25626721.7630854       -7979797.97979798      -1.884712741551606E-016
   25626721.7630854       -7727272.72727273      -3.675459235497661E-016
   25626721.7630854       -7474747.47474748      -6.913592453590107E-016
   25626721.7630854       -7222222.22222222      -1.248059283288801E-015
   25626721.7630854       -6969696.96969697      -2.142777959791482E-015
   25626721.7630854       -6717171.71717172      -3.439516232859307E-015
   25626721.7630854       -6464646.46464646      -4.976917425193437E-015
   25626721.7630854       -6212121.21212121      -5.880488243775793E-015
   25626721.7630854       -5959595.95959596      -3.388711105025623E-015
   25626721.7630854       -5707070.70707071       9.800409466545148E-015
   25626721.7630854       -5454545.45454546       5.125354891725168E-014
   25626721.7630854       -5202020.20202020       1.606918504658026E-013
   25626721.7630854       -4949494.94949495       4.238960290044681E-013
   25626721.7630854       -4696969.69696970       1.019385102735131E-012
   25626721.7630854       -4444444.44444444       2.307132489514371E-012
   25626721.7630854       -4191919.19191919       4.992907205397299E-012
   25626721.7630854       -3939393.93939394       1.042524388015250E-011
   25626721.7630854       -3686868.68686869       2.111912628747909E-011
   25626721.7630854       -3434343.43434343       4.165717967771770E-011
   25626721.7630854       -3181818.18181818       8.020256441279376E-011
   25626721.7630854       -2929292.92929293       1.509749455933335E-010
   25626721.7630854       -2676767.67676768       2.781967564262065E-010
   25626721.7630854       -2424242.42424242       5.022102060008510E-010
   25626721.7630854       -2171717.17171717       8.886828737003800E-010
   25626721.7630854       -1919191.91919192       1.542028627497062E-009
   25626721.7630854       -1666666.66666667       2.624310729291273E-009
   25626721.7630854       -1414141.41414141       4.380870300536311E-009
   25626721.7630854       -1161616.16161616       7.173602594564715E-009
   25626721.7630854       -909090.909090910       1.152201831029075E-008
   25626721.7630854       -656565.656565657       1.815079103633160E-008
   25626721.7630854       -404040.404040404       2.804022907791572E-008
   25626721.7630854       -151515.151515152       4.247290067227810E-008
   25626721.7630854        101010.101010101       6.306548186881245E-008
   25626721.7630854        353535.353535354       9.176996876700691E-008
   25626721.7630854        606060.606060605       1.308231517034779E-007
   25626721.7630854        858585.858585859       1.826185097829539E-007
   25626721.7630854        1111111.11111111       2.494717881480742E-007
   25626721.7630854        1363636.36363636       3.332525653730951E-007
   25626721.7630854        1616161.61616162       4.348623673105541E-007
   25626721.7630854        1868686.86868687       5.535603604627295E-007
   25626721.7630854        2121212.12121212       6.861777357832209E-007
   25626721.7630854        2373737.37373737       8.263310062213541E-007
   25626721.7630854        2626262.62626263       9.638505259635444E-007
   25626721.7630854        2878787.87878788       1.084778372139478E-006
   25626721.7630854        3131313.13131313       1.172414920240477E-006
   25626721.7630854        3383838.38383838       1.209883791449661E-006
   25626721.7630854        3636363.63636364       1.184325228879067E-006
   25626721.7630854        3888888.88888889       1.091921764547165E-006
   25626721.7630854        4141414.14141414       9.416825789932406E-007
   25626721.7630854        4393939.39393939       7.552289973364892E-007
   25626721.7630854        4646464.64646465       5.611463634603350E-007
   25626721.7630854        4898989.89898990       3.858890488817712E-007
   25626721.7630854        5151515.15151515       2.460789761555867E-007
   25626721.7630854        5404040.40404040       1.461553537637248E-007
   25626721.7630854        5656565.65656566       8.133016327553954E-008
   25626721.7630854        5909090.90909091       4.267453128220940E-008
   25626721.7630854        6161616.16161616       2.124139953046555E-008
   25626721.7630854        6414141.41414141       1.008062748289709E-008
   25626721.7630854        6666666.66666667       4.578268752481910E-009
   25626721.7630854        6919191.91919192       1.994188398691073E-009
   25626721.7630854        7171717.17171717       8.332821203753734E-010
   25626721.7630854        7424242.42424243       3.331961222532636E-010
   25626721.7630854        7676767.67676768       1.265791739855110E-010
   25626721.7630854        7929292.92929293       4.491939259909253E-011
   25626721.7630854        8181818.18181818       1.428754718673844E-011
   25626721.7630854        8434343.43434343       3.585585794208287E-012
   25626721.7630854        8686868.68686869       2.662275322649971E-013
   25626721.7630854        8939393.93939394      -5.131583842846362E-013
   25626721.7630854        9191919.19191919      -5.247426682383081E-013
   25626721.7630854        9444444.44444444      -3.694606776897062E-013
   25626721.7630854        9696969.69696970      -2.244234823810131E-013
   25626721.7630854        9949494.94949495      -1.248392535895161E-013
   25626721.7630854        10202020.2020202      -6.505871211672697E-014
   25626721.7630854        10454545.4545455      -3.208712618536584E-014
   25626721.7630854        10707070.7070707      -1.505355857353815E-014
   25626721.7630854        10959595.9595960      -6.739750337126820E-015
   25626721.7630854        11212121.2121212      -2.888839192787269E-015
   25626721.7630854        11464646.4646465      -1.190587185833591E-015
   25626721.7630854        11717171.7171717      -4.747839756732177E-016
   25626721.7630854        11969696.9696970      -1.846348625450887E-016
   25626721.7630854        12222222.2222222      -7.038412717406605E-017
   25626721.7630854        12474747.4747475      -2.606181735627553E-017
   25626721.7630854        12727272.7272727      -8.900410176913667E-018
   25626721.7630854        12979797.9797980      -2.291583524524016E-018
   25626721.7630854        13232323.2323232       1.159623323407132E-019
   25626721.7630854        13484848.4848485       8.064821223128966E-019
   25626721.7630854        13737373.7373737       8.136465057154759E-019
   25626721.7630854        13989898.9898990       5.959632317534425E-019
   25626721.7630854        14242424.2424242       3.563514644172775E-019
   25626721.7630854        14494949.4949495       1.719196019888651E-019
   25626721.7630854        14747474.7474747       5.755032668433666E-020
   25626721.7630854        15000000.0000000       0.000000000000000E+000
   26189929.5990205       -10000000.0000000       0.000000000000000E+000
   26189929.5990205       -9747474.74747475      -1.748176437061548E-019
   26189929.5990205       -9494949.49494950      -6.007731363731108E-019
   26189929.5990205       -9242424.24242424      -1.588424298594308E-018
   26189929.5990205       -8989898.98989899      -3.870111628889592E-018
   26189929.5990205       -8737373.73737374      -9.012892050062845E-018
   26189929.5990205       -8484848.48484848      -2.026378417583989E-017
   26189929.5990205       -8232323.23232323      -4.412944117796966E-017
   26189929.5990205       -7979797.97979798      -9.320697671289565E-017
   26189929.5990205       -7727272.72727273      -1.910217714071119E-016
   26189929.5990205       -7474747.47474748      -3.798234531979478E-016
   26189929.5990205       -7222222.22222222      -7.321615589766195E-016
   26189929.5990205       -6969696.96969697      -1.365866785072727E-015
   26189929.5990205       -6717171.71717172      -2.458036286560197E-015
   26189929.5990205       -6464646.46464646      -4.242802522290820E-015
   26189929.5990205       -6212121.21212121      -6.951574801254512E-015
   26189929.5990205       -5959595.95959596      -1.059560808029335E-014
   26189929.5990205       -5707070.70707071      -1.436440694317220E-014
   26189929.5990205       -5454545.45454546      -1.515268840096704E-014
   26189929.5990205       -5202020.20202020      -4.208690317570152E-015
   26189929.5990205       -4949494.94949495       4.010745926526705E-014
   26189929.5990205       -4696969.69696970       1.673474540626338E-013
   26189929.5990205       -4444444.44444444       4.850924927785471E-013
   26189929.5990205       -4191919.19191919       1.217511848921094E-012
   26189929.5990205       -3939393.93939394       2.816040922783604E-012
   26189929.5990205       -3686868.68686869       6.162995838787843E-012
   26189929.5990205       -3434343.43434343       1.293643690077012E-011
   26189929.5990205       -3181818.18181818       2.624712842598972E-011
   26189929.5990205       -2929292.92929293       5.172161265678997E-011
   26189929.5990205       -2676767.67676768       9.929488096887308E-011
   26189929.5990205       -2424242.42424242       1.860957361439593E-010
   26189929.5990205       -2171717.17171717       3.409564212393790E-010
   26189929.5990205       -1919191.91919192       6.112440506402319E-010
   26189929.5990205       -1666666.66666667       1.072866738982447E-009
   26189929.5990205       -1414141.41414141       1.844399842550682E-009
   26189929.5990205       -1161616.16161616       3.106224005972517E-009
   26189929.5990205       -909090.909090910       5.125248004769204E-009
   26189929.5990205       -656565.656565657       8.285053622414378E-009
   26189929.5990205       -404040.404040404       1.311997403365086E-008
   26189929.5990205       -151515.151515152       2.034953486186888E-008
   26189929.5990205        101010.101010101       3.090673447978768E-008
   26189929.5990205        353535.353535354       4.594982523958513E-008
   26189929.5990205        606060.606060605       6.684280654958181E-008
   26189929.5990205        858585.858585859       9.508533284527438E-008
   26189929.5990205        1111111.11111111       1.321692961451407E-007
   26189929.5990205        1363636.36363636       1.793389043183632E-007
   26189929.5990205        1616161.61616162       2.372367843827416E-007
   26189929.5990205        1868686.86868687       3.054352746314159E-007
   26189929.5990205        2121212.12121212       3.818862156563226E-007
   26189929.5990205        2373737.37373737       4.623815039723016E-007
   26189929.5990205        2626262.62626263       5.402037759434172E-007
   26189929.5990205        2878787.87878788       6.062491660698562E-007
   26189929.5990205        3131313.13131313       6.499712061562566E-007
   26189929.5990205        3383838.38383838       6.614141363386064E-007
   26189929.5990205        3636363.63636364       6.342192613775989E-007
   26189929.5990205        3888888.88888889       5.687413714773924E-007
   26189929.5990205        4141414.14141414       4.736296678712791E-007
   26189929.5990205        4393939.39393939       3.642544617086251E-007
   26189929.5990205        4646464.64646465       2.579172384420135E-007
   26189929.5990205        4898989.89898990       1.681366970481501E-007
   26189929.5990205        5151515.15151515       1.012187910330427E-007
   26189929.5990205        5404040.40404040       5.657322612346115E-008
   26189929.5990205        5656565.65656566       2.955408159369604E-008
   26189929.5990205        5909090.90909091       1.453038557223055E-008
   26189929.5990205        6161616.16161616       6.765003959220230E-009
   26189929.5990205        6414141.41414141       2.996558219943317E-009
   26189929.5990205        6666666.66666667       1.265897552488587E-009
   26189929.5990205        6919191.91919192       5.095033475595446E-010
   26189929.5990205        7171717.17171717       1.939747153212044E-010
   26189929.5990205        7424242.42424243       6.845039208210997E-011
   26189929.5990205        7676767.67676768       2.117670458455075E-011
   26189929.5990205        7929292.92929293       4.682043382625331E-012
   26189929.5990205        8181818.18181818      -3.337880499000801E-013
   26189929.5990205        8434343.43434343      -1.380995263688026E-012
   26189929.5990205        8686868.68686869      -1.237691937768179E-012
   26189929.5990205        8939393.93939394      -8.587257477421641E-013
   26189929.5990205        9191919.19191919      -5.283548730095178E-013
   26189929.5990205        9444444.44444444      -3.005845629541093E-013
   26189929.5990205        9696969.69696970      -1.607725432900554E-013
   26189929.5990205        9949494.94949495      -8.145737909447254E-014
   26189929.5990205        10202020.2020202      -3.924472949398748E-014
   26189929.5990205        10454545.4545455      -1.802137224378107E-014
   26189929.5990205        10707070.7070707      -7.902380923993815E-015
   26189929.5990205        10959595.9595960      -3.313970238341998E-015
   26189929.5990205        11212121.2121212      -1.329361764224343E-015
   26189929.5990205        11464646.4646465      -5.077918572387713E-016
   26189929.5990205        11717171.7171717      -1.812824096358551E-016
   26189929.5990205        11969696.9696970      -5.679251496699193E-017
   26189929.5990205        12222222.2222222      -1.190984911316252E-017
   26189929.5990205        12474747.4747475       2.517189539574246E-018
   26189929.5990205        12727272.7272727       5.713346254640101E-018
   26189929.5990205        12979797.9797980       5.111157063383148E-018
   26189929.5990205        13232323.2323232       3.561107100545987E-018
   26189929.5990205        13484848.4848485       2.107138208724528E-018
   26189929.5990205        13737373.7373737       1.057753870099312E-018
   26189929.5990205        13989898.9898990       4.217402760561146E-019
   26189929.5990205        14242424.2424242       1.012809826862721E-019
   26189929.5990205        14494949.4949495      -1.837318015502524E-020
   26189929.5990205        14747474.7474747      -3.083886419178460E-020
   26189929.5990205        15000000.0000000       0.000000000000000E+000
   26759259.2592593       -10000000.0000000       0.000000000000000E+000
   26759259.2592593       -9747474.74747475      -5.201464653503032E-020
   26759259.2592593       -9494949.49494950      -1.975095793676019E-019
   26759259.2592593       -9242424.24242424      -5.545692934915927E-019
   26759259.2592593       -8989898.98989899      -1.426893319280966E-018
   26759259.2592593       -8737373.73737374      -3.499237176968825E-018
   26759259.2592593       -8484848.48484848      -8.265255699539125E-018
   26759259.2592593       -8232323.23232323      -1.887467314109409E-017
   26759259.2592593       -7979797.97979798      -4.174930455521611E-017
   26759259.2592593       -7727272.72727273      -8.955124573402999E-017
   26759259.2592593       -7474747.47474748      -1.864213909399886E-016
   26759259.2592593       -7222222.22222222      -3.768285441421745E-016
   26759259.2592593       -6969696.96969697      -7.397671274196540E-016
   26759259.2592593       -6717171.71717172      -1.410057157658737E-015
   26759259.2592593       -6464646.46464646      -2.607202353307998E-015
   26759259.2592593       -6212121.21212121      -4.667450223775451E-015
   26759259.2592593       -5959595.95959596      -8.061473790789395E-015
   26759259.2592593       -5707070.70707071      -1.334803141071053E-014
   26759259.2592593       -5454545.45454546      -2.094168905288690E-014
   26759259.2592593       -5202020.20202020      -3.041793040515188E-014
   26759259.2592593       -4949494.94949495      -3.876093451457858E-014
   26759259.2592593       -4696969.69696970      -3.632881896047468E-014
   26759259.2592593       -4444444.44444444       1.897504050441046E-015
   26759259.2592593       -4191919.19191919       1.344589786513940E-013
   26759259.2592593       -3939393.93939394       4.896661537263951E-013
   26759259.2592593       -3686868.68686869       1.335678488990758E-012
   26759259.2592593       -3434343.43434343       3.211962754677976E-012
   26759259.2592593       -3181818.18181818       7.168897903852992E-012
   26759259.2592593       -2929292.92929293       1.519238522130074E-011
   26759259.2592593       -2676767.67676768       3.093546215545717E-011
   26759259.2592593       -2424242.42424242       6.094331554136164E-011
   26759259.2592593       -2171717.17171717       1.166444593943076E-010
   26759259.2592593       -1919191.91919192       2.174876576296604E-010
   26759259.2592593       -1666666.66666667       3.957214537191739E-010
   26759259.2592593       -1414141.41414141       7.034168380937075E-010
   26759259.2592593       -1161616.16161616       1.222378857606883E-009
   26759259.2592593       -909090.909090910       2.077507941407343E-009
   26759259.2592593       -656565.656565657       3.453853191637177E-009
   26759259.2592593       -404040.404040404       5.616914850811555E-009
   26759259.2592593       -151515.151515152       8.934550673184706E-009
   26759259.2592593        101010.101010101       1.389698070627480E-008
   26759259.2592593        353535.353535354       2.112879025049655E-008
   26759259.2592593        606060.606060605       3.138357487100110E-008
   26759259.2592593        858585.858585859       4.550831081700628E-008
   26759259.2592593        1111111.11111111       6.436150462124972E-008
   26759259.2592593        1363636.36363636       8.866826514029579E-008
   26759259.2592593        1616161.61616162       1.187993288672001E-007
   26759259.2592593        1868686.86868687       1.544738088243868E-007
   26759259.2592593        2121212.12121212       1.944122784872145E-007
   26759259.2592593        2373737.37373737       2.360125242132494E-007
   26759259.2592593        2626262.62626263       2.751840959915216E-007
   26759259.2592593        2878787.87878788       3.065423438607549E-007
   26759259.2592593        3131313.13131313       3.241783969720864E-007
   26759259.2592593        3383838.38383838       3.231005878466207E-007
   26759259.2592593        3636363.63636364       3.011015974945183E-007
   26759259.2592593        3888888.88888889       2.603002695713773E-007
   26759259.2592593        4141414.14141414       2.072977470099452E-007
   26759259.2592593        4393939.39393939       1.513274841069055E-007
   26759259.2592593        4646464.64646465       1.010542624051343E-007
   26759259.2592593        4898989.89898990       6.180966435737742E-008
   26759259.2592593        5151515.15151515       3.477734321402524E-008
   26759259.2592593        5404040.40404040       1.811712100175212E-008
   26759259.2592593        5656565.65656566       8.803540274963752E-009
   26759259.2592593        5909090.90909091       4.018346477274910E-009
   26759259.2592593        6161616.16161616       1.731783271345024E-009
   26759259.2592593        6414141.41414141       7.055599260681465E-010
   26759259.2592593        6666666.66666667       2.699469738131311E-010
   26759259.2592593        6919191.91919192       9.461197738369483E-011
   26759259.2592593        7171717.17171717       2.806605583635988E-011
   26759259.2592593        7424242.42424243       4.816450644015941E-012
   26759259.2592593        7676767.67676768      -2.092086778316368E-012
   26759259.2592593        7929292.92929293      -3.280629897565270E-012
   26759259.2592593        8181818.18181818      -2.749028275642766E-012
   26759259.2592593        8434343.43434343      -1.909647408973224E-012
   26759259.2592593        8686868.68686869      -1.198082105399638E-012
   26759259.2592593        8939393.93939394      -6.988187164055498E-013
   26759259.2592593        9191919.19191919      -3.834782914126071E-013
   26759259.2592593        9444444.44444444      -1.990493220786271E-013
   26759259.2592593        9696969.69696970      -9.799309363585830E-014
   26759259.2592593        9949494.94949495      -4.582057462589607E-014
   26759259.2592593        10202020.2020202      -2.035787514984004E-014
   26759259.2592593        10454545.4545455      -8.582299724378324E-015
   26759259.2592593        10707070.7070707      -3.413198294284875E-015
   26759259.2592593        10959595.9595960      -1.259065587233940E-015
   26759259.2592593        11212121.2121212      -4.105035475711961E-016
   26759259.2592593        11464646.4646465      -9.971818209928495E-017
   26759259.2592593        11717171.7171717       7.252939125224277E-019
   26759259.2592593        11969696.9696970       2.416976468975115E-017
   26759259.2592593        12222222.2222222       2.257996641473509E-017
   26759259.2592593        12474747.4747475       1.513969243431636E-017
   26759259.2592593        12727272.7272727       8.249370941407514E-018
   26759259.2592593        12979797.9797980       3.497829367857517E-018
   26759259.2592593        13232323.2323232       7.868143970179875E-019
   26759259.2592593        13484848.4848485      -4.551307322406124E-019
   26759259.2592593        13737373.7373737      -8.135383217053145E-019
   26759259.2592593        13989898.9898990      -7.354968802719887E-019
   26759259.2592593        14242424.2424242      -5.058136537355351E-019
   26759259.2592593        14494949.4949495      -2.751564375084853E-019
   26759259.2592593        14747474.7474747      -1.032611573482996E-019
   26759259.2592593        15000000.0000000       0.000000000000000E+000
   27334710.7438017       -10000000.0000000       0.000000000000000E+000
   27334710.7438017       -9747474.74747475      -1.136879190736534E-020
   27334710.7438017       -9494949.49494950      -5.324367601848206E-020
   27334710.7438017       -9242424.24242424      -1.639824179607287E-019
   27334710.7438017       -8989898.98989899      -4.544592334122231E-019
   27334710.7438017       -8737373.73737374      -1.190257468138483E-018
   27334710.7438017       -8484848.48484848      -2.985287093776544E-018
   27334710.7438017       -8232323.23232323      -7.208302583534184E-018
   27334710.7438017       -7979797.97979798      -1.680462157942844E-017
   27334710.7438017       -7727272.72727273      -3.789629161690514E-017
   27334710.7438017       -7474747.47474748      -8.278377734725044E-017
   27334710.7438017       -7222222.22222222      -1.753679720127926E-016
   27334710.7438017       -6969696.96969697      -3.605701877693363E-016
   27334710.7438017       -6717171.71717172      -7.200327922869412E-016
   27334710.7438017       -6464646.46464646      -1.397092368721373E-015
   27334710.7438017       -6212121.21212121      -2.634283844430161E-015
   27334710.7438017       -5959595.95959596      -4.825317343452281E-015
   27334710.7438017       -5707070.70707071      -8.577917275919031E-015
   27334710.7438017       -5454545.45454546      -1.476829504797836E-014
   27334710.7438017       -5202020.20202020      -2.453006070880336E-014
   27334710.7438017       -4949494.94949495      -3.903515355880706E-014
   27334710.7438017       -4696969.69696970      -5.874318132940991E-014
   27334710.7438017       -4444444.44444444      -8.142661301026184E-014
   27334710.7438017       -4191919.19191919      -9.755591108555944E-014
   27334710.7438017       -3939393.93939394      -8.025954314436127E-014
   27334710.7438017       -3686868.68686869       3.543107295399307E-014
   27334710.7438017       -3434343.43434343       3.937727322597477E-013
   27334710.7438017       -3181818.18181818       1.297233254288312E-012
   27334710.7438017       -2929292.92929293       3.352930151374137E-012
   27334710.7438017       -2676767.67676768       7.736160808328865E-012
   27334710.7438017       -2424242.42424242       1.665057435230627E-011
   27334710.7438017       -2171717.17171717       3.410753656964681E-011
   27334710.7438017       -1919191.91919192       6.720485315663081E-011
   27334710.7438017       -1666666.66666667       1.281553449273773E-010
   27334710.7438017       -1414141.41414141       2.373899689422853E-010
   27334710.7438017       -1161616.16161616       4.281177814534768E-010
   27334710.7438017       -909090.909090910       7.527284421698956E-010
   27334710.7438017       -656565.656565657       1.291312146120585E-009
   27334710.7438017       -404040.404040404       2.162261357946385E-009
   27334710.7438017       -151515.151515152       3.534300355307163E-009
   27334710.7438017        101010.101010101       5.638245868873397E-009
   27334710.7438017        353535.353535354       8.775244412810497E-009
   27334710.7438017        606060.606060605       1.331615966439829E-008
   27334710.7438017        858585.858585859       1.968439776274561E-008
   27334710.7438017        1111111.11111111       2.831233000976844E-008
   27334710.7438017        1363636.36363636       3.956077122046255E-008
   27334710.7438017        1616161.61616162       5.359372372133564E-008
   27334710.7438017        1868686.86868687       7.020980907874290E-008
   27334710.7438017        2121212.12121212       8.865103741410751E-008
   27334710.7438017        2373737.37373737       1.074410127817591E-007
   27334710.7438017        2626262.62626263       1.243444770669133E-007
   27334710.7438017        2878787.87878788       1.365701342022134E-007
   27334710.7438017        3131313.13131313       1.413189870587777E-007
   27334710.7438017        3383838.38383838       1.366575376092468E-007
   27334710.7438017        3636363.63636364       1.224528806792392E-007
   27334710.7438017        3888888.88888889       1.008588527619563E-007
   27334710.7438017        4141414.14141414       7.586326471162242E-008
   27334710.7438017        4393939.39393939       5.190551015008162E-008
   27334710.7438017        4646464.64646465       3.228625645485384E-008
   27334710.7438017        4898989.89898990       1.831204803455506E-008
   27334710.7438017        5151515.15151515       9.526774077576775E-009
   27334710.7438017        5404040.40404040       4.580873566571138E-009
   27334710.7438017        5656565.65656566       2.050834472786442E-009
   27334710.7438017        5909090.90909091       8.582822880816764E-010
   27334710.7438017        6161616.16161616       3.339911424959362E-010
   27334710.7438017        6414141.41414141       1.172592751670667E-010
   27334710.7438017        6666666.66666667       3.310333987967745E-011
   27334710.7438017        6919191.91919192       3.131608739327460E-012
   27334710.7438017        7171717.17171717      -5.758130468075306E-012
   27334710.7438017        7424242.42424243      -6.964551293098974E-012
   27334710.7438017        7676767.67676768      -5.741218972182640E-012
   27334710.7438017        7929292.92929293      -4.069244707502720E-012
   27334710.7438017        8181818.18181818      -2.626835428133552E-012
   27334710.7438017        8434343.43434343      -1.576711907129005E-012
   27334710.7438017        8686868.68686869      -8.877463636082336E-013
   27334710.7438017        8939393.93939394      -4.708365478377687E-013
   27334710.7438017        9191919.19191919      -2.357615415841952E-013
   27334710.7438017        9444444.44444444      -1.115851166905151E-013
   27334710.7438017        9696969.69696970      -4.991777170392904E-014
   27334710.7438017        9949494.94949495      -2.105360478327886E-014
   27334710.7438017        10202020.2020202      -8.302156993945622E-015
   27334710.7438017        10454545.4545455      -2.992792529992785E-015
   27334710.7438017        10707070.7070707      -9.273423663102835E-016
   27334710.7438017        10959595.9595960      -1.970299412351721E-016
   27334710.7438017        11212121.2121212       1.873369654294356E-017
   27334710.7438017        11464646.4646465       5.467417492023696E-017
   27334710.7438017        11717171.7171717       3.940627110319747E-017
   27334710.7438017        11969696.9696970       1.785497815603256E-017
   27334710.7438017        12222222.2222222       2.609902956049057E-018
   27334710.7438017        12474747.4747475      -5.185017202730191E-018
   27334710.7438017        12727272.7272727      -7.637377549343578E-018
   27334710.7438017        12979797.9797980      -7.126335978542296E-018
   27334710.7438017        13232323.2323232      -5.415306577709410E-018
   27334710.7438017        13484848.4848485      -3.554364019386674E-018
   27334710.7438017        13737373.7373737      -2.036921282022934E-018
   27334710.7438017        13989898.9898990      -1.000379580247272E-018
   27334710.7438017        14242424.2424242      -3.953388852514350E-019
   27334710.7438017        14494949.4949495      -1.029088436487023E-019
   27334710.7438017        14747474.7474747      -2.457417786697128E-021
   27334710.7438017        15000000.0000000       0.000000000000000E+000
   27916284.0526477       -10000000.0000000       0.000000000000000E+000
   27916284.0526477       -9747474.74747475      -6.362005778834024E-022
   27916284.0526477       -9494949.49494950      -9.600455756331155E-021
   27916284.0526477       -9242424.24242424      -3.677004329711480E-020
   27916284.0526477       -8989898.98989899      -1.164048988858360E-019
   27916284.0526477       -8737373.73737374      -3.369720517656409E-019
   27916284.0526477       -8484848.48484848      -9.177895500979915E-019
   27916284.0526477       -8232323.23232323      -2.381031611056183E-018
   27916284.0526477       -7979797.97979798      -5.922521672287002E-018
   27916284.0526477       -7727272.72727273      -1.418044138926687E-017
   27916284.0526477       -7474747.47474748      -3.276853186255001E-017
   27916284.0526477       -7222222.22222222      -7.321908048418386E-017
   27916284.0526477       -6969696.96969697      -1.584201641019935E-016
   27916284.0526477       -6717171.71717172      -3.322824493529573E-016
   27916284.0526477       -6464646.46464646      -6.762655709343434E-016
   27916284.0526477       -6212121.21212121      -1.336498882355280E-015
   27916284.0526477       -5959595.95959596      -2.566345725963537E-015
   27916284.0526477       -5707070.70707071      -4.789805275460130E-015
   27916284.0526477       -5454545.45454546      -8.689721003215208E-015
   27916284.0526477       -5202020.20202020      -1.531823898323225E-014
   27916284.0526477       -4949494.94949495      -2.620866064150033E-014
   27916284.0526477       -4696969.69696970      -4.342408122326725E-014
   27916284.0526477       -4444444.44444444      -6.938193865050967E-014
   27916284.0526477       -4191919.19191919      -1.060932062314421E-013
   27916284.0526477       -3939393.93939394      -1.530555114345052E-013
   27916284.0526477       -3686868.68686869      -2.022725587520234E-013
   27916284.0526477       -3434343.43434343      -2.274500811407005E-013
   27916284.0526477       -3181818.18181818      -1.618685815901975E-013
   27916284.0526477       -2929292.92929293       1.449851683744940E-013
   27916284.0526477       -2676767.67676768       1.009326118988114E-012
   27916284.0526477       -2424242.42424242       3.062646657538102E-012
   27916284.0526477       -2171717.17171717       7.516151197932375E-012
   27916284.0526477       -1919191.91919192       1.661321020257743E-011
   27916284.0526477       -1666666.66666667       3.437748844176018E-011
   27916284.0526477       -1414141.41414141       6.780523873934018E-011
   27916284.0526477       -1161616.16161616       1.286897235854692E-010
   27916284.0526477       -909090.909090910       2.362869514772510E-010
   27916284.0526477       -656565.656565657       4.210047187426512E-010
   27916284.0526477       -404040.404040404       7.291743736500891E-010
   27916284.0526477       -151515.151515152       1.228682345785405E-009
   27916284.0526477        101010.101010101       2.014720534757576E-009
   27916284.0526477        353535.353535354       3.214093526797058E-009
   27916284.0526477        606060.606060605       4.985379546306317E-009
   27916284.0526477        858585.858585859       7.510892904436427E-009
   27916284.0526477        1111111.11111111       1.097520168219541E-008
   27916284.0526477        1363636.36363636       1.552469273511543E-008
   27916284.0526477        1616161.61616162       2.120468943667853E-008
   27916284.0526477        1868686.86868687       2.787680136940222E-008
   27916284.0526477        2121212.12121212       3.513137937263394E-008
   27916284.0526477        2373737.37373737       4.222825076961277E-008
   27916284.0526477        2626262.62626263       4.811812620475647E-008
   27916284.0526477        2878787.87878788       5.160231695690489E-008
   27916284.0526477        3131313.13131313       5.165496806923824E-008
   27916284.0526477        3383838.38383838       4.784079607700069E-008
   27916284.0526477        3636363.63636364       4.063741221666652E-008
   27916284.0526477        3888888.88888889       3.141757592999620E-008
   27916284.0526477        4141414.14141414       2.198952051140248E-008
   27916284.0526477        4393939.39393939       1.390603868835961E-008
   27916284.0526477        4646464.64646465       7.961925360319479E-009
   27916284.0526477        4898989.89898990       4.151302721121122E-009
   27916284.0526477        5151515.15151515       1.987264911890919E-009
   27916284.0526477        5404040.40404040       8.796538831454112E-010
   27916284.0526477        5656565.65656566       3.593084959508147E-010
   27916284.0526477        5909090.90909091       1.310664496350788E-010
   27916284.0526477        6161616.16161616       3.668737634029341E-011
   27916284.0526477        6414141.41414141       4.318713271450982E-013
   27916284.0526477        6666666.66666667      -1.136853807505469E-011
   27916284.0526477        6919191.91919192      -1.318382914757433E-011
   27916284.0526477        7171717.17171717      -1.125909852821096E-011
   27916284.0526477        7424242.42424243      -8.340963617487140E-012
   27916284.0526477        7676767.67676768      -5.608077650053663E-012
   27916284.0526477        7929292.92929293      -3.482135481722310E-012
   27916284.0526477        8181818.18181818      -2.012951488814857E-012
   27916284.0526477        8434343.43434343      -1.088256668055283E-012
   27916284.0526477        8686868.68686869      -5.518813617422917E-013
   27916284.0526477        8939393.93939394      -2.631415850054104E-013
   27916284.0526477        9191919.19191919      -1.181682189582032E-013
   27916284.0526477        9444444.44444444      -4.998770405750420E-014
   27916284.0526477        9696969.69696970      -1.984698003952218E-014
   27916284.0526477        9949494.94949495      -7.306548134929659E-015
   27916284.0526477        10202020.2020202      -2.422201724756331E-015
   27916284.0526477        10454545.4545455      -6.796263133258201E-016
   27916284.0526477        10707070.7070707      -1.448315625314967E-016
   27916284.0526477        10959595.9595960      -3.044234508667145E-017
   27916284.0526477        11212121.2121212      -3.452163445990719E-017
   27916284.0526477        11464646.4646465      -5.325491166638395E-017
   27916284.0526477        11717171.7171717      -5.978200328842795E-017
   27916284.0526477        11969696.9696970      -5.381451240637163E-017
   27916284.0526477        12222222.2222222      -4.145928780792088E-017
   27916284.0526477        12474747.4747475      -2.811595544942878E-017
   27916284.0526477        12727272.7272727      -1.684747265576374E-017
   27916284.0526477        12979797.9797980      -8.724138156291629E-018
   27916284.0526477        13232323.2323232      -3.609944869498261E-018
   27916284.0526477        13484848.4848485      -8.327118909043412E-019
   27916284.0526477        13737373.7373737       3.861526545811622E-019
   27916284.0526477        13989898.9898990       7.109794990520692E-019
   27916284.0526477        14242424.2424242       6.143844554549168E-019
   27916284.0526477        14494949.4949495       3.828134814805774E-019
   27916284.0526477        14747474.7474747       1.598897350535460E-019
   27916284.0526477        15000000.0000000       0.000000000000000E+000
   28503979.1857974       -10000000.0000000       0.000000000000000E+000
   28503979.1857974       -9747474.74747475       1.222970365405037E-021
   28503979.1857974       -9494949.49494950       8.002636352687186E-022
   28503979.1857974       -9242424.24242424      -2.888932662179792E-021
   28503979.1857974       -8989898.98989899      -1.813633435194896E-020
   28503979.1857974       -8737373.73737374      -6.878176433086444E-020
   28503979.1857974       -8484848.48484848      -2.197403357352242E-019
   28503979.1857974       -8232323.23232323      -6.390696623195264E-019
   28503979.1857974       -7979797.97979798      -1.742219835551492E-018
   28503979.1857974       -7727272.72727273      -4.513388873085223E-018
   28503979.1857974       -7474747.47474748      -1.119270496717482E-017
   28503979.1857974       -7222222.22222222      -2.668795539483276E-017
   28503979.1857974       -6969696.96969697      -6.136192741807046E-017
   28503979.1857974       -6717171.71717172      -1.363219663701652E-016
   28503979.1857974       -6464646.46464646      -2.930666920953875E-016
   28503979.1857974       -6212121.21212121      -6.103871467356398E-016
   28503979.1857974       -5959595.95959596      -1.232792653447074E-015
   28503979.1857974       -5707070.70707071      -2.416338956353211E-015
   28503979.1857974       -5454545.45454546      -4.599240488281879E-015
   28503979.1857974       -5202020.20202020      -8.505228588841235E-015
   28503979.1857974       -4949494.94949495      -1.528549731972616E-014
   28503979.1857974       -4696969.69696970      -2.669661954554198E-014
   28503979.1857974       -4444444.44444444      -4.528980373478017E-014
   28503979.1857974       -4191919.19191919      -7.453738073497324E-014
   28503979.1857974       -3939393.93939394      -1.187193316361739E-013
   28503979.1857974       -3686868.68686869      -1.821882410858681E-013
   28503979.1857974       -3434343.43434343      -2.672403585726900E-013
   28503979.1857974       -3181818.18181818      -3.690967808679191E-013
   28503979.1857974       -2929292.92929293      -4.651973982791295E-013
   28503979.1857974       -2676767.67676768      -4.937408757915991E-013
   28503979.1857974       -2424242.42424242      -3.125815655946835E-013
   28503979.1857974       -2171717.17171717       3.765818060706169E-013
   28503979.1857974       -1919191.91919192       2.163263384133680E-012
   28503979.1857974       -1666666.66666667       6.160595931417690E-012
   28503979.1857974       -1414141.41414141       1.439080842649571E-011
   28503979.1857974       -1161616.16161616       3.039902517030387E-011
   28503979.1857974       -909090.909090910       6.018581567613023E-011
   28503979.1857974       -656565.656565657       1.135468638561202E-010
   28503979.1857974       -404040.404040404       2.058668090918981E-010
   28503979.1857974       -151515.151515152       3.603014849550825E-010
   28503979.1857974        101010.101010101       6.100585670642060E-010
   28503979.1857974        353535.353535354       1.000113994998731E-009
   28503979.1857974        606060.606060605       1.587170870622414E-009
   28503979.1857974        858585.858585859       2.436043434464092E-009
   28503979.1857974        1111111.11111111       3.610143757726976E-009
   28503979.1857974        1363636.36363636       5.153814338267097E-009
   28503979.1857974        1616161.61616162       7.065631997418472E-009
   28503979.1857974        1868686.86868687       9.265433414078880E-009
   28503979.1857974        2121212.12121212       1.156424666891092E-008
   28503979.1857974        2373737.37373737       1.365450656377585E-008
   28503979.1857974        2626262.62626263       1.514335473367099E-008
   28503979.1857974        2878787.87878788       1.564554517794962E-008
   28503979.1857974        3131313.13131313       1.492512098632777E-008
   28503979.1857974        3383838.38383838       1.302962869477010E-008
   28503979.1857974        3636363.63636364       1.032804029931171E-008
   28503979.1857974        3888888.88888889       7.393264726467020E-009
   28503979.1857974        4141414.14141414       4.773278316055652E-009
   28503979.1857974        4393939.39393939       2.790944097030565E-009
   28503979.1857974        4646464.64646465       1.492585914129457E-009
   28503979.1857974        4898989.89898990       7.397880745487964E-010
   28503979.1857974        5151515.15151515       3.423039346723310E-010
   28503979.1857974        5404040.40404040       1.445102063107103E-010
   28503979.1857974        5656565.65656566       4.883265868250540E-011
   28503979.1857974        5909090.90909091       3.692354041392717E-012
   28503979.1857974        6161616.16161616      -1.579172329216609E-011
   28503979.1857974        6414141.41414141      -2.172683559888054E-011
   28503979.1857974        6666666.66666667      -2.066377850255818E-011
   28503979.1857974        6919191.91919192      -1.655336195504316E-011
   28503979.1857974        7171717.17171717      -1.178513187299130E-011
   28503979.1857974        7424242.42424243      -7.621195749438481E-012
   28503979.1857974        7676767.67676768      -4.526527998467285E-012
   28503979.1857974        7929292.92929293      -2.486069064957533E-012
   28503979.1857974        8181818.18181818      -1.269211987378943E-012
   28503979.1857974        8434343.43434343      -6.054608023462834E-013
   28503979.1857974        8686868.68686869      -2.715714130384594E-013
   28503979.1857974        8939393.93939394      -1.154313270118505E-013
   28503979.1857974        9191919.19191919      -4.691006897606802E-014
   28503979.1857974        9444444.44444444      -1.838485578440028E-014
   28503979.1857974        9696969.69696970      -7.016603137365175E-015
   28503979.1857974        9949494.94949495      -2.675936600130672E-015
   28503979.1857974        10202020.2020202      -1.108697101805031E-015
   28503979.1857974        10454545.4545455      -5.810310968982823E-016
   28503979.1857974        10707070.7070707      -4.026661490664462E-016
   28503979.1857974        10959595.9595960      -3.159744658008919E-016
   28503979.1857974        11212121.2121212      -2.420153195020423E-016
   28503979.1857974        11464646.4646465      -1.693961818523769E-016
   28503979.1857974        11717171.7171717      -1.051618480421401E-016
   28503979.1857974        11969696.9696970      -5.582186685705456E-017
   28503979.1857974        12222222.2222222      -2.286495776518860E-017
   28503979.1857974        12474747.4747475      -3.926399032326899E-018
   28503979.1857974        12727272.7272727       4.935904232221168E-018
   28503979.1857974        12979797.9797980       7.585739320161806E-018
   28503979.1857974        13232323.2323232       7.029769386446497E-018
   28503979.1857974        13484848.4848485       5.254453369630520E-018
   28503979.1857974        13737373.7373737       3.373599892378874E-018
   28503979.1857974        13989898.9898990       1.879731871735121E-018
   28503979.1857974        14242424.2424242       8.888743356603294E-019
   28503979.1857974        14494949.4949495       3.312556887032340E-019
   28503979.1857974        14747474.7474747       7.653135871010819E-020
   28503979.1857974        15000000.0000000       0.000000000000000E+000
   29097796.1432507       -10000000.0000000       0.000000000000000E+000
   29097796.1432507       -9747474.74747475       1.254073610084816E-021
   29097796.1432507       -9494949.49494950       2.547706516499271E-021
   29097796.1432507       -9242424.24242424       3.947283495265076E-021
   29097796.1432507       -8989898.98989899       4.201122479964387E-021
   29097796.1432507       -8737373.73737374      -1.171632402289444E-021
   29097796.1432507       -8484848.48484848      -2.648501973087412E-020
   29097796.1432507       -8232323.23232323      -1.139140395080064E-019
   29097796.1432507       -7979797.97979798      -3.797693593509120E-019
   29097796.1432507       -7727272.72727273      -1.127075030443915E-018
   29097796.1432507       -7474747.47474748      -3.106691153631513E-018
   29097796.1432507       -7222222.22222222      -8.097145181322423E-018
   29097796.1432507       -6969696.96969697      -2.013996738406526E-017
   29097796.1432507       -6717171.71717172      -4.806688370887707E-017
   29097796.1432507       -6464646.46464646      -1.104636776773075E-016
   29097796.1432507       -6212121.21212121      -2.450261003524500E-016
   29097796.1432507       -5959595.95959596      -5.254684232600539E-016
   29097796.1432507       -5707070.70707071      -1.090798232283432E-015
   29097796.1432507       -5454545.45454546      -2.193817950871977E-015
   29097796.1432507       -5202020.20202020      -4.277886756631429E-015
   29097796.1432507       -4949494.94949495      -8.092631296742326E-015
   29097796.1432507       -4696969.69696970      -1.485915152661721E-014
   29097796.1432507       -4444444.44444444      -2.649099646782738E-014
   29097796.1432507       -4191919.19191919      -4.586468664847197E-014
   29097796.1432507       -3939393.93939394      -7.710576213532253E-014
   29097796.1432507       -3686868.68686869      -1.258011127199532E-013
   29097796.1432507       -3434343.43434343      -1.989449630584318E-013
   29097796.1432507       -3181818.18181818      -3.042389415905705E-013
   29097796.1432507       -2929292.92929293      -4.480361944676158E-013
   29097796.1432507       -2676767.67676768      -6.306459089472506E-013
   29097796.1432507       -2424242.42424242      -8.367383005272842E-013
   29097796.1432507       -2171717.17171717      -1.016970014772350E-012
   29097796.1432507       -1919191.91919192      -1.054355428670092E-012
   29097796.1432507       -1666666.66666667      -7.049631439162641E-013
   29097796.1432507       -1414141.41414141       5.030357583416090E-013
   29097796.1432507       -1161616.16161616       3.434811937721954E-012
   29097796.1432507       -909090.909090910       9.608200018160511E-012
   29097796.1432507       -656565.656565657       2.157823159176491E-011
   29097796.1432507       -404040.404040404       4.346724280971074E-011
   29097796.1432507       -151515.151515152       8.162381734021562E-011
   29097796.1432507        101010.101010101       1.453137008126041E-010
   29097796.1432507        353535.353535354       2.472076366137279E-010
   29097796.1432507        606060.606060605       4.032344196031533E-010
   29097796.1432507        858585.858585859       6.311496286198090E-010
   29097796.1432507        1111111.11111111       9.470396764751281E-010
   29097796.1432507        1363636.36363636       1.359148089476616E-009
   29097796.1432507        1616161.61616162       1.859183260996362E-009
   29097796.1432507        1868686.86868687       2.412921732766754E-009
   29097796.1432507        2121212.12121212       2.954356740468298E-009
   29097796.1432507        2373737.37373737       3.389793510631242E-009
   29097796.1432507        2626262.62626263       3.617703327321138E-009
   29097796.1432507        2878787.87878788       3.563809401075184E-009
   29097796.1432507        3131313.13131313       3.218644427137457E-009
   29097796.1432507        3383838.38383838       2.654134568338081E-009
   29097796.1432507        3636363.63636364       2.000523271990731E-009
   29097796.1432507        3888888.88888889       1.390870174063383E-009
   29097796.1432507        4141414.14141414       9.082274086550064E-010
   29097796.1432507        4393939.39393939       5.692867979095253E-010
   29097796.1432507        4646464.64646465       3.460662459884334E-010
   29097796.1432507        4898989.89898990       1.994157863984804E-010
   29097796.1432507        5151515.15151515       1.001833463593626E-010
   29097796.1432507        5404040.40404040       3.307347366202290E-011
   29097796.1432507        5656565.65656566      -8.815343416492146E-012
   29097796.1432507        5909090.90909091      -3.010787102236287E-011
   29097796.1432507        6161616.16161616      -3.607499876584741E-011
   29097796.1432507        6414141.41414141      -3.260195754415929E-011
   29097796.1432507        6666666.66666667      -2.496886092233132E-011
   29097796.1432507        6919191.91919192      -1.688251331459807E-011
   29097796.1432507        7171717.17171717      -1.027361381653365E-011
   29097796.1432507        7424242.42424243      -5.689241897566441E-012
   29097796.1432507        7676767.67676768      -2.890598062951872E-012
   29097796.1432507        7929292.92929293      -1.359484799060296E-012
   29097796.1432507        8181818.18181818      -5.996234951560090E-013
   29097796.1432507        8434343.43434343      -2.531619973306898E-013
   29097796.1432507        8686868.68686869      -1.052131835395432E-013
   29097796.1432507        8939393.93939394      -4.422518428732825E-014
   29097796.1432507        9191919.19191919      -1.903577937350713E-014
   29097796.1432507        9444444.44444444      -8.363737362148547E-015
   29097796.1432507        9696969.69696970      -3.776112373706598E-015
   29097796.1432507        9949494.94949495      -1.833950081812926E-015
   29097796.1432507        10202020.2020202      -1.016729272231204E-015
   29097796.1432507        10454545.4545455      -6.315951633996199E-016
   29097796.1432507        10707070.7070707      -3.937465546216324E-016
   29097796.1432507        10959595.9595960      -2.150603327354954E-016
   29097796.1432507        11212121.2121212      -8.240804830823439E-017
   29097796.1432507        11464646.4646465       3.130750288513460E-018
   29097796.1432507        11717171.7171717       4.656405810319655E-017
   29097796.1432507        11969696.9696970       5.932608979242136E-017
   29097796.1432507        12222222.2222222       5.420173447891755E-017
   29097796.1432507        12474747.4747475       4.150721791996630E-017
   29097796.1432507        12727272.7272727       2.782778978743123E-017
   29097796.1432507        12979797.9797980       1.644707954076552E-017
   29097796.1432507        13232323.2323232       8.388300320275602E-018
   29097796.1432507        13484848.4848485       3.421223237354137E-018
   29097796.1432507        13737373.7373737       7.972410513009309E-019
   29097796.1432507        13989898.9898990      -3.052840847799281E-019
   29097796.1432507        14242424.2424242      -5.630685825541795E-019
   29097796.1432507        14494949.4949495      -4.409296830711376E-019
   29097796.1432507        14747474.7474747      -2.092130512469010E-019
   29097796.1432507        15000000.0000000       0.000000000000000E+000
   29697734.9250076       -10000000.0000000       0.000000000000000E+000
   29697734.9250076       -9747474.74747475       1.043070107503233E-021
   29697734.9250076       -9494949.49494950       2.535379017900086E-021
   29697734.9250076       -9242424.24242424       4.704277321743637E-021
   29697734.9250076       -8989898.98989899       7.610354184480567E-021
   29697734.9250076       -8737373.73737374       1.094234349561729E-020
   29697734.9250076       -8484848.48484848       1.302893404501507E-020
   29697734.9250076       -8232323.23232323       7.392285590757832E-021
   29697734.9250076       -7979797.97979798      -2.807914313007654E-020
   29697734.9250076       -7727272.72727273      -1.618607313545240E-019
   29697734.9250076       -7474747.47474748      -5.890709366821556E-019
   29697734.9250076       -7222222.22222222      -1.827959380295417E-018
   29697734.9250076       -6969696.96969697      -5.176360387002072E-018
   29697734.9250076       -6717171.71717172      -1.372612988670802E-017
   29697734.9250076       -6464646.46464646      -3.452796467060174E-017
   29697734.9250076       -6212121.21212121      -8.303040581233128E-017
   29697734.9250076       -5959595.95959596      -1.918168760451791E-016
   29697734.9250076       -5707070.70707071      -4.270828827730858E-016
   29697734.9250076       -5454545.45454546      -9.183529491838164E-016
   29697734.9250076       -5202020.20202020      -1.909638970255455E-015
   29697734.9250076       -4949494.94949495      -3.843349718639025E-015
   29697734.9250076       -4696969.69696970      -7.491129777450919E-015
   29697734.9250076       -4444444.44444444      -1.414720421405854E-014
   29697734.9250076       -4191919.19191919      -2.589772659048615E-014
   29697734.9250076       -3939393.93939394      -4.597105911790493E-014
   29697734.9250076       -3686868.68686869      -7.915446681877638E-014
   29697734.9250076       -3434343.43434343      -1.322259862315222E-013
   29697734.9250076       -3181818.18181818      -2.142868839273790E-013
   29697734.9250076       -2929292.92929293      -3.367767908825520E-013
   29697734.9250076       -2676767.67676768      -5.127921324034934E-013
   29697734.9250076       -2424242.42424242      -7.550854527975884E-013
   29697734.9250076       -2171717.17171717      -1.071768991733391E-012
   29697734.9250076       -1919191.91919192      -1.458242281645976E-012
   29697734.9250076       -1666666.66666667      -1.883163239629849E-012
   29697734.9250076       -1414141.41414141      -2.265339556901009E-012
   29697734.9250076       -1161616.16161616      -2.437236644840461E-012
   29697734.9250076       -909090.909090910      -2.089579920957717E-012
   29697734.9250076       -656565.656565657      -6.910086671070042E-013
   29697734.9250076       -404040.404040404       2.621225872921516E-012
   29697734.9250076       -151515.151515152       9.175350816547143E-012
   29697734.9250076        101010.101010101       2.090030191473682E-011
   29697734.9250076        353535.353535354       4.040308602738639E-011
   29697734.9250076        606060.606060605       7.087963130692987E-011
   29697734.9250076        858585.858585859       1.157036270717263E-010
   29697734.9250076        1111111.11111111       1.775364434018790E-010
   29697734.9250076        1363636.36363636       2.569149664137447E-010
   29697734.9250076        1616161.61616162       3.505732018566945E-010
   29697734.9250076        1868686.86868687       4.502289965445260E-010
   29697734.9250076        2121212.12121212       5.430004923287561E-010
   29697734.9250076        2373737.37373737       6.144933122637045E-010
   29697734.9250076        2626262.62626263       6.543203242061952E-010
   29697734.9250076        2878787.87878788       6.614598489648184E-010
   29697734.9250076        3131313.13131313       6.451166233802043E-010
   29697734.9250076        3383838.38383838       6.184374358076478E-010
   29697734.9250076        3636363.63636364       5.882062677373381E-010
   29697734.9250076        3888888.88888889       5.488198976212025E-010
   29697734.9250076        4141414.14141414       4.868325080456617E-010
   29697734.9250076        4393939.39393939       3.933719467358092E-010
   29697734.9250076        4646464.64646465       2.743238260627555E-010
   29697734.9250076        4898989.89898990       1.498594011100427E-010
   29697734.9250076        5151515.15151515       4.401439395557749E-011
   29697734.9250076        5404040.40404040      -2.723218527343421E-011
   29697734.9250076        5656565.65656566      -6.134861593136364E-011
   29697734.9250076        5909090.90909091      -6.661859190757681E-011
   29697734.9250076        6161616.16161616      -5.555066795486757E-011
   29697734.9250076        6414141.41414141      -3.912122071232034E-011
   29697734.9250076        6666666.66666667      -2.411640857334329E-011
   29697734.9250076        6919191.91919192      -1.323846266282902E-011
   29697734.9250076        7171717.17171717      -6.540727427732997E-012
   29697734.9250076        7424242.42424243      -2.942636913390865E-012
   29697734.9250076        7676767.67676768      -1.231864911234080E-012
   29697734.9250076        7929292.92929293      -5.008556303715904E-013
   29697734.9250076        8181818.18181818      -2.107181418258129E-013
   29697734.9250076        8434343.43434343      -9.574035577550111E-014
   29697734.9250076        8686868.68686869      -4.555542685484029E-014
   29697734.9250076        8939393.93939394      -2.081670135100097E-014
   29697734.9250076        9191919.19191919      -8.300602162121126E-015
   29697734.9250076        9444444.44444444      -2.548240361898530E-015
   29697734.9250076        9696969.69696970      -3.658810497130343E-016
   29697734.9250076        9949494.94949495       2.537961070953562E-016
   29697734.9250076        10202020.2020202       3.688262815546660E-016
   29697734.9250076        10454545.4545455       3.863665820892624E-016
   29697734.9250076        10707070.7070707       3.913465212600327E-016
   29697734.9250076        10959595.9595960       3.724364496871901E-016
   29697734.9250076        11212121.2121212       3.205217495887017E-016
   29697734.9250076        11464646.4646465       2.461607364749049E-016
   29697734.9250076        11717171.7171717       1.679455530284217E-016
   29697734.9250076        11969696.9696970       1.006711461173190E-016
   29697734.9250076        12222222.2222222       5.112977186802203E-017
   29697734.9250076        12474747.4747475       1.942250143054441E-017
   29697734.9250076        12727272.7272727       2.034024543647294E-018
   29697734.9250076        12979797.9797980      -5.563891845983842E-018
   29697734.9250076        13232323.2323232      -7.409759372169388E-018
   29697734.9250076        13484848.4848485      -6.470730487260101E-018
   29697734.9250076        13737373.7373737      -4.611841770719384E-018
   29697734.9250076        13989898.9898990      -2.816253070449716E-018
   29697734.9250076        14242424.2424242      -1.471741571618596E-018
   29697734.9250076        14494949.4949495      -6.274929997498435E-019
   29697734.9250076        14747474.7474747      -1.824625256884143E-019
   29697734.9250076        15000000.0000000       0.000000000000000E+000
   30303795.5310683       -10000000.0000000       0.000000000000000E+000
   30303795.5310683       -9747474.74747475       0.000000000000000E+000
   30303795.5310683       -9494949.49494950       0.000000000000000E+000
   30303795.5310683       -9242424.24242424       0.000000000000000E+000
   30303795.5310683       -8989898.98989899       0.000000000000000E+000
   30303795.5310683       -8737373.73737374       0.000000000000000E+000
   30303795.5310683       -8484848.48484848       0.000000000000000E+000
   30303795.5310683       -8232323.23232323       0.000000000000000E+000
   30303795.5310683       -7979797.97979798       0.000000000000000E+000
   30303795.5310683       -7727272.72727273       0.000000000000000E+000
   30303795.5310683       -7474747.47474748       0.000000000000000E+000
   30303795.5310683       -7222222.22222222       0.000000000000000E+000
   30303795.5310683       -6969696.96969697       0.000000000000000E+000
   30303795.5310683       -6717171.71717172       0.000000000000000E+000
   30303795.5310683       -6464646.46464646       0.000000000000000E+000
   30303795.5310683       -6212121.21212121       0.000000000000000E+000
   30303795.5310683       -5959595.95959596       0.000000000000000E+000
   30303795.5310683       -5707070.70707071       0.000000000000000E+000
   30303795.5310683       -5454545.45454546       0.000000000000000E+000
   30303795.5310683       -5202020.20202020       0.000000000000000E+000
   30303795.5310683       -4949494.94949495       0.000000000000000E+000
   30303795.5310683       -4696969.69696970       0.000000000000000E+000
   30303795.5310683       -4444444.44444444       0.000000000000000E+000
   30303795.5310683       -4191919.19191919       0.000000000000000E+000
   30303795.5310683       -3939393.93939394       0.000000000000000E+000
   30303795.5310683       -3686868.68686869       0.000000000000000E+000
   30303795.5310683       -3434343.43434343       0.000000000000000E+000
   30303795.5310683       -3181818.18181818       0.000000000000000E+000
   30303795.5310683       -2929292.92929293       0.000000000000000E+000
   30303795.5310683       -2676767.67676768       0.000000000000000E+000
   30303795.5310683       -2424242.42424242       0.000000000000000E+000
   30303795.5310683       -2171717.17171717       0.000000000000000E+000
   30303795.5310683       -1919191.91919192       0.000000000000000E+000
   30303795.5310683       -1666666.66666667       0.000000000000000E+000
   30303795.5310683       -1414141.41414141       0.000000000000000E+000
   30303795.5310683       -1161616.16161616       0.000000000000000E+000
   30303795.5310683       -909090.909090910       0.000000000000000E+000
   30303795.5310683       -656565.656565657       0.000000000000000E+000
   30303795.5310683       -404040.404040404       0.000000000000000E+000
   30303795.5310683       -151515.151515152       0.000000000000000E+000
   30303795.5310683        101010.101010101       0.000000000000000E+000
   30303795.5310683        353535.353535354       0.000000000000000E+000
   30303795.5310683        606060.606060605       0.000000000000000E+000
   30303795.5310683        858585.858585859       0.000000000000000E+000
   30303795.5310683        1111111.11111111       0.000000000000000E+000
   30303795.5310683        1363636.36363636       0.000000000000000E+000
   30303795.5310683        1616161.61616162       0.000000000000000E+000
   30303795.5310683        1868686.86868687       0.000000000000000E+000
   30303795.5310683        2121212.12121212       0.000000000000000E+000
   30303795.5310683        2373737.37373737       0.000000000000000E+000
   30303795.5310683        2626262.62626263       0.000000000000000E+000
   30303795.5310683        2878787.87878788       0.000000000000000E+000
   30303795.5310683        3131313.13131313       0.000000000000000E+000
   30303795.5310683        3383838.38383838       0.000000000000000E+000
   30303795.5310683        3636363.63636364       0.000000000000000E+000
   30303795.5310683        3888888.88888889       0.000000000000000E+000
   30303795.5310683        4141414.14141414       0.000000000000000E+000
   30303795.5310683        4393939.39393939       0.000000000000000E+000
   30303795.5310683        4646464.64646465       0.000000000000000E+000
   30303795.5310683        4898989.89898990       0.000000000000000E+000
   30303795.5310683        5151515.15151515       0.000000000000000E+000
   30303795.5310683        5404040.40404040       0.000000000000000E+000
   30303795.5310683        5656565.65656566       0.000000000000000E+000
   30303795.5310683        5909090.90909091       0.000000000000000E+000
   30303795.5310683        6161616.16161616       0.000000000000000E+000
   30303795.5310683        6414141.41414141       0.000000000000000E+000
   30303795.5310683        6666666.66666667       0.000000000000000E+000
   30303795.5310683        6919191.91919192       0.000000000000000E+000
   30303795.5310683        7171717.17171717       0.000000000000000E+000
   30303795.5310683        7424242.42424243       0.000000000000000E+000
   30303795.5310683        7676767.67676768       0.000000000000000E+000
   30303795.5310683        7929292.92929293       0.000000000000000E+000
   30303795.5310683        8181818.18181818       0.000000000000000E+000
   30303795.5310683        8434343.43434343       0.000000000000000E+000
   30303795.5310683        8686868.68686869       0.000000000000000E+000
   30303795.5310683        8939393.93939394       0.000000000000000E+000
   30303795.5310683        9191919.19191919       0.000000000000000E+000
   30303795.5310683        9444444.44444444       0.000000000000000E+000
   30303795.5310683        9696969.69696970       0.000000000000000E+000
   30303795.5310683        9949494.94949495       0.000000000000000E+000
   30303795.5310683        10202020.2020202       0.000000000000000E+000
   30303795.5310683        10454545.4545455       0.000000000000000E+000
   30303795.5310683        10707070.7070707       0.000000000000000E+000
   30303795.5310683        10959595.9595960       0.000000000000000E+000
   30303795.5310683        11212121.2121212       0.000000000000000E+000
   30303795.5310683        11464646.4646465       0.000000000000000E+000
   30303795.5310683        11717171.7171717       0.000000000000000E+000
   30303795.5310683        11969696.9696970       0.000000000000000E+000
   30303795.5310683        12222222.2222222       0.000000000000000E+000
   30303795.5310683        12474747.4747475       0.000000000000000E+000
   30303795.5310683        12727272.7272727       0.000000000000000E+000
   30303795.5310683        12979797.9797980       0.000000000000000E+000
   30303795.5310683        13232323.2323232       0.000000000000000E+000
   30303795.5310683        13484848.4848485       0.000000000000000E+000
   30303795.5310683        13737373.7373737       0.000000000000000E+000
   30303795.5310683        13989898.9898990       0.000000000000000E+000
   30303795.5310683        14242424.2424242       0.000000000000000E+000
   30303795.5310683        14494949.4949495       0.000000000000000E+000
   30303795.5310683        14747474.7474747       0.000000000000000E+000
   30303795.5310683        15000000.0000000       0.000000000000000E+000
