# time =   2.70000000E+00
   1020.30405060708       -10000000.0000000       0.000000000000000E+000
   1020.30405060708       -9797979.79797980       1.157405143745475E-008
   1020.30405060708       -9595959.59595960       3.310814649340667E-008
   1020.30405060708       -9393939.39393939       6.828998230215014E-008
   1020.30405060708       -9191919.19191919       1.221488119185401E-007
   1020.30405060708       -8989898.98989899       2.012200420937534E-007
   1020.30405060708       -8787878.78787879       3.137118252685839E-007
   1020.30405060708       -8585858.58585859       4.696272596862180E-007
   1020.30405060708       -8383838.38383838       6.807996961559854E-007
   1020.30405060708       -8181818.18181818       9.608029086209816E-007
   1020.30405060708       -7979797.97979798       1.324702916136370E-006
   1020.30405060708       -7777777.77777778       1.788627127145595E-006
   1020.30405060708       -7575757.57575758       2.369140038942997E-006
   1020.30405060708       -7373737.37373737       3.082432452990040E-006
   1020.30405060708       -7171717.17171717       3.943351686753750E-006
   1020.30405060708       -6969696.96969697       4.964321726253987E-006
   1020.30405060708       -6767676.76767677       6.154222818609386E-006
   1020.30405060708       -6565656.56565657       7.517318219022314E-006
   1020.30405060708       -6363636.36363636       9.052330779549975E-006
   1020.30405060708       -6161616.16161616       1.075178298851740E-005
   1020.30405060708       -5959595.95959596       1.260171927517952E-005
   1020.30405060708       -5757575.75757576       1.458192539566514E-005
   1020.30405060708       -5555555.55555556       1.666674113960138E-005
   1020.30405060708       -5353535.35353535       1.882652398864778E-005
   1020.30405060708       -5151515.15151515       2.102976111761490E-005
   1020.30405060708       -4949494.94949495       2.324575248529548E-005
   1020.30405060708       -4747474.74747475       2.544771843965416E-005
   1020.30405060708       -4545454.54545455       2.761615335688958E-005
   1020.30405060708       -4343434.34343434       2.974229221437543E-005
   1020.30405060708       -4141414.14141414       3.183172070121239E-005
   1020.30405060708       -3939393.93939394       3.390847996087184E-005
   1020.30405060708       -3737373.73737374       3.602053229770605E-005
   1020.30405060708       -3535353.53535354       3.824820177651478E-005
   1020.30405060708       -3333333.33333333       4.071818676739757E-005
   1020.30405060708       -3131313.13131313       4.362678823124769E-005
   1020.30405060708       -2929292.92929293       4.727641307196469E-005
   1020.30405060708       -2727272.72727273       5.212742481768102E-005
   1020.30405060708       -2525252.52525253       5.885991709728223E-005
   1020.30405060708       -2323232.32323232       6.842408349405616E-005
   1020.30405060708       -2121212.12121212       8.203599727005333E-005
   1020.30405060708       -1919191.91919192       1.010620211608038E-004
   1020.30405060708       -1717171.71717172       1.267525511918961E-004
   1020.30405060708       -1515151.51515152       1.598438862406896E-004
   1020.30405060708       -1313131.31313131       2.001206307172811E-004
   1020.30405060708       -1111111.11111111       2.460761326649973E-004
   1020.30405060708       -909090.909090910       2.948026152548523E-004
   1020.30405060708       -707070.707070708       3.421947192167125E-004
   1020.30405060708       -505050.505050506       3.834760786392132E-004
   1020.30405060708       -303030.303030305       4.139708318024974E-004
   1020.30405060708       -101010.101010101       4.299601841528015E-004
   1020.30405060708        101010.101010101       4.294175461664583E-004
   1020.30405060708        303030.303030303       4.124292597655407E-004
   1020.30405060708        505050.505050505       3.811852234504886E-004
   1020.30405060708        707070.707070706       3.395414900784330E-004
   1020.30405060708        909090.909090908       2.922736230840204E-004
   1020.30405060708        1111111.11111111       2.442142703015337E-004
   1020.30405060708        1313131.31313131       1.994792608316850E-004
   1020.30405060708        1515151.51515151       1.609394729123539E-004
   1020.30405060708        1717171.71717172       1.300171321941652E-004
   1020.30405060708        1919191.91919192       1.068024174563245E-004
   1020.30405060708        2121212.12121212       9.041256863457161E-005
   1020.30405060708        2323232.32323232       7.945929236235393E-005
   1020.30405060708        2525252.52525252       7.247382702545449E-005
   1020.30405060708        2727272.72727273       6.818403447159391E-005
   1020.30405060708        2929292.92929293       6.562279849679637E-005
   1020.30405060708        3131313.13131313       6.411550478609945E-005
   1020.30405060708        3333333.33333333       6.321310209561063E-005
   1020.30405060708        3535353.53535353       6.261885201661872E-005
   1020.30405060708        3737373.73737374       6.213047716007782E-005
   1020.30405060708        3939393.93939394       6.160170927689280E-005
   1020.30405060708        4141414.14141414       6.091983460953044E-005
   1020.30405060708        4343434.34343434       5.999444278513400E-005
   1020.30405060708        4545454.54545454       5.875336400802293E-005
   1020.30405060708        4747474.74747475       5.714282284262461E-005
   1020.30405060708        4949494.94949495       5.512959250655312E-005
   1020.30405060708        5151515.15151515       5.270343379203805E-005
   1020.30405060708        5353535.35353535       4.987851918910738E-005
   1020.30405060708        5555555.55555555       4.669299868874969E-005
   1020.30405060708        5757575.75757576       4.320638162132863E-005
   1020.30405060708        5959595.95959596       3.949492506383878E-005
   1020.30405060708        6161616.16161616       3.564563177122370E-005
   1020.30405060708        6363636.36363636       3.174968457216207E-005
   1020.30405060708        6565656.56565657       2.789615218152873E-005
   1020.30405060708        6767676.76767677       2.416663166645163E-005
   1020.30405060708        6969696.96969697       2.063122776906824E-005
   1020.30405060708        7171717.17171717       1.734599877354824E-005
   1020.30405060708        7373737.37373737       1.435178767192940E-005
   1020.30405060708        7575757.57575757       1.167423188789795E-005
   1020.30405060708        7777777.77777778       9.324696269066050E-006
   1020.30405060708        7979797.97979798       7.301875889263667E-006
   1020.30405060708        8181818.18181818       5.593839774628734E-006
   1020.30405060708        8383838.38383838       4.180315660949704E-006
   1020.30405060708        8585858.58585858       3.035042407767330E-006
   1020.30405060708        8787878.78787879       2.128041746684329E-006
   1020.30405060708        8989898.98989899       1.427688434716129E-006
   1020.30405060708        9191919.19191919       9.024905556081259E-007
   1020.30405060708        9393939.39393939       5.225309338683931E-007
   1020.30405060708        9595959.59595960       2.605694949308711E-007
   1020.30405060708        9797979.79797980       9.288012432462401E-008
   1020.30405060708        10000000.0000000       0.000000000000000E+000
   9182.73645546373       -10000000.0000000       0.000000000000000E+000
   9182.73645546373       -9797979.79797980       1.157420936068150E-008
   9182.73645546373       -9595959.59595960       3.310845947495937E-008
   9182.73645546373       -9393939.39393939       6.829046189237306E-008
   9182.73645546373       -9191919.19191919       1.221494721735451E-007
   9182.73645546373       -8989898.98989899       2.012208918607353E-007
   9182.73645546373       -8787878.78787879       3.137128604996036E-007
   9182.73645546373       -8585858.58585859       4.696284545852307E-007
   9182.73645546373       -8383838.38383838       6.808009930794223E-007
   9182.73645546373       -8181818.18181818       9.608042071884827E-007
   9182.73645546373       -7979797.97979798       1.324704062418084E-006
   9182.73645546373       -7777777.77777778       1.788627904134800E-006
   9182.73645546373       -7575757.57575758       2.369140159767108E-006
   9182.73645546373       -7373737.37373737       3.082431558408894E-006
   9182.73645546373       -7171717.17171717       3.943349348393006E-006
   9182.73645546373       -6969696.96969697       4.964317456689340E-006
   9182.73645546373       -6767676.76767677       6.154216088840879E-006
   9182.73645546373       -6565656.56565657       7.517308483069835E-006
   9182.73645546373       -6363636.36363636       9.052317504900171E-006
   9182.73645546373       -6161616.16161616       1.075176569003052E-005
   9182.73645546373       -5959595.95959596       1.260169754893129E-005
   9182.73645546373       -5757575.75757576       1.458189894820453E-005
   9182.73645546373       -5555555.55555556       1.666670980742885E-005
   9182.73645546373       -5353535.35353535       1.882648774251998E-005
   9182.73645546373       -5151515.15151515       2.102972004660543E-005
   9182.73645546373       -4949494.94949495       2.324570675617464E-005
   9182.73645546373       -4747474.74747475       2.544766822744726E-005
   9182.73645546373       -4545454.54545455       2.761609874114928E-005
   9182.73645546373       -4343434.34343434       2.974223303054903E-005
   9182.73645546373       -4141414.14141414       3.183165632384228E-005
   9182.73645546373       -3939393.93939394       3.390840896905858E-005
   9182.73645546373       -3737373.73737374       3.602045192274856E-005
   9182.73645546373       -3535353.53535354       3.824810693979188E-005
   9182.73645546373       -3333333.33333333       4.071806836006944E-005
   9182.73645546373       -3131313.13131313       4.362663004921413E-005
   9182.73645546373       -2929292.92929293       4.727618653320256E-005
   9182.73645546373       -2727272.72727273       5.212708043499871E-005
   9182.73645546373       -2525252.52525253       5.885937209815385E-005
   9182.73645546373       -2323232.32323232       6.842320659747435E-005
   9182.73645546373       -2121212.12121212       8.203459465400871E-005
   9182.73645546373       -1919191.91919192       1.010598308305718E-004
   9182.73645546373       -1717171.71717172       1.267492535204424E-004
   9182.73645546373       -1515151.51515152       1.598391345420688E-004
   9182.73645546373       -1313131.31313131       2.001140991563325E-004
   9182.73645546373       -1111111.11111111       2.460675735566555E-004
   9182.73645546373       -909090.909090910       2.947919155075921E-004
   9182.73645546373       -707070.707070708       3.421819451233615E-004
   9182.73645546373       -505050.505050506       3.834614986664792E-004
   9182.73645546373       -303030.303030305       4.139549094270844E-004
   9182.73645546373       -101010.101010101       4.299435380201558E-004
   9182.73645546373        101010.101010101       4.294008821641061E-004
   9182.73645546373        303030.303030303       4.124132867483123E-004
   9182.73645546373        505050.505050505       3.811705687167250E-004
   9182.73645546373        707070.707070706       3.395286305906401E-004
   9182.73645546373        909090.909090908       2.922628439063829E-004
   9182.73645546373        1111111.11111111       2.442056546050290E-004
   9182.73645546373        1313131.31313131       1.994727088775409E-004
   9182.73645546373        1515151.51515151       1.609347429922933E-004
   9182.73645546373        1717171.71717172       1.300138949455477E-004
   9182.73645546373        1919191.91919192       1.068003144101796E-004
   9182.73645546373        2121212.12121212       9.041126463615655E-005
   9182.73645546373        2323232.32323232       7.945851149907309E-005
   9182.73645546373        2525252.52525252       7.247336648793437E-005
   9182.73645546373        2727272.72727273       6.818375922187022E-005
   9182.73645546373        2929292.92929293       6.562262561943770E-005
   9182.73645546373        3131313.13131313       6.411538634635013E-005
   9182.73645546373        3333333.33333333       6.321301143491080E-005
   9182.73645546373        3535353.53535353       6.261877460205637E-005
   9182.73645546373        3737373.73737374       6.213040514277567E-005
   9182.73645546373        3939393.93939394       6.160163848858246E-005
   9182.73645546373        4141414.14141414       6.091976297704685E-005
   9182.73645546373        4343434.34343434       5.999436950877492E-005
   9182.73645546373        4545454.54545454       5.875328912891693E-005
   9182.73645546373        4747474.74747475       5.714274699599505E-005
   9182.73645546373        4949494.94949495       5.512951675427347E-005
   9182.73645546373        5151515.15151515       5.270335948129818E-005
   9182.73645546373        5353535.35353535       4.987844781469619E-005
   9182.73645546373        5555555.55555555       4.669293175480016E-005
   9182.73645546373        5757575.75757576       4.320632050892362E-005
   9182.73645546373        5959595.95959596       3.949487091555847E-005
   9182.73645546373        6161616.16161616       3.564558540372342E-005
   9182.73645546373        6363636.36363636       3.174964642454669E-005
   9182.73645546373        6565656.56565657       2.789612230223661E-005
   9182.73645546373        6767676.76767677       2.416660973615677E-005
   9182.73645546373        6969696.96969697       2.063121315294987E-005
   9182.73645546373        7171717.17171717       1.734599059378386E-005
   9182.73645546373        7373737.37373737       1.435178489049579E-005
   9182.73645546373        7575757.57575757       1.167423339039908E-005
   9182.73645546373        7777777.77777778       9.324700941877465E-006
   9182.73645546373        7979797.97979798       7.301882684338280E-006
   9182.73645546373        8181818.18181818       5.593847758497482E-006
   9182.73645546373        8383838.38383838       4.180324046526339E-006
   9182.73645546373        8585858.58585858       3.035050569360556E-006
   9182.73645546373        8787878.78787879       2.128049220013510E-006
   9182.73645546373        8989898.98989899       1.427694904625191E-006
   9182.73645546373        9191919.19191919       9.024958344831515E-007
   9182.73645546373        9393939.39393939       5.225349333029115E-007
   9182.73645546373        9595959.59595960       2.605721912016750E-007
   9182.73645546373        9797979.79797980       9.288151114019773E-008
   9182.73645546373        10000000.0000000       0.000000000000000E+000
   25507.6012651770       -10000000.0000000       0.000000000000000E+000
   25507.6012651770       -9797979.79797980       1.157543860424071E-008
   25507.6012651770       -9595959.59595960       3.311089568124676E-008
   25507.6012651770       -9393939.39393939       6.829419496844844E-008
   25507.6012651770       -9191919.19191919       1.221546115281661E-007
   25507.6012651770       -8989898.98989899       2.012275063556404E-007
   25507.6012651770       -8787878.78787879       3.137209186208951E-007
   25507.6012651770       -8585858.58585859       4.696377555326033E-007
   25507.6012651770       -8383838.38383838       6.808110881530827E-007
   25507.6012651770       -8181818.18181818       9.608143150278961E-007
   25507.6012651770       -7979797.97979798       1.324712984836558E-006
   25507.6012651770       -7777777.77777778       1.788633951958667E-006
   25507.6012651770       -7575757.57575758       2.369141099989987E-006
   25507.6012651770       -7373737.37373737       3.082424594717391E-006
   25507.6012651770       -7171717.17171717       3.943331146333822E-006
   25507.6012651770       -6969696.96969697       4.964284222162135E-006
   25507.6012651770       -6767676.76767677       6.154163704115306E-006
   25507.6012651770       -6565656.56565657       7.517232698233435E-006
   25507.6012651770       -6363636.36363636       9.052214174854092E-006
   25507.6012651770       -6161616.16161616       1.075163103841830E-005
   25507.6012651770       -5959595.95959596       1.260152843156372E-005
   25507.6012651770       -5757575.75757576       1.458169308080405E-005
   25507.6012651770       -5555555.55555556       1.666646591725372E-005
   25507.6012651770       -5353535.35353535       1.882620560188138E-005
   25507.6012651770       -5151515.15151515       2.102940034881046E-005
   25507.6012651770       -4949494.94949495       2.324535079935886E-005
   25507.6012651770       -4747474.74747475       2.544727737407229E-005
   25507.6012651770       -4545454.54545455       2.761567361063660E-005
   25507.6012651770       -4343434.34343434       2.974177234241300E-005
   25507.6012651770       -4141414.14141414       3.183115521029094E-005
   25507.6012651770       -3939393.93939394       3.390785637129369E-005
   25507.6012651770       -3737373.73737374       3.601982629207906E-005
   25507.6012651770       -3535353.53535354       3.824736874989493E-005
   25507.6012651770       -3333333.33333333       4.071714671898559E-005
   25507.6012651770       -3131313.13131313       4.362539884649547E-005
   25507.6012651770       -2929292.92929293       4.727442332955791E-005
   25507.6012651770       -2727272.72727273       5.212440010246465E-005
   25507.6012651770       -2525252.52525253       5.885513047562089E-005
   25507.6012651770       -2323232.32323232       6.841638201805668E-005
   25507.6012651770       -2121212.12121212       8.202367872993166E-005
   25507.6012651770       -1919191.91919192       1.010427846049174E-004
   25507.6012651770       -1717171.71717172       1.267235894716495E-004
   25507.6012651770       -1515151.51515152       1.598021545048134E-004
   25507.6012651770       -1313131.31313131       2.000632671868943E-004
   25507.6012651770       -1111111.11111111       2.460009618979342E-004
   25507.6012651770       -909090.909090910       2.947086439043750E-004
   25507.6012651770       -707070.707070708       3.420825294457192E-004
   25507.6012651770       -505050.505050506       3.833480282923194E-004
   25507.6012651770       -303030.303030305       4.138309914920055E-004
   25507.6012651770       -101010.101010101       4.298139873352470E-004
   25507.6012651770        101010.101010101       4.292711925420834E-004
   25507.6012651770        303030.303030303       4.122889750902678E-004
   25507.6012651770        505050.505050505       3.810565171597881E-004
   25507.6012651770        707070.707070706       3.394285511948848E-004
   25507.6012651770        909090.909090908       2.921789551726901E-004
   25507.6012651770        1111111.11111111       2.441386036892533E-004
   25507.6012651770        1313131.31313131       1.994217193542615E-004
   25507.6012651770        1515151.51515151       1.608979335231342E-004
   25507.6012651770        1717171.71717172       1.299887020529935E-004
   25507.6012651770        1919191.91919192       1.067839481834445E-004
   25507.6012651770        2121212.12121212       9.040111671083704E-005
   25507.6012651770        2323232.32323232       7.945243463796330E-005
   25507.6012651770        2525252.52525252       7.246978240664848E-005
   25507.6012651770        2727272.72727273       6.818161705693328E-005
   25507.6012651770        2929292.92929293       6.562128012697026E-005
   25507.6012651770        3131313.13131313       6.411446449803674E-005
   25507.6012651770        3333333.33333333       6.321230577071053E-005
   25507.6012651770        3535353.53535353       6.261817202282090E-005
   25507.6012651770        3737373.73737374       6.212984456501662E-005
   25507.6012651770        3939393.93939394       6.160108747237420E-005
   25507.6012651770        4141414.14141414       6.091920538772900E-005
   25507.6012651770        4343434.34343434       5.999379912287781E-005
   25507.6012651770        4545454.54545454       5.875270626729747E-005
   25507.6012651770        4747474.74747475       5.714215660359392E-005
   25507.6012651770        4949494.94949495       5.512892709688904E-005
   25507.6012651770        5151515.15151515       5.270278104552419E-005
   25507.6012651770        5353535.35353535       4.987789223596810E-005
   25507.6012651770        5555555.55555555       4.669241074123835E-005
   25507.6012651770        5757575.75757576       4.320584481079123E-005
   25507.6012651770        5959595.95959596       3.949444942658964E-005
   25507.6012651770        6161616.16161616       3.564522448064005E-005
   25507.6012651770        6363636.36363636       3.174934948521472E-005
   25507.6012651770        6565656.56565657       2.789588972358133E-005
   25507.6012651770        6767676.76767677       2.416643903244061E-005
   25507.6012651770        6969696.96969697       2.063109938264576E-005
   25507.6012651770        7171717.17171717       1.734592692386431E-005
   25507.6012651770        7373737.37373737       1.435176324095611E-005
   25507.6012651770        7575757.57575757       1.167424508677196E-005
   25507.6012651770        7777777.77777778       9.324737315720649E-006
   25507.6012651770        7979797.97979798       7.301935577676931E-006
   25507.6012651770        8181818.18181818       5.593909905239749E-006
   25507.6012651770        8383838.38383838       4.180389320026363E-006
   25507.6012651770        8585858.58585858       3.035114099268730E-006
   25507.6012651770        8787878.78787879       2.128107392395894E-006
   25507.6012651770        8989898.98989899       1.427745266327161E-006
   25507.6012651770        9191919.19191919       9.025369251319386E-007
   25507.6012651770        9393939.39393939       5.225660647516680E-007
   25507.6012651770        9595959.59595960       2.605931787975825E-007
   25507.6012651770        9797979.79797980       9.289230593548588E-008
   25507.6012651770        10000000.0000000       0.000000000000000E+000
   49994.8984797470       -10000000.0000000       0.000000000000000E+000
   49994.8984797470       -9797979.79797980       1.157948933065641E-008
   49994.8984797470       -9595959.59595960       3.311892391136188E-008
   49994.8984797470       -9393939.39393939       6.830649699121880E-008
   49994.8984797470       -9191919.19191919       1.221715478599742E-007
   49994.8984797470       -8989898.98989899       2.012493038754008E-007
   49994.8984797470       -8787878.78787879       3.137474734110662E-007
   49994.8984797470       -8585858.58585859       4.696684057872964E-007
   49994.8984797470       -8383838.38383838       6.808443551119517E-007
   49994.8984797470       -8181818.18181818       9.608476236482166E-007
   49994.8984797470       -7979797.97979798       1.324742386427251E-006
   49994.8984797470       -7777777.77777778       1.788653879781382E-006
   49994.8984797470       -7575757.57575758       2.369144195099346E-006
   49994.8984797470       -7373737.37373737       3.082401641771054E-006
   49994.8984797470       -7171717.17171717       3.943271156512199E-006
   49994.8984797470       -6969696.96969697       4.964174691817809E-006
   49994.8984797470       -6767676.76767677       6.153991062990768E-006
   49994.8984797470       -6565656.56565657       7.516982940352668E-006
   49994.8984797470       -6363636.36363636       9.051873639524243E-006
   49994.8984797470       -6161616.16161616       1.075118728000322E-005
   49994.8984797470       -5959595.95959596       1.260097108761738E-005
   49994.8984797470       -5757575.75757576       1.458101462264664E-005
   49994.8984797470       -5555555.55555556       1.666566214972549E-005
   49994.8984797470       -5353535.35353535       1.882527577391274E-005
   49994.8984797470       -5151515.15151515       2.102834674475265E-005
   49994.8984797470       -4949494.94949495       2.324417769727962E-005
   49994.8984797470       -4747474.74747475       2.544598926486671E-005
   49994.8984797470       -4545454.54545455       2.761427253790279E-005
   49994.8984797470       -4343434.34343434       2.974025409099416E-005
   49994.8984797470       -4141414.14141414       3.182950374738363E-005
   49994.8984797470       -3939393.93939394       3.390603526985668E-005
   49994.8984797470       -3737373.73737374       3.601776457186787E-005
   49994.8984797470       -3535353.53535354       3.824493621809046E-005
   49994.8984797470       -3333333.33333333       4.071410988331208E-005
   49994.8984797470       -3131313.13131313       4.362134237296455E-005
   49994.8984797470       -2929292.92929293       4.726861468155199E-005
   49994.8984797470       -2727272.72727273       5.211557104643594E-005
   49994.8984797470       -2525252.52525253       5.884115985007071E-005
   49994.8984797470       -2323232.32323232       6.839390559801031E-005
   49994.8984797470       -2121212.12121212       8.198772947512314E-005
   49994.8984797470       -1919191.91919192       1.009866480249105E-004
   49994.8984797470       -1717171.71717172       1.266390733712691E-004
   49994.8984797470       -1515151.51515152       1.596803723157518E-004
   49994.8984797470       -1313131.31313131       1.998958660012203E-004
   49994.8984797470       -1111111.11111111       2.457815915282281E-004
   49994.8984797470       -909090.909090910       2.944344041584321E-004
   49994.8984797470       -707070.707070708       3.417551186468279E-004
   49994.8984797470       -505050.505050506       3.829743276645775E-004
   49994.8984797470       -303030.303030305       4.134228815584249E-004
   49994.8984797470       -101010.101010101       4.293873265365113E-004
   49994.8984797470        101010.101010101       4.288440758262430E-004
   49994.8984797470        303030.303030303       4.118795733838170E-004
   49994.8984797470        505050.505050505       3.806809104394603E-004
   49994.8984797470        707070.707070706       3.390989651742403E-004
   49994.8984797470        909090.909090908       2.919026957373146E-004
   49994.8984797470        1111111.11111111       2.439178006835371E-004
   49994.8984797470        1313131.31313131       1.992538134470059E-004
   49994.8984797470        1515151.51515151       1.607767262240000E-004
   49994.8984797470        1717171.71717172       1.299057487827754E-004
   49994.8984797470        1919191.91919192       1.067300596924121E-004
   49994.8984797470        2121212.12121212       9.036770285755582E-005
   49994.8984797470        2323232.32323232       7.943242477484381E-005
   49994.8984797470        2525252.52525252       7.245797989042694E-005
   49994.8984797470        2727272.72727273       6.817456202544433E-005
   49994.8984797470        2929292.92929293       6.561684821306835E-005
   49994.8984797470        3131313.13131313       6.411142753328063E-005
   49994.8984797470        3333333.33333333       6.320998066971692E-005
   49994.8984797470        3535353.53535353       6.261618636534403E-005
   49994.8984797470        3737373.73737374       6.212799719469986E-005
   49994.8984797470        3939393.93939394       6.159927155278227E-005
   49994.8984797470        4141414.14141414       6.091736778072867E-005
   49994.8984797470        4343434.34343434       5.999191933576706E-005
   49994.8984797470        4545454.54545454       5.875078536615556E-005
   49994.8984797470        4747474.74747475       5.714021088925467E-005
   49994.8984797470        4949494.94949495       5.512698381207402E-005
   49994.8984797470        5151515.15151515       5.270087475046004E-005
   49994.8984797470        5353535.35353535       4.987606127614892E-005
   49994.8984797470        5555555.55555555       4.669069370111545E-005
   49994.8984797470        5757575.75757576       4.320427711770316E-005
   49994.8984797470        5959595.95959596       3.949306038925076E-005
   49994.8984797470        6161616.16161616       3.564403504667940E-005
   49994.8984797470        6363636.36363636       3.174837091699121E-005
   49994.8984797470        6565656.56565657       2.789512326187096E-005
   49994.8984797470        6767676.76767677       2.416587648406340E-005
   49994.8984797470        6969696.96969697       2.063072446142290E-005
   49994.8984797470        7171717.17171717       1.734571711031864E-005
   49994.8984797470        7373737.37373737       1.435169190639609E-005
   49994.8984797470        7575757.57575757       1.167428364368022E-005
   49994.8984797470        7777777.77777778       9.324857196658242E-006
   49994.8984797470        7979797.97979798       7.302109897648348E-006
   49994.8984797470        8181818.18181818       5.594114718609485E-006
   49994.8984797470        8383838.38383838       4.180604436319613E-006
   49994.8984797470        8585858.58585858       3.035323468211014E-006
   49994.8984797470        8787878.78787879       2.128299104273860E-006
   49994.8984797470        8989898.98989899       1.427911236795961E-006
   49994.8984797470        9191919.19191919       9.026723415674295E-007
   49994.8984797470        9393939.39393939       5.226686594097128E-007
   49994.8984797470        9595959.59595960       2.606623432423057E-007
   49994.8984797470        9797979.79797980       9.292787918362739E-008
   49994.8984797470        10000000.0000000       0.000000000000000E+000
   82644.6280991736       -10000000.0000000       0.000000000000000E+000
   82644.6280991736       -9797979.79797980       1.158899743475483E-008
   82644.6280991736       -9595959.59595960       3.313776939302303E-008
   82644.6280991736       -9393939.39393939       6.833537542830846E-008
   82644.6280991736       -9191919.19191919       1.222113053649380E-007
   82644.6280991736       -8989898.98989899       2.013004727413900E-007
   82644.6280991736       -8787878.78787879       3.138098092968745E-007
   82644.6280991736       -8585858.58585859       4.697403546152182E-007
   82644.6280991736       -8383838.38383838       6.809224449010226E-007
   82644.6280991736       -8181818.18181818       9.609258087775762E-007
   82644.6280991736       -7979797.97979798       1.324811396495767E-006
   82644.6280991736       -7777777.77777778       1.788700645842581E-006
   82644.6280991736       -7575757.57575758       2.369151440762900E-006
   82644.6280991736       -7373737.37373737       3.082347732436016E-006
   82644.6280991736       -7171717.17171717       3.943130293919742E-006
   82644.6280991736       -6969696.96969697       4.963917521117718E-006
   82644.6280991736       -6767676.76767677       6.153585724824422E-006
   82644.6280991736       -6565656.56565657       7.516396551792048E-006
   82644.6280991736       -6363636.36363636       9.051074127454216E-006
   82644.6280991736       -6161616.16161616       1.075014542298879E-005
   82644.6280991736       -5959595.95959596       1.259966255404517E-005
   82644.6280991736       -5757575.75757576       1.457942173305020E-005
   82644.6280991736       -5555555.55555556       1.666377505047250E-005
   82644.6280991736       -5353535.35353535       1.882309269746665E-005
   82644.6280991736       -5151515.15151515       2.102587305123889E-005
   82644.6280991736       -4949494.94949495       2.324142343032201E-005
   82644.6280991736       -4747474.74747475       2.544296497276973E-005
   82644.6280991736       -4545454.54545455       2.761098303202440E-005
   82644.6280991736       -4343434.34343434       2.973668950390781E-005
   82644.6280991736       -4141414.14141414       3.182562649436324E-005
   82644.6280991736       -3939393.93939394       3.390175993779649E-005
   82644.6280991736       -3737373.73737374       3.601292472765088E-005
   82644.6280991736       -3535353.53535354       3.823922661683121E-005
   82644.6280991736       -3333333.33333333       4.070698316927991E-005
   82644.6280991736       -3131313.13131313       4.361182508187405E-005
   82644.6280991736       -2929292.92929293       4.725499017543084E-005
   82644.6280991736       -2727272.72727273       5.209486774134589E-005
   82644.6280991736       -2525252.52525253       5.880840811502431E-005
   82644.6280991736       -2323232.32323232       6.834122361677325E-005
   82644.6280991736       -2121212.12121212       8.190347969260810E-005
   82644.6280991736       -1919191.91919192       1.008550968091484E-004
   82644.6280991736       -1717171.71717172       1.264410212747108E-004
   82644.6280991736       -1515151.51515152       1.593949886172092E-004
   82644.6280991736       -1313131.31313131       1.995035671842950E-004
   82644.6280991736       -1111111.11111111       2.452674863492327E-004
   82644.6280991736       -909090.909090910       2.937916883318753E-004
   82644.6280991736       -707070.707070708       3.409877688832930E-004
   82644.6280991736       -505050.505050506       3.820984724702099E-004
   82644.6280991736       -303030.303030305       4.124663709207672E-004
   82644.6280991736       -101010.101010101       4.283873370897099E-004
   82644.6280991736        101010.101010101       4.278430277397821E-004
   82644.6280991736        303030.303030303       4.109200645392749E-004
   82644.6280991736        505050.505050505       3.798006355309032E-004
   82644.6280991736        707070.707070706       3.383265810375695E-004
   82644.6280991736        909090.909090908       2.912553226467542E-004
   82644.6280991736        1111111.11111111       2.434004216182311E-004
   82644.6280991736        1313131.31313131       1.988604164858250E-004
   82644.6280991736        1515151.51515151       1.604927686121655E-004
   82644.6280991736        1717171.71717172       1.297114262115948E-004
   82644.6280991736        1919191.91919192       1.066038288707508E-004
   82644.6280991736        2121212.12121212       9.028943186781107E-005
   82644.6280991736        2323232.32323232       7.938554794513802E-005
   82644.6280991736        2525252.52525252       7.243032508430133E-005
   82644.6280991736        2727272.72727273       6.815802637756671E-005
   82644.6280991736        2929292.92929293       6.560645673397629E-005
   82644.6280991736        3131313.13131313       6.410430383522785E-005
   82644.6280991736        3333333.33333333       6.320452472673214E-005
   82644.6280991736        3535353.53535353       6.261152566645984E-005
   82644.6280991736        3737373.73737374       6.212366036825287E-005
   82644.6280991736        3939393.93939394       6.159500820423336E-005
   82644.6280991736        4141414.14141414       6.091305336417918E-005
   82644.6280991736        4343434.34343434       5.998750584275797E-005
   82644.6280991736        4545454.54545454       5.874627535159364E-005
   82644.6280991736        4747474.74747475       5.713564264984915E-005
   82644.6280991736        4949494.94949495       5.512242131984712E-005
   82644.6280991736        5151515.15151515       5.269639914933937E-005
   82644.6280991736        5353535.35353535       4.987176259195595E-005
   82644.6280991736        5555555.55555555       4.668666251720476E-005
   82644.6280991736        5757575.75757576       4.320059660279508E-005
   82644.6280991736        5959595.95959596       3.948979934532164E-005
   82644.6280991736        6161616.16161616       3.564124264496274E-005
   82644.6280991736        6363636.36363636       3.174607358985058E-005
   82644.6280991736        6565656.56565657       2.789332391390901E-005
   82644.6280991736        6767676.76767677       2.416455587231642E-005
   82644.6280991736        6969696.96969697       2.062984434403817E-005
   82644.6280991736        7171717.17171717       1.734522461292226E-005
   82644.6280991736        7373737.37373737       1.435152450896238E-005
   82644.6280991736        7575757.57575757       1.167437422896655E-005
   82644.6280991736        7777777.77777778       9.325138695888255E-006
   82644.6280991736        7979797.97979798       7.302519192949948E-006
   82644.6280991736        8181818.18181818       5.594595593537032E-006
   82644.6280991736        8383838.38383838       4.181109490780256E-006
   82644.6280991736        8585858.58585858       3.035815022147996E-006
   82644.6280991736        8787878.78787879       2.128749198318809E-006
   82644.6280991736        8989898.98989899       1.428300892183394E-006
   82644.6280991736        9191919.19191919       9.029902603136957E-007
   82644.6280991736        9393939.39393939       5.229095179843367E-007
   82644.6280991736        9595959.59595960       2.608247137995174E-007
   82644.6280991736        9797979.79797980       9.301138577152308E-008
   82644.6280991736        10000000.0000000       0.000000000000000E+000
   123456.790123457       -10000000.0000000       0.000000000000000E+000
   123456.790123457       -9797979.79797980       1.160744821299447E-008
   123456.790123457       -9595959.59595960       3.317434422371222E-008
   123456.790123457       -9393939.39393939       6.839142455081226E-008
   123456.790123457       -9191919.19191919       1.222884702360145E-007
   123456.790123457       -8989898.98989899       2.013997852904391E-007
   123456.790123457       -8787878.78787879       3.139307936924904E-007
   123456.790123457       -8585858.58585859       4.698799925298379E-007
   123456.790123457       -8383838.38383838       6.810739950588189E-007
   123456.790123457       -8181818.18181818       9.610775341507403E-007
   123456.790123457       -7979797.97979798       1.324945300383980E-006
   123456.790123457       -7777777.77777778       1.788791358073617E-006
   123456.790123457       -7575757.57575758       2.369165423809534E-006
   123456.790123457       -7373737.37373737       3.082242988461260E-006
   123456.790123457       -7171717.17171717       3.942856741984862E-006
   123456.790123457       -6969696.96969697       4.963418175007781E-006
   123456.790123457       -6767676.76767677       6.152798734643890E-006
   123456.790123457       -6565656.56565657       7.515258078061701E-006
   123456.790123457       -6363636.36363636       9.049521899519889E-006
   123456.790123457       -6161616.16161616       1.074812270246109E-005
   123456.790123457       -5959595.95959596       1.259712209150785E-005
   123456.790123457       -5757575.75757576       1.457632919002696E-005
   123456.790123457       -5555555.55555556       1.666011127955482E-005
   123456.790123457       -5353535.35353535       1.881885425027446E-005
   123456.790123457       -5151515.15151515       2.102107032184515E-005
   123456.790123457       -4949494.94949495       2.323607591624789E-005
   123456.790123457       -4747474.74747475       2.543709317145246E-005
   123456.790123457       -4545454.54545455       2.760459633828322E-005
   123456.790123457       -4343434.34343434       2.972976887665213E-005
   123456.790123457       -4141414.14141414       3.181809919361573E-005
   123456.790123457       -3939393.93939394       3.389346058026481E-005
   123456.790123457       -3737373.73737374       3.600353105007151E-005
   123456.790123457       -3535353.53535354       3.822814769029660E-005
   123456.790123457       -3333333.33333333       4.069315968160522E-005
   123456.790123457       -3131313.13131313       4.359337372998686E-005
   123456.790123457       -2929292.92929293       4.722859103904568E-005
   123456.790123457       -2727272.72727273       5.205477553574217E-005
   123456.790123457       -2525252.52525253       5.874501627360288E-005
   123456.790123457       -2323232.32323232       6.823929683308277E-005
   123456.790123457       -2121212.12121212       8.174052050818419E-005
   123456.790123457       -1919191.91919192       1.006006818261124E-004
   123456.790123457       -1717171.71717172       1.260580125809598E-004
   123456.790123457       -1515151.51515152       1.588430771465836E-004
   123456.790123457       -1313131.31313131       1.987448422612834E-004
   123456.790123457       -1111111.11111111       2.442731080989367E-004
   123456.790123457       -909090.909090910       2.925484654166700E-004
   123456.790123457       -707070.707070708       3.395033791190387E-004
   123456.790123457       -505050.505050506       3.804041194244962E-004
   123456.790123457       -303030.303030305       4.106159515704046E-004
   123456.790123457       -101010.101010101       4.264528050389010E-004
   123456.790123457        101010.101010101       4.259064874576377E-004
   123456.790123457        303030.303030303       4.090639628189825E-004
   123456.790123457        505050.505050505       3.780979234718900E-004
   123456.790123457        707070.707070706       3.368327076473847E-004
   123456.790123457        909090.909090908       2.900033958770937E-004
   123456.790123457        1111111.11111111       2.424000454151618E-004
   123456.790123457        1313131.31313131       1.980999061933360E-004
   123456.790123457        1515151.51515151       1.599439303250928E-004
   123456.790123457        1717171.71717172       1.293358984637582E-004
   123456.790123457        1919191.91919192       1.063599115958134E-004
   123456.790123457        2121212.12121212       9.013818423176046E-005
   123456.790123457        2323232.32323232       7.929494779432622E-005
   123456.790123457        2525252.52525252       7.237685497790447E-005
   123456.790123457        2727272.72727273       6.812603574095995E-005
   123456.790123457        2929292.92929293       6.558633721371793E-005
   123456.790123457        3131313.13131313       6.409049945510972E-005
   123456.790123457        3333333.33333333       6.319394398483473E-005
   123456.790123457        3535353.53535353       6.260248204746699E-005
   123456.790123457        3737373.73737374       6.211524233778478E-005
   123456.790123457        3939393.93939394       6.158673137736625E-005
   123456.790123457        4141414.14141414       6.090467678870281E-005
   123456.790123457        4343434.34343434       5.997893673033336E-005
   123456.790123457        4545454.54545454       5.873751887085599E-005
   123456.790123457        4747474.74747475       5.712677325496004E-005
   123456.790123457        4949494.94949495       5.511356325608981E-005
   123456.790123457        5151515.15151515       5.268770996782123E-005
   123456.790123457        5353535.35353535       4.986341706683869E-005
   123456.790123457        5555555.55555555       4.667883649101450E-005
   123456.790123457        5757575.75757576       4.319345151334429E-005
   123456.790123457        5959595.95959596       3.948346873223314E-005
   123456.790123457        6161616.16161616       3.563582193328828E-005
   123456.790123457        6363636.36363636       3.174161405898693E-005
   123456.790123457        6565656.56565657       2.788983116884173E-005
   123456.790123457        6767676.76767677       2.416199252547900E-005
   123456.790123457        6969696.96969697       2.062813612984879E-005
   123456.790123457        7171717.17171717       1.734426886554341E-005
   123456.790123457        7373737.37373737       1.435119984385725E-005
   123456.790123457        7575757.57575757       1.167455034320817E-005
   123456.790123457        7777777.77777778       9.325685385978078E-006
   123456.790123457        7979797.97979798       7.303313929362361E-006
   123456.790123457        8181818.18181818       5.595529247146919E-006
   123456.790123457        8383838.38383838       4.182090048954394E-006
   123456.790123457        8585858.58585858       3.036769341948079E-006
   123456.790123457        8787878.78787879       2.129623006984998E-006
   123456.790123457        8989898.98989899       1.429057349985911E-006
   123456.790123457        9191919.19191919       9.036074371437439E-007
   123456.790123457        9393939.39393939       5.233770811902346E-007
   123456.790123457        9595959.59595960       2.611398938684075E-007
   123456.790123457        9797979.79797980       9.317346088133575E-008
   123456.790123457        10000000.0000000       0.000000000000000E+000
   172431.384552597       -10000000.0000000       0.000000000000000E+000
   172431.384552597       -9797979.79797980       1.163918122491995E-008
   172431.384552597       -9595959.59595960       3.323726235355554E-008
   172431.384552597       -9393939.39393939       6.848785142934323E-008
   172431.384552597       -9191919.19191919       1.224212275551331E-007
   172431.384552597       -8989898.98989899       2.015706447225681E-007
   172431.384552597       -8787878.78787879       3.141389316571689E-007
   172431.384552597       -8585858.58585859       4.701202098614740E-007
   172431.384552597       -8383838.38383838       6.813346859014470E-007
   172431.384552597       -8181818.18181818       9.613384958945212E-007
   172431.384552597       -7979797.97979798       1.325175558769130E-006
   172431.384552597       -7777777.77777778       1.788947250397077E-006
   172431.384552597       -7575757.57575758       2.369189232308461E-006
   172431.384552597       -7373737.37373737       3.082062435276439E-006
   172431.384552597       -7171717.17171717       3.942385636900610E-006
   172431.384552597       -6969696.96969697       4.962558440525405E-006
   172431.384552597       -6767676.76767677       6.151443917248803E-006
   172431.384552597       -6565656.56565657       7.513298292187983E-006
   172431.384552597       -6363636.36363636       9.046849949628519E-006
   172431.384552597       -6161616.16161616       1.074464090313592E-005
   172431.384552597       -5959595.95959596       1.259274907751336E-005
   172431.384552597       -5757575.75757576       1.457100580818723E-005
   172431.384552597       -5555555.55555556       1.665380451814930E-005
   172431.384552597       -5353535.35353535       1.881155812165816E-005
   172431.384552597       -5151515.15151515       2.101280267954479E-005
   172431.384552597       -4949494.94949495       2.322687031673119E-005
   172431.384552597       -4747474.74747475       2.542698495433818E-005
   172431.384552597       -4545454.54545455       2.759360184091534E-005
   172431.384552597       -4343434.34343434       2.971785568038600E-005
   172431.384552597       -4141414.14141414       3.180514279368704E-005
   172431.384552597       -3939393.93939394       3.387917765770936E-005
   172431.384552597       -3737373.73737374       3.598736952373035E-005
   172431.384552597       -3535353.53535354       3.820909556867789E-005
   172431.384552597       -3333333.33333333       4.066940383820411E-005
   172431.384552597       -3131313.13131313       4.356169274095603E-005
   172431.384552597       -2929292.92929293       4.718330967319048E-005
   172431.384552597       -2727272.72727273       5.198607763310325E-005
   172431.384552597       -2525252.52525253       5.863649388805556E-005
   172431.384552597       -2323232.32323232       6.806493034855448E-005
   172431.384552597       -2121212.12121212       8.146188041612176E-005
   172431.384552597       -1919191.91919192       1.001657770620901E-004
   172431.384552597       -1717171.71717172       1.254033384924035E-004
   172431.384552597       -1515151.51515152       1.578996584165583E-004
   172431.384552597       -1313131.31313131       1.974477615365207E-004
   172431.384552597       -1111111.11111111       2.425729417054209E-004
   172431.384552597       -909090.909090910       2.904225658489649E-004
   172431.384552597       -707070.707070708       3.369648312867487E-004
   172431.384552597       -505050.505050506       3.775062987979214E-004
   172431.384552597       -303030.303030305       4.074511009083211E-004
   172431.384552597       -101010.101010101       4.231440920540586E-004
   172431.384552597        101010.101010101       4.225944625109652E-004
   172431.384552597        303030.303030303       4.058897571446580E-004
   172431.384552597        505050.505050505       3.751863960322643E-004
   172431.384552597        707070.707070706       3.342787279802444E-004
   172431.384552597        909090.909090908       2.878635521951737E-004
   172431.384552597        1111111.11111111       2.406906531780903E-004
   172431.384552597        1313131.31313131       1.968008139230950E-004
   172431.384552597        1515151.51515151       1.590067325171119E-004
   172431.384552597        1717171.71717172       1.286948345582639E-004
   172431.384552597        1919191.91919192       1.059435895479626E-004
   172431.384552597        2121212.12121212       8.988001944472780E-005
   172431.384552597        2323232.32323232       7.914024842844843E-005
   172431.384552597        2525252.52525252       7.228549052869635E-005
   172431.384552597        2727272.72727273       6.807131410299919E-005
   172431.384552597        2929292.92929293       6.555187354108930E-005
   172431.384552597        3131313.13131313       6.406681705250881E-005
   172431.384552597        3333333.33333333       6.317576691173035E-005
   172431.384552597        3535353.53535353       6.258692999809123E-005
   172431.384552597        3737373.73737374       6.210075733028081E-005
   172431.384552597        3939393.93939394       6.157248497498283E-005
   172431.384552597        4141414.14141414       6.089025683505595E-005
   172431.384552597        4343434.34343434       5.996418478946657E-005
   172431.384552597        4545454.54545454       5.872244448057953E-005
   172431.384552597        4747474.74747475       5.711150489251890E-005
   172431.384552597        4949494.94949495       5.509831493283469E-005
   172431.384552597        5151515.15151515       5.267275292519235E-005
   172431.384552597        5353535.35353535       4.984905212909545E-005
   172431.384552597        5555555.55555555       4.666536627810020E-005
   172431.384552597        5757575.75757576       4.318115382041056E-005
   172431.384552597        5959595.95959596       3.947257331429197E-005
   172431.384552597        6161616.16161616       3.562649292994551E-005
   172431.384552597        6363636.36363636       3.173393962278355E-005
   172431.384552597        6565656.56565657       2.788382084250361E-005
   172431.384552597        6767676.76767677       2.415758186531876E-005
   172431.384552597        6969696.96969697       2.062519723564991E-005
   172431.384552597        7171717.17171717       1.734262497567432E-005
   172431.384552597        7373737.37373737       1.435064199981451E-005
   172431.384552597        7575757.57575757       1.167485425618655E-005
   172431.384552597        7777777.77777778       9.326626954760628E-006
   172431.384552597        7979797.97979798       7.304682272931960E-006
   172431.384552597        8181818.18181818       5.597136556015326E-006
   172431.384552597        8383838.38383838       4.183777976722108E-006
   172431.384552597        8585858.58585858       3.038412019286196E-006
   172431.384552597        8787878.78787879       2.131127040057557E-006
   172431.384552597        8989898.98989899       1.430359345693496E-006
   172431.384552597        9191919.19191919       9.046696599048648E-007
   172431.384552597        9393939.39393939       5.241817534354811E-007
   172431.384552597        9595959.59595960       2.616822563120307E-007
   172431.384552597        9797979.79797980       9.345229604667769E-008
   172431.384552597        10000000.0000000       0.000000000000000E+000
   229568.411386593       -10000000.0000000       0.000000000000000E+000
   229568.411386593       -9797979.79797980       1.168933851988953E-008
   229568.411386593       -9595959.59595960       3.333674713938882E-008
   229568.411386593       -9393939.39393939       6.864034005383959E-008
   229568.411386593       -9191919.19191919       1.226311763419696E-007
   229568.411386593       -8989898.98989899       2.018408458929311E-007
   229568.411386593       -8787878.78787879       3.144680699369695E-007
   229568.411386593       -8585858.58585859       4.705000466282046E-007
   229568.411386593       -8383838.38383838       6.817468465478178E-007
   229568.411386593       -8181818.18181818       9.617510056190421E-007
   229568.411386593       -7979797.97979798       1.325539402055438E-006
   229568.411386593       -7777777.77777778       1.789193338227982E-006
   229568.411386593       -7575757.57575758       2.369226238891310E-006
   229568.411386593       -7373737.37373737       3.081775996704212E-006
   229568.411386593       -7171717.17171717       3.941639372362432E-006
   229568.411386593       -6969696.96969697       4.961197151496042E-006
   229568.411386593       -6767676.76767677       6.149299137356201E-006
   229568.411386593       -6565656.56565657       7.510196103931822E-006
   229568.411386593       -6363636.36363636       9.042620666286752E-006
   229568.411386593       -6161616.16161616       1.073912985761937E-005
   229568.411386593       -5959595.95959596       1.258582739933255E-005
   229568.411386593       -5757575.75757576       1.456257975304718E-005
   229568.411386593       -5555555.55555556       1.664382169909199E-005
   229568.411386593       -5353535.35353535       1.880000892737726E-005
   229568.411386593       -5151515.15151515       2.099971526975567E-005
   229568.411386593       -4949494.94949495       2.321229779049140E-005
   229568.411386593       -4747474.74747475       2.541098339284402E-005
   229568.411386593       -4545454.54545455       2.757619752959512E-005
   229568.411386593       -4343434.34343434       2.969899822737969E-005
   229568.411386593       -4141414.14141414       3.178463694740976E-005
   229568.411386593       -3939393.93939394       3.385657848076241E-005
   229568.411386593       -3737373.73737374       3.596180996875109E-005
   229568.411386593       -3535353.53535354       3.817898718763235E-005
   229568.411386593       -3333333.33333333       4.063190323296313E-005
   229568.411386593       -3131313.13131313       4.351175322488369E-005
   229568.411386593       -2929292.92929293       4.711204951535082E-005
   229568.411386593       -2727272.72727273       5.187814766127349E-005
   229568.411386593       -2525252.52525253       5.846625168747070E-005
   229568.411386593       -2323232.32323232       6.779171834552568E-005
   229568.411386593       -2121212.12121212       8.102563200504567E-005
   229568.411386593       -1919191.91919192       9.948517157426878E-005
   229568.411386593       -1717171.71717172       1.243789477544223E-004
   229568.411386593       -1515151.51515152       1.564233663863002E-004
   229568.411386593       -1313131.31313131       1.954176947010897E-004
   229568.411386593       -1111111.11111111       2.399114400804314E-004
   229568.411386593       -909090.909090910       2.870939371545371E-004
   229568.411386593       -707070.707070708       3.329894492377656E-004
   229568.411386593       -505050.505050506       3.729677802365017E-004
   229568.411386593       -303030.303030305       4.024940778722395E-004
   229568.411386593       -101010.101010101       4.179617415564989E-004
   229568.411386593        101010.101010101       4.174072420252121E-004
   229568.411386593        303030.303030303       4.009190216492226E-004
   229568.411386593        505050.505050505       3.706279321576249E-004
   229568.411386593        707070.707070706       3.302812087159357E-004
   229568.411386593        909090.909090908       2.845155097541561E-004
   229568.411386593        1111111.11111111       2.380173548419650E-004
   229568.411386593        1313131.31313131       1.947702675912564E-004
   229568.411386593        1515151.51515151       1.575426508741624E-004
   229568.411386593        1717171.71717172       1.276938405759070E-004
   229568.411386593        1919191.91919192       1.052936888057865E-004
   229568.411386593        2121212.12121212       8.947697188470506E-005
   229568.411386593        2323232.32323232       7.889859053228326E-005
   229568.411386593        2525252.52525252       7.214260262589919E-005
   229568.411386593        2727272.72727273       6.798558111521534E-005
   229568.411386593        2929292.92929293       6.549775537490024E-005
   229568.411386593        3131313.13131313       6.402953584436890E-005
   229568.411386593        3333333.33333333       6.314708811113706E-005
   229568.411386593        3535353.53535353       6.256235271080810E-005
   229568.411386593        3737373.73737374       6.207784386579351E-005
   229568.411386593        3939393.93939394       6.154993776848331E-005
   229568.411386593        4141414.14141414       6.086743019032988E-005
   229568.411386593        4343434.34343434       5.994083122597698E-005
   229568.411386593        4545454.54545454       5.869858074042261E-005
   229568.411386593        4747474.74747475       5.708733514389482E-005
   229568.411386593        4949494.94949495       5.507417828266390E-005
   229568.411386593        5151515.15151515       5.264907880574948E-005
   229568.411386593        5353535.35353535       4.982631663169807E-005
   229568.411386593        5555555.55555555       4.664404822431810E-005
   229568.411386593        5757575.75757576       4.316169266294329E-005
   229568.411386593        5959595.95959596       3.945533242129012E-005
   229568.411386593        6161616.16161616       3.561173179417879E-005
   229568.411386593        6363636.36363636       3.172179747090430E-005
   229568.411386593        6565656.56565657       2.787431250642233E-005
   229568.411386593        6767676.76767677       2.415060511830928E-005
   229568.411386593        6969696.96969697       2.062054947125501E-005
   229568.411386593        7171717.17171717       1.734002631414074E-005
   229568.411386593        7373737.37373737       1.434976166300591E-005
   229568.411386593        7575757.57575757       1.167533725608668E-005
   229568.411386593        7777777.77777778       9.328118642757852E-006
   229568.411386593        7979797.97979798       7.306848953030553E-006
   229568.411386593        8181818.18181818       5.599681062581883E-006
   229568.411386593        8383838.38383838       4.186449777909870E-006
   229568.411386593        8585858.58585858       3.041011977567435E-006
   229568.411386593        8787878.78787879       2.133507403504405E-006
   229568.411386593        8989898.98989899       1.432419828510932E-006
   229568.411386593        9191919.19191919       9.063505690739281E-007
   229568.411386593        9393939.39393939       5.254549723170819E-007
   229568.411386593        9595959.59595960       2.625402726020324E-007
   229568.411386593        9797979.79797980       9.389324764397835E-008
   229568.411386593        10000000.0000000       0.000000000000000E+000
   294867.870625446       -10000000.0000000       0.000000000000000E+000
   294867.870625446       -9797979.79797980       1.176379888801275E-008
   294867.870625446       -9595959.59595960       3.348451780323044E-008
   294867.870625446       -9393939.39393939       6.886688693381871E-008
   294867.870625446       -9191919.19191919       1.229431066856486E-007
   294867.870625446       -8989898.98989899       2.022422863921289E-007
   294867.870625446       -8787878.78787879       3.149570371819200E-007
   294867.870625446       -8585858.58585859       4.710642626677887E-007
   294867.870625446       -8383838.38383838       6.823589644765198E-007
   294867.870625446       -8181818.18181818       9.623634609630639E-007
   294867.870625446       -7979797.97979798       1.326079298682658E-006
   294867.870625446       -7777777.77777778       1.789557939052614E-006
   294867.870625446       -7575757.57575758       2.369279747176892E-006
   294867.870625446       -7373737.37373737       3.081348359484051E-006
   294867.870625446       -7171717.17171717       3.940527790561009E-006
   294867.870625446       -6969696.96969697       4.959170825517403E-006
   294867.870625446       -6767676.76767677       6.146107505953421E-006
   294867.870625446       -6565656.56565657       7.505580453565779E-006
   294867.870625446       -6363636.36363636       9.036328516352494E-006
   294867.870625446       -6161616.16161616       1.073093099727098E-005
   294867.870625446       -5959595.95959596       1.257552991568140E-005
   294867.870625446       -5757575.75757576       1.455004391953839E-005
   294867.870625446       -5555555.55555556       1.662896927194703E-005
   294867.870625446       -5353535.35353535       1.878282530380926E-005
   294867.870625446       -5151515.15151515       2.098024211790640E-005
   294867.870625446       -4949494.94949495       2.319061407180214E-005
   294867.870625446       -4747474.74747475       2.538717286593742E-005
   294867.870625446       -4545454.54545455       2.755030026012693E-005
   294867.870625446       -4343434.34343434       2.967094132102198E-005
   294867.870625446       -4141414.14141414       3.175413401431062E-005
   294867.870625446       -3939393.93939394       3.382297545919544E-005
   294867.870625446       -3737373.73737374       3.592383219377234E-005
   294867.870625446       -3535353.53535354       3.813430141754379E-005
   294867.870625446       -3333333.33333333       4.057633848474495E-005
   294867.870625446       -3131313.13131313       4.343791819784433E-005
   294867.870625446       -2929292.92929293       4.700695646819213E-005
   294867.870625446       -2727272.72727273       5.171938092733270E-005
   294867.870625446       -2525252.52525253       5.821639555108117E-005
   294867.870625446       -2323232.32323232       6.739146285699457E-005
   294867.870625446       -2121212.12121212       8.038731743348029E-005
   294867.870625446       -1919191.91919192       9.848999765436839E-005
   294867.870625446       -1717171.71717172       1.228814447448266E-004
   294867.870625446       -1515151.51515152       1.542650821786282E-004
   294867.870625446       -1313131.31313131       1.924490616718163E-004
   294867.870625446       -1111111.11111111       2.360182138713130E-004
   294867.870625446       -909090.909090910       2.822233728296834E-004
   294867.870625446       -707070.707070708       3.271711002045332E-004
   294867.870625446       -505050.505050506       3.663240926033790E-004
   294867.870625446       -303030.303030305       3.952371333669206E-004
   294867.870625446       -101010.101010101       4.103749336699215E-004
   294867.870625446        101010.101010101       4.098140242921497E-004
   294867.870625446        303030.303030303       3.936441323492729E-004
   294867.870625446        505050.505050505       3.639584922372416E-004
   294867.870625446        707070.707070706       3.244350438079648E-004
   294867.870625446        909090.909090908       2.796219909286797E-004
   294867.870625446        1111111.11111111       2.341128174599910E-004
   294867.870625446        1313131.31313131       1.918069090633670E-004
   294867.870625446        1515151.51515151       1.554077400551104E-004
   294867.870625446        1717171.71717172       1.262352076749909E-004
   294867.870625446        1919191.91919192       1.043470071739738E-004
   294867.870625446        2121212.12121212       8.888976381602458E-005
   294867.870625446        2323232.32323232       7.854618954991427E-005
   294867.870625446        2525252.52525252       7.193385859823402E-005
   294867.870625446        2727272.72727273       6.785999322362356E-005
   294867.870625446        2929292.92929293       6.541820258744625E-005
   294867.870625446        3131313.13131313       6.397452552640925E-005
   294867.870625446        3333333.33333333       6.310462767775798E-005
   294867.870625446        3535353.53535353       6.252587516922145E-005
   294867.870625446        3737373.73737374       6.204378559976862E-005
   294867.870625446        3939393.93939394       6.151639889947126E-005
   294867.870625446        4141414.14141414       6.083346500545864E-005
   294867.870625446        4343434.34343434       5.990607891817476E-005
   294867.870625446        4545454.54545454       5.866306990817904E-005
   294867.870625446        4747474.74747475       5.705137135716588E-005
   294867.870625446        4949494.94949495       5.503826686032580E-005
   294867.870625446        5151515.15151515       5.261385886088694E-005
   294867.870625446        5353535.35353535       4.979249631968758E-005
   294867.870625446        5555555.55555555       4.661233950877210E-005
   294867.870625446        5757575.75757576       4.313274876596749E-005
   294867.870625446        5959595.95959596       3.942969326891903E-005
   294867.870625446        6161616.16161616       3.558978273420612E-005
   294867.870625446        6363636.36363636       3.170374494654666E-005
   294867.870625446        6565656.56565657       2.786017796571190E-005
   294867.870625446        6767676.76767677       2.414023596925122E-005
   294867.870625446        6969696.96969697       2.061364392256156E-005
   294867.870625446        7171717.17171717       1.733616776239690E-005
   294867.870625446        7373737.37373737       1.434845792637063E-005
   294867.870625446        7575757.57575757       1.167606026049015E-005
   294867.870625446        7777777.77777778       9.330340915339418E-006
   294867.870625446        7979797.97979798       7.310074254555905E-006
   294867.870625446        8181818.18181818       5.603467528382295E-006
   294867.870625446        8383838.38383838       4.190424918842533E-006
   294867.870625446        8585858.58585858       3.044879739553855E-006
   294867.870625446        8787878.78787879       2.137048140485373E-006
   294867.870625446        8989898.98989899       1.435484466053183E-006
   294867.870625446        9191919.19191919       9.088503814862846E-007
   294867.870625446        9393939.39393939       5.273481799946840E-007
   294867.870625446        9595959.59595960       2.638157467432938E-007
   294867.870625446        9797979.79797980       9.454836600525447E-008
   294867.870625446        10000000.0000000       0.000000000000000E+000
   368329.762269156       -10000000.0000000       0.000000000000000E+000
   368329.762269156       -9797979.79797980       1.186907246964494E-008
   368329.762269156       -9595959.59595960       3.369360591901274E-008
   368329.762269156       -9393939.39393939       6.918753449726160E-008
   368329.762269156       -9191919.19191919       1.233846379267201E-007
   368329.762269156       -8989898.98989899       2.028104974928991E-007
   368329.762269156       -8787878.78787879       3.156490601926927E-007
   368329.762269156       -8585858.58585859       4.718626408563283E-007
   368329.762269156       -8383838.38383838       6.832248916379550E-007
   368329.762269156       -8181818.18181818       9.632294901813580E-007
   368329.762269156       -7979797.97979798       1.326842098593506E-006
   368329.762269156       -7777777.77777778       1.790071904157589E-006
   368329.762269156       -7575757.57575758       2.369352432382933E-006
   368329.762269156       -7373737.37373737       3.080738774119149E-006
   368329.762269156       -7171717.17171717       3.938948521348062E-006
   368329.762269156       -6969696.96969697       4.956294738370095E-006
   368329.762269156       -6767676.76767677       6.141579394034104E-006
   368329.762269156       -6565656.56565657       7.499033461384625E-006
   368329.762269156       -6363636.36363636       9.027404502628463E-006
   368329.762269156       -6161616.16161616       1.071930324984951E-005
   368329.762269156       -5959595.95959596       1.256092587275333E-005
   368329.762269156       -5757575.75757576       1.453226488370146E-005
   368329.762269156       -5555555.55555556       1.660790364816072E-005
   368329.762269156       -5353535.35353535       1.875845175864981E-005
   368329.762269156       -5151515.15151515       2.095261928135161E-005
   368329.762269156       -4949494.94949495       2.315985385207053E-005
   368329.762269156       -4747474.74747475       2.535339470925675E-005
   368329.762269156       -4545454.54545455       2.751356293801959E-005
   368329.762269156       -4343434.34343434       2.963114566562970E-005
   368329.762269156       -4141414.14141414       3.171088215608723E-005
   368329.762269156       -3939393.93939394       3.377535574739503E-005
   368329.762269156       -3737373.73737374       3.587006769370076E-005
   368329.762269156       -3535353.53535354       3.807114338089607E-005
   368329.762269156       -3333333.33333333       4.049799056120876E-005
   368329.762269156       -3131313.13131313       4.333413217884982E-005
   368329.762269156       -2929292.92929293       4.685976527347156E-005
   368329.762269156       -2727272.72727273       5.149783434385021E-005
   368329.762269156       -2525252.52525253       5.786889799685263E-005
   368329.762269156       -2323232.32323232       6.683626114201132E-005
   368329.762269156       -2121212.12121212       7.950351607906483E-005
   368329.762269156       -1919191.91919192       9.711351972533413E-005
   368329.762269156       -1717171.71717172       1.208109579338132E-004
   368329.762269156       -1515151.51515152       1.512807489850263E-004
   368329.762269156       -1313131.31313131       1.883428398600561E-004
   368329.762269156       -1111111.11111111       2.306307348323465E-004
   368329.762269156       -909090.909090910       2.754805748154705E-004
   368329.762269156       -707070.707070708       3.191133691135575E-004
   368329.762269156       -505050.505050506       3.571211224094191E-004
   368329.762269156       -303030.303030305       3.851834279417305E-004
   368329.762269156       -101010.101010101       3.998642852056349E-004
   368329.762269156        101010.101010101       3.992959704114689E-004
   368329.762269156        303030.303030303       3.835699268413597E-004
   368329.762269156        505050.505050505       3.547268894348132E-004
   368329.762269156        707070.707070706       3.163481355664586E-004
   368329.762269156        909090.909090908       2.728584904281111E-004
   368329.762269156        1111111.11111111       2.287217092341996E-004
   368329.762269156        1313131.31313131       1.877200065135395E-004
   368329.762269156        1515151.51515151       1.524667759601685E-004
   368329.762269156        1717171.71717172       1.242277528608043E-004
   368329.762269156        1919191.91919192       1.030447242120185E-004
   368329.762269156        2121212.12121212       8.808171137787134E-005
   368329.762269156        2323232.32323232       7.806057256556218E-005
   368329.762269156        2525252.52525252       7.164543813136629E-005
   368329.762269156        2727272.72727273       6.768578009488334E-005
   368329.762269156        2929292.92929293       6.530729183293482E-005
   368329.762269156        3131313.13131313       6.389741424556759E-005
   368329.762269156        3333333.33333333       6.304482044096103E-005
   368329.762269156        3535353.53535353       6.247431527154871E-005
   368329.762269156        3737373.73737374       6.199554459907598E-005
   368329.762269156        3939393.93939394       6.146884338027365E-005
   368329.762269156        4141414.14141414       6.078528361524704E-005
   368329.762269156        4343434.34343434       5.985677478631567E-005
   368329.762269156        4545454.54545454       5.861269104236285E-005
   368329.762269156        4747474.74747475       5.700035481740373E-005
   368329.762269156        4949494.94949495       5.498733097003525E-005
   368329.762269156        5151515.15151515       5.256391050642637E-005
   368329.762269156        5353535.35353535       4.974453954335657E-005
   368329.762269156        5555555.55555555       4.656738323473141E-005
   368329.762269156        5757575.75757576       4.309171825785864E-005
   368329.762269156        5959595.95959596       3.939335289892150E-005
   368329.762269156        6161616.16161616       3.555867756487251E-005
   368329.762269156        6363636.36363636       3.167816635102688E-005
   368329.762269156        6565656.56565657       2.784015509614918E-005
   368329.762269156        6767676.76767677       2.412555137806613E-005
   368329.762269156        6969696.96969697       2.060386884786573E-005
   368329.762269156        7171717.17171717       1.733071091950151E-005
   368329.762269156        7373737.37373737       1.434662113971971E-005
   368329.762269156        7575757.57575757       1.167709470848723E-005
   368329.762269156        7777777.77777778       9.333498826232191E-006
   368329.762269156        7979797.97979798       7.314652279413835E-006
   368329.762269156        8181818.18181818       5.608839489369389E-006
   368329.762269156        8383838.38383838       4.196063022088278E-006
   368329.762269156        8585858.58585858       3.050364540412484E-006
   368329.762269156        8787878.78787879       2.142068476428331E-006
   368329.762269156        8989898.98989899       1.439829168622841E-006
   368329.762269156        9191919.19191919       9.123937838458944E-007
   368329.762269156        9393939.39393939       5.300311323353497E-007
   368329.762269156        9595959.59595960       2.656225639637578E-007
   368329.762269156        9797979.79797980       9.547563500355614E-008
   368329.762269156        10000000.0000000       0.000000000000000E+000
   449954.086317723       -10000000.0000000       0.000000000000000E+000
   449954.086317723       -9797979.79797980       1.201214863753897E-008
   449954.086317723       -9595959.59595960       3.397808918303219E-008
   449954.086317723       -9393939.39393939       6.962398367931420E-008
   449954.086317723       -9191919.19191919       1.239856924728195E-007
   449954.086317723       -8989898.98989899       2.035839616317236E-007
   449954.086317723       -8787878.78787879       3.165909139981505E-007
   449954.086317723       -8585858.58585859       4.729489718569775E-007
   449954.086317723       -8383838.38383838       6.844026865127542E-007
   449954.086317723       -8181818.18181818       9.644067025719626E-007
   449954.086317723       -7979797.97979798       1.327877779022360E-006
   449954.086317723       -7777777.77777778       1.790767488776877E-006
   449954.086317723       -7575757.57575758       2.369445510184544E-006
   449954.086317723       -7373737.37373737       3.079900741512320E-006
   449954.086317723       -7171717.17171717       3.936787444735247E-006
   449954.086317723       -6969696.96969697       4.952364448154476E-006
   449954.086317723       -6767676.76767677       6.135395314982322E-006
   449954.086317723       -6565656.56565657       7.490094954395645E-006
   449954.086317723       -6363636.36363636       9.015222586426280E-006
   449954.086317723       -6161616.16161616       1.070343155146340E-005
   449954.086317723       -5959595.95959596       1.254099162157263E-005
   449954.086317723       -5757575.75757576       1.450799585294072E-005
   449954.086317723       -5555555.55555556       1.657914632512046E-005
   449954.086317723       -5353535.35353535       1.872517584249225E-005
   449954.086317723       -5151515.15151515       2.091490391661531E-005
   449954.086317723       -4949494.94949495       2.311785163511508E-005
   449954.086317723       -4747474.74747475       2.530726990316018E-005
   449954.086317723       -4545454.54545455       2.746339940358962E-005
   449954.086317723       -4343434.34343434       2.957681590287986E-005
   449954.086317723       -4141414.14141414       3.165185853583419E-005
   449954.086317723       -3939393.93939394       3.371042353249135E-005
   449954.086317723       -3737373.73737374       3.579685850679550E-005
   449954.086317723       -3535353.53535354       3.798533410371298E-005
   449954.086317723       -3333333.33333333       4.039188838684055E-005
   449954.086317723       -3131313.13131313       4.319417856676670E-005
   449954.086317723       -2929292.92929293       4.666226420113825E-005
   449954.086317723       -2727272.72727273       5.120207668696905E-005
   449954.086317723       -2525252.52525253       5.740714420859359E-005
   449954.086317723       -2323232.32323232       6.610125118699233E-005
   449954.086317723       -2121212.12121212       7.833653770758476E-005
   449954.086317723       -1919191.91919192       9.529877366283121E-005
   449954.086317723       -1717171.71717172       1.180829043668558E-004
   449954.086317723       -1515151.51515152       1.473484755022739E-004
   449954.086317723       -1313131.31313131       1.829300687968294E-004
   449954.086317723       -1111111.11111111       2.235249711791821E-004
   449954.086317723       -909090.909090910       2.665821697906940E-004
   449954.086317723       -707070.707070708       3.084746276543855E-004
   449954.086317723       -505050.505050506       3.449662898453524E-004
   449954.086317723       -303030.303030305       3.719027873102592E-004
   449954.086317723       -101010.101010101       3.859801955279190E-004
   449954.086317723        101010.101010101       3.854048840998357E-004
   449954.086317723        303030.303030303       3.702704324785321E-004
   449954.086317723        505050.505050505       3.425474893293052E-004
   449954.086317723        707070.707070706       3.056883927979858E-004
   449954.086317723        909090.909090908       2.639534296530877E-004
   449954.086317723        1111111.11111111       2.216334542861924E-004
   449954.086317723        1313131.31313131       1.823548391337009E-004
   449954.086317723        1515151.51515151       1.486118372363228E-004
   449954.086317723        1717171.71717172       1.215995967604799E-004
   449954.086317723        1919191.91919192       1.013406314907081E-004
   449954.086317723        2121212.12121212       8.702369631527314E-005
   449954.086317723        2323232.32323232       7.742341269324764E-005
   449954.086317723        2525252.52525252       7.126557493204265E-005
   449954.086317723        2727272.72727273       6.745505631310999E-005
   449954.086317723        2929292.92929293       6.515937758292070E-005
   449954.086317723        3131313.13131313       6.379380852858827E-005
   449954.086317723        3333333.33333333       6.296393517875339E-005
   449954.086317723        3535353.53535353       6.240425380126494E-005
   449954.086317723        3737373.73737374       6.192980806627135E-005
   449954.086317723        3939393.93939394       6.140394865962031E-005
   449954.086317723        4141414.14141414       6.071949552145226E-005
   449954.086317723        4343434.34343434       5.978944242645885E-005
   449954.086317723        4545454.54545454       5.854389373435100E-005
   449954.086317723        4747474.74747475       5.693069601159393E-005
   449954.086317723        4949494.94949495       5.491779428422362E-005
   449954.086317723        5151515.15151515       5.249573472954046E-005
   449954.086317723        5353535.35353535       4.967909465104575E-005
   449954.086317723        5555555.55555555       4.650604488645257E-005
   449954.086317723        5757575.75757576       4.303574725074399E-005
   449954.086317723        5959595.95959596       3.934379001212028E-005
   449954.086317723        6161616.16161616       3.551626406450485E-005
   449954.086317723        6363636.36363636       3.164329729105237E-005
   449954.086317723        6565656.56565657       2.781286787481777E-005
   449954.086317723        6767676.76767677       2.410554722115817E-005
   449954.086317723        6969696.96969697       2.059056107842325E-005
   449954.086317723        7171717.17171717       1.732329160054489E-005
   449954.086317723        7373737.37373737       1.434413699118839E-005
   449954.086317723        7575757.57575757       1.167852380601614E-005
   449954.086317723        7777777.77777778       9.337821051150493E-006
   449954.086317723        7979797.97979798       7.320908388043355E-006
   449954.086317723        8181818.18181818       5.616175679750769E-006
   449954.086317723        8383838.38383838       4.203759772136154E-006
   449954.086317723        8585858.58585858       3.057850122017445E-006
   449954.086317723        8787878.78787879       2.148918809723015E-006
   449954.086317723        8989898.98989899       1.445756488991312E-006
   449954.086317723        9191919.19191919       9.172268715908885E-007
   449954.086317723        9393939.39393939       5.336894439795927E-007
   449954.086317723        9595959.59595960       2.680848771494430E-007
   449954.086317723        9797979.79797980       9.673787561793159E-008
   449954.086317723        10000000.0000000       0.000000000000000E+000
   539740.842771146       -10000000.0000000       0.000000000000000E+000
   539740.842771146       -9797979.79797980       1.220028705035335E-008
   539740.842771146       -9595959.59595960       3.435272262167537E-008
   539740.842771146       -9393939.39393939       7.019905569269016E-008
   539740.842771146       -9191919.19191919       1.247777638495526E-007
   539740.842771146       -8989898.98989899       2.046031622952962E-007
   539740.842771146       -8787878.78787879       3.178317379522426E-007
   539740.842771146       -8585858.58585859       4.743796388604203E-007
   539740.842771146       -8383838.38383838       6.859529982795985E-007
   539740.842771146       -8181818.18181818       9.659549421227262E-007
   539740.842771146       -7979797.97979798       1.329237687413893E-006
   539740.842771146       -7777777.77777778       1.791676762342496E-006
   539740.842771146       -7575757.57575758       2.369557555437064E-006
   539740.842771146       -7373737.37373737       3.078781543712451E-006
   539740.842771146       -7171717.17171717       3.933919292000159E-006
   539740.842771146       -6969696.96969697       4.947157864447743E-006
   539740.842771146       -6767676.76767677       6.127209875709638E-006
   539740.842771146       -6565656.56565657       7.478268700119177E-006
   539740.842771146       -6363636.36363636       8.999108558301862E-006
   539740.842771146       -6161616.16161616       1.068243862926429E-005
   539740.842771146       -5959595.95959596       1.251462548106837E-005
   539740.842771146       -5757575.75757576       1.447589465534849E-005
   539740.842771146       -5555555.55555556       1.654110492672503E-005
   539740.842771146       -5353535.35353535       1.868115207024876E-005
   539740.842771146       -5151515.15151515       2.086500087141136E-005
   539740.842771146       -4949494.94949495       2.306227084284172E-005
   539740.842771146       -4747474.74747475       2.524623073166153E-005
   539740.842771146       -4545454.54545455       2.739701909866772E-005
   539740.842771146       -4343434.34343434       2.950493950233865E-005
   539740.842771146       -4141414.14141414       3.157381499632632E-005
   539740.842771146       -3939393.93939394       3.362465746600447E-005
   539740.842771146       -3737373.73737374       3.570033574215504E-005
   539740.842771146       -3535353.53535354       3.787252763350419E-005
   539740.842771146       -3333333.33333333       4.025299740313518E-005
   539740.842771146       -3131313.13131313       4.301200130767092E-005
   539740.842771146       -2929292.92929293       4.640686436387519E-005
   539740.842771146       -2727272.72727273       5.082221308995298E-005
   539740.842771146       -2525252.52525253       5.681777234201462E-005
   539740.842771146       -2323232.32323232       6.516785779897999E-005
   539740.842771146       -2121212.12121212       7.685996546027392E-005
   539740.842771146       -1919191.91919192       9.300762546674521E-005
   539740.842771146       -1717171.71717172       1.146420458670008E-004
   539740.842771146       -1515151.51515152       1.423891614215881E-004
   539740.842771146       -1313131.31313131       1.761004588274051E-004
   539740.842771146       -1111111.11111111       2.145529789916299E-004
   539740.842771146       -909090.909090910       2.553386582562989E-004
   539740.842771146       -707070.707070708       2.950239554567581E-004
   539740.842771146       -505050.505050506       3.295922478570017E-004
   539740.842771146       -303030.303030305       3.551012290083941E-004
   539740.842771146       -101010.101010101       3.684156528417265E-004
   539740.842771146        101010.101010101       3.678364024396486E-004
   539740.842771146        303030.303030303       3.534595037267478E-004
   539740.842771146        505050.505050505       3.271656191895240E-004
   539740.842771146        707070.707070706       2.922417574249551E-004
   539740.842771146        909090.909090908       2.527373435382362E-004
   539740.842771146        1111111.11111111       2.127219120566935E-004
   539740.842771146        1313131.31313131       1.756230039113519E-004
   539740.842771146        1515151.51515151       1.437841053280494E-004
   539740.842771146        1717171.71717172       1.183128758747362E-004
   539740.842771146        1919191.91919192       9.921044555940478E-005
   539740.842771146        2121212.12121212       8.569972000712215E-005
   539740.842771146        2323232.32323232       7.662367778718363E-005
   539740.842771146        2525252.52525252       7.078627468945926E-005
   539740.842771146        2727272.72727273       6.716173669730162E-005
   539740.842771146        2929292.92929293       6.496957645217436E-005
   539740.842771146        3131313.13131313       6.365955328022152E-005
   539740.842771146        3333333.33333333       6.285822052075648E-005
   539740.842771146        3535353.53535353       6.231212362933619E-005
   539740.842771146        3737373.73737374       6.184305042558929E-005
   539740.842771146        3939393.93939394       6.131814482098645E-005
   539740.842771146        4141414.14141414       6.063244351847165E-005
   539740.842771146        4343434.34343434       5.970032806882910E-005
   539740.842771146        4545454.54545454       5.845284565266573E-005
   539740.842771146        4747474.74747475       5.683852425255654E-005
   539740.842771146        4949494.94949495       5.482580525527102E-005
   539740.842771146        5151515.15151515       5.240556848938267E-005
   539740.842771146        5353535.35353535       4.959256226463154E-005
   539740.842771146        5555555.55555555       4.642496320560368E-005
   539740.842771146        5757575.75757576       4.296178002099864E-005
   539740.842771146        5959595.95959596       3.927830925413944E-005
   539740.842771146        6161616.16161616       3.546024536534864E-005
   539740.842771146        6363636.36363636       3.159725844533624E-005
   539740.842771146        6565656.56565657       2.777685410905242E-005
   539740.842771146        6767676.76767677       2.407915989428511E-005
   539740.842771146        6969696.96969697       2.057302171336609E-005
   539740.842771146        7171717.17171717       1.731353010471010E-005
   539740.842771146        7373737.37373737       1.434089203132199E-005
   539740.842771146        7575757.57575757       1.168044411973789E-005
   539740.842771146        7777777.77777778       9.343558423523914E-006
   539740.842771146        7979797.97979798       7.329195540314864E-006
   539740.842771146        8181818.18181818       5.625884976833572E-006
   539740.842771146        8383838.38383838       4.213941157593178E-006
   539740.842771146        8585858.58585858       3.067748836217507E-006
   539740.842771146        8787878.78787879       2.157975101837196E-006
   539740.842771146        8989898.98989899       1.453590593094858E-006
   539740.842771146        9191919.19191919       9.236128794155463E-007
   539740.842771146        9393939.39393939       5.385211713793898E-007
   539740.842771146        9595959.59595960       2.713345919097617E-007
   539740.842771146        9797979.79797980       9.840123938024101E-008
   539740.842771146        10000000.0000000       0.000000000000000E+000
   637690.031629426       -10000000.0000000       0.000000000000000E+000
   637690.031629426       -9797979.79797980       1.244074442095115E-008
   637690.031629426       -9595959.59595960       3.483245056129376E-008
   637690.031629426       -9393939.39393939       7.093597680549497E-008
   637690.031629426       -9191919.19191919       1.257929423095957E-007
   637690.031629426       -8989898.98989899       2.059093178874931E-007
   637690.031629426       -8787878.78787879       3.194214566391228E-007
   637690.031629426       -8585858.58585859       4.762117279243563E-007
   637690.031629426       -8383838.38383838       6.879369062521181E-007
   637690.031629426       -8181818.18181818       9.679339474830507E-007
   637690.031629426       -7979797.97979798       1.330972179126761E-006
   637690.031629426       -7777777.77777778       1.792829458370478E-006
   637690.031629426       -7575757.57575758       2.369682882632465E-006
   637690.031629426       -7373737.37373737       3.077321556794634E-006
   637690.031629426       -7171717.17171717       3.930208366697327E-006
   637690.031629426       -6969696.96969697       4.940437907085148E-006
   637690.031629426       -6767676.76767677       6.116656926613686E-006
   637690.031629426       -6565656.56565657       7.463030586149667E-006
   637690.031629426       -6363636.36363636       8.978351726770613E-006
   637690.031629426       -6161616.16161616       1.065540057618655E-005
   637690.031629426       -5959595.95959596       1.248066743605034E-005
   637690.031629426       -5757575.75757576       1.443454763610466E-005
   637690.031629426       -5555555.55555556       1.649210121177716E-005
   637690.031629426       -5353535.35353535       1.862443382464822E-005
   637690.031629426       -5151515.15151515       2.080069820557776E-005
   637690.031629426       -4949494.94949495       2.299064273216381E-005
   637690.031629426       -4747474.74747475       2.516756310809139E-005
   637690.031629426       -4545454.54545455       2.731147331384805E-005
   637690.031629426       -4343434.34343434       2.941233835356352E-005
   637690.031629426       -4141414.14141414       3.147333800237364E-005
   637690.031629426       -3939393.93939394       3.351438471121614E-005
   637690.031629426       -3737373.73737374       3.557651835317783E-005
   637690.031629426       -3535353.53535354       3.772835394642218E-005
   637690.031629426       -3333333.33333333       4.007644206836522E-005
   637690.031629426       -3131313.13131313       4.278207173627311E-005
   637690.031629426       -2929292.92929293       4.608722827464851E-005
   637690.031629426       -2727272.72727273       5.035098437752364E-005
   637690.031629426       -2525252.52525253       5.609260490409863E-005
   637690.031629426       -2323232.32323232       6.402715252488060E-005
   637690.031629426       -2121212.12121212       7.506436788318744E-005
   637690.031629426       -1919191.91919192       9.023014713316167E-005
   637690.031629426       -1717171.71717172       1.104771974433752E-004
   637690.031629426       -1515151.51515152       1.363883930386876E-004
   637690.031629426       -1313131.31313131       1.678332184239601E-004
   637690.031629426       -1111111.11111111       2.036839552104322E-004
   637690.031629426       -909090.909090910       2.417062456301752E-004
   637690.031629426       -707070.707070708       2.787033750293621E-004
   637690.031629426       -505050.505050506       3.109281603888002E-004
   637690.031629426       -303030.303030305       3.346990072619100E-004
   637690.031629426       -101010.101010101       3.470880485124764E-004
   637690.031629426        101010.101010101       3.465121621800942E-004
   637690.031629426        303030.303030303       3.330698647253420E-004
   637690.031629426        505050.505050505       3.085303202536993E-004
   637690.031629426        707070.707070706       2.759761290703936E-004
   637690.031629426        909090.909090908       2.391963074535849E-004
   637690.031629426        1111111.11111111       2.019876448434680E-004
   637690.031629426        1313131.31313131       1.675338969611233E-004
   637690.031629426        1515151.51515151       1.379958440630216E-004
   637690.031629426        1717171.71717172       1.143781148282686E-004
   637690.031629426        1919191.91919192       9.666065001388346E-005
   637690.031629426        2121212.12121212       8.411207433265830E-005
   637690.031629426        2323232.32323232       7.566054516423848E-005
   637690.031629426        2525252.52525252       7.020492198113648E-005
   637690.031629426        2727272.72727273       6.680241476274302E-005
   637690.031629426        2929292.92929293       6.473425032768403E-005
   637690.031629426        3131313.13131313       6.349100424350437E-005
   637690.031629426        3333333.33333333       6.272406702292399E-005
   637690.031629426        3535353.53535353       6.219431530431710E-005
   637690.031629426        3737373.73737374       6.173161130546296E-005
   637690.031629426        3939393.93939394       6.120768042293117E-005
   637690.031629426        4141414.14141414       6.052026561653308E-005
   637690.031629426        4343434.34343434       5.958546280163047E-005
   637690.031629426        4545454.54545454       5.833549696480712E-005
   637690.031629426        4747474.74747475       5.671975476814550E-005
   637690.031629426        4949494.94949495       5.470730640991773E-005
   637690.031629426        5151515.15151515       5.228945513227016E-005
   637690.031629426        5353535.35353535       4.948116533602128E-005
   637690.031629426        5555555.55555555       4.632061820820018E-005
   637690.031629426        5757575.75757576       4.286662328061007E-005
   637690.031629426        5959595.95959596       3.919410016828260E-005
   637690.031629426        6161616.16161616       3.538823228033451E-005
   637690.031629426        6363636.36363636       3.153810032013174E-005
   637690.031629426        6565656.56565657       2.773060209428110E-005
   637690.031629426        6767676.76767677       2.404529477841744E-005
   637690.031629426        6969696.96969697       2.055053670534451E-005
   637690.031629426        7171717.17171717       1.730104457961418E-005
   637690.031629426        7373737.37373737       1.433678073993530E-005
   637690.031629426        7575757.57575757       1.168296744029103E-005
   637690.031629426        7777777.77777778       9.350981761414976E-006
   637690.031629426        7979797.97979798       7.339889237898743E-006
   637690.031629426        8181818.18181818       5.638399521597724E-006
   637690.031629426        8383838.38383838       4.227055690247359E-006
   637690.031629426        8585858.58585858       3.080493708795239E-006
   637690.031629426        8787878.78787879       2.169631348597762E-006
   637690.031629426        8989898.98989899       1.463670525676347E-006
   637690.031629426        9191919.19191919       9.318264769499247E-007
   637690.031629426        9393939.39393939       5.447322606583018E-007
   637690.031629426        9595959.59595960       2.755080336259335E-007
   637690.031629426        9797979.79797980       1.005332374150199E-007
   637690.031629426        10000000.0000000       0.000000000000000E+000
   743801.652892562       -10000000.0000000       0.000000000000000E+000
   743801.652892562       -9797979.79797980       1.274043327783763E-008
   743801.652892562       -9595959.59595960       3.543178704382779E-008
   743801.652892562       -9393939.39393939       7.185746501467011E-008
   743801.652892562       -9191919.19191919       1.270626674346666E-007
   743801.652892562       -8989898.98989899       2.075427585149887E-007
   743801.652892562       -8787878.78787879       3.214087529666804E-007
   743801.652892562       -8585858.58585859       4.785005989963403E-007
   743801.652892562       -8383838.38383838       6.904131373350537E-007
   743801.652892562       -8181818.18181818       9.704003297651029E-007
   743801.652892562       -7979797.97979798       1.333127552870482E-006
   743801.652892562       -7777777.77777778       1.794250163163883E-006
   743801.652892562       -7575757.57575758       2.369809390871560E-006
   743801.652892562       -7373737.37373737       3.075453262593901E-006
   743801.652892562       -7171717.17171717       3.925509329771975E-006
   743801.652892562       -6969696.96969697       4.931955742972546E-006
   743801.652892562       -6767676.76767677       6.103355962566361E-006
   743801.652892562       -6565656.56565657       7.443838883228466E-006
   743801.652892562       -6363636.36363636       8.952219671092370E-006
   743801.652892562       -6161616.16161616       1.062136659456296E-005
   743801.652892562       -5959595.95959596       1.243792419797013E-005
   743801.652892562       -5757575.75757576       1.438250015631699E-005
   743801.652892562       -5555555.55555556       1.643040692384127E-005
   743801.652892562       -5353535.35353535       1.855301429723436E-005
   743801.652892562       -5151515.15151515       2.071971287255898E-005
   743801.652892562       -4949494.94949495       2.290041651367016E-005
   743801.652892562       -4747474.74747475       2.506846108218598E-005
   743801.652892562       -4545454.54545455       2.720371459036840E-005
   743801.652892562       -4343434.34343434       2.929573456875271E-005
   743801.652892562       -4141414.14141414       3.134692404007688E-005
   743801.652892562       -3939393.93939394       3.337587195672949E-005
   743801.652892562       -3737373.73737374       3.542143053788879E-005
   743801.652892562       -3535353.53535354       3.754858162522529E-005
   743801.652892562       -3333333.33333333       3.985774667655084E-005
   743801.652892562       -3131313.13131313       4.249976443883276E-005
   743801.652892562       -2929292.92929293       4.569887873411449E-005
   743801.652892562       -2727272.72727273       4.978477648281012E-005
   743801.652892562       -2525252.52525253       5.523034246270618E-005
   743801.652892562       -2323232.32323232       6.268270496979912E-005
   743801.652892562       -2121212.12121212       7.296207202020308E-005
   743801.652892562       -1919191.91919192       8.699247094065871E-005
   743801.652892562       -1717171.71717172       1.056337571404341E-004
   743801.652892562       -1515151.51515152       1.294155659126077E-004
   743801.652892562       -1313131.31313131       1.582247130052792E-004
   743801.652892562       -1111111.11111111       1.910419935109674E-004
   743801.652892562       -909090.909090910       2.258354885825008E-004
   743801.652892562       -707070.707070708       2.596871596910849E-004
   743801.652892562       -505050.505050506       2.891683356798744E-004
   743801.652892562       -303030.303030305       3.109062077185115E-004
   743801.652892562       -101010.101010101       3.222185644729972E-004
   743801.652892562        101010.101010101       3.216593403167115E-004
   743801.652892562        303030.303030303       3.093290934625920E-004
   743801.652892562        505050.505050505       2.868634104237550E-004
   743801.652892562        707070.707070706       2.571008649272204E-004
   743801.652892562        909090.909090908       2.235202608000821E-004
   743801.652892562        1111111.11111111       1.895946674925367E-004
   743801.652892562        1313131.31313131       1.582207166639825E-004
   743801.652892562        1515151.51515151       1.313474680282154E-004
   743801.652892562        1717171.71717172       1.098646692233706E-004
   743801.652892562        1919191.91919192       9.373454691016702E-005
   743801.652892562        2121212.12121212       8.228475127416279E-005
   743801.652892562        2323232.32323232       7.454532260828950E-005
   743801.652892562        2525252.52525252       6.952538257139619E-005
   743801.652892562        2727272.72727273       6.637701059297567E-005
   743801.652892562        2929292.92929293       6.445139712692765E-005
   743801.652892562        3131313.13131313       6.328527210135152E-005
   743801.652892562        3333333.33333333       6.255816854489959E-005
   743801.652892562        3535353.53535353       6.204729329793768E-005
   743801.652892562        3737373.73737374       6.159178876879391E-005
   743801.652892562        3939393.93939394       6.106870560529059E-005
   743801.652892562        4141414.14141414       6.037897536604355E-005
   743801.652892562        4343434.34343434       5.944074405070241E-005
   743801.652892562        4545454.54545454       5.818766473839218E-005
   743801.652892562        4747474.74747475       5.657017633417552E-005
   743801.652892562        4949494.94949495       5.455812450626318E-005
   743801.652892562        5151515.15151515       5.214333565074441E-005
   743801.652892562        5353535.35353535       4.934103961977161E-005
   743801.652892562        5555555.55555555       4.618941874337790E-005
   743801.652892562        5757575.75757576       4.274702867194037E-005
   743801.652892562        5959595.95959596       3.908831265141207E-005
   743801.652892562        6161616.16161616       3.529781008743910E-005
   743801.652892562        6363636.36363636       3.146386019467547E-005
   743801.652892562        6565656.56565657       2.767259708894462E-005
   743801.652892562        6767676.76767677       2.400286216410334E-005
   743801.652892562        6969696.96969697       2.052240267074215E-005
   743801.652892562        7171717.17171717       1.728546759310045E-005
   743801.652892562        7373737.37373737       1.433171406783225E-005
   743801.652892562        7575757.57575757       1.168622271267726E-005
   743801.652892562        7777777.77777778       9.360378691881091E-006
   743801.652892562        7979797.97979798       7.353380721400385E-006
   743801.652892562        8181818.18181818       5.654165648001331E-006
   743801.652892562        8383838.38383838       4.243564239749190E-006
   743801.652892562        8585858.58585858       3.096528128011315E-006
   743801.652892562        8787878.78787879       2.184289834974669E-006
   743801.652892562        8989898.98989899       1.476341519878770E-006
   743801.652892562        9191919.19191919       9.421464297995951E-007
   743801.652892562        9393939.39393939       5.525307142993456E-007
   743801.652892562        9595959.59595960       2.807417074392626E-007
   743801.652892562        9797979.79797980       1.032002772528361E-007
   743801.652892562        10000000.0000000       0.000000000000000E+000
   858075.706560555       -10000000.0000000       0.000000000000000E+000
   858075.706560555       -9797979.79797980       1.310551483986617E-008
   858075.706560555       -9595959.59595960       3.616405993457608E-008
   858075.706560555       -9393939.39393939       7.298460676723382E-008
   858075.706560555       -9191919.19191919       1.286161886844170E-007
   858075.706560555       -8989898.98989899       2.095409187902706E-007
   858075.706560555       -8787878.78787879       3.238385576873914E-007
   858075.706560555       -8585858.58585859       4.812968718125922E-007
   858075.706560555       -8383838.38383838       6.934346044595801E-007
   858075.706560555       -8181818.18181818       9.734037989505809E-007
   858075.706560555       -7979797.97979798       1.335742202074440E-006
   858075.706560555       -7777777.77777778       1.795954749547912E-006
   858075.706560555       -7575757.57575758       2.369915769698022E-006
   858075.706560555       -7373737.37373737       3.073099850020194E-006
   858075.706560555       -7171717.17171717       3.919667940907581E-006
   858075.706560555       -6969696.96969697       4.921454504822031E-006
   858075.706560555       -6767676.76767677       6.086919704650219E-006
   858075.706560555       -6565656.56565657       7.420146565199680E-006
   858075.706560555       -6363636.36363636       8.919976096338023E-006
   858075.706560555       -6161616.16161616       1.057938303528358E-005
   858075.706560555       -5959595.95959596       1.238519986811701E-005
   858075.706560555       -5757575.75757576       1.431829407028639E-005
   858075.706560555       -5555555.55555556       1.635428801440215E-005
   858075.706560555       -5353535.35353535       1.846487716689887E-005
   858075.706560555       -5151515.15151515       2.061974743039138E-005
   858075.706560555       -4949494.94949495       2.278902169223544E-005
   858075.706560555       -4747474.74747475       2.494609465204294E-005
   858075.706560555       -4545454.54545455       2.707067040189097E-005
   858075.706560555       -4343434.34343434       2.915183142107199E-005
   858075.706560555       -4141414.14141414       3.119107079749019E-005
   858075.706560555       -3939393.93939394       3.320543231666400E-005
   858075.706560555       -3737373.73737374       3.523123365103055E-005
   858075.706560555       -3535353.53535354       3.732928982341795E-005
   858075.706560555       -3333333.33333333       3.959307084129604E-005
   858075.706560555       -3131313.13131313       4.216169159646160E-005
   858075.706560555       -2929292.92929293       4.523968351994148E-005
   858075.706560555       -2727272.72727273       4.912432953735437E-005
   858075.706560555       -2525252.52525253       5.423760828115357E-005
   858075.706560555       -2323232.32323232       6.115214915686355E-005
   858075.706560555       -2121212.12121212       7.058959694348586E-005
   858075.706560555       -1919191.91919192       8.336073275388422E-005
   858075.706560555       -1717171.71717172       1.002202403764351E-004
   858075.706560555       -1515151.51515152       1.216345568580298E-004
   858075.706560555       -1313131.31313131       1.475050890922456E-004
   858075.706560555       -1111111.11111111       1.769303363010356E-004
   858075.706560555       -909090.909090910       2.081042471813530E-004
   858075.706560555       -707070.707070708       2.384236052196791E-004
   858075.706560555       -505050.505050506       2.648218384403444E-004
   858075.706560555       -303030.303030305       2.842781822561635E-004
   858075.706560555       -101010.101010101       2.943905976586042E-004
   858075.706560555        101010.101010101       2.938687608085356E-004
   858075.706560555        303030.303030303       2.828140414123959E-004
   858075.706560555        505050.505050505       2.627072258127965E-004
   858075.706560555        707070.707070706       2.361056544398348E-004
   858075.706560555        909090.909090908       2.061319780862602E-004
   858075.706560555        1111111.11111111       1.758898147190822E-004
   858075.706560555        1313131.31313131       1.479517613992219E-004
   858075.706560555        1515151.51515151       1.240330796401513E-004
   858075.706560555        1717171.71717172       1.049028875208392E-004
   858075.706560555        1919191.91919192       9.051289078194376E-005
   858075.706560555        2121212.12121212       8.026361756845056E-005
   858075.706560555        2323232.32323232       7.330159317580678E-005
   858075.706560555        2525252.52525252       6.875820095837840E-005
   858075.706560555        2727272.72727273       6.588898891453741E-005
   858075.706560555        2929292.92929293       6.412085252245065E-005
   858075.706560555        3131313.13131313       6.304039296372069E-005
   858075.706560555        3333333.33333333       6.235766308832353E-005
   858075.706560555        3535353.53535353       6.186771544783009E-005
   858075.706560555        3737373.73737374       6.141994625148429E-005
   858075.706560555        3939393.93939394       6.089737365978006E-005
   858075.706560555        4141414.14141414       6.020456296457128E-005
   858075.706560555        4343434.34343434       5.926203912297323E-005
   858075.706560555        4545454.54545454       5.800514018921976E-005
   858075.706560555        4747474.74747475       5.638556219988620E-005
   858075.706560555        4949494.94949495       5.437408409474438E-005
   858075.706560555        5151515.15151515       5.196316307424333E-005
   858075.706560555        5353535.35353535       4.916834656997006E-005
   858075.706560555        5555555.55555555       4.602781130757547E-005
   858075.706560555        5757575.75757576       4.259979489781033E-005
   858075.706560555        5959595.95959596       3.895815002369643E-005
   858075.706560555        6161616.16161616       3.518662059042087E-005
   858075.706560555        6363636.36363636       3.137263180110417E-005
   858075.706560555        6565656.56565657       2.760137790333966E-005
   858075.706560555        6767676.76767677       2.395082071729650E-005
   858075.706560555        6969696.96969697       2.048795783248171E-005
   858075.706560555        7171717.17171717       1.726646568682019E-005
   858075.706560555        7373737.37373737       1.432562913469145E-005
   858075.706560555        7575757.57575757       1.169035765948595E-005
   858075.706560555        7777777.77777778       9.372049075188494E-006
   858075.706560555        7979797.97979798       7.370068027439613E-006
   858075.706560555        8181818.18181818       5.673632248540360E-006
   858075.706560555        8383838.38383838       4.263927147266264E-006
   858075.706560555        8585858.58585858       3.116292865209125E-006
   858075.706560555        8787878.78787879       2.202348929215226E-006
   858075.706560555        8989898.98989899       1.491944156535317E-006
   858075.706560555        9191919.19191919       9.548464818119957E-007
   858075.706560555        9393939.39393939       5.621193831558221E-007
   858075.706560555        9595959.59595960       2.871671110902014E-007
   858075.706560555        9797979.79797980       1.064647211408231E-007
   858075.706560555        10000000.0000000       0.000000000000000E+000
   980512.192633405       -10000000.0000000       0.000000000000000E+000
   980512.192633405       -9797979.79797980       1.354093612291748E-008
   980512.192633405       -9595959.59595960       3.704052515908822E-008
   980512.192633405       -9393939.39393939       7.433552597868837E-008
   980512.192633405       -9191919.19191919       1.304787326050016E-007
   980512.192633405       -8989898.98989899       2.119359417814963E-007
   980512.192633405       -8787878.78787879       3.267490460739302E-007
   980512.192633405       -8585858.58585859       4.846428113045562E-007
   980512.192633405       -8383838.38383838       6.970442418538409E-007
   980512.192633405       -8181818.18181818       9.769826022583657E-007
   980512.192633405       -7979797.97979798       1.338841928347801E-006
   980512.192633405       -7777777.77777778       1.797945979219913E-006
   980512.192633405       -7575757.57575758       2.369967961301584E-006
   980512.192633405       -7373737.37373737       3.070173268635759E-006
   980512.192633405       -7171717.17171717       3.912521583108721E-006
   980512.192633405       -6969696.96969697       4.908673283510171E-006
   980512.192633405       -6767676.76767677       6.066962624002056E-006
   980512.192633405       -6565656.56565657       7.391415427551010E-006
   980512.192633405       -6363636.36363636       8.880901529843213E-006
   980512.192633405       -6161616.16161616       1.052852149234074E-005
   980512.192633405       -5959595.95959596       1.232133201233291E-005
   980512.192633405       -5757575.75757576       1.424051207089680E-005
   980512.192633405       -5555555.55555556       1.626205724021361E-005
   980512.192633405       -5353535.35353535       1.835805715247796E-005
   980512.192633405       -5151515.15151515       2.049855806508905E-005
   980512.192633405       -4949494.94949495       2.265394304449331E-005
   980512.192633405       -4747474.74747475       2.479769137009017E-005
   980512.192633405       -4545454.54545455       2.690933154602494E-005
   980512.192633405       -4343434.34343434       2.897740951981706E-005
   980512.192633405       -4141414.14141414       3.100238337839918E-005
   980512.192633405       -3939393.93939394       3.299954552302878E-005
   980512.192633405       -3737373.73737374       3.500236627915265E-005
   980512.192633405       -3535353.53535354       3.706703575786507E-005
   980512.192633405       -3333333.33333333       3.927941150251380E-005
   980512.192633405       -3131313.13131313       4.176594007210838E-005
   980512.192633405       -2929292.92929293       4.471010777200882E-005
   980512.192633405       -2727272.72727273       4.837494011043922E-005
   980512.192633405       -2525252.52525253       5.312895409493414E-005
   980512.192633405       -2323232.32323232       5.946673840274623E-005
   980512.192633405       -2121212.12121212       6.800641906906252E-005
   980512.192633405       -1919191.91919192       7.943875310893923E-005
   980512.192633405       -1717171.71717172       9.440486281189036E-005
   980512.192633405       -1515151.51515152       1.132997119163514E-004
   980512.192633405       -1313131.31313131       1.360347372429270E-004
   980512.192633405       -1111111.11111111       1.618297023359757E-004
   980512.192633405       -909090.909090910       1.891191340239523E-004
   980512.192633405       -707070.707070708       2.156402825442509E-004
   980512.192633405       -505050.505050506       2.387213956546565E-004
   980512.192633405       -303030.303030305       2.557270999447479E-004
   980512.192633405       -101010.101010101       2.645622594528945E-004
   980512.192633405        101010.101010101       2.641062589914561E-004
   980512.192633405        303030.303030303       2.544589780521657E-004
   980512.192633405        505050.505050505       2.369278878553576E-004
   980512.192633405        707070.707070706       2.137580958103835E-004
   980512.192633405        909090.909090908       1.876792897360216E-004
   980512.192633405        1111111.11111111       1.613911223844161E-004
   980512.192633405        1313131.31313131       1.371172896164146E-004
   980512.192633405        1515151.51515151       1.163281805726964E-004
   980512.192633405        1717171.71717172       9.967432141969211E-005
   980512.192633405        1919191.91919192       8.710714998293770E-005
   980512.192633405        2121212.12121212       7.811237198269427E-005
   980512.192633405        2323232.32323232       7.196309696378149E-005
   980512.192633405        2525252.52525252       6.791964643495779E-005
   980512.192633405        2727272.72727273       6.534501862224820E-005
   980512.192633405        2929292.92929293       6.374423491372204E-005
   980512.192633405        3131313.13131313       6.275539052202836E-005
   980512.192633405        3333333.33333333       6.212023647519890E-005
   980512.192633405        3535353.53535353       6.165254877009483E-005
   980512.192633405        3737373.73737374       6.121263150510606E-005
   980512.192633405        3939393.93939394       6.068996188729404E-005
   980512.192633405        4141414.14141414       5.999311907793721E-005
   980512.192633405        4343434.34343434       5.904531309667099E-005
   980512.192633405        4545454.54545454       5.778382101552162E-005
   980512.192633405        4747474.74747475       5.616180630328901E-005
   980512.192633405        4949494.94949495       5.415114614694913E-005
   980512.192633405        5151515.15151515       5.174504128835489E-005
   980512.192633405        5353535.35353535       4.895940959061998E-005
   980512.192633405        5555555.55555555       4.583241069394968E-005
   980512.192633405        5757575.75757576       4.242188974780098E-005
   980512.192633405        5959595.95959596       3.880097969309113E-005
   980512.192633405        6161616.16161616       3.505245920171734E-005
   980512.192633405        6363636.36363636       3.126264729859141E-005
   980512.192633405        6565656.56565657       2.751560302707834E-005
   980512.192633405        6767676.76767677       2.388822782672821E-005
   980512.192633405        6969696.96969697       2.044661739805713E-005
   980512.192633405        7171717.17171717       1.724376121806613E-005
   980512.192633405        7373737.37373737       1.431849942669132E-005
   980512.192633405        7575757.57575757       1.169553950173330E-005
   980512.192633405        7777777.77777778       9.386298509608839E-006
   980512.192633405        7979797.97979798       7.390344468636016E-006
   980512.192633405        8181818.18181818       5.697236220679291E-006
   980512.192633405        8383838.38383838       4.288588338996802E-006
   980512.192633405        8585858.58585858       3.140210216550974E-006
   980512.192633405        8787878.78787879       2.224188264729320E-006
   980512.192633405        8989898.98989899       1.510801272881076E-006
   980512.192633405        9191919.19191919       9.701844038079571E-007
   980512.192633405        9393939.39393939       5.736873720560927E-007
   980512.192633405        9595959.59595960       2.949046336461024E-007
   980512.192633405        9797979.79797980       1.103815364303870E-007
   980512.192633405        10000000.0000000       0.000000000000000E+000
   1111111.11111111       -10000000.0000000       0.000000000000000E+000
   1111111.11111111       -9797979.79797980       1.404993129245193E-008
   1111111.11111111       -9595959.59595960       3.806937256767822E-008
   1111111.11111111       -9393939.39393939       7.592386705180046E-008
   1111111.11111111       -9191919.19191919       1.326694001447487E-007
   1111111.11111111       -8989898.98989899       2.147519201230987E-007
   1111111.11111111       -8787878.78787879       3.301681698915174E-007
   1111111.11111111       -8585858.58585859       4.885681406094040E-007
   1111111.11111111       -8383838.38383838       7.012701607742720E-007
   1111111.11111111       -8181818.18181818       9.811581864841151E-007
   1111111.11111111       -7979797.97979798       1.342434407274429E-006
   1111111.11111111       -7777777.77777778       1.800208229076246E-006
   1111111.11111111       -7575757.57575758       2.369914784021136E-006
   1111111.11111111       -7373737.37373737       3.066571572128788E-006
   1111111.11111111       -7171717.17171717       3.903899324408066E-006
   1111111.11111111       -6969696.96969697       4.893351050441179E-006
   1111111.11111111       -6767676.76767677       6.043109958154241E-006
   1111111.11111111       -6565656.56565657       7.357131448296701E-006
   1111111.11111111       -6363636.36363636       8.834316205469429E-006
   1111111.11111111       -6161616.16161616       1.046791022219680E-005
   1111111.11111111       -5959595.95959596       1.224523237074648E-005
   1111111.11111111       -5757575.75757576       1.414782812014103E-005
   1111111.11111111       -5555555.55555556       1.615213438858273E-005
   1111111.11111111       -5353535.35353535       1.823070976951228E-005
   1111111.11111111       -5151515.15151515       2.035403335807385E-005
   1111111.11111111       -4949494.94949495       2.249280776143102E-005
   1111111.11111111       -4747474.74747475       2.462063130935275E-005
   1111111.11111111       -4545454.54545455       2.671685470028754E-005
   1111111.11111111       -4343434.34343434       2.876943726246667E-005
   1111111.11111111       -4141414.14141414       3.077769361093713E-005
   1111111.11111111       -3939393.93939394       3.275498748516985E-005
   1111111.11111111       -3737373.73737374       3.473168480525739E-005
   1111111.11111111       -3535353.53535354       3.675900330311105E-005
   1111111.11111111       -3333333.33333333       3.891474529938417E-005
   1111111.11111111       -3131313.13131313       4.131216539053165E-005
   1111111.11111111       -2929292.92929293       4.411315609132602E-005
   1111111.11111111       -2727272.72727273       4.754602665907997E-005
   1111111.11111111       -2525252.52525253       5.192561011903896E-005
   1111111.11111111       -2323232.32323232       5.766851347793486E-005
   1111111.11111111       -2121212.12121212       6.528938096857286E-005
   1111111.11111111       -1919191.91919192       7.535813973242038E-005
   1111111.11111111       -1717171.71717172       8.839967571000991E-005
   1111111.11111111       -1515151.51515152       1.047326828246868E-004
   1111111.11111111       -1313131.31313131       1.242732546870421E-004
   1111111.11111111       -1111111.11111111       1.463597089591876E-004
   1111111.11111111       -909090.909090910       1.696704228466074E-004
   1111111.11111111       -707070.707070708       1.922937276277775E-004
   1111111.11111111       -505050.505050506       2.119690429223541E-004
   1111111.11111111       -303030.303030305       2.264644087891441E-004
   1111111.11111111       -101010.101010101       2.340062103829178E-004
   1111111.11111111        101010.101010101       2.336503220862855E-004
   1111111.11111111        303030.303030303       2.254916245348968E-004
   1111111.11111111        505050.505050505       2.106507906613176E-004
   1111111.11111111        707070.707070706       1.910404286028583E-004
   1111111.11111111        909090.909090908       1.689756157512141E-004
   1111111.11111111        1111111.11111111       1.467351151251631E-004
   1111111.11111111        1313131.31313131       1.261861286176064E-004
   1111111.11111111        1515151.51515151       1.085569032086145E-004
   1111111.11111111        1717171.71717172       9.438917868162595E-005
   1111111.11111111        1919191.91919192       8.364538555258568E-005
   1111111.11111111        2121212.12121212       7.590446749404136E-005
   1111111.11111111        2323232.32323232       7.056949192766091E-005
   1111111.11111111        2525252.52525252       6.702967385026336E-005
   1111111.11111111        2727272.72727273       6.475409077167570E-005
   1111111.11111111        2929292.92929293       6.332463004803880E-005
   1111111.11111111        3131313.13131313       6.243022176515505E-005
   1111111.11111111        3333333.33333333       6.184418248499880E-005
   1111111.11111111        3535353.53535353       6.139917822308046E-005
   1111111.11111111        3737373.73737374       6.096670650890438E-005
   1111111.11111111        3939393.93939394       6.044301215878782E-005
   1111111.11111111        4141414.14141414       5.974098246155027E-005
   1111111.11111111        4343434.34343434       5.878678227617897E-005
   1111111.11111111        4545454.54545454       5.751986983922055E-005
   1111111.11111111        4747474.74747475       5.589508542095153E-005
   1111111.11111111        4949494.94949495       5.388557194183136E-005
   1111111.11111111        5151515.15151515       5.148538800455273E-005
   1111111.11111111        5353535.35353535       4.871087292427395E-005
   1111111.11111111        5555555.55555555       4.560015138308328E-005
   1111111.11111111        5757575.75757576       4.221059062397506E-005
   1111111.11111111        5959595.95959596       3.861445980020521E-005
   1111111.11111111        6161616.16161616       3.489338530410272E-005
   1111111.11111111        6363636.36363636       3.113236975557944E-005
   1111111.11111111        6565656.56565657       2.741412454574570E-005
   1111111.11111111        6767676.76767677       2.381429518848337E-005
   1111111.11111111        6969696.96969697       2.039791188746471E-005
   1111111.11111111        7171717.17171717       1.721715520077519E-005
   1111111.11111111        7373737.37373737       1.431034442076162E-005
   1111111.11111111        7575757.57575757       1.170195392322321E-005
   1111111.11111111        7777777.77777778       9.403429270473329E-006
   1111111.11111111        7979797.97979798       7.414584075923426E-006
   1111111.11111111        8181818.18181818       5.725384690676751E-006
   1111111.11111111        8383838.38383838       4.317956262023843E-006
   1111111.11111111        8585858.58585858       3.168665184303447E-006
   1111111.11111111        8787878.78787879       2.250151297963506E-006
   1111111.11111111        8989898.98989899       1.533202658415155E-006
   1111111.11111111        9191919.19191919       9.883892824898364E-007
   1111111.11111111        9393939.39393939       5.874001623228577E-007
   1111111.11111111        9595959.59595960       3.040566723694594E-007
   1111111.11111111        9797979.79797980       1.149946788559155E-007
   1111111.11111111        10000000.0000000       0.000000000000000E+000
   1249872.46199367       -10000000.0000000       0.000000000000000E+000
   1249872.46199367       -9797979.79797980       1.463351826382753E-008
   1249872.46199367       -9595959.59595960       3.925466358490353E-008
   1249872.46199367       -9393939.39393939       7.775713843260765E-008
   1249872.46199367       -9191919.19191919       1.351988493859257E-007
   1249872.46199367       -8989898.98989899       2.180018403247365E-007
   1249872.46199367       -8787878.78787879       3.341098016489098E-007
   1249872.46199367       -8585858.58585859       4.930853671291095E-007
   1249872.46199367       -8383838.38383838       7.061202133946105E-007
   1249872.46199367       -8181818.18181818       9.859291633238620E-007
   1249872.46199367       -7979797.97979798       1.346502860423540E-006
   1249872.46199367       -7777777.77777778       1.802701347984162E-006
   1249872.46199367       -7575757.57575758       2.369682648468193E-006
   1249872.46199367       -7373737.37373737       3.062175375960714E-006
   1249872.46199367       -7171717.17171717       3.893621200189287E-006
   1249872.46199367       -6969696.96969697       4.875230020316908E-006
   1249872.46199367       -6767676.76767677       6.015006530334995E-006
   1249872.46199367       -6565656.56565657       7.316820484616794E-006
   1249872.46199367       -6363636.36363636       8.779604008601453E-006
   1249872.46199367       -6161616.16161616       1.039676755342978E-005
   1249872.46199367       -5959595.95959596       1.215593069079410E-005
   1249872.46199367       -5757575.75757576       1.403906232153318E-005
   1249872.46199367       -5555555.55555556       1.602311241163090E-005
   1249872.46199367       -5353535.35353535       1.808118855331488E-005
   1249872.46199367       -5151515.15151515       2.018428208515211E-005
   1249872.46199367       -4949494.94949495       2.230348308179255E-005
   1249872.46199367       -4747474.74747475       2.441255370948288E-005
   1249872.46199367       -4545454.54545455       2.649067731852603E-005
   1249872.46199367       -4343434.34343434       2.852519331695841E-005
   1249872.46199367       -4141414.14141414       3.051418929521500E-005
   1249872.46199367       -3939393.93939394       3.246896438505077E-005
   1249872.46199367       -3737373.73737374       3.441659687620145E-005
   1249872.46199367       -3535353.53535354       3.640312110062938E-005
   1249872.46199367       -3333333.33333333       3.849809501327956E-005
   1249872.46199367       -3131313.13131313       4.080152344203703E-005
   1249872.46199367       -2929292.92929293       4.345399126627096E-005
   1249872.46199367       -2727272.72727273       4.665007563820290E-005
   1249872.46199367       -2525252.52525253       5.065307846418438E-005
   1249872.46199367       -2323232.32323232       5.580534886348451E-005
   1249872.46199367       -2121212.12121212       6.252327026812312E-005
   1249872.46199367       -1919191.91919192       7.126163150251052E-005
   1249872.46199367       -1717171.71717172       8.243319403636871E-005
   1249872.46199367       -1515151.51515152       9.628065327011906E-005
   1249872.46199367       -1313131.31313131       1.127201704164517E-004
   1249872.46199367       -1111111.11111111       1.312003303834358E-004
   1249872.46199367       -909090.909090910       1.506341695480155E-004
   1249872.46199367       -707070.707070708       1.694537435648770E-004
   1249872.46199367       -505050.505050506       1.858053330246102E-004
   1249872.46199367       -303030.303030305       1.978584846560642E-004
   1249872.46199367       -101010.101010101       2.041598261034275E-004
   1249872.46199367        101010.101010101       2.039392780708867E-004
   1249872.46199367        303030.303030303       1.972822781274572E-004
   1249872.46199367        505050.505050505       1.851169378474927E-004
   1249872.46199367        707070.707070706       1.690184997367307E-004
   1249872.46199367        909090.909090908       1.508865465950298E-004
   1249872.46199367        1111111.11111111       1.325846228181696E-004
   1249872.46199367        1313131.31313131       1.156360040964524E-004
   1249872.46199367        1515151.51515151       1.010433631389866E-004
   1249872.46199367        1717171.71717172       8.925498318648565E-005
   1249872.46199367        1919191.91919192       8.025354930706704E-005
   1249872.46199367        2121212.12121212       7.371269669739619E-005
   1249872.46199367        2323232.32323232       6.916090296228695E-005
   1249872.46199367        2525252.52525252       6.610923748099614E-005
   1249872.46199367        2727272.72727273       6.412628734073506E-005
   1249872.46199367        2929292.92929293       6.286609188046379E-005
   1249872.46199367        3131313.13131313       6.206563343038776E-005
   1249872.46199367        3333333.33333333       6.152842758244983E-005
   1249872.46199367        3535353.53535353       6.110551013659465E-005
   1249872.46199367        3737373.73737374       6.067948831932012E-005
   1249872.46199367        3939393.93939394       6.015349082512472E-005
   1249872.46199367        4141414.14141414       5.944491094099726E-005
   1249872.46199367        4343434.34343434       5.848309256609220E-005
   1249872.46199367        4545454.54545454       5.720989773795565E-005
   1249872.46199367        4747474.74747475       5.558204574769112E-005
   1249872.46199367        4949494.94949495       5.357411016796394E-005
   1249872.46199367        5151515.15151515       5.118111931700118E-005
   1249872.46199367        5353535.35353535       4.841988015876687E-005
   1249872.46199367        5555555.55555555       4.532845629997532E-005
   1249872.46199367        5757575.75757576       4.196363996123868E-005
   1249872.46199367        5959595.95959596       3.839667814506939E-005
   1249872.46199367        6161616.16161616       3.470784223496794E-005
   1249872.46199367        6363636.36363636       3.098059265273705E-005
   1249872.46199367        6565656.56565657       2.729606663686095E-005
   1249872.46199367        6767676.76767677       2.372844678005554E-005
   1249872.46199367        6969696.96969697       2.034152598199940E-005
   1249872.46199367        7171717.17171717       1.718654916204626E-005
   1249872.46199367        7373737.37373737       1.430123709507423E-005
   1249872.46199367        7575757.57575757       1.170980115399805E-005
   1249872.46199367        7777777.77777778       9.423727928174367E-006
   1249872.46199367        7979797.97979798       7.443123557582665E-006
   1249872.46199367        8181818.18181818       5.758433814097536E-006
   1249872.46199367        8383838.38383838       4.352381623120487E-006
   1249872.46199367        8585858.58585858       3.201983802508019E-006
   1249872.46199367        8787878.78787879       2.280525424345313E-006
   1249872.46199367        8989898.98989899       1.559387762321818E-006
   1249872.46199367        9191919.19191919       1.009647293775016E-006
   1249872.46199367        9393939.39393939       6.033887041762820E-007
   1249872.46199367        9595959.59595960       3.147002237984851E-007
   1249872.46199367        9797979.79797980       1.203334272265236E-007
   1249872.46199367        10000000.0000000       0.000000000000000E+000
   1396796.24528109       -10000000.0000000       0.000000000000000E+000
   1396796.24528109       -9797979.79797980       1.529003214141060E-008
   1396796.24528109       -9595959.59595960       4.059526199733783E-008
   1396796.24528109       -9393939.39393939       7.983499270789201E-008
   1396796.24528109       -9191919.19191919       1.380668572557974E-007
   1396796.24528109       -8989898.98989899       2.216843447044029E-007
   1396796.24528109       -8787878.78787879       3.385696276405055E-007
   1396796.24528109       -8585858.58585859       4.981847778247445E-007
   1396796.24528109       -8383838.38383838       7.115761330206721E-007
   1396796.24528109       -8181818.18181818       9.912647432209556E-007
   1396796.24528109       -7979797.97979798       1.350999073550596E-006
   1396796.24528109       -7777777.77777778       1.805353726291168E-006
   1396796.24528109       -7575757.57575758       2.369169349642467E-006
   1396796.24528109       -7373737.37373737       3.056843264577777E-006
   1396796.24528109       -7171717.17171717       3.881496349409221E-006
   1396796.24528109       -6969696.96969697       4.854057830533001E-006
   1396796.24528109       -6767676.76767677       5.982324440574938E-006
   1396796.24528109       -6565656.56565657       7.270063027256204E-006
   1396796.24528109       -6363636.36363636       8.716235834476072E-006
   1396796.24528109       -6161616.16161616       1.031443526908630E-005
   1396796.24528109       -5959595.95959596       1.205261931941757E-005
   1396796.24528109       -5757575.75757576       1.391323757090657E-005
   1396796.24528109       -5555555.55555556       1.587382657212589E-005
   1396796.24528109       -5353535.35353535       1.790812669078438E-005
   1396796.24528109       -5151515.15151515       1.998772689618249E-005
   1396796.24528109       -4949494.94949495       2.208418121213865E-005
   1396796.24528109       -4747474.74747475       2.417147203423828E-005
   1396796.24528109       -4545454.54545455       2.622864144799789E-005
   1396796.24528109       -4343434.34343434       2.824239737921186E-005
   1396796.24528109       -4141414.14141414       3.020954902703089E-005
   1396796.24528109       -3939393.93939394       3.213924606895793E-005
   1396796.24528109       -3737373.73737374       3.405518172241489E-005
   1396796.24528109       -3535353.53535354       3.599814464149507E-005
   1396796.24528109       -3333333.33333333       3.802951990525901E-005
   1396796.24528109       -3131313.13131313       4.023645866547898E-005
   1396796.24528109       -2929292.92929293       4.273930031457683E-005
   1396796.24528109       -2727272.72727273       4.570116351454793E-005
   1396796.24528109       -2525252.52525253       4.933803543490958E-005
   1396796.24528109       -2323232.32323232       5.392487691773086E-005
   1396796.24528109       -2121212.12121212       5.978952534805480E-005
   1396796.24528109       -1919191.91919192       6.728316801078324E-005
   1396796.24528109       -1717171.71717172       7.671712514587392E-005
   1396796.24528109       -1515151.51515152       8.826405987931615E-005
   1396796.24528109       -1313131.31313131       1.018379212701707E-004
   1396796.24528109       -1111111.11111111       1.169855879174454E-004
   1396796.24528109       -909090.909090910       1.328344375341960E-004
   1396796.24528109       -707070.707070708       1.481349780968050E-004
   1396796.24528109       -505050.505050506       1.614140811080314E-004
   1396796.24528109       -303030.303030305       1.712189242994680E-004
   1396796.24528109       -101010.101010101       1.763973701778019E-004
   1396796.24528109        101010.101010101       1.763409824705612E-004
   1396796.24528109        303030.303030303       1.711212572425328E-004
   1396796.24528109        505050.505050505       1.614781570696619E-004
   1396796.24528109        707070.707070706       1.486634202778636E-004
   1396796.24528109        909090.909090908       1.341839520789921E-004
   1396796.24528109        1111111.11111111       1.195175105747187E-004
   1396796.24528109        1313131.31313131       1.058748243649817E-004
   1396796.24528109        1515151.51515151       9.406004067820469E-005
   1396796.24528109        1717171.71717172       8.444503601451023E-005
   1396796.24528109        1919191.91919192       7.703734626542929E-005
   1396796.24528109        2121212.12121212       7.159925806745627E-005
   1396796.24528109        2323232.32323232       6.777269613476804E-005
   1396796.24528109        2525252.52525252       6.517764999582579E-005
   1396796.24528109        2727272.72727273       6.347151770562752E-005
   1396796.24528109        2929292.92929293       6.237309757631958E-005
   1396796.24528109        3131313.13131313       6.166298547118506E-005
   1396796.24528109        3333333.33333333       6.117254095883067E-005
   1396796.24528109        3535353.53535353       6.077007627043671E-005
   1396796.24528109        3737373.73737374       6.034890099566799E-005
   1396796.24528109        3939393.93939394       5.981896588248433E-005
   1396796.24528109        4141414.14141414       5.910227272598420E-005
   1396796.24528109        4343434.34343434       5.813151918329645E-005
   1396796.24528109        4545454.54545454       5.685116878273339E-005
   1396796.24528109        4747474.74747475       5.522000929158884E-005
   1396796.24528109        4949494.94949495       5.321420209243635E-005
   1396796.24528109        5151515.15151515       5.082985020807112E-005
   1396796.24528109        5353535.35353535       4.808426632435189E-005
   1396796.24528109        5555555.55555555       4.501541666395652E-005
   1396796.24528109        5757575.75757576       4.167940919619310E-005
   1396796.24528109        5959595.95959596       3.814629716243176E-005
   1396796.24528109        6161616.16161616       3.449478095473452E-005
   1396796.24528109        6363636.36363636       3.080654092710850E-005
   1396796.24528109        6565656.56565657       2.716090375851220E-005
   1396796.24528109        6767676.76767677       2.363037502517239E-005
   1396796.24528109        6969696.96969697       2.027733443428188E-005
   1396796.24528109        7171717.17171717       1.715196330021404E-005
   1396796.24528109        7373737.37373737       1.429130732306155E-005
   1396796.24528109        7575757.57575757       1.171928781312698E-005
   1396796.24528109        7777777.77777778       9.447448835923553E-006
   1396796.24528109        7979797.97979798       7.476240410790642E-006
   1396796.24528109        8181818.18181818       5.796664125731075E-006
   1396796.24528109        8383838.38383838       4.392132138767763E-006
   1396796.24528109        8585858.58585858       3.240408963016625E-006
   1396796.24528109        8787878.78787879       2.315520085959503E-006
   1396796.24528109        8989898.98989899       1.589526873189103E-006
   1396796.24528109        9191919.19191919       1.034086416374271E-006
   1396796.24528109        9393939.39393939       6.217379132285613E-007
   1396796.24528109        9595959.59595960       3.268793467678522E-007
   1396796.24528109        9797979.79797980       1.264089623086882E-007
   1396796.24528109        10000000.0000000       0.000000000000000E+000
   1551882.46097337       -10000000.0000000       0.000000000000000E+000
   1551882.46097337       -9797979.79797980       1.601474505280751E-008
   1551882.46097337       -9595959.59595960       4.208384082103476E-008
   1551882.46097337       -9393939.39393939       8.214755150609728E-008
   1551882.46097337       -9191919.19191919       1.412598964583099E-007
   1551882.46097337       -8989898.98989899       2.257804798700127E-007
   1551882.46097337       -8787878.78787879       3.435209940256809E-007
   1551882.46097337       -8585858.58585859       5.038293415905826E-007
   1551882.46097337       -8383838.38383838       7.175875136748741E-007
   1551882.46097337       -8181818.18181818       9.970979085509214E-007
   1551882.46097337       -7979797.97979798       1.355836010965734E-006
   1551882.46097337       -7777777.77777778       1.808054765866554E-006
   1551882.46097337       -7575757.57575758       2.368237006068625E-006
   1551882.46097337       -7373737.37373737       3.050406035646428E-006
   1551882.46097337       -7171717.17171717       3.867319632469324E-006
   1551882.46097337       -6969696.96969697       4.829587824661654E-006
   1551882.46097337       -6767676.76767677       5.944768497508751E-006
   1551882.46097337       -6565656.56565657       7.216506395047711E-006
   1551882.46097337       -6363636.36363636       8.643790206426787E-006
   1551882.46097337       -6161616.16161616       1.022040924940583E-005
   1551882.46097337       -5959595.95959596       1.193469529111521E-005
   1551882.46097337       -5757575.75757576       1.376963421134172E-005
   1551882.46097337       -5555555.55555556       1.570342238384048E-005
   1551882.46097337       -5353535.35353535       1.771051848770457E-005
   1551882.46097337       -5151515.15151515       1.976319903605259E-005
   1551882.46097337       -4949494.94949495       2.183356650322555E-005
   1551882.46097337       -4747474.74747475       2.389589226141550E-005
   1551882.46097337       -4545454.54545455       2.592912114014362E-005
   1551882.46097337       -4343434.34343434       2.791934370983876E-005
   1551882.46097337       -4141414.14141414       2.986207698214663E-005
   1551882.46097337       -3939393.93939394       3.176429338684711E-005
   1551882.46097337       -3737373.73737374       3.364629363175304E-005
   1551882.46097337       -3535353.53535354       3.554370418434288E-005
   1551882.46097337       -3333333.33333333       3.751004714963170E-005
   1551882.46097337       -3131313.13131313       3.962040386879822E-005
   1551882.46097337       -2929292.92929293       4.197655022555944E-005
   1551882.46097337       -2727272.72727273       4.471338623473419E-005
   1551882.46097337       -2525252.52525253       4.800526419465377E-005
   1551882.46097337       -2323232.32323232       5.206877606388571E-005
   1551882.46097337       -2121212.12121212       5.715597176915668E-005
   1551882.46097337       -1919191.91919192       6.353004226046280E-005
   1551882.46097337       -1717171.71717172       7.141644687942460E-005
   1551882.46097337       -1515151.51515152       8.092860690083382E-005
   1551882.46097337       -1313131.31313131       9.197889517465258E-005
   1551882.46097337       -1111111.11111111       1.041991032959878E-004
   1551882.46097337       -909090.909090910       1.169029552539808E-004
   1551882.46097337       -707070.707070708       1.291199112567896E-004
   1551882.46097337       -505050.505050506       1.397123320906740E-004
   1551882.46097337       -303030.303030305       1.475614730893955E-004
   1551882.46097337       -101010.101010101       1.517813624450410E-004
   1551882.46097337        101010.101010101       1.519042613481703E-004
   1551882.46097337        303030.303030303       1.479844996919356E-004
   1551882.46097337        505050.505050505       1.405894219458607E-004
   1551882.46097337        707070.707070706       1.306796712855241E-004
   1551882.46097337        909090.909090908       1.194138597872409E-004
   1551882.46097337        1111111.11111111       1.079327773069932E-004
   1551882.46097337        1313131.31313131       9.717896427933395E-005
   1551882.46097337        1515151.51515151       8.779000585127602E-005
   1551882.46097337        1717171.71717172       8.007655980599451E-005
   1551882.46097337        1919191.91919192       7.407003996395752E-005
   1551882.46097337        2121212.12121212       6.960907553716619E-005
   1551882.46097337        2323232.32323232       6.643185954581694E-005
   1551882.46097337        2525252.52525252       6.425065969452361E-005
   1551882.46097337        2727272.72727273       6.279854363089844E-005
   1551882.46097337        2929292.92929293       6.185010446764031E-005
   1551882.46097337        3131313.13131313       6.122410565318288E-005
   1551882.46097337        3333333.33333333       6.077675434105378E-005
   1551882.46097337        3535353.53535353       6.039214469607954E-005
   1551882.46097337        3737373.73737374       5.997363666812491E-005
   1551882.46097337        3939393.93939394       5.943779594458157E-005
   1551882.46097337        4141414.14141414       5.871125106899188E-005
   1551882.46097337        4343434.34343434       5.773017994417401E-005
   1551882.46097337        4545454.54545454       5.644181729656782E-005
   1551882.46097337        4747474.74747475       5.480719134937678E-005
   1551882.46097337        4949494.94949495       5.280419565367590E-005
   1551882.46097337        5151515.15151515       5.043010152897291E-005
   1551882.46097337        5353535.35353535       4.770275390677971E-005
   1551882.46097337        5555555.55555555       4.465997323546803E-005
   1551882.46097337        5757575.75757576       4.135706178015938E-005
   1551882.46097337        5959595.95959596       3.786269586023562E-005
   1551882.46097337        6161616.16161616       3.425377895278611E-005
   1551882.46097337        6363636.36363636       3.060996594201697E-005
   1551882.46097337        6565656.56565657       2.700853189519829E-005
   1551882.46097337        6767676.76767677       2.352008958764349E-005
   1551882.46097337        6969696.96969697       2.020543058476297E-005
   1551882.46097337        7171717.17171717       1.711354757042230E-005
   1551882.46097337        7373737.37373737       1.428073877854004E-005
   1551882.46097337        7575757.57575757       1.173061301974664E-005
   1551882.46097337        7777777.77777778       9.474792730435187E-006
   1551882.46097337        7979797.97979798       7.514127004532065E-006
   1551882.46097337        8181818.18181818       5.840252677541218E-006
   1551882.46097337        8383838.38383838       4.437364813117402E-006
   1551882.46097337        8585858.58585858       3.284074417336055E-006
   1551882.46097337        8787878.78787879       2.355243612304871E-006
   1551882.46097337        8989898.98989899       1.623701512771521E-006
   1551882.46097337        9191919.19191919       1.061760786839196E-006
   1551882.46097337        9393939.39393939       6.424752084738918E-007
   1551882.46097337        9595959.59595960       3.405980403211105E-007
   1551882.46097337        9797979.79797980       1.332115371847542E-007
   1551882.46097337        10000000.0000000       0.000000000000000E+000
   1715131.10907050       -10000000.0000000       0.000000000000000E+000
   1715131.10907050       -9797979.79797980       1.679962449062381E-008
   1715131.10907050       -9595959.59595960       4.370606670643169E-008
   1715131.10907050       -9393939.39393939       8.467391523283929E-008
   1715131.10907050       -9191919.19191919       1.447489074311097E-007
   1715131.10907050       -8989898.98989899       2.302506571582401E-007
   1715131.10907050       -8787878.78787879       3.489109813904830E-007
   1715131.10907050       -8585858.58585859       5.099498440070431E-007
   1715131.10907050       -8383838.38383838       7.240659964249089E-007
   1715131.10907050       -8181818.18181818       1.003318717135551E-006
   1715131.10907050       -7979797.97979798       1.360880408582321E-006
   1715131.10907050       -7777777.77777778       1.810647076552952E-006
   1715131.10907050       -7575757.57575758       2.366704349637659E-006
   1715131.10907050       -7373737.37373737       3.042659780156684E-006
   1715131.10907050       -7171717.17171717       3.850866427504100E-006
   1715131.10907050       -6969696.96969697       4.801576727863681E-006
   1715131.10907050       -6767676.76767677       5.902078160784689E-006
   1715131.10907050       -6565656.56565657       7.155872519850894E-006
   1715131.10907050       -6363636.36363636       8.561968600864303E-006
   1715131.10907050       -6161616.16161616       1.011436406238754E-005
   1715131.10907050       -5959595.95959596       1.180179582005006E-005
   1715131.10907050       -5757575.75757576       1.360783784121062E-005
   1715131.10907050       -5555555.55555556       1.551141679483898E-005
   1715131.10907050       -5353535.35353535       1.748779450920336E-005
   1715131.10907050       -5151515.15151515       1.951002744260194E-005
   1715131.10907050       -4949494.94949495       2.155085782966805E-005
   1715131.10907050       -4747474.74747475       2.358492707273753E-005
   1715131.10907050       -4545454.54545455       2.559114595878698E-005
   1715131.10907050       -4343434.34343434       2.755502997047073E-005
   1715131.10907050       -4141414.14141414       2.947083060586314E-005
   1715131.10907050       -3939393.93939394       3.134337386283978E-005
   1715131.10907050       -3737373.73737374       3.318964683971559E-005
   1715131.10907050       -3535353.53535354       3.504032619016975E-005
   1715131.10907050       -3333333.33333333       3.694157339212965E-005
   1715131.10907050       -3131313.13131313       3.895746659351164E-005
   1715131.10907050       -2929292.92929293       4.117330276139183E-005
   1715131.10907050       -2727272.72727273       4.369955338116080E-005
   1715131.10907050       -2525252.52525253       4.667533911475666E-005
   1715131.10907050       -2323232.32323232       5.026883636004773E-005
   1715131.10907050       -2121212.12121212       5.467029378070516E-005
   1715131.10907050       -1919191.91919192       6.007218012251927E-005
   1715131.10907050       -1717171.71717172       6.663190948145244E-005
   1715131.10907050       -1515151.51515152       7.441708557129521E-005
   1715131.10907050       -1313131.31313131       8.334136634759362E-005
   1715131.10907050       -1111111.11111111       9.310837872148187E-005
   1715131.10907050       -909090.909090910       1.031868887530704E-004
   1715131.10907050       -707070.707070708       1.128380119282947E-004
   1715131.10907050       -505050.505050506       1.212029846828715E-004
   1715131.10907050       -303030.303030305       1.274408675550843E-004
   1715131.10907050       -101010.101010101       1.308863447555058E-004
   1715131.10907050        101010.101010101       1.311864978206108E-004
   1715131.10907050        303030.303030303       1.283776258393265E-004
   1715131.10907050        505050.505050505       1.228792361268438E-004
   1715131.10907050        707070.707070706       1.154068329819894E-004
   1715131.10907050        909090.909090908       1.068290155732654E-004
   1715131.10907050        1111111.11111111       9.800886213768126E-005
   1715131.10907050        1313131.31313131       8.966994787638623E-005
   1715131.10907050        1515151.51515151       8.231483906478609E-005
   1715131.10907050        1717171.71717172       7.620456454784022E-005
   1715131.10907050        1919191.91919192       7.138913680982981E-005
   1715131.10907050        2121212.12121212       6.776779864540211E-005
   1715131.10907050        2323232.32323232       6.515570807248625E-005
   1715131.10907050        2525252.52525252       6.333961904390671E-005
   1715131.10907050        2727272.72727273       6.211448793357743E-005
   1715131.10907050        2929292.92929293       6.130130736613729E-005
   1715131.10907050        3131313.13131313       6.075122020703723E-005
   1715131.10907050        3333333.33333333       6.034200741362168E-005
   1715131.10907050        3535353.53535353       5.997183808694373E-005
   1715131.10907050        3737373.73737374       5.955331869580708E-005
   1715131.10907050        3939393.93939394       5.900932034069395E-005
   1715131.10907050        4141414.14141414       5.827104993872362E-005
   1715131.10907050        4343434.34343434       5.727824904894122E-005
   1715131.10907050        4545454.54545454       5.598106437986530E-005
   1715131.10907050        4747474.74747475       5.434291538085587E-005
   1715131.10907050        4949494.94949495       5.234355465870720E-005
   1715131.10907050        5151515.15151515       4.998149960539897E-005
   1715131.10907050        5353535.35353535       4.727513905174545E-005
   1715131.10907050        5555555.55555555       4.426208556710336E-005
   1715131.10907050        5757575.75757576       4.099670241792544E-005
   1715131.10907050        5959595.95959596       3.754609673192680E-005
   1715131.10907050        6161616.16161616       3.398514347251551E-005
   1715131.10907050        6363636.36363636       3.039122473937388E-005
   1715131.10907050        6565656.56565657       2.683932463871620E-005
   1715131.10907050        6767676.76767677       2.339795206803206E-005
   1715131.10907050        6969696.96969697       2.012614225277595E-005
   1715131.10907050        7171717.17171717       1.707158188530999E-005
   1715131.10907050        7373737.37373737       1.426975682237929E-005
   1715131.10907050        7575757.57575757       1.174394734352182E-005
   1715131.10907050        7777777.77777778       9.505879909417995E-006
   1715131.10907050        7979797.97979798       7.556860776067091E-006
   1715131.10907050        8181818.18181818       5.889242581514637E-006
   1715131.10907050        8383838.38383838       4.488096655716358E-006
   1715131.10907050        8585858.58585858       3.332978013582698E-006
   1715131.10907050        8787878.78787879       2.399679889210129E-006
   1715131.10907050        8989898.98989899       1.661885097581585E-006
   1715131.10907050        9191919.19191919       1.092635660622262E-006
   1715131.10907050        9393939.39393939       6.655599354185193E-007
   1715131.10907050        9595959.59595960       3.558142046198565E-007
   1715131.10907050        9797979.79797980       1.407086007306297E-007
   1715131.10907050        10000000.0000000       0.000000000000000E+000
   1886542.18957249       -10000000.0000000       0.000000000000000E+000
   1886542.18957249       -9797979.79797980       1.763327659681871E-008
   1886542.18957249       -9595959.59595960       4.544007398574444E-008
   1886542.18957249       -9393939.39393939       8.738102396478948E-008
   1886542.18957249       -9191919.19191919       1.484874842146789E-007
   1886542.18957249       -8989898.98989899       2.350321026443235E-007
   1886542.18957249       -8787878.78787879       3.546570505512105E-007
   1886542.18957249       -8585858.58585859       5.164406647201202E-007
   1886542.18957249       -8383838.38383838       7.308801348808935E-007
   1886542.18957249       -8181818.18181818       1.009768253997225E-006
   1886542.18957249       -7979797.97979798       1.365945877233523E-006
   1886542.18957249       -7777777.77777778       1.812918893975347E-006
   1886542.18957249       -7575757.57575758       2.364338753162596E-006
   1886542.18957249       -7373737.37373737       3.033357984306361E-006
   1886542.18957249       -7171717.17171717       3.831885476260846E-006
   1886542.18957249       -6969696.96969697       4.769779140718279E-006
   1886542.18957249       -6767676.76767677       5.854024836848835E-006
   1886542.18957249       -6565656.56565657       7.087959442874643E-006
   1886542.18957249       -6363636.36363636       8.470602753123214E-006
   1886542.18957249       -6161616.16161616       9.996167830210564E-006
   1886542.18957249       -5959595.95959596       1.165382251602863E-005
   1886542.18957249       -5757575.75757576       1.342777457018613E-005
   1886542.18957249       -5555555.55555556       1.529774591512989E-005
   1886542.18957249       -5353535.35353535       1.723988277850333E-005
   1886542.18957249       -5151515.15151515       1.922811380562776E-005
   1886542.18957249       -4949494.94949495       2.123591710191102E-005
   1886542.18957249       -4747474.74747475       2.323839639515833E-005
   1886542.18957249       -4545454.54545455       2.521451079542615E-005
   1886542.18957249       -4343434.34343434       2.714927170327471E-005
   1886542.18957249       -4141414.14141414       2.903573238980868E-005
   1886542.18957249       -3939393.93939394       3.087665913350267E-005
   1886542.18957249       -3737373.73737374       3.268588037117749E-005
   1886542.18957249       -3535353.53535354       3.448943742089152E-005
   1886542.18957249       -3333333.33333333       3.632676637063851E-005
   1886542.18957249       -3131313.13131313       3.825217054710561E-005
   1886542.18957249       -2929292.92929293       4.033672488078674E-005
   1886542.18957249       -2727272.72727273       4.267039829836491E-005
   1886542.18957249       -2525252.52525253       4.536350115885967E-005
   1886542.18957249       -2323232.32323232       4.854555175786532E-005
   1886542.18957249       -2121212.12121212       5.235852647644514E-005
   1886542.18957249       -1919191.91919192       5.694082543299024E-005
   1886542.18957249       -1717171.71717172       6.239914524639127E-005
   1886542.18957249       -1515151.51515152       6.876872616414634E-005
   1886542.18957249       -1313131.31313131       7.596809422360844E-005
   1886542.18957249       -1111111.11111111       8.376070758869224E-005
   1886542.18957249       -909090.909090910       9.173965445120830E-005
   1886542.18957249       -707070.707070708       9.934962783221406E-005
   1886542.18957249       -505050.505050506       1.059517332943412E-004
   1886542.18957249       -303030.303030305       1.109233123884261E-004
   1886542.18957249       -101010.101010101       1.137716023350024E-004
   1886542.18957249        101010.101010101       1.142322226551912E-004
   1886542.18957249        303030.303030303       1.123250448162037E-004
   1886542.18957249        505050.505050505       1.083512135714280E-004
   1886542.18957249        707070.707070706       1.028321791686798E-004
   1886542.18957249        909090.909090908       9.640828031871792E-005
   1886542.18957249        1111111.11111111       8.972465033896483E-005
   1886542.18957249        1313131.31313131       8.333282581249375E-005
   1886542.18957249        1515151.51515151       7.762821351171719E-005
   1886542.18957249        1717171.71717172       7.283048405494220E-005
   1886542.18957249        1919191.91919192       6.900112925936212E-005
   1886542.18957249        2121212.12121212       6.608402232607717E-005
   1886542.18957249        2323232.32323232       6.395272394063057E-005
   1886542.18957249        2525252.52525252       6.245169803373169E-005
   1886542.18957249        2727272.72727273       6.142483261171131E-005
   1886542.18957249        2929292.92929293       6.073061053517572E-005
   1886542.18957249        3131313.13131313       6.024696776931333E-005
   1886542.18957249        3333333.33333333       5.987001654503400E-005
   1886542.18957249        3535353.53535353       5.951024961512485E-005
   1886542.18957249        3737373.73737374       5.908865235105012E-005
   1886542.18957249        3939393.93939394       5.853403315542484E-005
   1886542.18957249        4141414.14141414       5.778208227118258E-005
   1886542.18957249        4343434.34343434       5.677615243871728E-005
   1886542.18957249        4545454.54545454       5.546941468315100E-005
   1886542.18957249        4747474.74747475       5.382780637086246E-005
   1886542.18957249        4949494.94949495       5.183304441887167E-005
   1886542.18957249        5151515.15151515       4.948495019183442E-005
   1886542.18957249        5353535.35353535       4.680245025734759E-005
   1886542.18957249        5555555.55555555       4.382287235609797E-005
   1886542.18957249        5757575.75757576       4.059949668829272E-005
   1886542.18957249        5959595.95959596       3.719766312244413E-005
   1886542.18957249        6161616.16161616       3.368998610170326E-005
   1886542.18957249        6363636.36363636       3.015133237928642E-005
   1886542.18957249        6565656.56565657       2.665416478710902E-005
   1886542.18957249        6767676.76767677       2.326468919703444E-005
   1886542.18957249        6969696.96969697       2.004002944971847E-005
   1886542.18957249        7171717.17171717       1.702646159244031E-005
   1886542.18957249        7373737.37373737       1.425860504060261E-005
   1886542.18957249        7575757.57575757       1.175940352288483E-005
   1886542.18957249        7777777.77777778       9.540717903210319E-006
   1886542.18957249        7979797.97979798       7.604371180974333E-006
   1886542.18957249        8181818.18181818       5.943511075906470E-006
   1886542.18957249        8383838.38383838       4.544175227142266E-006
   1886542.18957249        8585858.58585858       3.386955660117270E-006
   1886542.18957249        8787878.78787879       2.448666328645387E-006
   1886542.18957249        8989898.98989899       1.703925239861159E-006
   1886542.18957249        9191919.19191919       1.126574197567128E-006
   1886542.18957249        9393939.39393939       6.908746964752774E-007
   1886542.18957249        9595959.59595960       3.724354246216310E-007
   1886542.18957249        9797979.79797980       1.488441894274257E-007
   1886542.18957249        10000000.0000000       0.000000000000000E+000
   2066115.70247934       -10000000.0000000       0.000000000000000E+000
   2066115.70247934       -9797979.79797980       1.850110500596422E-008
   2066115.70247934       -9595959.59595960       4.725633755646971E-008
   2066115.70247934       -9393939.39393939       9.022304988317533E-008
   2066115.70247934       -9191919.19191919       1.524107204349568E-007
   2066115.70247934       -8989898.98989899       2.400371138177674E-007
   2066115.70247934       -8787878.78787879       3.606446557531372E-007
   2066115.70247934       -8585858.58585859       5.231566784188278E-007
   2066115.70247934       -8383838.38383838       7.378515049645413E-007
   2066115.70247934       -8181818.18181818       1.016233869319498E-006
   2066115.70247934       -7979797.97979798       1.370787200873992E-006
   2066115.70247934       -7777777.77777778       1.814597404498621E-006
   2066115.70247934       -7575757.57575758       2.360848614069235E-006
   2066115.70247934       -7373737.37373737       3.022203110015173E-006
   2066115.70247934       -7171717.17171717       3.810089954410813E-006
   2066115.70247934       -6969696.96969697       4.733938599843002E-006
   2066115.70247934       -6767676.76767677       5.800403687135956E-006
   2066115.70247934       -6565656.56565657       7.012634919999390E-006
   2066115.70247934       -6363636.36363636       8.369651411543415E-006
   2066115.70247934       -6161616.16161616       9.865883757625686E-006
   2066115.70247934       -5959595.95959596       1.149094951099108E-005
   2066115.70247934       -5757575.75757576       1.322972763803722E-005
   2066115.70247934       -5555555.55555556       1.506279191444029E-005
   2066115.70247934       -5353535.35353535       1.696724741274066E-005
   2066115.70247934       -5151515.15151515       1.891798382040839E-005
   2066115.70247934       -4949494.94949495       2.088931316019458E-005
   2066115.70247934       -4747474.74747475       2.285690279051485E-005
   2066115.70247934       -4545454.54545455       2.479986006979262E-005
   2066115.70247934       -4343434.34343434       2.670279063079056E-005
   2066115.70247934       -4141414.14141414       2.855765487191217E-005
   2066115.70247934       -3939393.93939394       3.036529571813802E-005
   2066115.70247934       -3737373.73737374       3.213659928475033E-005
   2066115.70247934       -3535353.53535354       3.389335687718433E-005
   2066115.70247934       -3333333.33333333       3.566898573114302E-005
   2066115.70247934       -3131313.13131313       3.750929047485327E-005
   2066115.70247934       -2929292.92929293       3.947335295265233E-005
   2066115.70247934       -2727272.72727273       4.163436624250560E-005
   2066115.70247934       -2525252.52525253       4.407973451668698E-005
   2066115.70247934       -2323232.32323232       4.690906408337829E-005
   2066115.70247934       -2121212.12121212       5.022795210505369E-005
   2066115.70247934       -1919191.91919192       5.413517053932103E-005
   2066115.70247934       -1717171.71717172       5.870159469022260E-005
   2066115.70247934       -1515151.51515152       6.394159422914282E-005
   2066115.70247934       -1313131.31313131       6.978148190499805E-005
   2066115.70247934       -1111111.11111111       7.603377991240359E-005
   2066115.70247934       -909090.909090910       8.238838384295265E-005
   2066115.70247934       -707070.707070708       8.843014615989717E-005
   2066115.70247934       -505050.505050506       9.368631398529929E-005
   2066115.70247934       -303030.303030305       9.769808573639862E-005
   2066115.70247934       -101010.101010101       1.001014994302560E-004
   2066115.70247934        101010.101010101       1.006976174658290E-004
   2066115.70247934        303030.303030303       9.949306374187856E-005
   2066115.70247934        505050.505050505       9.669953230185060E-005
   2066115.70247934        707070.707070706       9.269242434232462E-005
   2066115.70247934        909090.909090908       8.794015281339433E-005
   2066115.70247934        1111111.11111111       8.292290075196559E-005
   2066115.70247934        1313131.31313131       7.806055176328352E-005
   2066115.70247934        1515151.51515151       7.366446076873410E-005
   2066115.70247934        1717171.71717172       6.991910383219334E-005
   2066115.70247934        1919191.91919192       6.689073910125141E-005
   2066115.70247934        2121212.12121212       6.455393337932980E-005
   2066115.70247934        2323232.32323232       6.282469623548209E-005
   2066115.70247934        2525252.52525252       6.159077762784520E-005
   2066115.70247934        2727272.72727273       6.073375568221432E-005
   2066115.70247934        2929292.92929293       6.014175168747853E-005
   2066115.70247934        3131313.13131313       5.971446577049042E-005
   2066115.70247934        3333333.33333333       5.936334491874731E-005
   2066115.70247934        3535353.53535353       5.900953547577714E-005
   2066115.70247934        3737373.73737374       5.858154090534071E-005
   2066115.70247934        3939393.93939394       5.801371793098976E-005
   2066115.70247934        4141414.14141414       5.724611686628423E-005
   2066115.70247934        4343434.34343434       5.622572062936421E-005
   2066115.70247934        4545454.54545454       5.490880952749350E-005
   2066115.70247934        4747474.74747475       5.326393923036335E-005
   2066115.70247934        4949494.94949495       5.127487103130552E-005
   2066115.70247934        5151515.15151515       4.894276483799817E-005
   2066115.70247934        5353535.35353535       4.628705869669282E-005
   2066115.70247934        5555555.55555555       4.334470336883951E-005
   2066115.70247934        5757575.75757576       4.016774311046008E-005
   2066115.70247934        5959595.95959596       3.681955096195152E-005
   2066115.70247934        6161616.16161616       3.337025471115229E-005
   2066115.70247934        6363636.36363636       2.989197557140475E-005
   2066115.70247934        6565656.56565657       2.645444195203075E-005
   2066115.70247934        6767676.76767677       2.312137726657387E-005
   2066115.70247934        6969696.96969697       1.994785877235364E-005
   2066115.70247934        7171717.17171717       1.697866498476049E-005
   2066115.70247934        7373737.37373737       1.424750880748025E-005
   2066115.70247934        7575757.57575757       1.177699862618746E-005
   2066115.70247934        7777777.77777778       9.579164294933467E-006
   2066115.70247934        7979797.97979798       7.656404725937803E-006
   2066115.70247934        8181818.18181818       6.002737850702583E-006
   2066115.70247934        8383838.38383838       4.605250934414740E-006
   2066115.70247934        8585858.58585858       3.445657954830898E-006
   2066115.70247934        8787878.78787879       2.501874975864248E-006
   2066115.70247934        8989898.98989899       1.749529343243950E-006
   2066115.70247934        9191919.19191919       1.163327493442506E-006
   2066115.70247934        9393939.39393939       7.182197172526909E-007
   2066115.70247934        9595959.59595960       3.903172941322681E-007
   2066115.70247934        9797979.79797980       1.575397817588732E-007
   2066115.70247934        10000000.0000000       0.000000000000000E+000
   2253851.64779104       -10000000.0000000       0.000000000000000E+000
   2253851.64779104       -9797979.79797980       1.938569022178023E-008
   2253851.64779104       -9595959.59595960       4.911803192067396E-008
   2253851.64779104       -9393939.39393939       9.314149533307817E-008
   2253851.64779104       -9191919.19191919       1.564349681472222E-007
   2253851.64779104       -8989898.98989899       2.451524564743205E-007
   2253851.64779104       -8787878.78787879       3.667262485603409E-007
   2253851.64779104       -8585858.58585859       5.299118020664193E-007
   2253851.64779104       -8383838.38383838       7.447526869402638E-007
   2253851.64779104       -8181818.18181818       1.022446434107952E-006
   2253851.64779104       -7979797.97979798       1.375096650417429E-006
   2253851.64779104       -7777777.77777778       1.815343855655223E-006
   2253851.64779104       -7575757.57575758       2.355876975859348E-006
   2253851.64779104       -7373737.37373737       3.008838457542555E-006
   2253851.64779104       -7171717.17171717       3.785147379555960E-006
   2253851.64779104       -6969696.96969697       4.693775484718405E-006
   2253851.64779104       -6767676.76767677       5.741019721303575E-006
   2253851.64779104       -6565656.56565657       6.929821206192209E-006
   2253851.64779104       -6363636.36363636       8.259184699652381E-006
   2253851.64779104       -6161616.16161616       9.723755367328438E-006
   2253851.64779104       -5959595.95959596       1.131361124232107E-005
   2253851.64779104       -5757575.75757576       1.301432969919656E-005
   2253851.64779104       -5555555.55555556       1.480738186121975E-005
   2253851.64779104       -5353535.35353535       1.667089591608464E-005
   2253851.64779104       -5151515.15151515       1.858080436574848E-005
   2253851.64779104       -4949494.94949495       2.051234943997711E-005
   2253851.64779104       -4747474.74747475       2.244186899614962E-005
   2253851.64779104       -4545454.54545455       2.434873291923695E-005
   2253851.64779104       -4343434.34343434       2.621726325755755E-005
   2253851.64779104       -4141414.14141414       2.803846606647081E-005
   2253851.64779104       -3939393.93939394       2.981143824751582E-005
   2253851.64779104       -3737373.73737374       3.154438485585605E-005
   2253851.64779104       -3535353.53535354       3.325527279937257E-005
   2253851.64779104       -3333333.33333333       3.497222427723835E-005
   2253851.64779104       -3131313.13131313       3.673377851687748E-005
   2253851.64779104       -2929292.92929293       3.858908139743723E-005
   2253851.64779104       -2727272.72727273       4.059786097793298E-005
   2253851.64779104       -2525252.52525253       4.282969266018036E-005
   2253851.64779104       -2323232.32323232       4.536158357496997E-005
   2253851.64779104       -2121212.12121212       4.827245490107171E-005
   2253851.64779104       -1919191.91919192       5.163297545203119E-005
   2253851.64779104       -1717171.71717172       5.548982202035772E-005
   2253851.64779104       -1515151.51515152       5.984513924292413E-005
   2253851.64779104       -1313131.31313131       6.463461597036497E-005
   2253851.64779104       -1111111.11111111       6.971033360910523E-005
   2253851.64779104       -909090.909090910       7.483595354417577E-005
   2253851.64779104       -707070.707070708       7.970057799682775E-005
   2253851.64779104       -505050.505050506       8.395336786532281E-005
   2253851.64779104       -303030.303030305       8.725475460145065E-005
   2253851.64779104       -101010.101010101       8.933399773483132E-005
   2253851.64779104        101010.101010101       9.003933916142614E-005
   2253851.64779104        303030.303030303       8.936772037624784E-005
   2253851.64779104        505050.505050505       8.746602915139031E-005
   2253851.64779104        707070.707070706       8.460352840701605E-005
   2253851.64779104        909090.909090908       8.112285556935710E-005
   2253851.64779104        1111111.11111111       7.738217544683355E-005
   2253851.64779104        1313131.31313131       7.370219018628143E-005
   2253851.64779104        1515151.51515151       7.032876366785738E-005
   2253851.64779104        1717171.71717172       6.741628487137618E-005
   2253851.64779104        1919191.91919192       6.503069444815204E-005
   2253851.64779104        2121212.12121212       6.316638216032395E-005
   2253851.64779104        2323232.32323232       6.176918785017610E-005
   2253851.64779104        2525252.52525252       6.075856607239336E-005
   2253851.64779104        2727272.72727273       6.004459502726786E-005
   2253851.64779104        2929292.92929293       5.953847793124390E-005
   2253851.64779104        3131313.13131313       5.915737684680451E-005
   2253851.64779104        3333333.33333333       5.882544018619426E-005
   2253851.64779104        3535353.53535353       5.847295628100129E-005
   2253851.64779104        3737373.73737374       5.803514070930002E-005
   2253851.64779104        3939393.93939394       5.745151649784393E-005
   2253851.64779104        4141414.14141414       5.666635709237009E-005
   2253851.64779104        4343434.34343434       5.563027213965827E-005
   2253851.64779104        4545454.54545454       5.430270979927840E-005
   2253851.64779104        4747474.74747475       5.265491631231018E-005
   2253851.64779104        4949494.94949495       5.067274934006896E-005
   2253851.64779104        5151515.15151515       4.835871595048552E-005
   2253851.64779104        5353535.35353535       4.573271798822115E-005
   2253851.64779104        5555555.55555555       4.283122257138251E-005
   2253851.64779104        5757575.75757576       3.970487937434846E-005
   2253851.64779104        5959595.95959596       3.641489890185334E-005
   2253851.64779104        6161616.16161616       3.302870926317102E-005
   2253851.64779104        6363636.36363636       2.961547669071277E-005
   2253851.64779104        6565656.56565657       2.624200781880079E-005
   2253851.64779104        6767676.76767677       2.296939186659090E-005
   2253851.64779104        6969696.96969697       1.985055074100525E-005
   2253851.64779104        7171717.17171717       1.692870100128608E-005
   2253851.64779104        7373737.37373737       1.423662557107772E-005
   2253851.64779104        7575757.57575757       1.179660852583200E-005
   2253851.64779104        7777777.77777778       9.620886378256598E-006
   2253851.64779104        7979797.97979798       7.712490276053976E-006
   2253851.64779104        8181818.18181818       6.066376062444579E-006
   2253851.64779104        8383838.38383838       4.670753538711536E-006
   2253851.64779104        8585858.58585858       3.508531826017968E-006
   2253851.64779104        8787878.78787879       2.558798883439323E-006
   2253851.64779104        8989898.98989899       1.798255342196423E-006
   2253851.64779104        9191919.19191919       1.202529375376075E-006
   2253851.64779104        9393939.39393939       7.473113558982986E-007
   2253851.64779104        9595959.59595960       4.092648428797380E-007
   2253851.64779104        9797979.79797980       1.666966169314919E-007
   2253851.64779104        10000000.0000000       0.000000000000000E+000
   2449750.02550760       -10000000.0000000       0.000000000000000E+000
   2449750.02550760       -9797979.79797980       2.026736284979902E-008
   2449750.02550760       -9595959.59595960       5.098191984488707E-008
   2449750.02550760       -9393939.39393939       9.606613574803845E-008
   2449750.02550760       -9191919.19191919       1.604587380686173E-007
   2449750.02550760       -8989898.98989899       2.502402174496457E-007
   2449750.02550760       -8787878.78787879       3.727220830253361E-007
   2449750.02550760       -8585858.58585859       5.364797069130572E-007
   2449750.02550760       -8383838.38383838       7.513077600618945E-007
   2449750.02550760       -8181818.18181818       1.028080386856854E-006
   2449750.02550760       -7979797.97979798       1.378503223559166E-006
   2449750.02550760       -7777777.77777778       1.814751491299581E-006
   2449750.02550760       -7575757.57575758       2.348997529022989E-006
   2449750.02550760       -7373737.37373737       2.992841502737009E-006
   2449750.02550760       -7171717.17171717       3.756669517045048E-006
   2449750.02550760       -6969696.96969697       4.648972778069344E-006
   2449750.02550760       -6767676.76767677       5.675668869927541E-006
   2449750.02550760       -6565656.56565657       6.839471201918089E-006
   2449750.02550760       -6363636.36363636       8.139355527703829E-006
   2449750.02550760       -6161616.16161616       9.570173893190796E-006
   2449750.02550760       -5959595.95959596       1.112246710486673E-005
   2449750.02550760       -5757575.75757576       1.278252652054796E-005
   2449750.02550760       -5555555.55555556       1.453275260854230E-005
   2449750.02550760       -5353535.35353535       1.635234748917847E-005
   2449750.02550760       -5151515.15151515       1.821835720841109E-005
   2449750.02550760       -4949494.94949495       2.010704435668187E-005
   2449750.02550760       -4747474.74747475       2.199552514555582E-005
   2449750.02550760       -4545454.54545455       2.386355587342274E-005
   2449750.02550760       -4343434.34343434       2.569531579001868E-005
   2449750.02550760       -4141414.14141414       2.748102156670147E-005
   2449750.02550760       -3939393.93939394       2.921823236276736E-005
   2449750.02550760       -3737373.73737374       3.091276225950016E-005
   2449750.02550760       -3535353.53535354       3.257919357628636E-005
   2449750.02550760       -3333333.33333333       3.424105372666006E-005
   2449750.02550760       -3131313.13131313       3.593074686862261E-005
   2449750.02550760       -2929292.92929293       3.768928663753200E-005
   2449750.02550760       -2727272.72727273       3.956573188197358E-005
   2449750.02550760       -2525252.52525253       4.161597681308408E-005
   2449750.02550760       -2323232.32323232       4.390022554623385E-005
   2449750.02550760       -2121212.12121212       4.647819963457729E-005
   2449750.02550760       -1919191.91919192       4.940109608974106E-005
   2449750.02550760       -1717171.71717172       5.269980579209230E-005
   2449750.02550760       -1515151.51515152       5.637010934701382E-005
   2449750.02550760       -1313131.31313131       6.035736943219057E-005
   2449750.02550760       -1111111.11111111       6.454504434340937E-005
   2449750.02550760       -909090.909090910       6.875220957522279E-005
   2449750.02550760       -707070.707070708       7.274433481357077E-005
   2449750.02550760       -505050.505050506       7.625860432406089E-005
   2449750.02550760       -303030.303030305       7.904080014713475E-005
   2449750.02550760       -101010.101010101       8.088663972570876E-005
   2449750.02550760        101010.101010101       8.167807496101010E-005
   2449750.02550760        303030.303030303       8.140548315907752E-005
   2449750.02550760        505050.505050505       8.016996633473231E-005
   2449750.02550760        707070.707070706       7.816511679823120E-005
   2449750.02550760        909090.909090908       7.564292335190900E-005
   2449750.02550760        1111111.11111111       7.287227876498861E-005
   2449750.02550760        1313131.31313131       7.009969771586533E-005
   2449750.02550760        1515151.51515151       6.752020327383180E-005
   2449750.02550760        1717171.71717172       6.526265698494770E-005
   2449750.02550760        1919191.91919192       6.338946305432547E-005
   2449750.02550760        2121212.12121212       6.190703034211328E-005
   2449750.02550760        2323232.32323232       6.078163464581015E-005
   2449750.02550760        2525252.52525252       5.995558464323874E-005
   2449750.02550760        2727272.72727273       5.936026075287472E-005
   2449750.02550760        2929292.92929293       5.892468189499660E-005
   2449750.02550760        3131313.13131313       5.857992443455467E-005
   2449750.02550760        3333333.33333333       5.826060663336849E-005
   2449750.02550760        3535353.53535353       5.790484103601176E-005
   2449750.02550760        3737373.73737374       5.745383076065953E-005
   2449750.02550760        3939393.93939394       5.685190733382702E-005
   2449750.02550760        4141414.14141414       5.604742627366368E-005
   2449750.02550760        4343434.34343434       5.499460205627737E-005
   2449750.02550760        4545454.54545454       5.365608325039853E-005
   2449750.02550760        4747474.74747475       5.200584923475162E-005
   2449750.02550760        4949494.94949495       5.003187578627663E-005
   2449750.02550760        5151515.15151515       4.773799819288068E-005
   2449750.02550760        5353535.35353535       4.514451286513263E-005
   2449750.02550760        5555555.55555555       4.228728405251640E-005
   2449750.02550760        5757575.75757576       3.921540672589722E-005
   2449750.02550760        5959595.95959596       3.598774344300351E-005
   2449750.02550760        6161616.16161616       3.266883077845263E-005
   2449750.02550760        6363636.36363636       2.932470015398396E-005
   2449750.02550760        6565656.56565657       2.601908359503495E-005
   2449750.02550760        6767676.76767677       2.281031978536315E-005
   2449750.02550760        6969696.96969697       1.974909893625283E-005
   2449750.02550760        7171717.17171717       1.687703758452432E-005
   2449750.02550760        7373737.37373737       1.422598353749901E-005
   2449750.02550760        7575757.57575757       1.181791718236224E-005
   2449750.02550760        7777777.77777778       9.665320623195833E-006
   2449750.02550760        7979797.97979798       7.771907792478173E-006
   2449750.02550760        8181818.18181818       6.133629158040741E-006
   2449750.02550760        8383838.38383838       4.739875801771334E-006
   2449750.02550760        8585858.58585858       3.574809816380583E-006
   2449750.02550760        8787878.78787879       2.618746028193166E-006
   2449750.02550760        8989898.98989899       1.849509466294069E-006
   2449750.02550760        9191919.19191919       1.243697399060935E-006
   2449750.02550760        9393939.39393939       7.777856534141365E-007
   2449750.02550760        9595959.59595960       4.290373192885561E-007
   2449750.02550760        9797979.79797980       1.761992448938484E-007
   2449750.02550760        10000000.0000000       0.000000000000000E+000
   2653810.83562902       -10000000.0000000       0.000000000000000E+000
   2653810.83562902       -9797979.79797980       2.112491407472133E-008
   2653810.83562902       -9595959.59595960       5.279975045386116E-008
   2653810.83562902       -9393939.39393939       9.891687757014777E-008
   2653810.83562902       -9191919.19191919       1.643649053257127E-007
   2653810.83562902       -8989898.98989899       2.551403655338850E-007
   2653810.83562902       -8787878.78787879       3.784231670710981E-007
   2653810.83562902       -8585858.58585859       5.425971473038788E-007
   2653810.83562902       -8383838.38383838       7.571958904018867E-007
   2653810.83562902       -8181818.18181818       1.032757306243061E-006
   2653810.83562902       -7979797.97979798       1.380575727267565E-006
   2653810.83562902       -7777777.77777778       1.812347433833413E-006
   2653810.83562902       -7575757.57575758       2.339714333860403E-006
   2653810.83562902       -7373737.37373737       2.973720268152694E-006
   2653810.83562902       -7171717.17171717       3.724204028688791E-006
   2653810.83562902       -6969696.96969697       4.599161541948625E-006
   2653810.83562902       -6767676.76767677       5.604115900031279E-006
   2653810.83562902       -6565656.56565657       6.741537657451408E-006
   2653810.83562902       -6363636.36363636       8.010359360319605E-006
   2653810.83562902       -6161616.16161616       9.405628481913475E-006
   2653810.83562902       -5959595.95959596       1.091834267028546E-005
   2653810.83562902       -5757575.75757576       1.253551053986307E-005
   2653810.83562902       -5555555.55555556       1.424047865245267E-005
   2653810.83562902       -5353535.35353535       1.601355755183423E-005
   2653810.83562902       -5151515.15151515       1.783296259440896E-005
   2653810.83562902       -4949494.94949495       1.967605595529770E-005
   2653810.83562902       -4747474.74747475       2.152083557258194E-005
   2653810.83562902       -4545454.54545455       2.334757160748882E-005
   2653810.83562902       -4343434.34343434       2.514045312487183E-005
   2653810.83562902       -4141414.14141414       2.688909073958455E-005
   2653810.83562902       -3939393.93939394       2.858973469039394E-005
   2653810.83562902       -3737373.73737374       3.024611270705319E-005
   2653810.83562902       -3535353.53535354       3.186985669838577E-005
   2653810.83562902       -3333333.33333333       3.348054971909778E-005
   2653810.83562902       -3131313.13131313       3.510545721280303E-005
   2653810.83562902       -2929292.92929293       3.677898248040533E-005
   2653810.83562902       -2727272.72727273       3.854178729617145E-005
   2653810.83562902       -2525252.52525253       4.043934408063098E-005
   2653810.83562902       -2323232.32323232       4.251946833541341E-005
   2653810.83562902       -2121212.12121212       4.482820359210242E-005
   2653810.83562902       -1919191.91919192       4.740344225337883E-005
   2653810.83562902       -1717171.71717172       5.026604250557040E-005
   2653810.83562902       -1515151.51515152       5.340905620659654E-005
   2653810.83562902       -1313131.31313131       5.678691587195570E-005
   2653810.83562902       -1111111.11111111       6.030763287852497E-005
   2653810.83562902       -909090.909090910       6.383159909003434E-005
   2653810.83562902       -707070.707070708       6.717989228278384E-005
   2653810.83562902       -505050.505050506       7.015292381213787E-005
   2653810.83562902       -303030.303030305       7.255731879157227E-005
   2653810.83562902       -101010.101010101       7.423606300052807E-005
   2653810.83562902        101010.101010101       7.509526611033520E-005
   2653810.83562902        303030.303030303       7.512110133234855E-005
   2653810.83562902        505050.505050505       7.438264964421580E-005
   2653810.83562902        707070.707070706       7.301987032595841E-005
   2653810.83562902        909090.909090908       7.121964817472460E-005
   2653810.83562902        1111111.11111111       6.918567834109279E-005
   2653810.83562902        1313131.31313131       6.710902331702406E-005
   2653810.83562902        1515151.51515151       6.514528827469936E-005
   2653810.83562902        1717171.71717172       6.340193029179757E-005
   2653810.83562902        1919191.91919192       6.193614360730556E-005
   2653810.83562902        2121212.12121212       6.076109244077366E-005
   2653810.83562902        2323232.32323232       5.985678658545755E-005
   2653810.83562902        2525252.52525252       5.918185250728083E-005
   2653810.83562902        2727272.72727273       5.868349930692635E-005
   2653810.83562902        2929292.92929293       5.830444414671275E-005
   2653810.83562902        3131313.13131313       5.798682669828144E-005
   2653810.83562902        3333333.33333333       5.767389193358083E-005
   2653810.83562902        3535353.53535353       5.731045782595779E-005
   2653810.83562902        3737373.73737374       5.684308144116459E-005
   2653810.83562902        3939393.93939394       5.622057720708781E-005
   2653810.83562902        4141414.14141414       5.539524225542700E-005
   2653810.83562902        4343434.34343434       5.432485723033260E-005
   2653810.83562902        4545454.54545454       5.297527722997911E-005
   2653810.83562902        4747474.74747475       5.132322618831689E-005
   2653810.83562902        4949494.94949495       4.935878808584428E-005
   2653810.83562902        5151515.15151515       4.708707947702919E-005
   2653810.83562902        5353535.35353535       4.452870178091022E-005
   2653810.83562902        5555555.55555555       4.171878793374850E-005
   2653810.83562902        5757575.75757576       3.870472212202485E-005
   2653810.83562902        5959595.95959596       3.554285123124040E-005
   2653810.83562902        6161616.16161616       3.229465820430121E-005
   2653810.83562902        6363636.36363636       2.902289834037066E-005
   2653810.83562902        6565656.56565657       2.578811902042519E-005
   2653810.83562902        6767676.76767677       2.264583428428600E-005
   2653810.83562902        6969696.96969697       1.964446356995451E-005
   2653810.83562902        7171717.17171717       1.682401432166978E-005
   2653810.83562902        7373737.37373737       1.421541295897498E-005
   2653810.83562902        7575757.57575757       1.184036516177642E-005
   2653810.83562902        7777777.77777778       9.711636304452419E-006
   2653810.83562902        7979797.97979798       7.833664579210397E-006
   2653810.83562902        8181818.18181818       6.203437178911186E-006
   2653810.83562902        8383838.38383838       4.811567465194063E-006
   2653810.83562902        8585858.58585858       3.643509701104836E-006
   2653810.83562902        8787878.78787879       2.680842954485900E-006
   2653810.83562902        8989898.98989899       1.902552697535759E-006
   2653810.83562902        9191919.19191919       1.286241155823517E-006
   2653810.83562902        9393939.39393939       8.092073803768060E-007
   2653810.83562902        9595959.59595960       4.493561322705931E-007
   2653810.83562902        9797979.79797980       1.859198564765181E-007
   2653810.83562902        10000000.0000000       0.000000000000000E+000
   2866034.07815529       -10000000.0000000       0.000000000000000E+000
   2866034.07815529       -9797979.79797980       2.193636869970722E-008
   2866034.07815529       -9595959.59595960       5.452007306743441E-008
   2866034.07815529       -9393939.39393939       1.016064986904053E-007
   2866034.07815529       -9191919.19191919       1.680242743713473E-007
   2866034.07815529       -8989898.98989899       2.596751559040202E-007
   2866034.07815529       -8787878.78787879       3.835965763416492E-007
   2866034.07815529       -8585858.58585859       5.479702162306827E-007
   2866034.07815529       -8383838.38383838       7.620584419524073E-007
   2866034.07815529       -8181818.18181818       1.036053599592494E-006
   2866034.07815529       -7979797.97979798       1.380830503880708E-006
   2866034.07815529       -7777777.77777778       1.807599586487711E-006
   2866034.07815529       -7575757.57575758       2.327466675148151E-006
   2866034.07815529       -7373737.37373737       2.950914535332794E-006
   2866034.07815529       -7171717.17171717       3.687230113035172E-006
   2866034.07815529       -6969696.96969697       4.543908812384424E-006
   2866034.07815529       -6767676.76767677       5.526072296227739E-006
   2866034.07815529       -6565656.56565657       6.635938881777842E-006
   2866034.07815529       -6363636.36363636       7.872385943253202E-006
   2866034.07815529       -6161616.16161616       9.230642721844018E-006
   2866034.07815529       -5959595.95959596       1.070215060464371E-005
   2866034.07815529       -5757575.75757576       1.227462668471667E-005
   2866034.07815529       -5555555.55555556       1.393236428401432E-005
   2866034.07815529       -5353535.35353535       1.565679841453696E-005
   2866034.07815529       -5151515.15151515       1.742735105781899E-005
   2866034.07815529       -4949494.94949495       1.922254746229487E-005
   2866034.07815529       -4747474.74747475       2.102136021476730E-005
   2866034.07815529       -4545454.54545455       2.280469740008593E-005
   2866034.07815529       -4343434.34343434       2.455691449168988E-005
   2866034.07815529       -4141414.14141414       2.626720889375090E-005
   2866034.07815529       -3939393.93939394       2.793076111679118E-005
   2866034.07815529       -3737373.73737374       2.954951984478756E-005
   2866034.07815529       -3535353.53535354       3.113258169359682E-005
   2866034.07815529       -3333333.33333333       3.269617262141473E-005
   2866034.07815529       -3131313.13131313       3.426327364402910E-005
   2866034.07815529       -2929292.92929293       3.586292655743758E-005
   2866034.07815529       -2727272.72727273       3.752919155628062E-005
   2866034.07815529       -2525252.52525253       3.929960949588894E-005
   2866034.07815529       -2323232.32323232       4.121287420600125E-005
   2866034.07815529       -2121212.12121212       4.330530819957795E-005
   2866034.07815529       -1919191.91919192       4.560576084986257E-005
   2866034.07815529       -1717171.71717172       4.812882949334729E-005
   2866034.07815529       -1515151.51515152       5.086690843386900E-005
   2866034.07815529       -1313131.31313131       5.378242179345899E-005
   2866034.07815529       -1111111.11111111       5.680241281464286E-005
   2866034.07815529       -909090.909090910       5.981801484363317E-005
   2866034.07815529       -707070.707070708       6.269083267319969E-005
   2866034.07815529       -505050.505050506       6.526681917896096E-005
   2866034.07815529       -303030.303030305       6.739616450864136E-005
   2866034.07815529       -101010.101010101       6.895568910710998E-005
   2866034.07815529        101010.101010101       6.986899332215344E-005
   2866034.07815529        303030.303030303       7.011968124586549E-005
   2866034.07815529        505050.505050505       6.975441990329484E-005
   2866034.07815529        707070.707070706       6.887501921271733E-005
   2866034.07815529        909090.909090908       6.762139590638830E-005
   2866034.07815529        1111111.11111111       6.614940972548135E-005
   2866034.07815529        1313131.31313131       6.460851455392920E-005
   2866034.07815529        1515151.51515151       6.312371868446242E-005
   2866034.07815529        1717171.71717172       6.178472296761026E-005
   2866034.07815529        1919191.91919192       6.064290548800085E-005
   2866034.07815529        2121212.12121212       5.971480248314904E-005
   2866034.07815529        2323232.32323232       5.898951220410238E-005
   2866034.07815529        2525252.52525252       5.843725770064690E-005
   2866034.07815529        2727272.72727273       5.801699347128463E-005
   2866034.07815529        2929292.92929293       5.768197228862250E-005
   2866034.07815529        3131313.13131313       5.738314536753949E-005
   2866034.07815529        3333333.33333333       5.707088851497694E-005
   2866034.07815529        3535353.53535353       5.669579201491971E-005
   2866034.07815529        3737373.73737374       5.620922220128048E-005
   2866034.07815529        3939393.93939394       5.556418398919636E-005
   2866034.07815529        4141414.14141414       5.471677698593169E-005
   2866034.07815529        4343434.34343434       5.362829221381119E-005
   2866034.07815529        4545454.54545454       5.226776980813224E-005
   2866034.07815529        4747474.74747475       5.061465723686292E-005
   2866034.07815529        4949494.94949495       4.866110449459400E-005
   2866034.07815529        5151515.15151515       4.641343519406310E-005
   2866034.07815529        5353535.35353535       4.389244851527675E-005
   2866034.07815529        5555555.55555555       4.113241313228452E-005
   2866034.07815529        5757575.75757576       3.817885704939651E-005
   2866034.07815529        5959595.95959596       3.508546949997110E-005
   2866034.07815529        6161616.16161616       3.191055614062477E-005
   2866034.07815529        6363636.36363636       2.871350173077672E-005
   2866034.07815529        6565656.56565657       2.555160895510969E-005
   2866034.07815529        6767676.76767677       2.247754066095229E-005
   2866034.07815529        6969696.96969697       1.953744683639759E-005
   2866034.07815529        7171717.17171717       1.676974671571084E-005
   2866034.07815529        7373737.37373737       1.420447701362233E-005
   2866034.07815529        7575757.57575757       1.186310375367741E-005
   2866034.07815529        7777777.77777778       9.758708880486192E-006
   2866034.07815529        7979797.97979798       7.896483781715081E-006
   2866034.07815529        8181818.18181818       6.274476449306360E-006
   2866034.07815529        8383838.38383838       4.884542680787343E-006
   2866034.07815529        8585858.58585858       3.713446844263098E-006
   2866034.07815529        8787878.78787879       2.744049897281008E-006
   2866034.07815529        8989898.98989899       1.956517049224357E-006
   2866034.07815529        9191919.19191919       1.329478360436016E-006
   2866034.07815529        9393939.39393939       8.410843584592385E-007
   2866034.07815529        9595959.59595960       4.699152396421461E-007
   2866034.07815529        9797979.79797980       1.957228180755093E-007
   2866034.07815529        10000000.0000000       0.000000000000000E+000
   3086419.75308642       -10000000.0000000       0.000000000000000E+000
   3086419.75308642       -9797979.79797980       2.267974836488322E-008
   3086419.75308642       -9595959.59595960       5.609030778326049E-008
   3086419.75308642       -9393939.39393939       1.040441146604650E-007
   3086419.75308642       -9191919.19191919       1.713004024698936E-007
   3086419.75308642       -8989898.98989899       2.636553403813515E-007
   3086419.75308642       -8787878.78787879       3.879931512692285E-007
   3086419.75308642       -8585858.58585859       5.522836142235179E-007
   3086419.75308642       -8383838.38383838       7.655097898166469E-007
   3086419.75308642       -8181818.18181818       1.037512626198878E-006
   3086419.75308642       -7979797.97979798       1.378744331829617E-006
   3086419.75308642       -7777777.77777778       1.799929394328432E-006
   3086419.75308642       -7575757.57575758       2.311640312084840E-006
   3086419.75308642       -7373737.37373737       2.923803718146311E-006
   3086419.75308642       -7171717.17171717       3.645160647766488E-006
   3086419.75308642       -6969696.96969697       4.482711233269449E-006
   3086419.75308642       -6767676.76767677       5.441178321331221E-006
   3086419.75308642       -6565656.56565657       6.522526086412870E-006
   3086419.75308642       -6363636.36363636       7.725568978345304E-006
   3086419.75308642       -6161616.16161616       9.045704193982822E-006
   3086419.75308642       -5959595.95959596       1.047479843574741E-005
   3086419.75308642       -5757575.75757576       1.200125772845882E-005
   3086419.75308642       -5555555.55555556       1.361030705632061E-005
   3086419.75308642       -5353535.35353535       1.528450248352369E-005
   3086419.75308642       -5151515.15151515       1.700448887056981E-005
   3086419.75308642       -4949494.94949495       1.874999798873829E-005
   3086419.75308642       -4747474.74747475       2.050105362776106E-005
   3086419.75308642       -4545454.54545455       2.223931516635686E-005
   3086419.75308642       -4343434.34343434       2.394945668356083E-005
   3086419.75308642       -4141414.14141414       2.562045560812946E-005
   3086419.75308642       -3939393.93939394       2.724666274515974E-005
   3086419.75308642       -3737373.73737374       2.882854832152709E-005
   3086419.75308642       -3535353.53535354       3.037306172744198E-005
   3086419.75308642       -3333333.33333333       3.189359233665843E-005
   3086419.75308642       -3131313.13131313       3.340955613765370E-005
   3086419.75308642       -2929292.92929293       3.494563913374406E-005
   3086419.75308642       -2727272.72727273       3.653069157337573E-005
   3086419.75308642       -2525252.52525253       3.819618837985829E-005
   3086419.75308642       -2323232.32323232       3.997407204437207E-005
   3086419.75308642       -2121212.12121212       4.189372203122619E-005
   3086419.75308642       -1919191.91919192       4.397782202933092E-005
   3086419.75308642       -1717171.71717172       4.623710294574687E-005
   3086419.75308642       -1515151.51515152       4.866436776102375E-005
   3086419.75308642       -1313131.31313131       5.122879790701743E-005
   3086419.75308642       -1111111.11111111       5.387210592849136E-005
   3086419.75308642       -909090.909090910       5.650834076844639E-005
   3086419.75308642       -707070.707070708       5.902880162825324E-005
   3086419.75308642       -505050.505050506       6.131249699771873E-005
   3086419.75308642       -303030.303030305       6.324110968295827E-005
   3086419.75308642       -101010.101010101       6.471595444615277E-005
   3086419.75308642        101010.101010101       6.567347128007500E-005
   3086419.75308642        303030.303030303       6.609576869635891E-005
   3086419.75308642        505050.505050505       6.601370207388458E-005
   3086419.75308642        707070.707070706       6.550169145259730E-005
   3086419.75308642        909090.909090908       6.466545170809056E-005
   3086419.75308642        1111111.11111111       6.362544390056010E-005
   3086419.75308642        1313131.31313131       6.249968402993388E-005
   3086419.75308642        1515151.51515151       6.138934910751685E-005
   3086419.75308642        1717171.71717172       6.036951835693830E-005
   3086419.75308642        1919191.91919192       5.948579139431487E-005
   3086419.75308642        2121212.12121212       5.875598839459596E-005
   3086419.75308642        2323232.32323232       5.817513572173485E-005
   3086419.75308642        2525252.52525252       5.772168825694152E-005
   3086419.75308642        2727272.72727273       5.736333466483409E-005
   3086419.75308642        2929292.92929293       5.706146068093190E-005
   3086419.75308642        3131313.13131313       5.677407019785751E-005
   3086419.75308642        3333333.33333333       5.645746940038764E-005
   3086419.75308642        3535353.53535353       5.606725085602429E-005
   3086419.75308642        3737373.73737374       5.555912547315048E-005
   3086419.75308642        3939393.93939394       5.489002580732376E-005
   3086419.75308642        4141414.14141414       5.401971404239793E-005
   3086419.75308642        4343434.34343434       5.291291683595717E-005
   3086419.75308642        4545454.54545454       5.154180863046684E-005
   3086419.75308642        4747474.74747475       4.988850599522007E-005
   3086419.75308642        4949494.94949495       4.794715073359422E-005
   3086419.75308642        5151515.15151515       4.572517404113015E-005
   3086419.75308642        5353535.35353535       4.324345189698104E-005
   3086419.75308642        5555555.55555555       4.053525716731447E-005
   3086419.75308642        5757575.75757576       3.764413439375519E-005
   3086419.75308642        5959595.95959596       3.462100716861487E-005
   3086419.75308642        6161616.16161616       3.152092679960040E-005
   3086419.75308642        6363636.36363636       2.839986711210847E-005
   3086419.75308642        6565656.56565657       2.531188138113209E-005
   3086419.75308642        6767676.76767677       2.230680542393354E-005
   3086419.75308642        6969696.96969697       1.942856240430795E-005
   3086419.75308642        7171717.17171717       1.671403313323151E-005
   3086419.75308642        7373737.37373737       1.419241178948211E-005
   3086419.75308642        7575757.57575757       1.188496258580774E-005
   3086419.75308642        7777777.77777778       9.805109440878033E-006
   3086419.75308642        7979797.97979798       7.958810007427730E-006
   3086419.75308642        8181818.18181818       6.345176255317189E-006
   3086419.75308642        8383838.38383838       4.957303433762947E-006
   3086419.75308642        8585858.58585858       3.783260949705340E-006
   3086419.75308642        8787878.78787879       2.807188285810711E-006
   3086419.75308642        8989898.98989899       2.010431872142739E-006
   3086419.75308642        9191919.19191919       1.372658240102462E-006
   3086419.75308642        9393939.39393939       8.728860022702170E-007
   3086419.75308642        9595959.59595960       4.903928225547198E-007
   3086419.75308642        9797979.79797980       2.054688693325099E-007
   3086419.75308642        10000000.0000000       0.000000000000000E+000
   3314967.86042241       -10000000.0000000       0.000000000000000E+000
   3314967.86042241       -9797979.79797980       2.333377639438587E-008
   3314967.86042241       -9595959.59595960       5.745887863039010E-008
   3314967.86042241       -9393939.39393939       1.061390935496962E-007
   3314967.86042241       -9191919.19191919       1.740553994163964E-007
   3314967.86042241       -8989898.98989899       2.668879254316303E-007
   3314967.86042241       -8787878.78787879       3.913573421466643E-007
   3314967.86042241       -8585858.58585859       5.552127195805926E-007
   3314967.86042241       -8383838.38383838       7.671516665034289E-007
   3314967.86042241       -8181818.18181818       1.036661177104377E-006
   3314967.86042241       -7979797.97979798       1.373772594527046E-006
   3314967.86042241       -7777777.77777778       1.788730849112359E-006
   3314967.86042241       -7575757.57575758       2.291585959962533E-006
   3314967.86042241       -7373737.37373737       2.891722881901062E-006
   3314967.86042241       -7171717.17171717       3.597353192259199E-006
   3314967.86042241       -6969696.96969697       4.414997897384564E-006
   3314967.86042241       -6767676.76767677       5.348994058117839E-006
   3314967.86042241       -6565656.56565657       6.401058680982261E-006
   3314967.86042241       -6363636.36363636       7.569941685370477E-006
   3314967.86042241       -6161616.16161616       8.851196609080481E-006
   3314967.86042241       -5959595.95959596       1.023709424115316E-005
   3314967.86042241       -5757575.75757576       1.171670152067076E-005
   3314967.86042241       -5555555.55555556       1.327614582829429E-005
   3314967.86042241       -5353535.35353535       1.489908178494690E-005
   3314967.86042241       -5151515.15151515       1.656737104218599E-005
   3314967.86042241       -4949494.94949495       1.826197208098055E-005
   3314967.86042241       -4747474.74747475       1.996401487416789E-005
   3314967.86042241       -4545454.54545455       2.165600581152970E-005
   3314967.86042241       -4343434.34343434       2.332307712500869E-005
   3314967.86042241       -4141414.14141414       2.495417100747292E-005
   3314967.86042241       -3939393.93939394       2.654304074481455E-005
   3314967.86042241       -3737373.73737374       2.808896471013543E-005
   3314967.86042241       -3535353.53535354       2.959710212543569E-005
   3314967.86042241       -3333333.33333333       3.107846230421362E-005
   3314967.86042241       -3131313.13131313       3.254949634247597E-005
   3314967.86042241       -2929292.92929293       3.403133594071501E-005
   3314967.86042241       -2727272.72727273       3.554868741565043E-005
   3314967.86042241       -2525252.52525253       3.712834006088904E-005
   3314967.86042241       -2323232.32323232       3.879718270964524E-005
   3314967.86042241       -2121212.12121212       4.057957556636694E-005
   3314967.86042241       -1919191.91919192       4.249394816395271E-005
   3314967.86042241       -1717171.71717172       4.454864415575763E-005
   3314967.86042241       -1515151.51515152       4.673733787933398E-005
   3314967.86042241       -1313131.31313131       4.903476632914136E-005
   3314967.86042241       -1111111.11111111       5.139391904742540E-005
   3314967.86042241       -909090.909090910       5.374600162676649E-005
   3314967.86042241       -707070.707070708       5.600424372934552E-005
   3314967.86042241       -505050.505050506       5.807189520289094E-005
   3314967.86042241       -303030.303030305       5.985368166458145E-005
   3314967.86042241       -101010.101010101       6.126889274555861E-005
   3314967.86042241        101010.101010101       6.226353650321978E-005
   3314967.86042241        303030.303030303       6.281890844996577E-005
   3314967.86042241        505050.505050505       6.295458160466125E-005
   3314967.86042241        707070.707070706       6.272506791281798E-005
   3314967.86042241        909090.909090908       6.221087958179090E-005
   3314967.86042241        1111111.11111111       6.150599945688448E-005
   3314967.86042241        1313131.31313131       6.070447975655903E-005
   3314967.86042241        1515151.51515151       5.988883699191606E-005
   3314967.86042241        1717171.71717172       5.912215468175340E-005
   3314967.86042241        1919191.91919192       5.844463197583440E-005
   3314967.86042241        2121212.12121212       5.787413575261741E-005
   3314967.86042241        2323232.32323232       5.740949650464163E-005
   3314967.86042241        2525252.52525252       5.703502049342800E-005
   3314967.86042241        2727272.72727273       5.672492373744310E-005
   3314967.86042241        2929292.92929293       5.644691104790730E-005
   3314967.86042241        3131313.13131313       5.616467411669871E-005
   3314967.86042241        3333333.33333333       5.583949226965395E-005
   3314967.86042241        3535353.53535353       5.543132784296016E-005
   3314967.86042241        3737373.73737374       5.489983951759571E-005
   3314967.86042241        3939393.93939394       5.420564818121310E-005
   3314967.86042241        4141414.14141414       5.331203437400703E-005
   3314967.86042241        4343434.34343434       5.218706423933256E-005
   3314967.86042241        4545454.54545454       5.080596501226329E-005
   3314967.86042241        4747474.74747475       4.915343418391411E-005
   3314967.86042241        4949494.94949495       4.722550043977038E-005
   3314967.86042241        5151515.15151515       4.503058103057852E-005
   3314967.86042241        5353535.35353535       4.258949921108438E-005
   3314967.86042241        5555555.55555555       3.993440866034871E-005
   3314967.86042241        5757575.75757576       3.710676900623990E-005
   3314967.86042241        5959595.95959596       3.415467196148469E-005
   3314967.86042241        6161616.16161616       3.112989084652965E-005
   3314967.86042241        6363636.36363636       2.808500724513574E-005
   3314967.86042241        6565656.56565657       2.507087841811668E-005
   3314967.86042241        6767676.76767677       2.213458839909043E-005
   3314967.86042241        6969696.96969697       1.931791573813294E-005
   3314967.86042241        7171717.17171717       1.665627831112894E-005
   3314967.86042241        7373737.37373737       1.417808645871608E-005
   3314967.86042241        7575757.57575757       1.190443919813617E-005
   3314967.86042241        7777777.77777778       9.849116357234152E-006
   3314967.86042241        7979797.97979798       8.018836238102995E-006
   3314967.86042241        8181818.18181818       6.413755095872317E-006
   3314967.86042241        8383838.38383838       5.028180295487510E-006
   3314967.86042241        8585858.58585858       3.851457574905084E-006
   3314967.86042241        8787878.78787879       2.868980215164278E-006
   3314967.86042241        8989898.98989899       2.063259099149343E-006
   3314967.86042241        9191919.19191919       1.414990575590824E-006
   3314967.86042241        9393939.39393939       9.040642199327484E-007
   3314967.86042241        9595959.59595960       5.104628680536370E-007
   3314967.86042241        9797979.79797980       2.150186433699429E-007
   3314967.86042241        10000000.0000000       0.000000000000000E+000
   3551678.40016325       -10000000.0000000       0.000000000000000E+000
   3551678.40016325       -9797979.79797980       2.387851089840166E-008
   3551678.40016325       -9595959.59595960       5.857722620662499E-008
   3551678.40016325       -9393939.39393939       1.078050618256097E-007
   3551678.40016325       -9191919.19191919       1.761562466182355E-007
   3551678.40016325       -8989898.98989899       2.691849778068499E-007
   3551678.40016325       -8787878.78787879       3.934386718578871E-007
   3551678.40016325       -8585858.58585859       5.564378959840228E-007
   3551678.40016325       -8383838.38383838       7.665904518052367E-007
   3551678.40016325       -8181818.18181818       1.033029732231675E-006
   3551678.40016325       -7979797.97979798       1.365372223818663E-006
   3551678.40016325       -7777777.77777778       1.773395453589036E-006
   3551678.40016325       -7575757.57575758       2.266645107995967E-006
   3551678.40016325       -7373737.37373737       2.853987640420330E-006
   3551678.40016325       -7171717.17171717       3.543131505472286E-006
   3551678.40016325       -6969696.96969697       4.340145312699186E-006
   3551678.40016325       -6767676.76767677       5.249003976532549E-006
   3551678.40016325       -6565656.56565657       6.271194045714881E-006
   3551678.40016325       -6363636.36363636       7.405407063547363E-006
   3551678.40016325       -6161616.16161616       8.647345847886737E-006
   3551678.40016325       -5959595.95959596       9.989664167481655E-006
   3551678.40016325       -5757575.75757576       1.142205653475526E-005
   3551678.40016325       -5555555.55555556       1.293151214616339E-005
   3551678.40016325       -5353535.35353535       1.450274454594104E-005
   3551678.40016325       -5151515.15151515       1.611880416410130E-005
   3551678.40016325       -4949494.94949495       1.776187153400473E-005
   3551678.40016325       -4747474.74747475       1.941421242968071E-005
   3551678.40016325       -4545454.54545455       2.105925246403892E-005
   3551678.40016325       -4343434.34343434       2.268270151874944E-005
   3551678.40016325       -4141414.14141414       2.427363470466278E-005
   3551678.40016325       -3939393.93939394       2.582542453518220E-005
   3551678.40016325       -3737373.73737374       2.733642458175967E-005
   3551678.40016325       -3535353.53535354       2.881032858348928E-005
   3551678.40016325       -3333333.33333333       3.025616446893245E-005
   3551678.40016325       -3131313.13131313       3.168791818871015E-005
   3551678.40016325       -2929292.92929293       3.312380416910118E-005
   3551678.40016325       -2727272.72727273       3.458519755983750E-005
   3551678.40016325       -2525252.52525253       3.609521672739209E-005
   3551678.40016325       -2323232.32323232       3.767690356385564E-005
   3551678.40016325       -2121212.12121212       3.935091952523141E-005
   3551678.40016325       -1919191.91919192       4.113269455257275E-005
   3551678.40016325       -1717171.71717172       4.302907384421708E-005
   3551678.40016325       -1515151.51515152       4.503472414841931E-005
   3551678.40016325       -1313131.31313131       4.712885956494070E-005
   3551678.40016325       -1111111.11111111       4.927313329344151E-005
   3551678.40016325       -909090.909090910       5.141167049744982E-005
   3551678.40016325       -707070.707070708       5.347404731027038E-005
   3551678.40016325       -505050.505050506       5.538149609368189E-005
   3551678.40016325       -303030.303030305       5.705582484618401E-005
   3551678.40016325       -101010.101010101       5.842970371552475E-005
   3551678.40016325        101010.101010101       5.945637895831841E-005
   3551678.40016325        303030.303030303       6.011675823502798E-005
   3551678.40016325        505050.505050505       6.042225883792109E-005
   3551678.40016325        707070.707070706       6.041272593682998E-005
   3551678.40016325        909090.909090908       6.014985859625504E-005
   3551678.40016325        1111111.11111111       5.970759935360423E-005
   3551678.40016325        1313131.31313131       5.916155169778117E-005
   3551678.40016325        1515151.51515151       5.857952173021639E-005
   3551678.40016325        1717171.71717172       5.801475722143063E-005
   3551678.40016325        1919191.91919192       5.750258322844830E-005
   3551678.40016325        2121212.12121212       5.706021720882451E-005
   3551678.40016325        2323232.32323232       5.668887855852835E-005
   3551678.40016325        2525252.52525252       5.637704685155166E-005
   3551678.40016325        2727272.72727273       5.610385273004799E-005
   3551678.40016325        2929292.92929293       5.584195486714169E-005
   3551678.40016325        3131313.13131313       5.555967707351181E-005
   3551678.40016325        3333333.33333333       5.522251045294645E-005
   3551678.40016325        3535353.53535353       5.479426724195758E-005
   3551678.40016325        3737373.73737374       5.423821228257350E-005
   3551678.40016325        3939393.93939394       5.351843235480499E-005
   3551678.40016325        4141414.14141414       5.260157403977215E-005
   3551678.40016325        4343434.34343434       5.145892325813537E-005
   3551678.40016325        4545454.54545454       5.006864694843142E-005
   3551678.40016325        4747474.74747475       4.841790235585338E-005
   3551678.40016325        4949494.94949495       4.650447196284722E-005
   3551678.40016325        5151515.15151515       4.433761994423796E-005
   3551678.40016325        5353535.35353535       4.193798484498227E-005
   3551678.40016325        5555555.55555555       3.933649310292958E-005
   3551678.40016325        5757575.75757576       3.657245113774788E-005
   3551678.40016325        5959595.95959596       3.369110075841143E-005
   3551678.40016325        6161616.16161616       3.074097173185967E-005
   3551678.40016325        6363636.36363636       2.777133336083391E-005
   3551678.40016325        6565656.56565657       2.482995792077969E-005
   3551678.40016325        6767676.76767677       2.196130116115633E-005
   3551678.40016325        6969696.96969697       1.920511432203594E-005
   3551678.40016325        7171717.17171717       1.659544827374044E-005
   3551678.40016325        7373737.37373737       1.415999458926963E-005
   3551678.40016325        7575757.57575757       1.191971810091793E-005
   3551678.40016325        7777777.77777778       9.888753812241298E-006
   3551678.40016325        7979797.97979798       8.074554450657330E-006
   3551678.40016325        8181818.18181818       6.478277212287307E-006
   3551678.40016325        8383838.38383838       5.095389960586429E-006
   3551678.40016325        8585858.58585858       3.916462954601474E-006
   3551678.40016325        8787878.78787879       2.928097757166714E-006
   3551678.40016325        8989898.98989899       2.113934809068178E-006
   3551678.40016325        9191919.19191919       1.455677591535167E-006
   3551678.40016325        9393939.39393939       9.340742923066270E-007
   3551678.40016325        9595959.59595960       5.298054157983972E-007
   3551678.40016325        9797979.79797980       2.242354591402536E-007
   3551678.40016325        10000000.0000000       0.000000000000000E+000
   3796551.37230895       -10000000.0000000       0.000000000000000E+000
   3796551.37230895       -9797979.79797980       2.429592031118390E-008
   3796551.37230895       -9595959.59595960       5.940157263239005E-008
   3796551.37230895       -9393939.39393939       1.089636367275484E-007
   3796551.37230895       -9191919.19191919       1.774810617972071E-007
   3796551.37230895       -8989898.98989899       2.703727614422010E-007
   3796551.37230895       -8787878.78787879       3.940039928257129E-007
   3796551.37230895       -8585858.58585859       5.556601093784805E-007
   3796551.37230895       -8383838.38383838       7.634563698207203E-007
   3796551.37230895       -8181818.18181818       1.026175365058788E-006
   3796551.37230895       -7979797.97979798       1.353028245880040E-006
   3796551.37230895       -7777777.77777778       1.753342032615862E-006
   3796551.37230895       -7575757.57575758       2.236182285950590E-006
   3796551.37230895       -7373737.37373737       2.809927509545325E-006
   3796551.37230895       -7171717.17171717       3.481817944571904E-006
   3796551.37230895       -6969696.96969697       4.257506045864135E-006
   3796551.37230895       -6767676.76767677       5.140638229627432E-006
   3796551.37230895       -6565656.56565657       6.132497139337401E-006
   3796551.37230895       -6363636.36363636       7.231730869473802E-006
   3796551.37230895       -6161616.16161616       8.434191031503988E-006
   3796551.37230895       -5959595.95959596       9.732896364361675E-006
   3796551.37230895       -5757575.75757576       1.111813396365851E-005
   3796551.37230895       -5555555.55555556       1.257770684498147E-005
   3796551.37230895       -5353535.35353535       1.409733417535530E-005
   3796551.37230895       -5151515.15151515       1.566120753815433E-005
   3796551.37230895       -4949494.94949495       1.725270051430458E-005
   3796551.37230895       -4747474.74747475       1.885521720279299E-005
   3796551.37230895       -4545454.54545455       2.045314715834272E-005
   3796551.37230895       -4343434.34343434       2.203287154924613E-005
   3796551.37230895       -4141414.14141414       2.358374323737537E-005
   3796551.37230895       -3939393.93939394       2.509894891847709E-005
   3796551.37230895       -3737373.73737374       2.657616059248206E-005
   3796551.37230895       -3535353.53535354       2.801789882073634E-005
   3796551.37230895       -3333333.33333333       2.943155817358369E-005
   3796551.37230895       -3131313.13131313       3.082907741460691E-005
   3796551.37230895       -2929292.92929293       3.222626224690509E-005
   3796551.37230895       -2727272.72727273       3.364177757792779E-005
   3796551.37230895       -2525252.52525253       3.509581618615131E-005
   3796551.37230895       -2323232.32323232       3.660842804504679E-005
   3796551.37230895       -2121212.12121212       3.819747727810444E-005
   3796551.37230895       -1919191.91919192       3.987620908327999E-005
   3796551.37230895       -1717171.71717172       4.165048604295984E-005
   3796551.37230895       -1515151.51515152       4.351590766024043E-005
   3796551.37230895       -1313131.31313131       4.545524095463837E-005
   3796551.37230895       -1111111.11111111       4.743679834976744E-005
   3796551.37230895       -909090.909090910       4.941449718738050E-005
   3796551.37230895       -707070.707070708       5.133021721958222E-005
   3796551.37230895       -505050.505050506       5.311868934179187E-005
   3796551.37230895       -303030.303030305       5.471455458671918E-005
   3796551.37230895       -101010.101010101       5.606058653958059E-005
   3796551.37230895        101010.101010101       5.711558763440804E-005
   3796551.37230895        303030.303030303       5.786033808542597E-005
   3796551.37230895        505050.505050505       5.830028015415544E-005
   3796551.37230895        707070.707070706       5.846430364769222E-005
   3796551.37230895        909090.909090908       5.839987708162482E-005
   3796551.37230895        1111111.11111111       5.816558959585221E-005
   3796551.37230895        1313131.31313131       5.782269169418804E-005
   3796551.37230895        1515151.51515151       5.742730277785355E-005
   3796551.37230895        1717171.71717172       5.702459079207455E-005
   3796551.37230895        1919191.91919192       5.664557078074059E-005
   3796551.37230895        2121212.12121212       5.630645046617106E-005
   3796551.37230895        2323232.32323232       5.600990227674941E-005
   3796551.37230895        2525252.52525252       5.574739790044714E-005
   3796551.37230895        2727272.72727273       5.550180482248920E-005
   3796551.37230895        2929292.92929293       5.524970893791311E-005
   3796551.37230895        3131313.13131313       5.496325026245754E-005
   3796551.37230895        3333333.33333333       5.461152565289191E-005
   3796551.37230895        3535353.53535353       5.416176775855717E-005
   3796551.37230895        3737373.73737374       5.358054942480665E-005
   3796551.37230895        3939393.93939394       5.283521171157074E-005
   3796551.37230895        4141414.14141414       5.189560388413485E-005
   3796551.37230895        4343434.34343434       5.073608738578186E-005
   3796551.37230895        4545454.54545454       4.933762485662011E-005
   3796551.37230895        4747474.74747475       4.768968149345741E-005
   3796551.37230895        4949494.94949495       4.579163643268897E-005
   3796551.37230895        5151515.15151515       4.365344972506736E-005
   3796551.37230895        5353535.35353535       4.129544753192382E-005
   3796551.37230895        5555555.55555555       3.874724334131606E-005
   3796551.37230895        5757575.75757576       3.604596143256431E-005
   3796551.37230895        5959595.95959596       3.323402822693829E-005
   3796551.37230895        6161616.16161616       3.035682408231890E-005
   3796551.37230895        6363636.36363636       2.746044587071932E-005
   3796551.37230895        6565656.56565657       2.458974539477911E-005
   3796551.37230895        6767676.76767677       2.178671571106925E-005
   3796551.37230895        6969696.96969697       1.908922604339557E-005
   3796551.37230895        7171717.17171717       1.653006969526995E-005
   3796551.37230895        7373737.37373737       1.413628506787278E-005
   3796551.37230895        7575757.57575757       1.192872401668072E-005
   3796551.37230895        7777777.77777778       9.921858950450490E-006
   3796551.37230895        7979797.97979798       8.123829499206551E-006
   3796551.37230895        8181818.18181818       6.536727412600460E-006
   3796551.37230895        8383838.38383838       5.157106560633520E-006
   3796551.37230895        8585858.58585858       3.976688474547315E-006
   3796551.37230895        8787878.78787879       2.983218081622957E-006
   3796551.37230895        8989898.98989899       2.161413036278469E-006
   3796551.37230895        9191919.19191919       1.493945117964694E-006
   3796551.37230895        9393939.39393939       9.623933710410208E-007
   3796551.37230895        9595959.59595960       5.481146974336170E-007
   3796551.37230895        9797979.79797980       2.329875684585798E-007
   3796551.37230895        10000000.0000000       0.000000000000000E+000
   4049586.77685950       -10000000.0000000       0.000000000000000E+000
   4049586.77685950       -9797979.79797980       2.457041905028974E-008
   4049586.77685950       -9595959.59595960       5.989438810421009E-008
   4049586.77685950       -9393939.39393939       1.095475987633161E-007
   4049586.77685950       -9191919.19191919       1.779247271004557E-007
   4049586.77685950       -8989898.98989899       2.703003642671305E-007
   4049586.77685950       -8787878.78787879       3.928494875325602E-007
   4049586.77685950       -8585858.58585859       5.526166120548540E-007
   4049586.77685950       -8383838.38383838       7.574231520642630E-007
   4049586.77685950       -8181818.18181818       1.015705646283143E-006
   4049586.77685950       -7979797.97979798       1.336282086899962E-006
   4049586.77685950       -7777777.77777778       1.728049408903932E-006
   4049586.77685950       -7575757.57575758       2.199621771947847E-006
   4049586.77685950       -7373737.37373737       2.758925875333583E-006
   4049586.77685950       -7171717.17171717       3.412775352509549E-006
   4049586.77685950       -6969696.96969697       4.166450487918767E-006
   4049586.77685950       -6767676.76767677       5.023311450304963E-006
   4049586.77685950       -6565656.56565657       5.984472621888432E-006
   4049586.77685950       -6363636.36363636       7.048562538475010E-006
   4049586.77685950       -6161616.16161616       8.211589047214522E-006
   4049586.77685950       -5959595.95959596       9.466923554549306E-006
   4049586.77685950       -5757575.75757576       1.080541285468374E-005
   4049586.77685950       -5555555.55555556       1.221562291232613E-005
   4049586.77685950       -5353535.35353535       1.368421627882335E-005
   4049586.77685950       -5151515.15151515       1.519646259737011E-005
   4049586.77685950       -4949494.94949495       1.673687790689234E-005
   4049586.77685950       -4747474.74747475       1.828998081426622E-005
   4049586.77685950       -4545454.54545455       1.984114051643006E-005
   4049586.77685950       -4343434.34343434       2.137747366589420E-005
   4049586.77685950       -4141414.14141414       2.288872751297005E-005
   4049586.77685950       -3939393.93939394       2.436807117940256E-005
   4049586.77685950       -3737373.73737374       2.581271120539161E-005
   4049586.77685950       -3535353.53535354       2.722425528533477E-005
   4049586.77685950       -3333333.33333333       2.860876862808189E-005
   4049586.77685950       -3131313.13131313       2.997649511260321E-005
   4049586.77685950       -2929292.92929293       3.134124172798882E-005
   4049586.77685950       -2727272.72727273       3.271944129917613E-005
   4049586.77685950       -2525252.52525253       3.412891093197241E-005
   4049586.77685950       -2323232.32323232       3.558731500801889E-005
   4049586.77685950       -2121212.12121212       3.711033383123002E-005
   4049586.77685950       -1919191.91919192       3.870955171909818E-005
   4049586.77685950       -1717171.71717172       4.039013309923070E-005
   4049586.77685950       -1515151.51515152       4.214846480105899E-005
   4049586.77685950       -1313131.31313131       4.397009653213701E-005
   4049586.77685950       -1111111.11111111       4.582846431246598E-005
   4049586.77685950       -909090.909090910       4.768495751387110E-005
   4049586.77685950       -707070.707070708       4.949080849104389E-005
   4049586.77685950       -505050.505050506       5.119100141356818E-005
   4049586.77685950       -303030.303030305       5.272994532976314E-005
   4049586.77685950       -101010.101010101       5.405814965827921E-005
   4049586.77685950        101010.101010101       5.513874205181034E-005
   4049586.77685950        303030.303030303       5.595253166509359E-005
   4049586.77685950        505050.505050505       5.650052489729275E-005
   4049586.77685950        707070.707070706       5.680331601738701E-005
   4049586.77685950        909090.909090908       5.689746677067566E-005
   4049586.77685950        1111111.11111111       5.682965885938955E-005
   4049586.77685950        1313131.31313131       5.664985500414261E-005
   4049586.77685950        1515151.51515151       5.640481134825813E-005
   4049586.77685950        1717171.71717172       5.613303394324425E-005
   4049586.77685950        1919191.91919192       5.586177116168107E-005
   4049586.77685950        2121212.12121212       5.560606434772638E-005
   4049586.77685950        2323232.32323232       5.536942530989095E-005
   4049586.77685950        2525252.52525252       5.514548671129600E-005
   4049586.77685950        2727272.72727273       5.491999208587105E-005
   4049586.77685950        2929292.92929293       5.467268183505607E-005
   4049586.77685950        3131313.13131313       5.437888062155511E-005
   4049586.77685950        3333333.33333333       5.401080680858044E-005
   4049586.77685950        3535353.53535353       5.353875537925820E-005
   4049586.77685950        3737373.73737374       5.293234249386399E-005
   4049586.77685950        3939393.93939394       5.216195803931425E-005
   4049586.77685950        4141414.14141414       5.120047813188573E-005
   4049586.77685950        4343434.34343434       5.002517173362765E-005
   4049586.77685950        4545454.54545454       4.861962491481289E-005
   4049586.77685950        4747474.74747475       4.697543272475794E-005
   4049586.77685950        4949494.94949495       4.509339558042649E-005
   4049586.77685950        5151515.15151515       4.298401330740010E-005
   4049586.77685950        5353535.35353535       4.066718344114840E-005
   4049586.77685950        5555555.55555555       3.817114947646773E-005
   4049586.77685950        5757575.75757576       3.553086835200394E-005
   4049586.77685950        5959595.95959596       3.278603960601750E-005
   4049586.77685950        6161616.16161616       2.997904605400757E-005
   4049586.77685950        6363636.36363636       2.715300657052345E-005
   4049586.77685950        6565656.56565657       2.435006261497569E-005
   4049586.77685950        6767676.76767677       2.160994302472657E-005
   4049586.77685950        6969696.96969697       1.896879911337479E-005
   4049586.77685950        7171717.17171717       1.645828163435607E-005
   4049586.77685950        7373737.37373737       1.410483607834087E-005
   4049586.77685950        7575757.57575757       1.192920928373590E-005
   4049586.77685950        7777777.77777778       9.946175122087766E-006
   4049586.77685950        7979797.97979798       8.164492052444617E-006
   4049586.77685950        8181818.18181818       6.587098968226929E-006
   4049586.77685950        8383838.38383838       5.211541008423929E-006
   4049586.77685950        8585858.58585858       4.030598898570207E-006
   4049586.77685950        8787878.78787879       3.033078701516730E-006
   4049586.77685950        8989898.98989899       2.204706850062272E-006
   4049586.77685950        9191919.19191919       1.529069429481221E-006
   4049586.77685950        9393939.39393939       9.885348811839454E-007
   4049586.77685950        9595959.59595960       5.651050212411693E-007
   4049586.77685950        9797979.79797980       2.411500888092346E-007
   4049586.77685950        10000000.0000000       0.000000000000000E+000
   4310784.61381492       -10000000.0000000       0.000000000000000E+000
   4310784.61381492       -9797979.79797980       2.468936069265972E-008
   4310784.61381492       -9595959.59595960       6.002556836809720E-008
   4310784.61381492       -9393939.39393939       1.095033549584529E-007
   4310784.61381492       -9191919.19191919       1.774034211529492E-007
   4310784.61381492       -8989898.98989899       2.688470041830661E-007
   4310784.61381492       -8787878.78787879       3.898112803293078E-007
   4310784.61381492       -8585858.58585859       5.470952700323928E-007
   4310784.61381492       -8383838.38383838       7.482264503895288E-007
   4310784.61381492       -8181818.18181818       1.001301513766907E-006
   4310784.61381492       -7979797.97979798       1.314759262662201E-006
   4310784.61381492       -7777777.77777778       1.697089216265623E-006
   4310784.61381492       -7575757.57575758       2.156485694817109E-006
   4310784.61381492       -7373737.37373737       2.700463304680745E-006
   4310784.61381492       -7171717.17171717       3.335455115970155E-006
   4310784.61381492       -6969696.96969697       4.066418664266822E-006
   4310784.61381492       -6767676.76767677       4.896476622945106E-006
   4310784.61381492       -6565656.56565657       5.826618260188116E-006
   4310784.61381492       -6363636.36363636       6.855484671072154E-006
   4310784.61381492       -6161616.16161616       7.979255750080782E-006
   4310784.61381492       -5959595.95959596       9.191650828566120E-006
   4310784.61381492       -5757575.75757576       1.048404895255588E-005
   4310784.61381492       -5555555.55555556       1.184572992632196E-005
   4310784.61381492       -5353535.35353535       1.326423398382517E-005
   4310784.61381492       -5151515.15151515       1.472583586636037E-005
   4310784.61381492       -4949494.94949495       1.621612676530628E-005
   4310784.61381492       -4747474.74747475       1.772069296366361E-005
   4310784.61381492       -4545454.54545455       1.922587122128923E-005
   4310784.61381492       -4343434.34343434       2.071954749551098E-005
   4310784.61381492       -4141414.14141414       2.219194922336193E-005
   4310784.61381492       -3939393.93939394       2.363636615981302E-005
   4310784.61381492       -3737373.73737374       2.504972586456454E-005
   4310784.61381492       -3535353.53535354       2.643295164532745E-005
   4310784.61381492       -3333333.33333333       2.779104437000547E-005
   4310784.61381492       -3131313.13131313       2.913285224475565E-005
   4310784.61381492       -2929292.92929293       3.047051821084868E-005
   4310784.61381492       -2727272.72727273       3.181861578238695E-005
   4310784.61381492       -2525252.52525253       3.319299584247727E-005
   4310784.61381492       -2323232.32323232       3.460936922586473E-005
   4310784.61381492       -2121212.12121212       3.608164987771858E-005
   4310784.61381492       -1919191.91919192       3.762009453546902E-005
   4310784.61381492       -1717171.71717172       3.922931348697021E-005
   4310784.61381492       -1515151.51515152       4.090630397919236E-005
   4310784.61381492       -1313131.31313131       4.263876790687301E-005
   4310784.61381492       -1111111.11111111       4.440408764939228E-005
   4310784.61381492       -909090.909090910       4.616939304310387E-005
   4310784.61381492       -707070.707070708       4.789309619371415E-005
   4310784.61381492       -505050.505050506       4.952806103531873E-005
   4310784.61381492       -303030.303030305       5.102622766178279E-005
   4310784.61381492       -101010.101010101       5.234410895629282E-005
   4310784.61381492        101010.101010101       5.344824506355300E-005
   4310784.61381492        303030.303030303       5.431956514944461E-005
   4310784.61381492        505050.505050505       5.495573944425185E-005
   4310784.61381492        707070.707070706       5.537099622764948E-005
   4310784.61381492        909090.909090908       5.559342895724774E-005
   4310784.61381492        1111111.11111111       5.566037142014224E-005
   4310784.61381492        1313131.31313131       5.561281156796070E-005
   4310784.61381492        1515151.51515151       5.548993653042037E-005
   4310784.61381492        1717171.71717172       5.532473187821270E-005
   4310784.61381492        1919191.91919192       5.514117449049627E-005
   4310784.61381492        2121212.12121212       5.495310276175273E-005
   4310784.61381492        2323232.32323232       5.476446990927116E-005
   4310784.61381492        2525252.52525252       5.457048457444591E-005
   4310784.61381492        2727272.72727273       5.435913592351869E-005
   4310784.61381492        2929292.92929293       5.411273570439670E-005
   4310784.61381492        3131313.13131313       5.380930240689439E-005
   4310784.61381492        3333333.33333333       5.342378617689711E-005
   4310784.61381492        3535353.53535353       5.292924198367501E-005
   4310784.61381492        3737373.73737374       5.229809007749405E-005
   4310784.61381492        3939393.93939394       5.150356685635215E-005
   4310784.61381492        4141414.14141414       5.052138731947333E-005
   4310784.61381492        4343434.34343434       4.933153901964833E-005
   4310784.61381492        4545454.54545454       4.792003573842242E-005
   4310784.61381492        4747474.74747475       4.628040441111531E-005
   4310784.61381492        4949494.94949495       4.441468064754980E-005
   4310784.61381492        5151515.15151515       4.233375071072727E-005
   4310784.61381492        5353535.35353535       4.005698574987665E-005
   4310784.61381492        5555555.55555555       3.761123594853447E-005
   4310784.61381492        5757575.75757576       3.502935137471013E-005
   4310784.61381492        5959595.95959596       3.234844525887651E-005
   4310784.61381492        6161616.16161616       2.960810660496738E-005
   4310784.61381492        6363636.36363636       2.684871617068686E-005
   4310784.61381492        6565656.56565657       2.410994969213053E-005
   4310784.61381492        6767676.76767677       2.142949163110304E-005
   4310784.61381492        6969696.96969697       1.884194795509456E-005
   4310784.61381492        7171717.17171717       1.637793942451953E-005
   4310784.61381492        7373737.37373737       1.406336842284432E-005
   4310784.61381492        7575757.57575757       1.191886930406068E-005
   4310784.61381492        7777777.77777778       9.959463639150076E-006
   4310784.61381492        7979797.97979798       8.194442289462768E-006
   4310784.61381492        8181818.18181818       6.627486126408540E-006
   4310784.61381492        8383838.38383838       5.257020171488940E-006
   4310784.61381492        8585858.58585858       4.076776773821448E-006
   4310784.61381492        8787878.78787879       3.076526347965528E-006
   4310784.61381492        8989898.98989899       2.242921877747313E-006
   4310784.61381492        9191919.19191919       1.560397095164760E-006
   4310784.61381492        9393939.39393939       1.012058187430765E-006
   4310784.61381492        9595959.59595960       5.805147461744269E-007
   4310784.61381492        9797979.79797980       2.486067162341662E-007
   4310784.61381492        10000000.0000000       0.000000000000000E+000
   4580144.88317519       -10000000.0000000       0.000000000000000E+000
   4580144.88317519       -9797979.79797980       2.464346212620908E-008
   4580144.88317519       -9595959.59595960       5.977335086623275E-008
   4580144.88317519       -9393939.39393939       1.087926814510090E-007
   4580144.88317519       -9191919.19191919       1.758578181381585E-007
   4580144.88317519       -8989898.98989899       2.659274154832180E-007
   4580144.88317519       -8787878.78787879       3.847736616193397E-007
   4580144.88317519       -8585858.58585859       5.389461479269304E-007
   4580144.88317519       -8383838.38383838       7.356792332690267E-007
   4580144.88317519       -8181818.18181818       9.827369355641851E-007
   4580144.88317519       -7979797.97979798       1.288193817305131E-006
   4580144.88317519       -7777777.77777778       1.660155686334632E-006
   4580144.88317519       -7575757.57575758       2.106429776315422E-006
   4580144.88317519       -7373737.37373737       2.634159820737868E-006
   4580144.88317519       -7171717.17171717       3.249446416545095E-006
   4580144.88317519       -6969696.96969697       3.956976621720116E-006
   4580144.88317519       -6767676.76767677       4.759688299218361E-006
   4580144.88317519       -6565656.56565657       5.658493991795945E-006
   4580144.88317519       -6363636.36363636       6.652086094229948E-006
   4580144.88317519       -6161616.16161616       7.736840160445245E-006
   4580144.88317519       -5959595.95959596       8.906827082676773E-006
   4580144.88317519       -5757575.75757576       1.015393859657473E-005
   4580144.88317519       -5555555.55555556       1.146812510762004E-005
   4580144.88317519       -5353535.35353535       1.283774089434825E-005
   4580144.88317519       -5151515.15151515       1.424998935068300E-005
   4580144.88317519       -4949494.94949495       1.569145922831939E-005
   4580144.88317519       -4747474.74747475       1.714874019934312E-005
   4580144.88317519       -4545454.54545455       1.860910062101829E-005
   4580144.88317519       -4343434.34343434       2.006120098227555E-005
   4580144.88317519       -4141414.14141414       2.149580361931357E-005
   4580144.88317519       -3939393.93939394       2.290642548349673E-005
   4580144.88317519       -3737373.73737374       2.428987024125838E-005
   4580144.88317519       -3535353.53535354       2.564657318762018E-005
   4580144.88317519       -3333333.33333333       2.698070005306376E-005
   4580144.88317519       -3131313.13131313       2.829995828794679E-005
   4580144.88317519       -2929292.92929293       2.961510294520969E-005
   4580144.88317519       -2727272.72727273       3.093914293630888E-005
   4580144.88317519       -2525252.52525253       3.228627174116334E-005
   4580144.88317519       -2323232.32323232       3.367055736829310E-005
   4580144.88317519       -2121212.12121212       3.510443255225030E-005
   4580144.88317519       -1919191.91919192       3.659703662177948E-005
   4580144.88317519       -1717171.71717172       3.815248734398844E-005
   4580144.88317519       -1515151.51515152       3.976821407448978E-005
   4580144.88317519       -1313131.31313131       4.143356134163266E-005
   4580144.88317519       -1111111.11111111       4.312895416187410E-005
   4580144.88317519       -909090.909090910       4.482596259877837E-005
   4580144.88317519       -707070.707070708       4.648856469056288E-005
   4580144.88317519       -505050.505050506       4.807575017763976E-005
   4580144.88317519       -303030.303030305       4.954533871822763E-005
   4580144.88317519       -101010.101010101       5.085856347367600E-005
   4580144.88317519        101010.101010101       5.198469181696213E-005
   4580144.88317519        303030.303030303       5.290482306858807E-005
   4580144.88317519        505050.505050505       5.361408630334209E-005
   4580144.88317519        707070.707070706       5.412176020018786E-005
   4580144.88317519        909090.909090908       5.444927897277622E-005
   4580144.88317519        1111111.11111111       5.462654882490488E-005
   4580144.88317519        1313131.31313131       5.468734306360448E-005
   4580144.88317519        1515151.51515151       5.466467315228361E-005
   4580144.88317519        1717171.71717172       5.458692227310104E-005
   4580144.88317519        1919191.91919192       5.447523275673727E-005
   4580144.88317519        2121212.12121212       5.434227122783060E-005
   4580144.88317519        2323232.32323232       5.419217802723371E-005
   4580144.88317519        2525252.52525252       5.402132555765157E-005
   4580144.88317519        2727272.72727273       5.381948520805403E-005
   4580144.88317519        2929292.92929293       5.357109775922326E-005
   4580144.88317519        3131313.13131313       5.325649136119993E-005
   4580144.88317519        3333333.33333333       5.285303085809665E-005
   4580144.88317519        3535353.53535353       5.233627189121102E-005
   4580144.88317519        3737373.73737374       5.168121890806841E-005
   4580144.88317519        3939393.93939394       5.086375418526090E-005
   4580144.88317519        4141414.14141414       4.986223350796375E-005
   4580144.88317519        4343434.34343434       4.865915785809251E-005
   4580144.88317519        4545454.54545454       4.724275634343018E-005
   4580144.88317519        4747474.74747475       4.560827818011919E-005
   4580144.88317519        4949494.94949495       4.375880619083202E-005
   4580144.88317519        5151515.15151515       4.170547079360494E-005
   4580144.88317519        5353535.35353535       3.946704391143243E-005
   4580144.88317519        5555555.55555555       3.706899609911134E-005
   4580144.88317519        5757575.75757576       3.454217581389763E-005
   4580144.88317519        5959595.95959596       3.192129722403477E-005
   4580144.88317519        6161616.16161616       2.924340164763999E-005
   4580144.88317519        6363636.36363636       2.654640474709209E-005
   4580144.88317519        6565656.56565657       2.386778224667029E-005
   4580144.88317519        6767676.76767677       2.124340279795032E-005
   4580144.88317519        6969696.96969697       1.870649767223343E-005
   4580144.88317519        7171717.17171717       1.628676056771696E-005
   4580144.88317519        7373737.37373737       1.400958639931806E-005
   4580144.88317519        7575757.57575757       1.189547357291916E-005
   4580144.88317519        7777777.77777778       9.959621643220999E-006
   4580144.88317519        7979797.97979798       8.211752541550105E-006
   4580144.88317519        8181818.18181818       6.656170385000086E-006
   4580144.88317519        8383838.38383838       5.292056291991236E-006
   4580144.88317519        8585858.58585858       4.113975064422238E-006
   4580144.88317519        8787878.78787879       3.112553614987392E-006
   4580144.88317519        8989898.98989899       2.275278885867029E-006
   4580144.88317519        9191919.19191919       1.587356819949552E-006
   4580144.88317519        9393939.39393939       1.032573945069969E-006
   4580144.88317519        9595959.59595960       5.941088518915594E-007
   4580144.88317519        9797979.79797980       2.552511418303697E-007
   4580144.88317519        10000000.0000000       0.000000000000000E+000
   4857667.58494031       -10000000.0000000       0.000000000000000E+000
   4857667.58494031       -9797979.79797980       2.442712781797746E-008
   4857667.58494031       -9595959.59595960       5.912498064246586E-008
   4857667.58494031       -9393939.39393939       1.073938167796669E-007
   4857667.58494031       -9191919.19191919       1.732549554104569E-007
   4857667.58494031       -8989898.98989899       2.614950620894023E-007
   4857667.58494031       -8787878.78787879       3.776742869166183E-007
   4857667.58494031       -8585858.58585859       5.280892824780928E-007
   4857667.58494031       -8383838.38383838       7.196826550597917E-007
   4857667.58494031       -8181818.18181818       9.598933904466630E-007
   4857667.58494031       -7979797.97979798       1.256447007687978E-006
   4857667.58494031       -7777777.77777778       1.617089272520027E-006
   4857667.58494031       -7575757.57575758       2.049272807202729E-006
   4857667.58494031       -7373737.37373737       2.559811314342982E-006
   4857667.58494031       -7171717.17171717       3.154520778108000E-006
   4857667.58494031       -6969696.96969697       3.837870320610422E-006
   4857667.58494031       -6767676.76767677       4.612666881542622E-006
   4857667.58494031       -6565656.56565657       5.479797256182435E-006
   4857667.58494031       -6363636.36363636       6.438048239471346E-006
   4857667.58494031       -6161616.16161616       7.484020964246254E-006
   4857667.58494031       -5959595.95959596       8.612149585594616E-006
   4857667.58494031       -5757575.75757576       9.814828092959861E-006
   4857667.58494031       -5555555.55555556       1.108264316185628E-005
   4857667.58494031       -5353535.35353535       1.240470637077260E-005
   4857667.58494031       -5151515.15151515       1.376907613946071E-005
   4857667.58494031       -4949494.94949495       1.516325802220995E-005
   4857667.58494031       -4747474.74747475       1.657477037827329E-005
   4857667.58494031       -4545454.54545455       1.799175931486457E-005
   4857667.58494031       -4343434.34343434       1.940364069044169E-005
   4857667.58494031       -4141414.14141414       2.080173743808535E-005
   4857667.58494031       -3939393.93939394       2.217986880675949E-005
   4857667.58494031       -3737373.73737374       2.353483740764551E-005
   4857667.58494031       -3535353.53535354       2.486675426113976E-005
   4857667.58494031       -3333333.33333333       2.617914487884005E-005
   4857667.58494031       -3131313.13131313       2.747879211236412E-005
   4857667.58494031       -2929292.92929293       2.877529230258374E-005
   4857667.58494031       -2727272.72727273       3.008032572251269E-005
   4857667.58494031       -2525252.52525253       3.140666498337092E-005
   4857667.58494031       -2323232.32323232       3.276696200143437E-005
   4857667.58494031       -2121212.12121212       3.417236519058488E-005
   4857667.58494031       -1919191.91919192       3.563102872328576E-005
   4857667.58494031       -1717171.71717172       3.714659399446601E-005
   4857667.58494031       -1515151.51515152       3.871675865473903E-005
   4857667.58494031       -1313131.31313131       4.033210237641790E-005
   4857667.58494031       -1111111.11111111       4.197539816391111E-005
   4857667.58494031       -909090.909090910       4.362167423260834E-005
   4857667.58494031       -707070.707070708       4.523926589180433E-005
   4857667.58494031       -505050.505050506       4.679197960393959E-005
   4857667.58494031       -303030.303030305       4.824228184741620E-005
   4857667.58494031       -101010.101010101       4.955516439797547E-005
   4857667.58494031        101010.101010101       5.070210121006676E-005
   4857667.58494031        303030.303030303       5.166438630549074E-005
   4857667.58494031        505050.505050505       5.243518872778088E-005
   4857667.58494031        707070.707070706       5.301988891549912E-005
   4857667.58494031        909090.909090908       5.343461822504148E-005
   4857667.58494031        1111111.11111111       5.370331002425971E-005
   4857667.58494031        1313131.31313131       5.385387340492948E-005
   4857667.58494031        1515151.51515151       5.391423247535440E-005
   4857667.58494031        1717171.71717172       5.390890694539532E-005
   4857667.58494031        1919191.91919192       5.385658239509694E-005
   4857667.58494031        2121212.12121212       5.376882015344399E-005
   4857667.58494031        2323232.32323232       5.364978842027361E-005
   4857667.58494031        2525252.52525252       5.349673209837908E-005
   4857667.58494031        2727272.72727273       5.330086205239279E-005
   4857667.58494031        2929292.92929293       5.304840985985370E-005
   4857667.58494031        3131313.13131313       5.272170932102348E-005
   4857667.58494031        3333333.33333333       5.230027812985493E-005
   4857667.58494031        3535353.53535353       5.176194620760691E-005
   4857667.58494031        3737373.73737374       5.108409714270617E-005
   4857667.58494031        3939393.93939394       5.024505998962095E-005
   4857667.58494031        4141414.14141414       4.922562639375881E-005
   4857667.58494031        4343434.34343434       4.801059543635700E-005
   4857667.58494031        4545454.54545454       4.659019063890246E-005
   4857667.58494031        4747474.74747475       4.496117159138942E-005
   4857667.58494031        4949494.94949495       4.312748783867986E-005
   4857667.58494031        5151515.15151515       4.110039074694122E-005
   4857667.58494031        5353535.35353535       3.889801026299948E-005
   4857667.58494031        5555555.55555555       3.654448903610770E-005
   4857667.58494031        5757575.75757576       3.406882015121987E-005
   4857667.58494031        5959595.95959596       3.150354407625241E-005
   4857667.58494031        6161616.16161616       2.888343068102648E-005
   4857667.58494031        6363636.36363636       2.624422241153247E-005
   4857667.58494031        6565656.56565657       2.362146753588687E-005
   4857667.58494031        6767676.76767677       2.104944383158190E-005
   4857667.58494031        6969696.96969697       1.856016745083871E-005
   4857667.58494031        7171717.17171717       1.618249291879457E-005
   4857667.58494031        7373737.37373737       1.394132733496715E-005
   4857667.58494031        7575757.57575757       1.185699482317537E-005
   4857667.58494031        7777777.77777778       9.944790435697467E-006
   4857667.58494031        7979797.97979798       8.214755267561274E-006
   4857667.58494031        8181818.18181818       6.671689108680734E-006
   4857667.58494031        8383838.38383838       5.315397613183547E-006
   4857667.58494031        8585858.58585858       4.141151610946922E-006
   4857667.58494031        8787878.78787879       3.140319795166925E-006
   4857667.58494031        8989898.98989899       2.301124448101105E-006
   4857667.58494031        9191919.19191919       1.609464003525395E-006
   4857667.58494031        9393939.39393939       1.049746177636857E-006
   4857667.58494031        9595959.59595960       6.056804900075648E-007
   4857667.58494031        9797979.79797980       2.609880668535497E-007
   4857667.58494031        10000000.0000000       0.000000000000000E+000
   5143352.71911029       -10000000.0000000       0.000000000000000E+000
   5143352.71911029       -9797979.79797980       2.403866068875119E-008
   5143352.71911029       -9595959.59595960       5.807711607806553E-008
   5143352.71911029       -9393939.39393939       1.053019890585717E-007
   5143352.71911029       -9191919.19191919       1.695889328445057E-007
   5143352.71911029       -8989898.98989899       2.555432810656371E-007
   5143352.71911029       -8787878.78787879       3.685062177627620E-007
   5143352.71911029       -8585858.58585859       5.145181475076841E-007
   5143352.71911029       -8383838.38383838       7.002314725725626E-007
   5143352.71911029       -8181818.18181818       9.327677725720682E-007
   5143352.71911029       -7979797.97979798       1.219518312124593E-006
   5143352.71911029       -7777777.77777778       1.567891551683320E-006
   5143352.71911029       -7575757.57575758       1.985016487913335E-006
   5143352.71911029       -7373737.37373737       2.477415681905378E-006
   5143352.71911029       -7171717.17171717       3.050666183171080E-006
   5143352.71911029       -6969696.96969697       3.709069686096286E-006
   5143352.71911029       -6767676.76767677       4.455354720493365E-006
   5143352.71911029       -6565656.56565657       5.290433201684196E-006
   5143352.71911029       -6363636.36363636       6.213231193518722E-006
   5143352.71911029       -6161616.16161616       7.220609473459308E-006
   5143352.71911029       -5959595.95959596       8.307383898301708E-006
   5143352.71911029       -5757575.75757576       9.466449341527281E-006
   5143352.71911029       -5555555.55555556       1.068900492404490E-005
   5143352.71911029       -5353535.35353535       1.196487316420225E-005
   5143352.71911029       -5151515.15151515       1.328290203778953E-005
   5143352.71911029       -4949494.94949495       1.463143676405800E-005
   5143352.71911029       -4747474.74747475       1.599884675885480E-005
   5143352.71911029       -4545454.54545455       1.737409136733747E-005
   5143352.71911029       -4343434.34343434       1.874730425071337E-005
   5143352.71911029       -4141414.14141414       2.011036968552174E-005
   5143352.71911029       -3939393.93939394       2.145745482221299E-005
   5143352.71911029       -3737373.73737374       2.278545211946634E-005
   5143352.71911029       -3535353.53535354       2.409427913681547E-005
   5143352.71911029       -3333333.33333333       2.538698240973928E-005
   5143352.71911029       -3131313.13131313       2.666960082746649E-005
   5143352.71911029       -2929292.92929293       2.795076179852429E-005
   5143352.71911029       -2727272.72727273       2.924100753818433E-005
   5143352.71911029       -2525252.52525253       3.055187395931452E-005
   5143352.71911029       -2323232.32323232       3.189476578690270E-005
   5143352.71911029       -2121212.12121212       3.327968609689652E-005
   5143352.71911029       -1919191.91919192       3.471388847539445E-005
   5143352.71911029       -1717171.71717172       3.620053193329962E-005
   5143352.71911029       -1515151.51515152       3.773744071443288E-005
   5143352.71911029       -1313131.31313131       3.931610704082517E-005
   5143352.71911029       -1111111.11111111       4.092111759203363E-005
   5143352.71911029       -909090.909090910       4.253021301797543E-005
   5143352.71911029       -707070.707070708       4.411517351662183E-005
   5143352.71911029       -505050.505050506       4.564363591937986E-005
   5143352.71911029       -303030.303030305       4.708178362308539E-005
   5143352.71911029       -101010.101010101       4.839763823039275E-005
   5143352.71911029        101010.101010101       4.956448018341157E-005
   5143352.71911029        303030.303030303       5.056380681956932E-005
   5143352.71911029        505050.505050505       5.138725625663850E-005
   5143352.71911029        707070.707070706       5.203709924180773E-005
   5143352.71911029        909090.909090908       5.252519140737382E-005
   5143352.71911029        1111111.11111111       5.287060538590874E-005
   5143352.71911029        1313131.31313131       5.309643025283598E-005
   5143352.71911029        1515151.51515151       5.322635764001729E-005
   5143352.71911029        1717171.71717172       5.328163926343925E-005
   5143352.71911029        1919191.91919192       5.327882614306944E-005
   5143352.71911029        2121212.12121212       5.322845615350426E-005
   5143352.71911029        2323232.32323232       5.313462816451994E-005
   5143352.71911029        2525252.52525252       5.299525260395207E-005
   5143352.71911029        2727272.72727273       5.280272383896699E-005
   5143352.71911029        2929292.92929293       5.254480241044422E-005
   5143352.71911029        3131313.13131313       5.220558346131460E-005
   5143352.71911029        3333333.33333333       5.176651725691453E-005
   5143352.71911029        3535353.53535353       5.120750665091403E-005
   5143352.71911029        3737373.73737374       5.050812104195577E-005
   5143352.71911029        3939393.93939394       4.964893952129886E-005
   5143352.71911029        4141414.14141414       4.861298195144831E-005
   5143352.71911029        4343434.34343434       4.738712678286458E-005
   5143352.71911029        4545454.54545454       4.596337116096038E-005
   5143352.71911029        4747474.74747475       4.433978031897964E-005
   5143352.71911029        4949494.94949495       4.252100646248106E-005
   5143352.71911029        5151515.15151515       4.051832460829202E-005
   5143352.71911029        5353535.35353535       3.834921328557532E-005
   5143352.71911029        5555555.55555555       3.603657551147041E-005
   5143352.71911029        5757575.75757576       3.360772968687273E-005
   5143352.71911029        5959595.95959596       3.109329511744212E-005
   5143352.71911029        6161616.16161616       2.852606273370523E-005
   5143352.71911029        6363636.36363636       2.593989781049598E-005
   5143352.71911029        6565656.56565657       2.336868709700972E-005
   5143352.71911029        6767676.76767677       2.084532819492170E-005
   5143352.71911029        6969696.96969697       1.840076376224735E-005
   5143352.71911029        7171717.17171717       1.606307893410008E-005
   5143352.71911029        7373737.37373737       1.385669688167985E-005
   5143352.71911029        7575757.57575757       1.180171687523042E-005
   5143352.71911029        7777777.77777778       9.913438316026761E-006
   5143352.71911029        7979797.97979798       8.202103762841115E-006
   5143352.71911029        8181818.18181818       6.672877166619212E-006
   5143352.71911029        8383838.38383838       5.326054145499553E-006
   5143352.71911029        8585858.58585858       4.157482503130401E-006
   5143352.71911029        8787878.78787879       3.159155714719881E-006
   5143352.71911029        8989898.98989899       2.319931236323952E-006
   5143352.71911029        9191919.19191919       1.626319886867501E-006
   5143352.71911029        9393939.39393939       1.063292179200188E-006
   5143352.71911029        9595959.59595960       6.150517280795529E-007
   5143352.71911029        9797979.79797980       2.657338403876418E-007
   5143352.71911029        10000000.0000000       0.000000000000000E+000
   5437200.28568513       -10000000.0000000       0.000000000000000E+000
   5437200.28568513       -9797979.79797980       2.348036300522508E-008
   5437200.28568513       -9595959.59595960       5.663596189860503E-008
   5437200.28568513       -9393939.39393939       1.025294322853344E-007
   5437200.28568513       -9191919.19191919       1.648806514084101E-007
   5437200.28568513       -8989898.98989899       2.481046958819245E-007
   5437200.28568513       -8787878.78787879       3.573171469420062E-007
   5437200.28568513       -8585858.58585859       4.982989930325366E-007
   5437200.28568513       -8383838.38383838       6.774139029309359E-007
   5437200.28568513       -8181818.18181818       9.014732420271631E-007
   5437200.28568513       -7979797.97979798       1.177547843425026E-006
   5437200.28568513       -7777777.77777778       1.512729943473306E-006
   5437200.28568513       -7575757.57575758       1.913853473310871E-006
   5437200.28568513       -7373737.37373737       2.387185586600326E-006
   5437200.28568513       -7171717.17171717       2.938106382087659E-006
   5437200.28568513       -6969696.96969697       3.570796757536943E-006
   5437200.28568513       -6767676.76767677       4.287955807931968E-006
   5437200.28568513       -6565656.56565657       5.090568899643362E-006
   5437200.28568513       -6363636.36363636       5.977745445025210E-006
   5437200.28568513       -6161616.16161616       6.946641611778934E-006
   5437200.28568513       -5959595.95959596       7.992478085277337E-006
   5437200.28568513       -5757575.75757576       9.108657105714737E-006
   5437200.28568513       -5555555.55555556       1.028697700064148E-005
   5437200.28568513       -5353535.35353535       1.151793702648705E-005
   5437200.28568513       -5151515.15151515       1.279112108653880E-005
   5437200.28568513       -4949494.94949495       1.409564604674165E-005
   5437200.28568513       -4747474.74747475       1.542065865871593E-005
   5437200.28568513       -4545454.54545455       1.675586368906219E-005
   5437200.28568513       -4343434.34343434       1.809206351988230E-005
   5437200.28568513       -4141414.14141414       1.942168508303580E-005
   5437200.28568513       -3939393.93939394       2.073926314859402E-005
   5437200.28568513       -3737373.73737374       2.204184074008405E-005
   5437200.28568513       -3535353.53535354       2.332924040717128E-005
   5437200.28568513       -3333333.33333333       2.460415784534458E-005
   5437200.28568513       -3131313.13131313       2.587203516067667E-005
   5437200.28568513       -2929292.92929293       2.714068625482285E-005
   5437200.28568513       -2727272.72727273       2.841966967635750E-005
   5437200.28568513       -2525252.52525253       2.971943033911244E-005
   5437200.28568513       -2323232.32323232       3.105025502708917E-005
   5437200.28568513       -2121212.12121212       3.242110331247282E-005
   5437200.28568513       -1919191.91919192       3.383838512366699E-005
   5437200.28568513       -1717171.71717172       3.530476333762412E-005
   5437200.28568513       -1515151.51515152       3.681807196418341E-005
   5437200.28568513       -1313131.31313131       3.837046314090432E-005
   5437200.28568513       -1111111.11111111       3.994792632064392E-005
   5437200.28568513       -909090.909090910       4.153034568792917E-005
   5437200.28568513       -707070.707070708       4.309225249841966E-005
   5437200.28568513       -505050.505050506       4.460436404611600E-005
   5437200.28568513       -303030.303030305       4.603587213425947E-005
   5437200.28568513       -101010.101010101       4.735726999674478E-005
   5437200.28568513        101010.101010101       4.854333376598233E-005
   5437200.28568513        303030.303030303       4.957576291195641E-005
   5437200.28568513        505050.505050505       5.044498441142019E-005
   5437200.28568513        707070.707070706       5.115075644262152E-005
   5437200.28568513        909090.909090908       5.170144388345760E-005
   5437200.28568513        1111111.11111111       5.211211596251269E-005
   5437200.28568513        1313131.31313131       5.240185498508862E-005
   5437200.28568513        1515151.51515151       5.259079515622767E-005
   5437200.28568513        1717171.71717172       5.269740076225160E-005
   5437200.28568513        1919191.91919192       5.273636024728609E-005
   5437200.28568513        2121212.12121212       5.271727319673457E-005
   5437200.28568513        2323232.32323232       5.264411171180044E-005
   5437200.28568513        2525252.52525252       5.251530308281467E-005
   5437200.28568513        2727272.72727273       5.232423123338852E-005
   5437200.28568513        2929292.92929293       5.205997951620400E-005
   5437200.28568513        3131313.13131313       5.170820419265677E-005
   5437200.28568513        3333333.33333333       5.125209886285672E-005
   5437200.28568513        3535353.53535353       5.067345707313290E-005
   5437200.28568513        3737373.73737374       4.995385048276364E-005
   5437200.28568513        3939393.93939394       4.907591534249350E-005
   5437200.28568513        4141414.14141414       4.802469381183836E-005
   5437200.28568513        4343434.34343434       4.678892835126183E-005
   5437200.28568513        4545454.54545454       4.536217732341642E-005
   5437200.28568513        4747474.74747475       4.374362263566835E-005
   5437200.28568513        4949494.94949495       4.193847897589180E-005
   5437200.28568513        5151515.15151515       3.995797838411993E-005
   5437200.28568513        5353535.35353535       3.781897256212293E-005
   5437200.28568513        5555555.55555555       3.554324565987976E-005
   5437200.28568513        5757575.75757576       3.315664784251073E-005
   5437200.28568513        5959595.95959596       3.068814476179129E-005
   5437200.28568513        6161616.16161616       2.816884331599071E-005
   5437200.28568513        6363636.36363636       2.563101839151451E-005
   5437200.28568513        6565656.56565657       2.310714339188280E-005
   5437200.28568513        6767676.76767677       2.062892450104474E-005
   5437200.28568513        6969696.96969697       1.822635063199163E-005
   5437200.28568513        7171717.17171717       1.592678868737512E-005
   5437200.28568513        7373737.37373737       1.375416810603960E-005
   5437200.28568513        7575757.57575757       1.172830422606977E-005
   5437200.28568513        7777777.77777778       9.864405545070438E-006
   5437200.28568513        7979797.97979798       8.172797396098758E-006
   5437200.28568513        8181818.18181818       6.658877185811317E-006
   5437200.28568513        8383838.38383838       5.323297516244181E-006
   5437200.28568513        8585858.58585858       4.162355937415005E-006
   5437200.28568513        8787878.78787879       3.168555625994031E-006
   5437200.28568513        8989898.98989899       2.331291072793860E-006
   5437200.28568513        9191919.19191919       1.637607385745932E-006
   5437200.28568513        9393939.39393939       1.072981063712348E-006
   5437200.28568513        9595959.59595960       6.220736448594374E-007
   5437200.28568513        9797979.79797980       2.694168610407330E-007
   5437200.28568513        10000000.0000000       0.000000000000000E+000
   5739210.28466483       -10000000.0000000       0.000000000000000E+000
   5739210.28466483       -9797979.79797980       2.275852859201556E-008
   5739210.28466483       -9595959.59595960       5.481712649036912E-008
   5739210.28466483       -9393939.39393939       9.910492121117633E-008
   5739210.28466483       -9191919.19191919       1.591767582259865E-007
   5739210.28466483       -8989898.98989899       2.392492945564361E-007
   5739210.28466483       -8787878.78787879       3.442064257006393E-007
   5739210.28466483       -8585858.58585859       4.795667969724034E-007
   5739210.28466483       -8383838.38383838       6.514066412139688E-007
   5739210.28466483       -8181818.18181818       8.662335942020943E-007
   5739210.28466483       -7979797.97979798       1.130810496353214E-006
   5739210.28466483       -7777777.77777778       1.451932242138719E-006
   5739210.28466483       -7575757.57575758       1.836163155004895E-006
   5739210.28466483       -7373737.37373737       2.289546718714176E-006
   5739210.28466483       -7171717.17171717       2.817303319483605E-006
   5739210.28466483       -6969696.96969697       3.423534502313272E-006
   5739210.28466483       -6767676.76767677       4.110953754474553E-006
   5739210.28466483       -6565656.56565657       4.880663761878991E-006
   5739210.28466483       -6363636.36363636       5.731998362641050E-006
   5739210.28466483       -6161616.16161616       6.662444144068126E-006
   5739210.28466483       -5959595.95959596       7.667652063995238E-006
   5739210.28466483       -5757575.75757576       8.741544046439870E-006
   5739210.28466483       -5555555.55555556       9.876513740548254E-006
   5739210.28466483       -5353535.35353535       1.106371512724184E-005
   5739210.28466483       -5151515.15151515       1.229342794963158E-005
   5739210.28466483       -4949494.94949495       1.355548538753995E-005
   5739210.28466483       -4747474.74747475       1.483974700928457E-005
   5739210.28466483       -4545454.54545455       1.613659837305119E-005
   5739210.28466483       -4343434.34343434       1.743745683900972E-005
   5739210.28466483       -4141414.14141414       1.873526014972976E-005
   5739210.28466483       -3939393.93939394       2.002490947040624E-005
   5739210.28466483       -3737373.73737374       2.130363220989661E-005
   5739210.28466483       -3535353.53535354       2.257122389069180E-005
   5739210.28466483       -3333333.33333333       2.383012570577566E-005
   5739210.28466483       -3131313.13131313       2.508529858293307E-005
   5739210.28466483       -2929292.92929293       2.634386766945037E-005
   5739210.28466483       -2727272.72727273       2.761453249963828E-005
   5739210.28466483       -2525252.52525253       2.890676386632537E-005
   5739210.28466483       -2323232.32323232       3.022983269913185E-005
   5739210.28466483       -2121212.12121212       3.159173372447338E-005
   5739210.28466483       -1919191.91919192       3.299807550152751E-005
   5739210.28466483       -1717171.71717172       3.445101181812740E-005
   5739210.28466483       -1515151.51515152       3.594829440485982E-005
   5739210.28466483       -1313131.31313131       3.748253989841308E-005
   5739210.28466483       -1111111.11111111       3.904082491025388E-005
   5739210.28466483       -909090.909090910       4.060474138355654E-005
   5739210.28466483       -707070.707070708       4.215104033560905E-005
   5739210.28466483       -505050.505050506       4.365294447667316E-005
   5739210.28466483       -303030.303030305       4.508210901569038E-005
   5739210.28466483       -101010.101010101       4.641106695455123E-005
   5739210.28466483        101010.101010101       4.761584620595643E-005
   5739210.28466483        303030.303030303       4.867834132790044E-005
   5739210.28466483        505050.505050505       4.958800847362549E-005
   5739210.28466483        707070.707070706       5.034254941288776E-005
   5739210.28466483        909090.909090908       5.094744323067866E-005
   5739210.28466483        1111111.11111111       5.141442174992552E-005
   5739210.28466483        1313131.31313131       5.175919799637074E-005
   5739210.28466483        1515151.51515151       5.199888425775199E-005
   5739210.28466483        1717171.71717172       5.214954563413892E-005
   5739210.28466483        1919191.91919192       5.222423566164164E-005
   5739210.28466483        2121212.12121212       5.223169703741045E-005
   5739210.28466483        2323232.32323232       5.217574228872770E-005
   5739210.28466483        2525252.52525252       5.205520682963497E-005
   5739210.28466483        2727272.72727273       5.186431421169892E-005
   5739210.28466483        2929292.92929293       5.159330474404649E-005
   5739210.28466483        3131313.13131313       5.122922792318574E-005
   5739210.28466483        3333333.33333333       5.075685459197510E-005
   5739210.28466483        3535353.53535353       5.015970159463773E-005
   5739210.28466483        3737373.73737374       4.942116810150833E-005
   5739210.28466483        3939393.93939394       4.852576042038339E-005
   5739210.28466483        4141414.14141414       4.746034315901682E-005
   5739210.28466483        4343434.34343434       4.621531696279249E-005
   5739210.28466483        4545454.54545454       4.478560447348037E-005
   5739210.28466483        4747474.74747475       4.317133787513628E-005
   5739210.28466483        4949494.94949495       4.137818316885858E-005
   5739210.28466483        5151515.15151515       3.941729552513075E-005
   5739210.28466483        5353535.35353535       3.730495644857519E-005
   5739210.28466483        5555555.55555555       3.506197816488998E-005
   5739210.28466483        5757575.75757576       3.271296483126987E-005
   5739210.28466483        5959595.95959596       3.028549876644841E-005
   5739210.28466483        6161616.16161616       2.780928775958167E-005
   5739210.28466483        6363636.36363636       2.531528311138221E-005
   5739210.28466483        6565656.56565657       2.283476758044603E-005
   5739210.28466483        6767676.76767677       2.039841859875126E-005
   5739210.28466483        6969696.96969697       1.803536839397619E-005
   5739210.28466483        7171717.17171717       1.577229995707441E-005
   5739210.28466483        7373737.37373737       1.363262896147149E-005
   5739210.28466483        7575757.57575757       1.163582351669499E-005
   5739210.28466483        7777777.77777778       9.796906372148217E-006
   5739210.28466483        7979797.97979798       8.126170363793686E-006
   5739210.28466483        8181818.18181818       6.629120641620975E-006
   5739210.28466483        8383838.38383838       5.306639332921569E-006
   5739210.28466483        8585858.58585858       4.155351905203194E-006
   5739210.28466483        8787878.78787879       3.168161031432305E-006
   5739210.28466483        8989898.98989899       2.334904116374736E-006
   5739210.28466483        9191919.19191919       1.643085269837594E-006
   5739210.28466483        9393939.39393939       1.078631496965736E-006
   5739210.28466483        9595959.59595960       6.266259578256929E-007
   5739210.28466483        9797979.79797980       2.719778478118802E-007
   5739210.28466483        10000000.0000000       0.000000000000000E+000
   6049382.71604938       -10000000.0000000       0.000000000000000E+000
   6049382.71604938       -9797979.79797980       2.188331549866198E-008
   6049382.71604938       -9595959.59595960       5.264520479690275E-008
   6049382.71604938       -9393939.39393939       9.507284564771438E-008
   6049382.71604938       -9191919.19191919       1.525479062404391E-007
   6049382.71604938       -8989898.98989899       2.290814906514798E-007
   6049382.71604938       -8787878.78787879       3.293205276381021E-007
   6049382.71604938       -8585858.58585859       4.585188075081221E-007
   6049382.71604938       -8383838.38383838       6.224662995475368E-007
   6049382.71604938       -8181818.18181818       8.273725873210782E-007
   6049382.71604938       -7979797.97979798       1.079703337815665E-006
   6049382.71604938       -7777777.77777778       1.385972442932119E-006
   6049382.71604938       -7575757.57575758       1.752496541303868E-006
   6049382.71604938       -7373737.37373737       2.185122664605676E-006
   6049382.71604938       -7171717.17171717       2.688943338654568E-006
   6049382.71604938       -6969696.96969697       3.268016205539164E-006
   6049382.71604938       -6767676.76767677       3.925106787043311E-006
   6049382.71604938       -6565656.56565657       4.661473160791589E-006
   6049382.71604938       -6363636.36363636       5.476709985168840E-006
   6049382.71604938       -6161616.16161616       6.368666549474968E-006
   6049382.71604938       -5959595.95959596       7.333449542791054E-006
   6049382.71604938       -5757575.75757576       8.365516348301349E-006
   6049382.71604938       -5555555.55555556       9.457859289410854E-006
   6049382.71604938       -5353535.35353535       1.060227584255120E-005
   6049382.71604938       -5151515.15151515       1.178971484972304E-005
   6049382.71604938       -4949494.94949495       1.301068458817766E-005
   6049382.71604938       -4747474.74747475       1.425570536536894E-005
   6049382.71604938       -4545454.54545455       1.551578697023719E-005
   6049382.71604938       -4343434.34343434       1.678290932360912E-005
   6049382.71604938       -4141414.14141414       1.805048226907039E-005
   6049382.71604938       -3939393.93939394       1.931375696642001E-005
   6049382.71604938       -3737373.73737374       2.057015678603841E-005
   6049382.71604938       -3535353.53535354       2.181949113528162E-005
   6049382.71604938       -3333333.33333333       2.306401375355088E-005
   6049382.71604938       -3131313.13131313       2.430829080719497E-005
   6049382.71604938       -2929292.92929293       2.555885595020604E-005
   6049382.71604938       -2727272.72727273       2.682364937471786E-005
   6049382.71604938       -2525252.52525253       2.811126251785255E-005
   6049382.71604938       -2323232.32323232       2.943003379520181E-005
   6049382.71604938       -2121212.12121212       3.078705771007825E-005
   6049382.71604938       -1919191.91919192       3.218717719767985E-005
   6049382.71604938       -1717171.71717172       3.363202939471989E-005
   6049382.71604938       -1515151.51515152       3.511921474207344E-005
   6049382.71604938       -1313131.31313131       3.664166539616172E-005
   6049382.71604938       -1111111.11111111       3.818730323189319E-005
   6049382.71604938       -909090.909090910       3.973909295584332E-005
   6049382.71604938       -707070.707070708       4.127559583126715E-005
   6049382.71604938       -505050.505050506       4.277209539302152E-005
   6049382.71604938       -303030.303030305       4.420228720165893E-005
   6049382.71604938       -101010.101010101       4.554040670637299E-005
   6049382.71604938        101010.101010101       4.676354035353229E-005
   6049382.71604938        303030.303030303       4.785376744494518E-005
   6049382.71604938        505050.505050505       4.879975531063372E-005
   6049382.71604938        707070.707070706       4.959750062385370E-005
   6049382.71604938        909090.909090908       5.025006649233121E-005
   6049382.71604938        1111111.11111111       5.076636825512878E-005
   6049382.71604938        1313131.31313131       5.115925220414710E-005
   6049382.71604938        1515151.51515151       5.144323512022546E-005
   6049382.71604938        1717171.71717172       5.163229667870430E-005
   6049382.71604938        1919191.91919192       5.173804455243082E-005
   6049382.71604938        2121212.12121212       5.176843820486347E-005
   6049382.71604938        2323232.32323232       5.172711221332931E-005
   6049382.71604938        2525252.52525252       5.161322831182755E-005
   6049382.71604938        2727272.72727273       5.142173073451291E-005
   6049382.71604938        2929292.92929293       5.114387988856801E-005
   6049382.71604938        3131313.13131313       5.076797430440680E-005
   6049382.71604938        3333333.33333333       5.028021338820730E-005
   6049382.71604938        3535353.53535353       4.966568186356589E-005
   6049382.71604938        3737373.73737374       4.890944022639243E-005
   6049382.71604938        3939393.93939394       4.799768558031447E-005
   6049382.71604938        4141414.14141414       4.691891511351434E-005
   6049382.71604938        4343434.34343434       4.566499645759450E-005
   6049382.71604938        4545454.54545454       4.423204042038479E-005
   6049382.71604938        4747474.74747475       4.262099010680138E-005
   6049382.71604938        4949494.94949495       4.083788302215381E-005
   6049382.71604938        5151515.15151515       3.889379550249354E-005
   6049382.71604938        5353535.35353535       3.680452304834900E-005
   6049382.71604938        5555555.55555555       3.459007120463621E-005
   6049382.71604938        5757575.75757576       3.227402594566717E-005
   6049382.71604938        5959595.95959596       2.988284858095843E-005
   6049382.71604938        6161616.16161616       2.744511309123813E-005
   6049382.71604938        6363636.36363636       2.499068696142070E-005
   6049382.71604938        6565656.56565657       2.254985575802914E-005
   6049382.71604938        6767676.76767677       2.015240414552804E-005
   6049382.71604938        6969696.96969697       1.782668395786046E-005
   6049382.71604938        7171717.17171717       1.559871525571529E-005
   6049382.71604938        7373737.37373737       1.349137387492901E-005
   6049382.71604938        7575757.57575757       1.152371742356747E-005
   6049382.71604938        7777777.77777778       9.710492411039137E-006
   6049382.71604938        7979797.97979798       8.061850852348831E-006
   6049382.71604938        8181818.18181818       6.583288022319690E-006
   6049382.71604938        8383838.38383838       5.275796275031658E-006
   6049382.71604938        8585858.58585858       4.136214622506107E-006
   6049382.71604938        8787878.78787879       3.157741216821724E-006
   6049382.71604938        8989898.98989899       2.330566768916601E-006
   6049382.71604938        9191919.19191919       1.642581734290750E-006
   6049382.71604938        9393939.39393939       1.080108968603171E-006
   6049382.71604938        9595959.59595960       6.286163305865028E-007
   6049382.71604938        9797979.79797980       2.733699643220680E-007
   6049382.71604938        10000000.0000000       0.000000000000000E+000
   6367717.57983879       -10000000.0000000       0.000000000000000E+000
   6367717.57983879       -9797979.79797980       2.086848772384200E-008
   6367717.57983879       -9595959.59595960       5.015308695202150E-008
   6367717.57983879       -9393939.39393939       9.049184569986394E-008
   6367717.57983879       -9191919.19191919       1.450863997050219E-007
   6367717.57983879       -8989898.98989899       2.177363746159655E-007
   6367717.57983879       -8787878.78787879       3.128474289537974E-007
   6367717.57983879       -8585858.58585859       4.354065576126941E-007
   6367717.57983879       -8383838.38383838       5.909186203717087E-007
   6367717.57983879       -8181818.18181818       7.853000473666546E-007
   6367717.57983879       -7979797.97979798       1.024728470914509E-006
   6367717.57983879       -7777777.77777778       1.315450435602947E-006
   6367717.57983879       -7575757.57575758       1.663553081144309E-006
   6367717.57983879       -7373737.37373737       2.074709435454104E-006
   6367717.57983879       -7171717.17171717       2.553910326021445E-006
   6367717.57983879       -6969696.96969697       3.105198556301382E-006
   6367717.57983879       -6767676.76767677       3.731422599246483E-006
   6367717.57983879       -6565656.56565657       4.434027426046857E-006
   6367717.57983879       -6363636.36363636       5.212899126138865E-006
   6367717.57983879       -6161616.16161616       6.066277718943002E-006
   6367717.57983879       -5959595.95959596       6.990749155461807E-006
   6367717.57983879       -5757575.75757576       7.981323197177909E-006
   6367717.57983879       -5555555.55555556       9.031598945321330E-006
   6367717.57983879       -5353535.35353535       1.013401462113560E-005
   6367717.57983879       -5151515.15151515       1.128017312617280E-005
   6367717.57983879       -4949494.94949495       1.246123027377262E-005
   6367717.57983879       -4747474.74747475       1.366832862306644E-005
   6367717.57983879       -4545454.54545455       1.489305663623726E-005
   6367717.57983879       -4343434.34343434       1.612791024337332E-005
   6367717.57983879       -4141414.14141414       1.736673143076938E-005
   6367717.57983879       -3939393.93939394       1.860509572441216E-005
   6367717.57983879       -3737373.73737374       1.984061734312640E-005
   6367717.57983879       -3535353.53535354       2.107313811716876E-005
   6367717.57983879       -3333333.33333333       2.230476587200921E-005
   6367717.57983879       -3131313.13131313       2.353973244313103E-005
   6367717.57983879       -2929292.92929293       2.478405296776747E-005
   6367717.57983879       -2727272.72727273       2.604498678317536E-005
   6367717.57983879       -2525252.52525253       2.733032334440801E-005
   6367717.57983879       -2323232.32323232       2.864753869273394E-005
   6367717.57983879       -2121212.12121212       3.000288342008233E-005
   6367717.57983879       -1919191.91919192       3.140046873670197E-005
   6367717.57983879       -1717171.71717172       3.284141495008957E-005
   6367717.57983879       -1515151.51515152       3.432312258961524E-005
   6367717.57983879       -1313131.31313131       3.583872770750493E-005
   6367717.57983879       -1111111.11111111       3.737681261110357E-005
   6367717.57983879       -909090.909090910       3.892145641113634E-005
   6367717.57983879       -707070.707070708       4.045271295817092E-005
   6367717.57983879       -505050.505050506       4.194758014493355E-005
   6367717.57983879       -303030.303030305       4.338146262371675E-005
   6367717.57983879       -101010.101010101       4.473003244610848E-005
   6367717.57983879        101010.101010101       4.597128015581298E-005
   6367717.57983879        303030.303030303       4.708745785326441E-005
   6367717.57983879        505050.505050505       4.806658291128031E-005
   6367717.57983879        707070.707070706       4.890321952885999E-005
   6367717.57983879        909090.909090908       4.959838225327703E-005
   6367717.57983879        1111111.11111111       5.015857985958463E-005
   6367717.57983879        1313131.31313131       5.059418994425412E-005
   6367717.57983879        1515151.51515151       5.091747423482716E-005
   6367717.57983879        1717171.71717172       5.114058034280086E-005
   6367717.57983879        1919191.91919192       5.127382568681059E-005
   6367717.57983879        2121212.12121212       5.132445035660257E-005
   6367717.57983879        2323232.32323232       5.129590018712869E-005
   6367717.57983879        2525252.52525252       5.118759922451184E-005
   6367717.57983879        2727272.72727273       5.099511505384354E-005
   6367717.57983879        2929292.92929293       5.071061212286923E-005
   6367717.57983879        3131313.13131313       5.032351122420883E-005
   6367717.57983879        3333333.33333333       4.982130504562011E-005
   6367717.57983879        3535353.53535353       4.919050096433548E-005
   6367717.57983879        3737373.73737374       4.841766344072704E-005
   6367717.57983879        3939393.93939394       4.749051092916723E-005
   6367717.57983879        4141414.14141414       4.639899650895194E-005
   6367717.57983879        4343434.34343434       4.513628195058650E-005
   6367717.57983879        4545454.54545454       4.369951429065941E-005
   6367717.57983879        4747474.74747475       4.209033719267774E-005
   6367717.57983879        4949494.94949495       4.031511081894853E-005
   6367717.57983879        5151515.15151515       3.838485928515651E-005
   6367717.57983879        5353535.35353535       3.631499756223759E-005
   6367717.57983879        5555555.55555555       3.412489960638045E-005
   6367717.57983879        5757575.75757576       3.183735739231872E-005
   6367717.57983879        5959595.95959596       2.947795715982832E-005
   6367717.57983879        6161616.16161616       2.707437863364555E-005
   6367717.57983879        6363636.36363636       2.465561514029556E-005
   6367717.57983879        6565656.56565657       2.225111923579721E-005
   6367717.57983879        6767676.76767677       1.988989451996295E-005
   6367717.57983879        6969696.96969697       1.759957181549369E-005
   6367717.57983879        7171717.17171717       1.540552025638187E-005
   6367717.57983879        7373737.37373737       1.333004787830786E-005
   6367717.57983879        7575757.57575757       1.139174208338581E-005
   6367717.57983879        7777777.77777778       9.604989827500591E-006
   6367717.57983879        7979797.97979798       7.979703075173568E-006
   6367717.57983879        8181818.18181818       6.521259245364105E-006
   6367717.57983879        8383838.38383838       5.230650764668190E-006
   6367717.57983879        8585858.58585858       4.104823717340169E-006
   6367717.57983879        8787878.78787879       3.137173876634689E-006
   6367717.57983879        8989898.98989899       2.318159829316232E-006
   6367717.57983879        9191919.19191919       1.635987948736983E-006
   6367717.57983879        9393939.39393939       1.077322838151944E-006
   6367717.57983879        9595959.59595960       6.279794226905853E-007
   6367717.57983879        9797979.79797980       2.735587430170790E-007
   6367717.57983879        10000000.0000000       0.000000000000000E+000
   6694214.87603306       -10000000.0000000       0.000000000000000E+000
   6694214.87603306       -9797979.79797980       1.973102847316043E-008
   6694214.87603306       -9595959.59595960       4.738100019234023E-008
   6694214.87603306       -9393939.39393939       8.543303515112077E-008
   6694214.87603306       -9191919.19191919       1.369032862957574E-007
   6694214.87603306       -8989898.98989899       2.053752886716915E-007
   6694214.87603306       -8787878.78787879       2.950102033466208E-007
   6694214.87603306       -8585858.58585859       4.105269568075245E-007
   6694214.87603306       -8383838.38383838       5.571465259356309E-007
   6694214.87603306       -8181818.18181818       7.404963834745933E-007
   6694214.87603306       -7979797.97979798       9.664736350401165E-007
   6694214.87603306       -7777777.77777778       1.241068468532415E-006
   6694214.87603306       -7575757.57575758       1.570152967826803E-006
   6694214.87603306       -7373737.37373737       1.959243812965202E-006
   6694214.87603306       -7171717.17171717       2.413250564982958E-006
   6694214.87603306       -6969696.96969697       2.936223790482002E-006
   6694214.87603306       -6767676.76767677       3.531118943723113E-006
   6694214.87603306       -6565656.56565657       4.199592498477793E-006
   6694214.87603306       -6363636.36363636       4.941846215090875E-006
   6694214.87603306       -6161616.16161616       5.756533651234580E-006
   6694214.87603306       -5959595.95959596       6.640740181167011E-006
   6694214.87603306       -5757575.75757576       7.590044051883234E-006
   6694214.87603306       -5555555.55555556       8.598661594954505E-006
   6694214.87603306       -5353535.35353535       9.659674874708852E-006
   6694214.87603306       -5151515.15151515       1.076533504283338E-005
   6694214.87603306       -4949494.94949495       1.190742974319980E-005
   6694214.87603306       -4747474.74747475       1.307769830642168E-005
   6694214.87603306       -4545454.54545455       1.426827437130596E-005
   6694214.87603306       -4343434.34343434       1.547213204156807E-005
   6694214.87603306       -4141414.14141414       1.668350867301054E-005
   6694214.87603306       -3939393.93939394       1.789827478166779E-005
   6694214.87603306       -3737373.73737374       1.911421944826544E-005
   6694214.87603306       -3535353.53535354       2.033121858419027E-005
   6694214.87603306       -3333333.33333333       2.155125490337158E-005
   6694214.87603306       -3131313.13131313       2.277826435286677E-005
   6694214.87603306       -2929292.92929293       2.401779571325189E-005
   6694214.87603306       -2727272.72727273       2.527648807824646E-005
   6694214.87603306       -2525252.52525253       2.656139233840181E-005
   6694214.87603306       -2323232.32323232       2.787918268092348E-005
   6694214.87603306       -2121212.12121212       2.923531715544139E-005
   6694214.87603306       -1919191.91919192       3.063320969406514E-005
   6694214.87603306       -1717171.71717172       3.207347129706813E-005
   6694214.87603306       -1515151.51515152       3.355327129968273E-005
   6694214.87603306       -1313131.31313131       3.506586776287288E-005
   6694214.87603306       -1111111.11111111       3.660036272052036E-005
   6694214.87603306       -909090.909090910       3.814174979972728E-005
   6694214.87603306       -707070.707070708       3.967132747648325E-005
   6694214.87603306       -505050.505050506       4.116753590386788E-005
   6694214.87603306       -303030.303030305       4.260722727510982E-005
   6694214.87603306       -101010.101010101       4.396729897489356E-005
   6694214.87603306        101010.101010101       4.522652128376624E-005
   6694214.87603306        303030.303030303       4.636730670658741E-005
   6694214.87603306        505050.505050505       4.737712943398671E-005
   6694214.87603306        707070.707070706       4.824933430017608E-005
   6694214.87603306        909090.909090908       4.898317648314207E-005
   6694214.87603306        1111111.11111111       4.958308247235358E-005
   6694214.87603306        1313131.31313131       5.005727760594076E-005
   6694214.87603306        1515151.51515151       5.041604076943456E-005
   6694214.87603306        1717171.71717172       5.066989160546769E-005
   6694214.87603306        1919191.91919192       5.082798402392268E-005
   6694214.87603306        2121212.12121212       5.089689194480307E-005
   6694214.87603306        2323232.32323232       5.087986469979680E-005
   6694214.87603306        2525252.52525252       5.077653603435372E-005
   6694214.87603306        2727272.72727273       5.058301447793841E-005
   6694214.87603306        2929292.92929293       5.029226738582704E-005
   6694214.87603306        3131313.13131313       4.989472403977636E-005
   6694214.87603306        3333333.33333333       4.937904579965805E-005
   6694214.87603306        3535353.53535353       4.873302664078839E-005
   6694214.87603306        3737373.73737374       4.794458694184060E-005
   6694214.87603306        3939393.93939394       4.700280853075340E-005
   6694214.87603306        4141414.14141414       4.589893915654601E-005
   6694214.87603306        4343434.34343434       4.462728246044564E-005
   6694214.87603306        4545454.54545454       4.318589528410520E-005
   6694214.87603306        4747474.74747475       4.157704010467128E-005
   6694214.87603306        4949494.94949495       3.980737916344136E-005
   6694214.87603306        5151515.15151515       3.788793440602901E-005
   6694214.87603306        5353535.35353535       3.583385993947330E-005
   6694214.87603306        5555555.55555555       3.366407514839904E-005
   6694214.87603306        5757575.75757576       3.140079125413977E-005
   6694214.87603306        5959595.95959596       2.906894368977771E-005
   6694214.87603306        6161616.16161616       2.669552930295833E-005
   6694214.87603306        6363636.36363636       2.430884736720583E-005
   6694214.87603306        6565656.56565657       2.193765530774946E-005
   6694214.87603306        6767676.76767677       1.961026746419811E-005
   6694214.87603306        6969696.96969697       1.735364086209015E-005
   6694214.87603306        7171717.17171717       1.519250100150801E-005
   6694214.87603306        7373737.37373737       1.314856158559652E-005
   6694214.87603306        7575757.57575757       1.123988591587003E-005
   6694214.87603306        7777777.77777778       9.480426519144982E-006
   6694214.87603306        7979797.97979798       7.879765651326072E-006
   6694214.87603306        8181818.18181818       6.443064437693942E-006
   6694214.87603306        8383838.38383838       5.171213893177052E-006
   6694214.87603306        8585858.58585858       4.061167937486699E-006
   6694214.87603306        8787878.78787879       3.106427605640138E-006
   6694214.87603306        8989898.98989899       2.297637628209699E-006
   6694214.87603306        9191919.19191919       1.623251900613122E-006
   6694214.87603306        9393939.39393939       1.070223297989744E-006
   6694214.87603306        9595959.59595960       6.246757187146052E-007
   6694214.87603306        9797979.79797980       2.725218257812455E-007
   6694214.87603306        10000000.0000000       0.000000000000000E+000
   7028874.60463218       -10000000.0000000       0.000000000000000E+000
   7028874.60463218       -9797979.79797980       1.849064012896075E-008
   7028874.60463218       -9595959.59595960       4.437530935079292E-008
   7028874.60463218       -9393939.39393939       7.997785536677177E-008
   7028874.60463218       -9191919.19191919       1.281249645736767E-007
   7028874.60463218       -8989898.98989899       1.921808331227597E-007
   7028874.60463218       -8787878.78787879       2.760600156444345E-007
   7028874.60463218       -8585858.58585859       3.842128053214774E-007
   7028874.60463218       -8383838.38383838       5.215776448539463E-007
   7028874.60463218       -8181818.18181818       6.934966094316493E-007
   7028874.60463218       -7979797.97979798       9.055922418220799E-007
   7028874.60463218       -7777777.77777778       1.163606805257240E-006
   7028874.60463218       -7575757.57575758       1.473208151738027E-006
   7028874.60463218       -7373737.37373737       1.839769616457992E-006
   7028874.60463218       -7171717.17171717       2.268134345740178E-006
   7028874.60463218       -6969696.96969697       2.762376952814595E-006
   7028874.60463218       -6767676.76767677       3.325577119401241E-006
   7028874.60463218       -6565656.56565657       3.959620536768605E-006
   7028874.60463218       -6363636.36363636       4.665042309239166E-006
   7028874.60463218       -6161616.16161616       5.440926616218356E-006
   7028874.60463218       -5959595.95959596       6.284874112788787E-006
   7028874.60463218       -5757575.75757576       7.193045365617766E-006
   7028874.60463218       -5555555.55555556       8.160284722063671E-006
   7028874.60463218       -5353535.35353535       9.180324557827276E-006
   7028874.60463218       -5151515.15151515       1.024606500663864E-005
   7028874.60463218       -4949494.94949495       1.134991921625263E-005
   7028874.60463218       -4747474.74747475       1.248420908923603E-005
   7028874.60463218       -4545454.54545455       1.364159156943609E-005
   7028874.60463218       -4343434.34343434       1.481549105524392E-005
   7028874.60463218       -4141414.14141414       1.600050969063453E-005
   7028874.60463218       -3939393.93939394       1.719278436019755E-005
   7028874.60463218       -3737373.73737374       1.839025757570266E-005
   7028874.60463218       -3535353.53535354       1.959282976837966E-005
   7028874.60463218       -3333333.33333333       2.080236388862445E-005
   7028874.60463218       -3131313.13131313       2.202252099638693E-005
   7028874.60463218       -2929292.92929293       2.325841860689101E-005
   7028874.60463218       -2727272.72727273       2.451612140436008E-005
   7028874.60463218       -2525252.52525253       2.580199383144295E-005
   7028874.60463218       -2323232.32323232       2.712196142708881E-005
   7028874.60463218       -2121212.12121212       2.848073794061321E-005
   7028874.60463218       -1919191.91919192       2.988107592389912E-005
   7028874.60463218       -1717171.71717172       3.132309160148734E-005
   7028874.60463218       -1515151.51515152       3.280370604949358E-005
   7028874.60463218       -1313131.31313131       3.431624083167966E-005
   7028874.60463218       -1111111.11111111       3.585021103171914E-005
   7028874.60463218       -909090.909090910       3.739136961893806E-005
   7028874.60463218       -707070.707070708       3.892206488825788E-005
   7028874.60463218       -505050.505050506       4.042196391660251E-005
   7028874.60463218       -303030.303030305       4.186915827020531E-005
   7028874.60463218       -101010.101010101       4.324160147461832E-005
   7028874.60463218        101010.101010101       4.451874277206481E-005
   7028874.60463218        303030.303030303       4.568314302990484E-005
   7028874.60463218        505050.505050505       4.672181607770862E-005
   7028874.60463218        707070.707070706       4.762705520890313E-005
   7028874.60463218        909090.909090908       4.839658524344198E-005
   7028874.60463218        1111111.11111111       4.903300809509375E-005
   7028874.60463218        1313131.31313131       4.954264907866608E-005
   7028874.60463218        1515151.51515151       4.993402186776218E-005
   7028874.60463218        1717171.71717172       5.021618179848999E-005
   7028874.60463218        1919191.91919192       5.039722110376413E-005
   7028874.60463218        2121212.12121212       5.048308992901307E-005
   7028874.60463218        2323232.32323232       5.047683338031262E-005
   7028874.60463218        2525252.52525252       5.037824921958648E-005
   7028874.60463218        2727272.72727273       5.018391468838769E-005
   7028874.60463218        2929292.92929293       4.988750966112460E-005
   7028874.60463218        3131313.13131313       4.948036803025153E-005
   7028874.60463218        3333333.33333333       4.895220406702693E-005
   7028874.60463218        3535353.53535353       4.829197088940763E-005
   7028874.60463218        3737373.73737374       4.748880653606013E-005
   7028874.60463218        3939393.93939394       4.653301084038649E-005
   7028874.60463218        4141414.14141414       4.541698174608030E-005
   7028874.60463218        4343434.34343434       4.413603383506181E-005
   7028874.60463218        4545454.54545454       4.268903239017042E-005
   7028874.60463218        4747474.74747475       4.107880334074403E-005
   7028874.60463218        4949494.94949495       3.931231445475917E-005
   7028874.60463218        5151515.15151515       3.740065303199872E-005
   7028874.60463218        5353535.35353535       3.535883935186447E-005
   7028874.60463218        5555555.55555555       3.320551075788753E-005
   7028874.60463218        5757575.75757576       3.096249533949124E-005
   7028874.60463218        5959595.95959596       2.865427828558846E-005
   7028874.60463218        6161616.16161616       2.630735767046785E-005
   7028874.60463218        6363636.36363636       2.394949261963097E-005
   7028874.60463218        6565656.56565657       2.160886182628369E-005
   7028874.60463218        6767676.76767677       1.931316742349118E-005
   7028874.60463218        6969696.96969697       1.708873219430095E-005
   7028874.60463218        7171717.17171717       1.495964386736914E-005
   7028874.60463218        7373737.37373737       1.294699857936521E-005
   7028874.60463218        7575757.57575757       1.106828803271073E-005
   7028874.60463218        7777777.77777778       9.336963496608396E-006
   7028874.60463218        7979797.97979798       7.762196420465004E-006
   7028874.60463218        8181818.18181818       6.348841446269047E-006
   7028874.60463218        8383838.38383838       5.097594071332352E-006
   7028874.60463218        8585858.58585858       4.005322984079896E-006
   7028874.60463218        8787878.78787879       3.065546925404612E-006
   7028874.60463218        8989898.98989899       2.269018458018062E-006
   7028874.60463218        9191919.19191919       1.604372726057338E-006
   7028874.60463218        9393939.39393939       1.058798378664452E-006
   7028874.60463218        9595959.59595960       6.186902268103481E-007
   7028874.60463218        9797979.79797980       2.702485975761965E-007
   7028874.60463218        10000000.0000000       0.000000000000000E+000
   7371696.76563616       -10000000.0000000       0.000000000000000E+000
   7371696.76563616       -9797979.79797980       1.716915008541456E-008
   7371696.76563616       -9595959.59595960       4.118711730692800E-008
   7371696.76563616       -9393939.39393939       7.421562339458203E-008
   7371696.76563616       -9191919.19191919       1.188893951977478E-007
   7371696.76563616       -8989898.98989899       1.783514193653428E-007
   7371696.76563616       -8787878.78787879       2.562686612101276E-007
   7371696.76563616       -8585858.58585859       3.568229332773960E-007
   7371696.76563616       -8383838.38383838       4.846716371807528E-007
   7371696.76563616       -8181818.18181818       6.448744227693242E-007
   7371696.76563616       -7979797.97979798       8.427837769461344E-007
   7371696.76563616       -7777777.77777778       1.083900045481833E-006
   7371696.76563616       -7575757.57575758       1.373694235555763E-006
   7371696.76563616       -7373737.37373737       1.717404914253086E-006
   7371696.76563616       -7171717.17171717       2.119818345601980E-006
   7371696.76563616       -6969696.96969697       2.585043431409877E-006
   7371696.76563616       -6767676.76767677       3.116294804955826E-006
   7371696.76563616       -6565656.56565657       3.715698393982390E-006
   7371696.76563616       -6363636.36363636       4.384133815533225E-006
   7371696.76563616       -6161616.16161616       5.121127060400541E-006
   7371696.76563616       -5959595.95959596       5.924805104043917E-006
   7371696.76563616       -5757575.75757576       6.791921421853236E-006
   7371696.76563616       -5555555.55555556       7.717957986124533E-006
   7371696.76563616       -5353535.35353535       8.697305275447690E-006
   7371696.76563616       -5151515.15151515       9.723517222212030E-006
   7371696.76563616       -4949494.94949495       1.078963295347074E-005
   7371696.76563616       -4747474.74747475       1.188855177266441E-005
   7371696.76563616       -4545454.54545455       1.301344228770960E-005
   7371696.76563616       -4343434.34343434       1.415816122764030E-005
   7371696.76563616       -4141414.14141414       1.531765274886569E-005
   7371696.76563616       -3939393.93939394       1.648829549650172E-005
   7371696.76563616       -3737373.73737374       1.766816309055009E-005
   7371696.76563616       -3535353.53535354       1.885716494603785E-005
   7371696.76563616       -3333333.33333333       2.005703940981278E-005
   7371696.76563616       -3131313.13131313       2.127118095360642E-005
   7371696.76563616       -2929292.92929293       2.250429775336193E-005
   7371696.76563616       -2727272.72727273       2.376191415015303E-005
   7371696.76563616       -2525252.52525253       2.504975116758063E-005
   7371696.76563616       -2323232.32323232       2.637303312050773E-005
   7371696.76563616       -2121212.12121212       2.773577543292860E-005
   7371696.76563616       -1919191.91919192       2.914010663398681E-005
   7371696.76563616       -1717171.71717172       3.058566849087811E-005
   7371696.76563616       -1515151.51515152       3.206912799731416E-005
   7371696.76563616       -1313131.31313131       3.358382983271377E-005
   7371696.76563616       -1111111.11111111       3.511962158571043E-005
   7371696.76563616       -909090.909090910       3.666289462852477E-005
   7371696.76563616       -707070.707070708       3.819689298738156E-005
   7371696.76563616       -505050.505050506       3.970233892765988E-005
   7371696.76563616       -303030.303030305       4.115839642597182E-005
   7371696.76563616       -101010.101010101       4.254393870435421E-005
   7371696.76563616        101010.101010101       4.383901191224917E-005
   7371696.76563616        303030.303030303       4.502631416147202E-005
   7371696.76563616        505050.505050505       4.609246386008251E-005
   7371696.76563616        707070.707070706       4.702883598041591E-005
   7371696.76563616        909090.909090908       4.783180744078030E-005
   7371696.76563616        1111111.11111111       4.850236121888533E-005
   7371696.76563616        1313131.31313131       4.904512398473311E-005
   7371696.76563616        1515151.51515151       4.946701786967662E-005
   7371696.76563616        1717171.71717172       4.977576417170040E-005
   7371696.76563616        1919191.91919192       4.997847373497424E-005
   7371696.76563616        2121212.12121212       5.008050476665955E-005
   7371696.76563616        2323232.32323232       5.008468852018611E-005
   7371696.76563616        2525252.52525252       4.999094491083466E-005
   7371696.76563616        2727272.72727273       4.979625446222488E-005
   7371696.76563616        2929292.92929293       4.949492695276000E-005
   7371696.76563616        3131313.13131313       4.907910472070529E-005
   7371696.76563616        3333333.33333333       4.853944678876089E-005
   7371696.76563616        3535353.53535353       4.786594618567820E-005
   7371696.76563616        3737373.73737374       4.704883040191375E-005
   7371696.76563616        3939393.93939394       4.607948503645131E-005
   7371696.76563616        4141414.14141414       4.495133077138010E-005
   7371696.76563616        4343434.34343434       4.366058299878610E-005
   7371696.76563616        4545454.54545454       4.220683728071238E-005
   7371696.76563616        4747474.74747475       4.059345056082894E-005
   7371696.76563616        4949494.94949495       3.882771866364058E-005
   7371696.76563616        5151515.15151515       3.692087343049592E-005
   7371696.76563616        5353535.35353535       3.488793008688488E-005
   7371696.76563616        5555555.55555555       3.274740773201462E-005
   7371696.76563616        5757575.75757576       3.052093144442122E-005
   7371696.76563616        5959595.95959596       2.823271394068347E-005
   7371696.76563616        6161616.16161616       2.590891474369042E-005
   7371696.76563616        6363636.36363636       2.357688551593884E-005
   7371696.76563616        6565656.56565657       2.126432653421351E-005
   7371696.76563616        6767676.76767677       1.899839476663331E-005
   7371696.76563616        6969696.96969697       1.680481401072768E-005
   7371696.76563616        7171717.17171717       1.470704037416604E-005
   7371696.76563616        7373737.37373737       1.272553268997021E-005
   7371696.76563616        7575757.57575757       1.087716900546288E-005
   7371696.76563616        7777777.77777778       9.174838904142541E-006
   7371696.76563616        7979797.97979798       7.627228589205326E-006
   7371696.76563616        8181818.18181818       6.238802473926271E-006
   7371696.76563616        8383838.38383838       5.009972349486605E-006
   7371696.76563616        8585858.58585858       3.937433790440668E-006
   7371696.76563616        8787878.78787879       3.014640006610976E-006
   7371696.76563616        8989898.98989899       2.232376462212116E-006
   7371696.76563616        9191919.19191919       1.579395702307961E-006
   7371696.76563616        9393939.39393939       1.043071160420401E-006
   7371696.76563616        9595959.59595960       6.100311811868642E-007
   7371696.76563616        9797979.79797980       2.667397837708569E-007
   7371696.76563616        10000000.0000000       0.000000000000000E+000
   7722681.35904500       -10000000.0000000       0.000000000000000E+000
   7722681.35904500       -9797979.79797980       1.578984332013240E-008
   7722681.35904500       -9595959.59595960       3.787071529973997E-008
   7722681.35904500       -9393939.39393939       6.824085523341896E-008
   7722681.35904500       -9191919.19191919       1.093420265337541E-007
   7722681.35904500       -8989898.98989899       1.640955062234316E-007
   7722681.35904500       -8787878.78787879       2.359208065040935E-007
   7722681.35904500       -8585858.58585859       3.287321308867975E-007
   7722681.35904500       -8383838.38383838       4.469074973714454E-007
   7722681.35904500       -8181818.18181818       5.952265655038866E-007
   7722681.35904500       -7979797.97979798       7.787749094367363E-007
   7722681.35904500       -7777777.77777778       1.002814685343511E-006
   7722681.35904500       -7575757.57575758       1.272624208621441E-006
   7722681.35904500       -7373737.37373737       1.593311687033973E-006
   7722681.35904500       -7171717.17171717       1.969611019376662E-006
   7722681.35904500       -6969696.96969697       2.405669928016148E-006
   7722681.35904500       -6767676.76767677       2.904842531610185E-006
   7722681.35904500       -6565656.56565657       3.469499610216747E-006
   7722681.35904500       -6363636.36363636       4.100870157425819E-006
   7722681.35904500       -6161616.16161616       4.798927304615816E-006
   7722681.35904500       -5959595.95959596       5.562330346037316E-006
   7722681.35904500       -5757575.75757576       6.388432429503997E-006
   7722681.35904500       -5555555.55555556       7.273360556031008E-006
   7722681.35904500       -5353535.35353535       8.212170893822085E-006
   7722681.35904500       -5151515.15151515       9.199078083221478E-006
   7722681.35904500       -4949494.94949495       1.022775221497632E-005
   7722681.35904500       -4747474.74747475       1.129167157003064E-005
   7722681.35904500       -4545454.54545455       1.238451318379011E-005
   7722681.35904500       -4343434.34343434       1.350055718565640E-005
   7722681.35904500       -4141414.14141414       1.463507524710317E-005
   7722681.35904500       -3939393.93939394       1.578466919340951E-005
   7722681.35904500       -3737373.73737374       1.694752396998591E-005
   7722681.35904500       -3535353.53535354       1.812354088923754E-005
   7722681.35904500       -3333333.33333333       1.931432347257027E-005
   7722681.35904500       -3131313.13131313       2.052299976881642E-005
   7722681.35904500       -2929292.92929293       2.175388124079889E-005
   7722681.35904500       -2727272.72727273       2.301197711362333E-005
   7722681.35904500       -2525252.52525253       2.430240090320123E-005
   7722681.35904500       -2323232.32323232       2.562971844890438E-005
   7722681.35904500       -2121212.12121212       2.699729088769905E-005
   7722681.35904500       -1919191.91919192       2.840666108036469E-005
   7722681.35904500       -1717171.71717172       2.985702101532055E-005
   7722681.35904500       -1515151.51515152       3.134478632590871E-005
   7722681.35904500       -1313131.31313131       3.286329822294178E-005
   7722681.35904500       -1111111.11111111       3.440267620593501E-005
   7722681.35904500       -909090.909090910       3.594985532847664E-005
   7722681.35904500       -707070.707070708       3.748885256728571E-005
   7722681.35904500       -505050.505050506       3.900130732803439E-005
   7722681.35904500       -303030.303030305       4.046732107612450E-005
   7722681.35904500       -101010.101010101       4.186657600385140E-005
   7722681.35904500        101010.101010101       4.317964815386198E-005
   7722681.35904500        303030.303030303       4.438936310421571E-005
   7722681.35904500        505050.505050505       4.548199548643336E-005
   7722681.35904500        707070.707070706       4.644810868124971E-005
   7722681.35904500        909090.909090908       4.728287801350180E-005
   7722681.35904500        1111111.11111111       4.798583223821628E-005
   7722681.35904500        1313131.31313131       4.856006024532247E-005
   7722681.35904500        1515151.51515151       4.901103066425070E-005
   7722681.35904500        1717171.71717172       4.934523326994351E-005
   7722681.35904500        1919191.91919192       4.956885911638826E-005
   7722681.35904500        2121212.12121212       4.968669620846527E-005
   7722681.35904500        2323232.32323232       4.970134916839467E-005
   7722681.35904500        2525252.52525252       4.961281984656818E-005
   7722681.35904500        2727272.72727273       4.941843101120904E-005
   7722681.35904500        2929292.92929293       4.911304536655394E-005
   7722681.35904500        3131313.13131313       4.868952367307935E-005
   7722681.35904500        3333333.33333333       4.813936822160634E-005
   7722681.35904500        3535353.53535353       4.745350057265406E-005
   7722681.35904500        3737373.73737374       4.662311944755457E-005
   7722681.35904500        3939393.93939394       4.564057697777889E-005
   7722681.35904500        4141414.14141414       4.450020552493825E-005
   7722681.35904500        4343434.34343434       4.319903040614556E-005
   7722681.35904500        4545454.54545454       4.173731971960332E-005
   7722681.35904500        4747474.74747475       4.011894788991523E-005
   7722681.35904500        4949494.94949495       3.835157555355094E-005
   7722681.35904500        5151515.15151515       3.644666505744926E-005
   7722681.35904500        5353535.35353535       3.441935321644722E-005
   7722681.35904500        5555555.55555555       3.228819407188707E-005
   7722681.35904500        5757575.75757576       3.007477297319496E-005
   7722681.35904500        5959595.95959596       2.780318824248404E-005
   7722681.35904500        6161616.16161616       2.549940199049862E-005
   7722681.35904500        6363636.36363636       2.319047527079324E-005
   7722681.35904500        6565656.56565657       2.090371902720685E-005
   7722681.35904500        6767676.76767677       1.866580557876942E-005
   7722681.35904500        6969696.96969697       1.650189245158296E-005
   7722681.35904500        7171717.17171717       1.443481066874626E-005
   7722681.35904500        7373737.37373737       1.248436433762492E-005
   7722681.35904500        7575757.57575757       1.066677928050129E-005
   7722681.35904500        7777777.77777778       8.994327125132841E-006
   7722681.35904500        7979797.97979798       7.475138907169967E-006
   7722681.35904500        8181818.18181818       6.113209731003857E-006
   7722681.35904500        8383838.38383838       4.908584125389801E-006
   7722681.35904500        8585858.58585858       3.857701091721688E-006
   7722681.35904500        8787878.78787879       2.953869113423599E-006
   7722681.35904500        8989898.98989899       2.187835131355472E-006
   7722681.35904500        9191919.19191919       1.548408097350444E-006
   7722681.35904500        9393939.39393939       1.023097376190920E-006
   7722681.35904500        9595959.59595960       5.987288766010490E-007
   7722681.35904500        9797979.79797980       2.620070608845597E-007
   7722681.35904500        10000000.0000000       0.000000000000000E+000
   8081828.38485869       -10000000.0000000       0.000000000000000E+000
   8081828.38485869       -9797979.79797980       1.437674638780496E-008
   8081828.38485869       -9595959.59595960       3.448193843772240E-008
   8081828.38485869       -9393939.39393939       6.215045515745830E-008
   8081828.38485869       -9191919.19191919       9.963156135109018E-008
   8081828.38485869       -8989898.98989899       1.496256771046686E-007
   8081828.38485869       -8787878.78787879       2.153061085550190E-007
   8081828.38485869       -8585858.58585859       3.003210505120123E-007
   8081828.38485869       -8383838.38383838       4.087709966651802E-007
   8081828.38485869       -8181818.18181818       5.451575887302168E-007
   8081828.38485869       -7979797.97979798       7.143013874428765E-007
   8081828.38485869       -7777777.77777778       9.212279794192881E-007
   8081828.38485869       -7575757.57575758       1.171024132342595E-006
   8081828.38485869       -7373737.37373737       1.468668210750016E-006
   8081828.38485869       -7171717.17171717       1.818841565601916E-006
   8081828.38485869       -6969696.96969697       2.225729901279821E-006
   8081828.38485869       -6767676.76767677       2.692825504954787E-006
   8081828.38485869       -6565656.56565657       3.222742530533169E-006
   8081828.38485869       -6363636.36363636       3.817058145481988E-006
   8081828.38485869       -6161616.16161616       4.476192207891788E-006
   8081828.38485869       -5959595.95959596       5.199337220865749E-006
   8081828.38485869       -5757575.75757576       5.984448615905604E-006
   8081828.38485869       -5555555.55555556       6.828302955312463E-006
   8081828.38485869       -5353535.35353535       7.726628410621601E-006
   8081828.38485869       -5151515.15151515       8.674307844221159E-006
   8081828.38485869       -4949494.94949495       9.665649964352340E-006
   8081828.38485869       -4747474.74747475       1.069471835018294E-005
   8081828.38485869       -4545454.54545455       1.175570178185818E-005
   8081828.38485869       -4343434.34343434       1.284330260631337E-005
   8081828.38485869       -4141414.14141414       1.395311348560908E-005
   8081828.38485869       -3939393.93939394       1.508194784498900E-005
   8081828.38485869       -3737373.73737374       1.622808702390186E-005
   8081828.38485869       -3535353.53535354       1.739140901706844E-005
   8081828.38485869       -3333333.33333333       1.857337097488048E-005
   8081828.38485869       -3131313.13131313       1.977683066327265E-005
   8081828.38485869       -2929292.92929293       2.100570978279775E-005
   8081828.38485869       -2727272.72727273       2.226452161818288E-005
   8081828.38485869       -2525252.52525253       2.355780279101812E-005
   8081828.38485869       -2323232.32323232       2.488949963340150E-005
   8081828.38485869       -2121212.12121212       2.626236118299360E-005
   8081828.38485869       -1919191.91919192       2.767738333704039E-005
   8081828.38485869       -1717171.71717172       2.913333592865230E-005
   8081828.38485869       -1515151.51515152       3.062639215360133E-005
   8081828.38485869       -1313131.31313131       3.214987347277360E-005
   8081828.38485869       -1111111.11111111       3.369412582100127E-005
   8081828.38485869       -909090.909090910       3.524655327507869E-005
   8081828.38485869       -707070.707070708       3.679184712198937E-005
   8081828.38485869       -505050.505050506       3.831245201970712E-005
   8081828.38485869       -303030.303030305       3.978929708242762E-005
   8081828.38485869       -101010.101010101       4.120278311419377E-005
   8081828.38485869        101010.101010101       4.253396126246068E-005
   8081828.38485869        303030.303030303       4.376577643777010E-005
   8081828.38485869        505050.505050505       4.488420134969270E-005
   8081828.38485869        707070.707070706       4.587907426297722E-005
   8081828.38485869        909090.909090908       4.674448711191860E-005
   8081828.38485869        1111111.11111111       4.747864688258201E-005
   8081828.38485869        1313131.31313131       4.808323314183309E-005
   8081828.38485869        1515151.51515151       4.856237002924779E-005
   8081828.38485869        1717171.71717172       4.892139511134193E-005
   8081828.38485869        1919191.91919192       4.916562496893619E-005
   8081828.38485869        2121212.12121212       4.929928958680051E-005
   8081828.38485869        2323232.32323232       4.932475023136438E-005
   8081828.38485869        2525252.52525252       4.924205057432757E-005
   8081828.38485869        2727272.72727273       4.904879723053604E-005
   8081828.38485869        2929292.92929293       4.874033291047569E-005
   8081828.38485869        3131313.13131313       4.831015171992984E-005
   8081828.38485869        3333333.33333333       4.775050363492926E-005
   8081828.38485869        3535353.53535353       4.705313474483902E-005
   8081828.38485869        3737373.73737374       4.621010634749193E-005
   8081828.38485869        3939393.93939394       4.521463018689349E-005
   8081828.38485869        4141414.14141414       4.406185432386000E-005
   8081828.38485869        4343434.34343434       4.274954013604044E-005
   8081828.38485869        4545454.54545454       4.127858771666538E-005
   8081828.38485869        4747474.74747475       3.965339035683946E-005
   8081828.38485869        4949494.94949495       3.788202031359891E-005
   8081828.38485869        5151515.15151515       3.597625967668821E-005
   8081828.38485869        5353535.35353535       3.395148942755571E-005
   8081828.38485869        5555555.55555555       3.182644138546853E-005
   8081828.38485869        5757575.75757576       2.962281016033159E-005
   8081828.38485869        5959595.95959596       2.736472237815326E-005
   8081828.38485869        6161616.16161616       2.507806990234232E-005
   8081828.38485869        6363636.36363636       2.278972899906645E-005
   8081828.38485869        6565656.56565657       2.052670272509226E-005
   8081828.38485869        6767676.76767677       1.831523466257692E-005
   8081828.38485869        6969696.96969697       1.617994647753189E-005
   8081828.38485869        7171717.17171717       1.414304992197017E-005
   8081828.38485869        7373737.37373737       1.222367730762319E-005
   8081828.38485869        7575757.57575757       1.043736482541625E-005
   8081828.38485869        7777777.77777778       8.795711749984950E-006
   8081828.38485869        7979797.97979798       7.306226562418455E-006
   8081828.38485869        8181818.18181818       5.972359102931355E-006
   8081828.38485869        8383838.38383838       4.793706666492383E-006
   8081828.38485869        8585858.58585858       3.766372078513092E-006
   8081828.38485869        8787878.78787879       2.883443805590350E-006
   8081828.38485869        8989898.98989899       2.135562566907583E-006
   8081828.38485869        9191919.19191919       1.511536072718193E-006
   8081828.38485869        9393939.39393939       9.989635736894992E-007
   8081828.38485869        9595959.59595960       5.848347427356686E-007
   8081828.38485869        9797979.79797980       2.560727298124996E-007
   8081828.38485869        10000000.0000000       0.000000000000000E+000
   8449137.84307724       -10000000.0000000       0.000000000000000E+000
   8449137.84307724       -9797979.79797980       1.295389079785294E-008
   8449137.84307724       -9595959.59595960       3.107648669744722E-008
   8449137.84307724       -9393939.39393939       5.604086794050266E-008
   8449137.84307724       -9191919.19191919       8.990569983701552E-008
   8449137.84307724       -8989898.98989899       1.351527285627263E-007
   8449137.84307724       -8787878.78787879       1.947114099526553E-007
   8449137.84307724       -8585858.58585859       2.719662866052048E-007
   8449137.84307724       -8383838.38383838       3.707424551372144E-007
   8449137.84307724       -8181818.18181818       4.952651618968471E-007
   8449137.84307724       -7979797.97979798       6.500907737798374E-007
   8449137.84307724       -7777777.77777778       8.400080366648943E-007
   8449137.84307724       -7575757.57575758       1.069910571234946E-006
   8449137.84307724       -7373737.37373737       1.344643828182718E-006
   8449137.84307724       -7171717.17171717       1.668832060933781E-006
   8449137.84307724       -6969696.96969697       2.046693087482175E-006
   8449137.84307724       -6767676.76767677       2.481850522277787E-006
   8449137.84307724       -6565656.56565657       2.977154606599411E-006
   8449137.84307724       -6363636.36363636       3.534523630165395E-006
   8449137.84307724       -6161616.16161616       4.154818136782490E-006
   8449137.84307724       -5959595.95959596       4.837759595555337E-006
   8449137.84307724       -5757575.75757576       5.581903968618469E-006
   8449137.84307724       -5555555.55555556       6.384678588129754E-006
   8449137.84307724       -5353535.35353535       7.242487923370474E-006
   8449137.84307724       -5151515.15151515       8.150890103898655E-006
   8449137.84307724       -4949494.94949495       9.104841390362124E-006
   8449137.84307724       -4747474.74747475       1.009900011515314E-005
   8449137.84307724       -4545454.54545455       1.112807504093736E-005
   8449137.84307724       -4343434.34343434       1.218719594059202E-005
   8449137.84307724       -4141414.14141414       1.327227719292157E-005
   8449137.84307724       -3939393.93939394       1.438033947654421E-005
   8449137.84307724       -3737373.73737374       1.550975180856836E-005
   8449137.84307724       -3535353.53535354       1.666035795566933E-005
   8449137.84307724       -3333333.33333333       1.783345902066732E-005
   8449137.84307724       -3131313.13131313       1.903163806792284E-005
   8449137.84307724       -2929292.92929293       2.025843153150718E-005
   8449137.84307724       -2727272.72727273       2.151787244292809E-005
   8449137.84307724       -2525252.52525253       2.281394753721408E-005
   8449137.84307724       -2323232.32323232       2.415001963149879E-005
   8449137.84307724       -2121212.12121212       2.552826602158625E-005
   8449137.84307724       -1919191.91919192       2.694917404976036E-005
   8449137.84307724       -1717171.71717172       2.841112069016848E-005
   8449137.84307724       -1515151.51515152       2.991004985971761E-005
   8449137.84307724       -1313131.31313131       3.143925449019292E-005
   8449137.84307724       -1111111.11111111       3.298927282821216E-005
   8449137.84307724       -909090.909090910       3.454791864325959E-005
   8449137.84307724       -707070.707070708       3.610047754601593E-005
   8449137.84307724       -505050.505050506       3.763010795923092E-005
   8449137.84307724       -303030.303030305       3.911847655182928E-005
   8449137.84307724       -101010.101010101       4.054662863094540E-005
   8449137.84307724        101010.101010101       4.189604570383928E-005
   8449137.84307724        303030.303030303       4.314978574274443E-005
   8449137.84307724        505050.505050505       4.429355430221011E-005
   8449137.84307724        707070.707070706       4.531653560024711E-005
   8449137.84307724        909090.909090908       4.621183457011464E-005
   8449137.84307724        1111111.11111111       4.697644344770109E-005
   8449137.84307724        1313131.31313131       4.761073495876894E-005
   8449137.84307724        1515151.51515151       4.811757402870857E-005
   8449137.84307724        1717171.71717172       4.850120583886333E-005
   8449137.84307724        1919191.91919192       4.876610356497281E-005
   8449137.84307724        2121212.12121212       4.891594236290649E-005
   8449137.84307724        2323232.32323232       4.895281896395264E-005
   8449137.84307724        2525252.52525252       4.887677773235709E-005
   8449137.84307724        2727272.72727273       4.868565205432504E-005
   8449137.84307724        2929292.92929293       4.837519456585827E-005
   8449137.84307724        3131313.13131313       4.793945161067509E-005
   8449137.84307724        3333333.33333333       4.737133043047204E-005
   8449137.84307724        3535353.53535353       4.666330438895267E-005
   8449137.84307724        3737373.73737374       4.580819752778661E-005
   8449137.84307724        3939393.93939394       4.479998546104076E-005
   8449137.84307724        4141414.14141414       4.363454927116087E-005
   8449137.84307724        4343434.34343434       4.231032700739361E-005
   8449137.84307724        4545454.54545454       4.082882419843093E-005
   8449137.84307724        4747474.74747475       3.919496579660610E-005
   8449137.84307724        4949494.94949495       3.741728939855183E-005
   8449137.84307724        5151515.15151515       3.550798735108130E-005
   8449137.84307724        5353535.35353535       3.348280311300233E-005
   8449137.84307724        5555555.55555555       3.136078061486359E-005
   8449137.84307724        5757575.75757576       2.916386203127892E-005
   8449137.84307724        5959595.95959596       2.691633420272754E-005
   8449137.84307724        6161616.16161616       2.464413650703881E-005
   8449137.84307724        6363636.36363636       2.237405885414070E-005
   8449137.84307724        6565656.56565657       2.013287237730141E-005
   8449137.84307724        6767676.76767677       1.794644378090718E-005
   8449137.84307724        6969696.96969697       1.583888616904990E-005
   8449137.84307724        7171717.17171717       1.383179537960536E-005
   8449137.84307724        7373737.37373737       1.194361301900529E-005
   8449137.84307724        7575757.57575757       1.018914713926136E-005
   8449137.84307724        7777777.77777778       8.579270065556268E-006
   8449137.84307724        7979797.97979798       7.120801150112481E-006
   8449137.84307724        8181818.18181818       5.816570841772940E-006
   8449137.84307724        8383838.38383838       4.665651963214594E-006
   8449137.84307724        8585858.58585858       3.663734993398050E-006
   8449137.84307724        8787878.78787879       2.803616957371717E-006
   8449137.84307724        8989898.98989899       2.075768663624034E-006
   8449137.84307724        9191919.19191919       1.468942806552019E-006
   8449137.84307724        9393939.39393939       9.707859766197577E-007
   8449137.84307724        9595959.59595960       5.684207551037786E-007
   8449137.84307724        9797979.79797980       2.489695016041978E-007
   8449137.84307724        10000000.0000000       0.000000000000000E+000
   8824609.73370064       -10000000.0000000       0.000000000000000E+000
   8824609.73370064       -9797979.79797980       1.154458479225819E-008
   8824609.73370064       -9595959.59595960       2.770827432804276E-008
   8824609.73370064       -9393939.39393939       5.000529407457267E-008
   8824609.73370064       -9191919.19191919       8.030699773452469E-008
   8824609.73370064       -8989898.98989899       1.208799462192926E-007
   8824609.73370064       -8787878.78787879       1.744132159374730E-007
   8824609.73370064       -8585858.58585859       2.440308577350087E-007
   8824609.73370064       -8383838.38383838       3.332850646663117E-007
   8824609.73370064       -8181818.18181818       4.461261156030993E-007
   8824609.73370064       -7979797.97979798       5.868461385902651E-007
   8824609.73370064       -7777777.77777778       7.599951487093314E-007
   8824609.73370064       -7575757.57575758       9.702695980173270E-007
   8824609.73370064       -7373737.37373737       1.222375721256503E-006
   8824609.73370064       -7171717.17171717       1.520872127264928E-006
   8824609.73370064       -6969696.96969697       1.869998210128325E-006
   8824609.73370064       -6767676.76767677       2.273496872213088E-006
   8824609.73370064       -6565656.56565657       2.734441613924859E-006
   8824609.73370064       -6363636.36363636       3.255079128915110E-006
   8824609.73370064       -6161616.16161616       3.836699054923607E-006
   8824609.73370064       -5959595.95959596       4.479542400753458E-006
   8824609.73370064       -5757575.75757576       5.182759342133372E-006
   8824609.73370064       -5555555.55555556       5.944425491009952E-006
   8824609.73370064       -5353535.35353535       6.761623310843457E-006
   8824609.73370064       -5151515.15151515       7.630591966211145E-006
   8824609.73370064       -4949494.94949495       8.546944441911905E-006
   8824609.73370064       -4747474.74747475       9.505945170093177E-006
   8824609.73370064       -4545454.54545455       1.050283472111217E-005
   8824609.73370064       -4343434.34343434       1.153318066383218E-005
   8824609.73370064       -4141414.14141414       1.259322621078959E-005
   8824609.73370064       -3939393.93939394       1.368020197584336E-005
   8824609.73370064       -3737373.73737374       1.479256281734583E-005
   8824609.73370064       -3535353.53535354       1.593011325688805E-005
   8824609.73370064       -3333333.33333333       1.709399289310119E-005
   8824609.73370064       -3131313.13131313       1.828650787037776E-005
   8824609.73370064       -2929292.92929293       1.951081411489177E-005
   8824609.73370064       -2727272.72727273       2.077047887082262E-005
   8824609.73370064       -2525252.52525253       2.206896394498948E-005
   8824609.73370064       -2323232.32323232       2.340908242766956E-005
   8824609.73370064       -2121212.12121212       2.479247845678410E-005
   8824609.73370064       -1919191.91919192       2.621916839340009E-005
   8824609.73370064       -1717171.71717172       2.768716626543660E-005
   8824609.73370064       -1515151.51515152       2.919220251851161E-005
   8824609.73370064       -1313131.31313131       3.072753807237295E-005
   8824609.73370064       -1111111.11111111       3.228387779273526E-005
   8824609.73370064       -909090.909090910       3.384939749033384E-005
   8824609.73370064       -707070.707070708       3.540991154375026E-005
   8824609.73370064       -505050.505050506       3.694921661094695E-005
   8824609.73370064       -303030.303030305       3.844964243456941E-005
   8824609.73370064       -101010.101010101       3.989281775625632E-005
   8824609.73370064        101010.101010101       4.126061802001950E-005
   8824609.73370064        303030.303030303       4.253620999722716E-005
   8824609.73370064        505050.505050505       4.370506186518461E-005
   8824609.73370064        707070.707070706       4.475576326551302E-005
   8824609.73370064        909090.909090908       4.568051168901291E-005
   8824609.73370064        1111111.11111111       4.647517165183656E-005
   8824609.73370064        1313131.31313131       4.713889072218438E-005
   8824609.73370064        1515151.51515151       4.767334045206551E-005
   8824609.73370064        1717171.71717172       4.808171702827523E-005
   8824609.73370064        1919191.91919192       4.836766876488373E-005
   8824609.73370064        2121212.12121212       4.853431072978562E-005
   8824609.73370064        2323232.32323232       4.858344915055231E-005
   8824609.73370064        2525252.52525252       4.851508609287098E-005
   8824609.73370064        2727272.72727273       4.832722492570793E-005
   8824609.73370064        2929292.92929293       4.801595996914264E-005
   8824609.73370064        3131313.13131313       4.757581180300940E-005
   8824609.73370064        3333333.33333333       4.700025892405506E-005
   8824609.73370064        3535353.53535353       4.628241068914586E-005
   8824609.73370064        3737373.73737374       4.541576188005505E-005
   8824609.73370064        3939393.93939394       4.439496599662427E-005
   8824609.73370064        4141414.14141414       4.321656577630481E-005
   8824609.73370064        4343434.34343434       4.187962846581250E-005
   8824609.73370064        4545454.54545454       4.038624954851354E-005
   8824609.73370064        4747474.74747475       3.874190706629742E-005
   8824609.73370064        4949494.94949495       3.695566257073940E-005
   8824609.73370064        5151515.15151515       3.504020982106719E-005
   8824609.73370064        5353535.35353535       3.301176990314249E-005
   8824609.73370064        5555555.55555555       3.088982746199454E-005
   8824609.73370064        5757575.75757576       2.869670375401467E-005
   8824609.73370064        5959595.95959596       2.645697113557314E-005
   8824609.73370064        6161616.16161616       2.419672844918632E-005
   8824609.73370064        6363636.36363636       2.194277267314593E-005
   8824609.73370064        6565656.56565657       1.972171443902148E-005
   8824609.73370064        6767676.76767677       1.755909099982655E-005
   8824609.73370064        6969696.96969697       1.547852972823721E-005
   8824609.73370064        7171717.17171717       1.350100952816757E-005
   8824609.73370064        7373737.37373737       1.164425842674856E-005
   8824609.73370064        7575757.57575757       9.922314666229329E-006
   8824609.73370064        7777777.77777778       8.345267001668802E-006
   8824609.73370064        7979797.97979798       6.919178408386761E-006
   8824609.73370064        8181818.18181818       5.646186548817686E-006
   8824609.73370064        8383838.38383838       4.524764576768408E-006
   8824609.73370064        8585858.58585858       3.550117585703765E-006
   8824609.73370064        8787878.78787879       2.714683649827980E-006
   8824609.73370064        8989898.98989899       2.008704329509905E-006
   8824609.73370064        9191919.19191919       1.420827967727620E-006
   8824609.73370064        9393939.39393939       9.387101591975942E-007
   8824609.73370064        9595959.59595960       5.495792643766075E-007
   8824609.73370064        9797979.79797980       2.407404364694641E-007
   8824609.73370064        10000000.0000000       0.000000000000000E+000
   9208244.05672891       -10000000.0000000       0.000000000000000E+000
   9208244.05672891       -9797979.79797980       1.017072232258463E-008
   9208244.05672891       -9595959.59595960       2.442787005207011E-008
   9208244.05672891       -9393939.39393939       4.413106737748844E-008
   9208244.05672891       -9191919.19191919       7.096897745995087E-008
   9208244.05672891       -8989898.98989899       1.069977433507071E-007
   9208244.05672891       -8787878.78787879       1.546706619258356E-007
   9208244.05672891       -8585858.58585859       2.168553229721976E-007
   9208244.05672891       -8383838.38383838       2.968340040410971E-007
   9208244.05672891       -8181818.18181818       3.982834462680340E-007
   9208244.05672891       -7979797.97979798       5.252308949459836E-007
   9208244.05672891       -7777777.77777778       6.819844553219451E-007
   9208244.05672891       -7575757.57575758       8.730373489821497E-007
   9208244.05672891       -7373737.37373737       1.102947476583187E-006
   9208244.05672891       -7171717.17171717       1.376195681910994E-006
   9208244.05672891       -6969696.96969697       1.697028131920811E-006
   9208244.05672891       -6767676.76767677       2.069290131697824E-006
   9208244.05672891       -6565656.56565657       2.496260342674454E-006
   9208244.05672891       -6363636.36363636       2.980495643874758E-006
   9208244.05672891       -6161616.16161616       3.523697666513092E-006
   9208244.05672891       -5959595.95959596       4.126612255070194E-006
   9208244.05672891       -5757575.75757576       4.788972680765555E-006
   9208244.05672891       -5555555.55555556       5.509496263064107E-006
   9208244.05672891       -5353535.35353535       6.285942024055528E-006
   9208244.05672891       -5151515.15151515       7.115233964596918E-006
   9208244.05672891       -4949494.94949495       7.993650356965804E-006
   9208244.05672891       -4747474.74747475       8.917073986904424E-006
   9208244.05672891       -4545454.54545455       9.881291576634638E-006
   9208244.05672891       -4343434.34343434       1.088232298256933E-005
   9208244.05672891       -4141414.14141414       1.191675292296114E-005
   9208244.05672891       -3939393.93939394       1.298203124285567E-005
   9208244.05672891       -3737373.73737374       1.407670389435493E-005
   9208244.05672891       -3535353.53535354       1.520053797149342E-005
   9208244.05672891       -3333333.33333333       1.635451195539630E-005
   9208244.05672891       -3131313.13131313       1.754065713215239E-005
   9208244.05672891       -2929292.92929293       1.876175612955573E-005
   9208244.05672891       -2727272.72727273       2.002092558117376E-005
   9208244.05672891       -2525252.52525253       2.132112667992204E-005
   9208244.05672891       -2323232.32323232       2.266465513594346E-005
   9208244.05672891       -2121212.12121212       2.405265888621371E-005
   9208244.05672891       -1919191.91919192       2.548471967679052E-005
   9208244.05672891       -1717171.71717172       2.695851830999454E-005
   9208244.05672891       -1515151.51515152       2.846958898760764E-005
   9208244.05672891       -1313131.31313131       3.001116072804978E-005
   9208244.05672891       -1111111.11111111       3.157408550598374E-005
   9208244.05672891       -909090.909090910       3.314686239059368E-005
   9208244.05672891       -707070.707070708       3.471578013826419E-005
   9208244.05672891       -505050.505050506       3.626521061619051E-005
   9208244.05672891       -303030.303030305       3.777808453566031E-005
   9208244.05672891       -101010.101010101       3.923656350504901E-005
   9208244.05672891        101010.101010101       4.062288741528903E-005
   9208244.05672891        303030.303030303       4.192032965919933E-005
   9208244.05672891        505050.505050505       4.311414745787557E-005
   9208244.05672891        707070.707070706       4.419238676471531E-005
   9208244.05672891        909090.909090908       4.514640434870365E-005
   9208244.05672891        1111111.11111111       4.597100845696858E-005
   9208244.05672891        1313131.31313131       4.666418661708201E-005
   9208244.05672891        1515151.51515151       4.722646696857744E-005
   9208244.05672891        1717171.71717172       4.766002622482736E-005
   9208244.05672891        1919191.91919192       4.796769533585167E-005
   9208244.05672891        2121212.12121212       4.815201607488327E-005
   9208244.05672891        2323232.32323232       4.821447317598471E-005
   9208244.05672891        2525252.52525252       4.815498087569602E-005
   9208244.05672891        2727272.72727273       4.797165516099585E-005
   9208244.05672891        2929292.92929293       4.766086476128686E-005
   9208244.05672891        3131313.13131313       4.721752878211993E-005
   9208244.05672891        3333333.33333333       4.663561458093847E-005
   9208244.05672891        3535353.53535353       4.590878130972825E-005
   9208244.05672891        3737373.73737374       4.503110916803642E-005
   9208244.05672891        3939393.93939394       4.399785176807697E-005
   9208244.05672891        4141414.14141414       4.280615144578573E-005
   9208244.05672891        4343434.34343434       4.145566673699455E-005
   9208244.05672891        4545454.54545454       3.994907628605819E-005
   9208244.05672891        4747474.74747475       3.829243933276991E-005
   9208244.05672891        4949494.94949495       3.649540392122791E-005
   9208244.05672891        5151515.15151515       3.457125744024041E-005
   9208244.05672891        5353535.35353535       3.253681250760485E-005
   9208244.05672891        5555555.55555555       3.041212046093288E-005
   9208244.05672891        5757575.75757576       2.822001001686027E-005
   9208244.05672891        5959595.95959596       2.598546115963214E-005
   9208244.05672891        6161616.16161616       2.373484088025707E-005
   9208244.05672891        6363636.36363636       2.149504296896422E-005
   9208244.05672891        6565656.56565657       1.929258452890832E-005
   9208244.05672891        6767676.76767677       1.715271544532703E-005
   9208244.05672891        6969696.96969697       1.509859414326823E-005
   9208244.05672891        7171717.17171717       1.315057527692799E-005
   9208244.05672891        7373737.37373737       1.132564446321346E-005
   9208244.05672891        7575757.57575757       9.637023427794465E-006
   9208244.05672891        7777777.77777778       8.093957088348492E-006
   9208244.05672891        7979797.97979798       6.701682831225848E-006
   9208244.05672891        8181818.18181818       5.461571953590520E-006
   9208244.05672891        8383838.38383838       4.371424253449659E-006
   9208244.05672891        8585858.58585858       3.425889363920391E-006
   9208244.05672891        8787878.78787879       2.616982970915186E-006
   9208244.05672891        8989898.98989899       1.934662822716373E-006
   9208244.05672891        9191919.19191919       1.367428632453177E-006
   9208244.05672891        9393939.39393939       9.029116156515195E-007
   9208244.05672891        9595959.59595960       5.284233022712617E-007
   9208244.05672891        9797979.79797980       2.314390646345035E-007
   9208244.05672891        10000000.0000000       0.000000000000000E+000
   9600040.81216202       -10000000.0000000       0.000000000000000E+000
   9600040.81216202       -9797979.79797980       8.852156831855135E-009
   9600040.81216202       -9595959.59595960       2.128108743238195E-008
   9600040.81216202       -9393939.39393939       3.849728954505368E-008
   9600040.81216202       -9191919.19191919       6.201262386646346E-008
   9600040.81216202       -8989898.98989899       9.367883073906083E-008
   9600040.81216202       -8787878.78787879       1.357191742214928E-007
   9600040.81216202       -8585858.58585859       1.907497635141409E-007
   9600040.81216202       -8383838.38383838       2.617865951269283E-007
   9600040.81216202       -8181818.18181818       3.522345346512599E-007
   9600040.81216202       -7979797.97979798       4.658550118551572E-007
   9600040.81216202       -7777777.77777778       6.067101371749271E-007
   9600040.81216202       -7575757.57575758       7.790822415607166E-007
   9600040.81216202       -7373737.37373737       9.873694363132389E-007
   9600040.81216202       -7171717.17171717       1.235959593569360E-006
   9600040.81216202       -6969696.96969697       1.529087046444779E-006
   9600040.81216202       -6767676.76767677       1.870678173330852E-006
   9600040.81216202       -6565656.56565657       2.264193735524723E-006
   9600040.81216202       -6363636.36363636       2.712477261214824E-006
   9600040.81216202       -6161616.16161616       3.217619803051369E-006
   9600040.81216202       -5959595.95959596       3.780851939986643E-006
   9600040.81216202       -5757575.75757576       4.402473843193533E-006
   9600040.81216202       -5555555.55555556       5.081833460703050E-006
   9600040.81216202       -5353535.35353535       5.817361247636649E-006
   9600040.81216202       -5151515.15151515       6.606667200557316E-006
   9600040.81216202       -4949494.94949495       7.446702058242812E-006
   9600040.81216202       -4747474.74747475       8.333979264754255E-006
   9600040.81216202       -4545454.54545455       9.264847654547144E-006
   9600040.81216202       -4343434.34343434       1.023579709920164E-005
   9600040.81216202       -4141414.14141414       1.124377128767801E-005
   9600040.81216202       -3939393.93939394       1.228645471414479E-005
   9600040.81216202       -3737373.73737374       1.336249670255114E-005
   9600040.81216202       -3535353.53535354       1.447163605492440E-005
   9600040.81216202       -3333333.33333333       1.561469741175308E-005
   9600040.81216202       -3131313.13131313       1.679344503199468E-005
   9600040.81216202       -2929292.92929293       1.801029959502959E-005
   9600040.81216202       -2727272.72727273       1.926794460689615E-005
   9600040.81216202       -2525252.52525253       2.056886556644159E-005
   9600040.81216202       -2323232.32323232       2.191487247236732E-005
   9600040.81216202       -2121212.12121212       2.330665265102639E-005
   9600040.81216202       -1919191.91919192       2.474338821117336E-005
   9600040.81216202       -1717171.71717172       2.622245570552653E-005
   9600040.81216202       -1515151.51515152       2.773921083985820E-005
   9600040.81216202       -1313131.31313131       2.928685315779715E-005
   9600040.81216202       -1111111.11111111       3.085636670538039E-005
   9600040.81216202       -909090.909090910       3.243654173640867E-005
   9600040.81216202       -707070.707070708       3.401409562699802E-005
   9600040.81216202       -505050.505050506       3.557392222349188E-005
   9600040.81216202       -303030.303030305       3.709950091040687E-005
   9600040.81216202       -101010.101010101       3.857348405239352E-005
   9600040.81216202        101010.101010101       3.997845227844668E-005
   9600040.81216202        303030.303030303       4.129778551727867E-005
   9600040.81216202        505050.505050505       4.251655436031422E-005
   9600040.81216202        707070.707070706       4.362230578235349E-005
   9600040.81216202        909090.909090908       4.460561294812516E-005
   9600040.81216202        1111111.11111111       4.546028732713048E-005
   9600040.81216202        1313131.31313131       4.618320847658922E-005
   9600040.81216202        1515151.51515151       4.677379820058489E-005
   9600040.81216202        1717171.71717172       4.723323158343318E-005
   9600040.81216202        1919191.91919192       4.756351995524587E-005
   9600040.81216202        2121212.12121212       4.776661110500804E-005
   9600040.81216202        2323232.32323232       4.784363208960692E-005
   9600040.81216202        2525252.52525252       4.779436067227303E-005
   9600040.81216202        2727272.72727273       4.761696675519428E-005
   9600040.81216202        2929292.92929293       4.730802636250389E-005
   9600040.81216202        3131313.13131313       4.686278290645866E-005
   9600040.81216202        3333333.33333333       4.627561299639172E-005
   9600040.81216202        3535353.53535353       4.554064350302862E-005
   9600040.81216202        3737373.73737374       4.465246019099307E-005
   9600040.81216202        3939393.93939394       4.360684567885689E-005
   9600040.81216202        4141414.14141414       4.240148729936418E-005
   9600040.81216202        4343434.34343434       4.103660453987078E-005
   9600040.81216202        4545454.54545454       3.951545929839706E-005
   9600040.81216202        4747474.74747475       3.784472563277636E-005
   9600040.81216202        4949494.94949495       3.603470441557854E-005
   9600040.81216202        5151515.15151515       3.409937108372834E-005
   9600040.81216202        5353535.35353535       3.205624474939005E-005
   9600040.81216202        5555555.55555555       2.992606982963828E-005
   9600040.81216202        5757575.75757576       2.773231087259217E-005
   9600040.81216202        5959595.95959596       2.550047701587852E-005
   9600040.81216202        6161616.16161616       2.325731046226564E-005
   9600040.81216202        6363636.36363636       2.102988841786474E-005
   9600040.81216202        6565656.56565657       1.884469651842306E-005
   9600040.81216202        6767676.76767677       1.672673279800602E-005
   9600040.81216202        6969696.96969697       1.469869577380043E-005
   9600040.81216202        7171717.17171717       1.278030033219173E-005
   9600040.81216202        7373737.37373737       1.098775299060722E-005
   9600040.81216202        7575757.57575757       9.333405479832675E-006
   9600040.81216202        7777777.77777778       7.825593509167279E-006
   9600040.81216202        7979797.97979798       6.468656590658492E-006
   9600040.81216202        8181818.18181818       5.263125163759971E-006
   9600040.81216202        8383838.38383838       4.206053141807425E-006
   9600040.81216202        8585858.58585858       3.291467584965385E-006
   9600040.81216202        8787878.78787879       2.510902723435795E-006
   9600040.81216202        8989898.98989899       1.853983237159635E-006
   9600040.81216202        9191919.19191919       1.309021686467175E-006
   9600040.81216202        9393939.39393939       8.635972654202527E-007
   9600040.81216202        9595959.59595960       5.050873943282706E-007
   9600040.81216202        9797979.79797980       2.211297053104067E-007
   9600040.81216202        10000000.0000000       0.000000000000000E+000
   10000000.0000000       -10000000.0000000       0.000000000000000E+000
   10000000.0000000       -9797979.79797980       7.606164932749283E-009
   10000000.0000000       -9595959.59595960       1.830777935893022E-008
   10000000.0000000       -9393939.39393939       3.317280764852792E-008
   10000000.0000000       -9191919.19191919       5.354338495280160E-008
   10000000.0000000       -8989898.98989899       8.107407321796651E-008
   10000000.0000000       -8787878.78787879       1.177650134052154E-007
   10000000.0000000       -8585858.58585859       1.659868497111184E-007
   10000000.0000000       -8383838.38383838       2.284937447718966E-007
   10000000.0000000       -8181818.18181818       3.084208379552782E-007
   10000000.0000000       -7979797.97979798       4.092628660976319E-007
   10000000.0000000       -7777777.77777778       5.348313812476775E-007
   10000000.0000000       -7575757.57575758       6.891890607216422E-007
   10000000.0000000       -7373737.37373737       8.765609742332799E-007
   10000000.0000000       -7171717.17171717       1.101224283340210E-006
   10000000.0000000       -6969696.96969697       1.367379607777457E-006
   10000000.0000000       -6767676.76767677       1.679009093441097E-006
   10000000.0000000       -6565656.56565657       2.039727943166326E-006
   10000000.0000000       -6363636.36363636       2.452637709788493E-006
   10000000.0000000       -6161616.16161616       2.920190890215047E-006
   10000000.0000000       -5959595.95959596       3.444077188169484E-006
   10000000.0000000       -5757575.75757576       4.025142111324651E-006
   10000000.0000000       -5555555.55555556       4.663348193076346E-006
   10000000.0000000       -5353535.35353535       5.357787904768997E-006
   10000000.0000000       -5151515.15151515       6.106755042375595E-006
   10000000.0000000       -4949494.94949495       6.907877812903560E-006
   10000000.0000000       -4747474.74747475       7.758311835786625E-006
   10000000.0000000       -4545454.54545455       8.654984785278561E-006
   10000000.0000000       -4343434.34343434       9.594876696618850E-006
   10000000.0000000       -4141414.14141414       1.057531177043307E-005
   10000000.0000000       -3939393.93939394       1.159423016212064E-005
   10000000.0000000       -3737373.73737374       1.265040364255269E-005
   10000000.0000000       -3535353.53535354       1.374355934589013E-005
   10000000.0000000       -3333333.33333333       1.487438285444204E-005
   10000000.0000000       -3131313.13131313       1.604438601284201E-005
   10000000.0000000       -2929292.92929293       1.725564430095731E-005
   10000000.0000000       -2727272.72727273       1.851042917499388E-005
   10000000.0000000       -2525252.52525253       1.981077706822184E-005
   10000000.0000000       -2323232.32323232       2.115804402857233E-005
   10000000.0000000       -2121212.12121212       2.255249137915048E-005
   10000000.0000000       -1919191.91919192       2.399293519902062E-005
   10000000.0000000       -1717171.71717172       2.547647572072616E-005
   10000000.0000000       -1515151.51515152       2.699830782154087E-005
   10000000.0000000       -1313131.31313131       2.855160539432797E-005
   10000000.0000000       -1111111.11111111       3.012747271581729E-005
   10000000.0000000       -909090.909090910       3.171496421018089E-005
   10000000.0000000       -707070.707070708       3.330118677769082E-005
   10000000.0000000       -505050.505050506       3.487151067151606E-005
   10000000.0000000       -303030.303030305       3.640991940343572E-005
   10000000.0000000       -101010.101010101       3.789952076462034E-005
   10000000.0000000        101010.101010101       3.932321720587595E-005
   10000000.0000000        303030.303030303       4.066449713206799E-005
   10000000.0000000        505050.505050505       4.190826769462997E-005
   10000000.0000000        707070.707070706       4.304161733675850E-005
   10000000.0000000        909090.909090908       4.405438577615549E-005
   10000000.0000000        1111111.11111111       4.493943825145494E-005
   10000000.0000000        1313131.31313131       4.569258835530783E-005
   10000000.0000000        1515151.51515151       4.631217833145826E-005
   10000000.0000000        1717171.71717172       4.679838972736245E-005
   10000000.0000000        1919191.91919192       4.715240340459833E-005
   10000000.0000000        2121212.12121212       4.737554543360759E-005
   10000000.0000000        2323232.32323232       4.746854368125750E-005
   10000000.0000000        2525252.52525252       4.743098716696091E-005
   10000000.0000000        2727272.72727273       4.726103895935353E-005
   10000000.0000000        2929292.92929293       4.695541464391014E-005
   10000000.0000000        3131313.13131313       4.650960840739168E-005
   10000000.0000000        3333333.33333333       4.591832842892786E-005
   10000000.0000000        3535353.53535353       4.517609035392396E-005
   10000000.0000000        3737373.73737374       4.427790992894249E-005
   10000000.0000000        3939393.93939394       4.322003289943409E-005
   10000000.0000000        4141414.14141414       4.200064283904913E-005
   10000000.0000000        4343434.34343434       4.062049584844826E-005
   10000000.0000000        4545454.54545454       3.908344284847075E-005
   10000000.0000000        4747474.74747475       3.739681136278054E-005
   10000000.0000000        4949494.94949495       3.557162574450941E-005
   10000000.0000000        5151515.15151515       3.362264767447531E-005
   10000000.0000000        5353535.35353535       3.156822118277747E-005
   10000000.0000000        5555555.55555555       2.942991332279487E-005
   10000000.0000000        5757575.75757576       2.723195539548245E-005
   10000000.0000000        5959595.95959596       2.500050850951180E-005
   10000000.0000000        6161616.16161616       2.276279645560905E-005
   10000000.0000000        6363636.36363636       2.054616327381602E-005
   10000000.0000000        6565656.56565657       1.837711939663476E-005
   10000000.0000000        6767676.76767677       1.628043846713921E-005
   10000000.0000000        6969696.96969697       1.427835855145328E-005
   10000000.0000000        7171717.17171717       1.238992909454867E-005
   10000000.0000000        7373737.37373737       1.063053109517579E-005
   10000000.0000000        7575757.57575757       9.011584398620381E-006
   10000000.0000000        7777777.77777778       7.540443722538882E-006
   10000000.0000000        7979797.97979798       6.220474425950996E-006
   10000000.0000000        8181818.18181818       5.051290168356672E-006
   10000000.0000000        8383838.38383838       4.029127476660651E-006
   10000000.0000000        8585858.58585858       3.147326896782401E-006
   10000000.0000000        8787878.78787879       2.396886990858777E-006
   10000000.0000000        8989898.98989899       1.767056108043565E-006
   10000000.0000000        9191919.19191919       1.245927697312991E-006
   10000000.0000000        9393939.39393939       8.210078870026078E-007
   10000000.0000000        9595959.59595960       4.797288777686654E-007
   10000000.0000000        9797979.79797980       2.098879842542120E-007
   10000000.0000000        10000000.0000000       0.000000000000000E+000
   10408121.6202428       -10000000.0000000       0.000000000000000E+000
   10408121.6202428       -9797979.79797980       6.447021315378575E-009
   10408121.6202428       -9595959.59595960       1.554088268413912E-008
   10408121.6202428       -9393939.39393939       2.821460832828650E-008
   10408121.6202428       -9191919.19191919       4.564878147425518E-008
   10408121.6202428       -8989898.98989899       6.930916875693413E-008
   10408121.6202428       -8787878.78787879       1.009808686748722E-007
   10408121.6202428       -8585858.58585859       1.427961932266388E-007
   10408121.6202428       -8383838.38383838       1.972529008036081E-007
   10408121.6202428       -8181818.18181818       2.672193073922385E-007
   10408121.6202428       -7979797.97979798       3.559230005272125E-007
   10408121.6202428       -7777777.77777778       4.669203913106959E-007
   10408121.6202428       -7575757.57575758       6.040451768228034E-007
   10408121.6202428       -7373737.37373737       7.713349312385756E-007
   10408121.6202428       -7171717.17171717       9.729364533804605E-007
   10408121.6202428       -6969696.96969697       1.212992101249029E-006
   10408121.6202428       -6767676.76767677       1.495511051931020E-006
   10408121.6202428       -6565656.56565657       1.824231138402604E-006
   10408121.6202428       -6363636.36363636       2.202478527447025E-006
   10408121.6202428       -6161616.16161616       2.633033905513770E-006
   10408121.6202428       -5959595.95959596       3.118014914879264E-006
   10408121.6202428       -5757575.75757576       3.658785197982717E-006
   10408121.6202428       -5555555.55555556       4.255900402561821E-006
   10408121.6202428       -5353535.35353535       4.909100675814282E-006
   10408121.6202428       -5151515.15151515       5.617357296901818E-006
   10408121.6202428       -4949494.94949495       6.378977914119785E-006
   10408121.6202428       -4747474.74747475       7.191770160138122E-006
   10408121.6202428       -4545454.54545455       8.053257157665995E-006
   10408121.6202428       -4343434.34343434       8.960930838508385E-006
   10408121.6202428       -4141414.14141414       9.912520792930100E-006
   10408121.6202428       -3939393.93939394       1.090624886092365E-005
   10408121.6202428       -3737373.73737374       1.194103477680139E-005
   10408121.6202428       -3535353.53535354       1.301661806504804E-005
   10408121.6202428       -3333333.33333333       1.413356783444217E-005
   10408121.6202428       -3131313.13131313       1.529316555220793E-005
   10408121.6202428       -2929292.92929293       1.649716455452397E-005
   10408121.6202428       -2727272.72727273       1.774744994796106E-005
   10408121.6202428       -2525252.52525253       1.904563841475869E-005
   10408121.6202428       -2323232.32323232       2.039266468845044E-005
   10408121.6202428       -2121212.12121212       2.178839822239564E-005
   10408121.6202428       -1919191.91919192       2.323132151948968E-005
   10408121.6202428       -1717171.71717172       2.471828531246525E-005
   10408121.6202428       -1515151.51515152       2.624434090705998E-005
   10408121.6202428       -1313131.31313131       2.780264115589352E-005
   10408121.6202428       -1111111.11111111       2.938440100220244E-005
   10408121.6202428       -909090.909090910       3.097891584249606E-005
   10408121.6202428       -707070.707070708       3.257364814000776E-005
   10408121.6202428       -505050.505050506       3.415440494232797E-005
   10408121.6202428       -303030.303030305       3.570563541763157E-005
   10408121.6202428       -101010.101010101       3.721087283044022E-005
   10408121.6202428        101010.101010101       3.865332645074248E-005
   10408121.6202428        303030.303030303       4.001659697976227E-005
   10408121.6202428        505050.505050505       4.128545087835225E-005
   10408121.6202428        707070.707070706       4.244655575721080E-005
   10408121.6202428        909090.909090908       4.348906325151540E-005
   10408121.6202428        1111111.11111111       4.440493651123917E-005
   10408121.6202428        1313131.31313131       4.518895767872310E-005
   10408121.6202428        1515151.51515151       4.583840818988240E-005
   10408121.6202428        1717171.71717172       4.635247613563018E-005
   10408121.6202428        1919191.91919192       4.673149354814359E-005
   10408121.6202428        2121212.12121212       4.697613043182487E-005
   10408121.6202428        2323232.32323232       4.708666851756834E-005
   10408121.6202428        2525252.52525252       4.706245171003729E-005
   10408121.6202428        2727272.72727273       4.690157276724515E-005
   10408121.6202428        2929292.92929293       4.660081770899090E-005
   10408121.6202428        3131313.13131313       4.615585783303388E-005
   10408121.6202428        3333333.33333333       4.556165625825305E-005
   10408121.6202428        3535353.53535353       4.481304061203771E-005
   10408121.6202428        3737373.73737374       4.390538417791974E-005
   10408121.6202428        3939393.93939394       4.283533390362655E-005
   10408121.6202428        4141414.14141414       4.160152538703496E-005
   10408121.6202428        4343434.34343434       4.020523187568210E-005
   10408121.6202428        4545454.54545454       3.865090409924742E-005
   10408121.6202428        4747474.74747475       3.694656681004337E-005
   10408121.6202428        4949494.94949495       3.510404379875414E-005
   10408121.6202428        5151515.15151515       3.313898678904420E-005
   10408121.6202428        5353535.35353535       3.107068897514909E-005
   10408121.6202428        5555555.55555555       2.892167520973661E-005
   10408121.6202428        5757575.75757576       2.671707905097210E-005
   10408121.6202428        5959595.95959596       2.448383895994593E-005
   10408121.6202428        6161616.16161616       2.224976634967358E-005
   10408121.6202428        6363636.36363636       2.004255176966123E-005
   10408121.6202428        6565656.56565657       1.788877961945260E-005
   10408121.6202428        6767676.76767677       1.581301675138533E-005
   10408121.6202428        6969696.96969697       1.383702859765777E-005
   10408121.6202428        7171717.17171717       1.197916125896598E-005
   10408121.6202428        7373737.37373737       1.025391217198489E-005
   10408121.6202428        7575757.57575757       8.671697423922962E-006
   10408121.6202428        7777777.77777778       7.238811390337251E-006
   10408121.6202428        7979797.97979798       5.957564302680930E-006
   10408121.6202428        8181818.18181818       4.826575430901672E-006
   10408121.6202428        8383838.38383838       3.841193584482917E-006
   10408121.6202428        8585858.58585858       2.994012500704736E-006
   10408121.6202428        8787878.78787879       2.275446439397725E-006
   10408121.6202428        8989898.98989899       1.674331030847404E-006
   10408121.6202428        9191919.19191919       1.178516169507677E-006
   10408121.6202428        9393939.39393939       7.754214156461261E-007
   10408121.6202428        9595959.59595960       4.525296830203009E-007
   10408121.6202428        9797979.79797980       1.978015307105938E-007
   10408121.6202428        10000000.0000000       0.000000000000000E+000
   10824405.6728905       -10000000.0000000       0.000000000000000E+000
   10824405.6728905       -9797979.79797980       5.385701414479051E-009
   10824405.6728905       -9595959.59595960       1.300574882643954E-008
   10824405.6728905       -9393939.39393939       2.366668659625578E-008
   10824405.6728905       -9191919.19191919       3.839670815672288E-008
   10824405.6728905       -8989898.98989899       5.848225999409086E-008
   10824405.6728905       -8787878.78787879       8.550264219089613E-008
   10824405.6728905       -8585858.58585859       1.213601537014134E-007
   10824405.6728905       -8383838.38383838       1.683027218522225E-007
   10824405.6728905       -8181818.18181818       2.289357598533660E-007
   10824405.6728905       -7979797.97979798       3.062200429728506E-007
   10824405.6728905       -7777777.77777778       4.034527172801989E-007
   10824405.6728905       -7575757.57575758       5.242291795864724E-007
   10824405.6728905       -7373737.37373737       6.723844934911929E-007
   10824405.6728905       -7171717.17171717       8.519142090279139E-007
   10824405.6728905       -6969696.96969697       1.066875883456780E-006
   10824405.6728905       -6767676.76767677       1.321274189742554E-006
   10824405.6728905       -6565656.56565657       1.618934163703494E-006
   10824405.6728905       -6363636.36363636       1.963368786180409E-006
   10824405.6728905       -6161616.16161616       2.357648618180949E-006
   10824405.6728905       -5959595.95959596       2.804282486406980E-006
   10824405.6728905       -5757575.75757576       3.305119113372885E-006
   10824405.6728905       -5555555.55555556       3.861279926567518E-006
   10824405.6728905       -5353535.35353535       4.473132848177174E-006
   10824405.6728905       -5151515.15151515       5.140315402483673E-006
   10824405.6728905       -4949494.94949495       5.861812705405200E-006
   10824405.6728905       -4747474.74747475       6.636091583303434E-006
   10824405.6728905       -4545454.54545455       7.461286115639830E-006
   10824405.6728905       -4343434.34343434       8.335422516692036E-006
   10824405.6728905       -4141414.14141414       9.256663148601039E-006
   10824405.6728905       -3939393.93939394       1.022354188352844E-005
   10824405.6728905       -3737373.73737374       1.123515788569350E-005
   10824405.6728905       -3535353.53535354       1.229129431849309E-005
   10824405.6728905       -3333333.33333333       1.339243425249682E-005
   10824405.6728905       -3131313.13131313       1.453965859510812E-005
   10824405.6728905       -2929292.92929293       1.573442853315471E-005
   10824405.6728905       -2727272.72727273       1.697827396427542E-005
   10824405.6728905       -2525252.52525253       1.827242469740423E-005
   10824405.6728905       -2323232.32323232       1.961742846895832E-005
   10824405.6728905       -2121212.12121212       2.101279715540535E-005
   10824405.6728905       -1919191.91919192       2.245671139043424E-005
   10824405.6728905       -1717171.71717172       2.394579828289766E-005
   10824405.6728905       -1515151.51515152       2.547498233023527E-005
   10824405.6728905       -1313131.31313131       2.703740039877177E-005
   10824405.6728905       -1111111.11111111       2.862437018737906E-005
   10824405.6728905       -909090.909090910       3.022540776992154E-005
   10824405.6728905       -707070.707070708       3.182830117042622E-005
   10824405.6728905       -505050.505050506       3.341925922785121E-005
   10824405.6728905       -303030.303030305       3.498316299619417E-005
   10824405.6728905       -101010.101010101       3.650394543706331E-005
   10824405.6728905        101010.101010101       3.796511074098408E-005
   10824405.6728905        303030.303030303       3.935037737389429E-005
   10824405.6728905        505050.505050505       4.064439387857614E-005
   10824405.6728905        707070.707070706       4.183344315563175E-005
   10824405.6728905        909090.909090908       4.290603110123928E-005
   10824405.6728905        1111111.11111111       4.385325867081333E-005
   10824405.6728905        1313131.31313131       4.466890583510522E-005
   10824405.6728905        1515151.51515151       4.534920601279065E-005
   10824405.6728905        1717171.71717172       4.589234753097902E-005
   10824405.6728905        1919191.91919192       4.629778876759588E-005
   10824405.6728905        2121212.12121212       4.656550315129022E-005
   10824405.6728905        2323232.32323232       4.669527383193057E-005
   10824405.6728905        2525252.52525252       4.668613868495469E-005
   10824405.6728905        2727272.72727273       4.653605328101224E-005
   10824405.6728905        2929292.92929293       4.624180276979871E-005
   10824405.6728905        3131313.13131313       4.579916092970882E-005
   10824405.6728905        3333333.33333333       4.520326936155823E-005
   10824405.6728905        3535353.53535353       4.444919208766170E-005
   10824405.6728905        3737373.73737374       4.353258959810010E-005
   10824405.6728905        3939393.93939394       4.245045101176314E-005
   10824405.6728905        4141414.14141414       4.120182329651568E-005
   10824405.6728905        4343434.34343434       3.978848156428507E-005
   10824405.6728905        4545454.54545454       3.821549199985728E-005
   10824405.6728905        4747474.74747475       3.649162603280075E-005
   10824405.6728905        4949494.94949495       3.462958950565764E-005
   10824405.6728905        5151515.15151515       3.264603557259555E-005
   10824405.6728905        5353535.35353535       3.056133894104900E-005
   10824405.6728905        5555555.55555555       2.839912516816416E-005
   10824405.6728905        5757575.75757576       2.618557173501103E-005
   10824405.6728905        5959595.95959596       2.394852313756498E-005
   10824405.6728905        6161616.16161616       2.171648389544987E-005
   10824405.6728905        6363636.36363636       1.951756591151882E-005
   10824405.6728905        6565656.56565657       1.737846784814843E-005
   10824405.6728905        6767676.76767677       1.532355529470454E-005
   10824405.6728905        6969696.96969697       1.337409486090752E-005
   10824405.6728905        7171717.17171717       1.154767690823093E-005
   10824405.6728905        7373737.37373737       9.857843690929407E-006
   10824405.6728905        7575757.57575757       8.313924183156752E-006
   10824405.6728905        7777777.77777778       6.921064526865400E-006
   10824405.6728905        7979797.97979798       5.680433720117893E-006
   10824405.6728905        8181818.18181818       4.589577409641244E-006
   10824405.6728905        8383838.38383838       3.642888012036580E-006
   10824405.6728905        8585858.58585858       2.832156614103012E-006
   10824405.6728905        8787878.78787879       2.147171133356518E-006
   10824405.6728905        8989898.98989899       1.576326085401369E-006
   10824405.6728905        9191919.19191919       1.107212004346278E-006
   10824405.6728905        9393939.39393939       7.271569677490919E-007
   10824405.6728905        9595959.59595960       4.236984886488144E-007
   10824405.6728905        9797979.79797980       1.849708107764913E-007
   10824405.6728905        10000000.0000000       0.000000000000000E+000
   11248852.1579431       -10000000.0000000       0.000000000000000E+000
   11248852.1579431       -9797979.79797980       4.429722643111521E-009
   11248852.1579431       -9595959.59595960       1.071978399776720E-008
   11248852.1579431       -9393939.39393939       1.955942814736705E-008
   11248852.1579431       -9191919.19191919       3.183448339613348E-008
   11248852.1579431       -8989898.98989899       4.866255608637959E-008
   11248852.1579431       -8787878.78787879       7.142752541137651E-008
   11248852.1579431       -8585858.58585859       1.018112290423733E-007
   11248852.1579431       -8383838.38383838       1.418196198373787E-007
   11248852.1579431       -8181818.18181818       1.938003939239103E-007
   11248852.1579431       -7979797.97979798       2.604490076505167E-007
   11248852.1579431       -7777777.77777778       3.448001552725877E-007
   11248852.1579431       -7575757.57575758       4.502022055629883E-007
   11248852.1579431       -7373737.37373737       5.802728085506734E-007
   11248852.1579431       -7171717.17171717       7.388348762160885E-007
   11248852.1579431       -6969696.96969697       9.298333843286317E-007
   11248852.1579431       -6767676.76767677       1.157234887817268E-006
   11248852.1579431       -6565656.56565657       1.424913223031963E-006
   11248852.1579431       -6363636.36363636       1.736526505904533E-006
   11248852.1579431       -6161616.16161616       2.095392129112646E-006
   11248852.1579431       -5959595.95959596       2.504367898405183E-006
   11248852.1579431       -5757575.75757576       2.965748585138307E-006
   11248852.1579431       -5555555.55555556       3.481187826967193E-006
   11248852.1579431       -5353535.35353535       4.051655251848461E-006
   11248852.1579431       -5151515.15151515       4.677437655489922E-006
   11248852.1579431       -4949494.94949495       5.358190728708303E-006
   11248852.1579431       -4747474.74747475       6.093043943292507E-006
   11248852.1579431       -4545454.54545455       6.880755638480539E-006
   11248852.1579431       -4343434.34343434       7.719908275770726E-006
   11248852.1579431       -4141414.14141414       8.609125890467942E-006
   11248852.1579431       -3939393.93939394       9.547288212907437E-006
   11248852.1579431       -3737373.73737374       1.053371059221569E-005
   11248852.1579431       -3535353.53535354       1.156825783515712E-005
   11248852.1579431       -3333333.33333333       1.265136509130401E-005
   11248852.1579431       -3131313.13131313       1.378395042911552E-005
   11248852.1579431       -2929292.92929293       1.496722022906492E-005
   11248852.1579431       -2727272.72727273       1.620238641139699E-005
   11248852.1579431       -2525252.52525253       1.749032915214557E-005
   11248852.1579431       -2323232.32323232       1.883124602125817E-005
   11248852.1579431       -2121212.12121212       2.022432652393929E-005
   11248852.1579431       -1919191.91919192       2.166748097610142E-005
   11248852.1579431       -1717171.71717172       2.315713817480808E-005
   11248852.1579431       -1515151.51515152       2.468811222533283E-005
   11248852.1579431       -1313131.31313131       2.625352940244109E-005
   11248852.1579431       -1111111.11111111       2.784480353675935E-005
   11248852.1579431       -909090.909090910       2.945165335168006E-005
   11248852.1579431       -707070.707070708       3.106216550420795E-005
   11248852.1579431       -505050.505050506       3.266291916266141E-005
   11248852.1579431       -303030.303030305       3.423919706125933E-005
   11248852.1579431       -101010.101010101       3.577530921699197E-005
   11248852.1579431        101010.101010101       3.725504517816360E-005
   11248852.1579431        303030.303030303       3.866224796897322E-005
   11248852.1579431        505050.505050505       3.998147125691788E-005
   11248852.1579431        707070.707070706       4.119864864184223E-005
   11248852.1579431        909090.909090908       4.230168102938808E-005
   11248852.1579431        1111111.11111111       4.328084465778942E-005
   11248852.1579431        1313131.31313131       4.412894337027967E-005
   11248852.1579431        1515151.51515151       4.484117129933065E-005
   11248852.1579431        1717171.71717172       4.541470587589655E-005
   11248852.1579431        1919191.91919192       4.584810159472302E-005
   11248852.1579431        2121212.12121212       4.614058913800252E-005
   11248852.1579431        2323232.32323232       4.629139511914194E-005
   11248852.1579431        2525252.52525252       4.629918551871485E-005
   11248852.1579431        2727272.72727273       4.616170777984367E-005
   11248852.1579431        2929292.92929293       4.587567190224228E-005
   11248852.1579431        3131313.13131313       4.543687769367686E-005
   11248852.1579431        3333333.33333333       4.484056807423455E-005
   11248852.1579431        3535353.53535353       4.408196818743736E-005
   11248852.1579431        3737373.73737374       4.315695662367220E-005
   11248852.1579431        3939393.93939394       4.206280770926669E-005
   11248852.1579431        4141414.14141414       4.079894205710704E-005
   11248852.1579431        4343434.34343434       3.936762528982389E-005
   11248852.1579431        4545454.54545454       3.777455986934749E-005
   11248852.1579431        4747474.74747475       3.602932004484366E-005
   11248852.1579431        4949494.94949495       3.414558465607515E-005
   11248852.1579431        5151515.15151515       3.214112939235708E-005
   11248852.1579431        5353535.35353535       3.003755314432324E-005
   11248852.1579431        5555555.55555555       2.785973470146071E-005
   11248852.1579431        5757575.75757576       2.563504445954978E-005
   11248852.1579431        5959595.95959596       2.339236514214338E-005
   11248852.1579431        6161616.16161616       2.116099850187328E-005
   11248852.1579431        6363636.36363636       1.896954609185225E-005
   11248852.1579431        6565656.56565657       1.684484987544491E-005
   11248852.1579431        6767676.76767677       1.481106489562293E-005
   11248852.1579431        6969696.96969697       1.288891597720533E-005
   11248852.1579431        7171717.17171717       1.109516834809903E-005
   11248852.1579431        7373737.37373737       9.442321857447360E-006
   11248852.1579431        7575757.57575757       7.938522121319244E-006
   11248852.1579431        7777777.77777778       6.587669875847557E-006
   11248852.1579431        7979797.97979798       5.389701552335725E-006
   11248852.1579431        8181818.18181818       4.341008781419662E-006
   11248852.1579431        8383838.38383838       3.434961472459536E-006
   11248852.1579431        8585858.58585858       2.662497879276720E-006
   11248852.1579431        8787878.78787879       2.012745497599696E-006
   11248852.1579431        8989898.98989899       1.473638720301065E-006
   11248852.1579431        9191919.19191919       1.032502868325594E-006
   11248852.1579431        9393939.39393939       6.765793637221851E-007
   11248852.1579431        9595959.59595960       3.934730990617338E-007
   11248852.1579431        9797979.79797980       1.715100251660472E-007
   11248852.1579431        10000000.0000000       0.000000000000000E+000
   11681461.0754005       -10000000.0000000       0.000000000000000E+000
   11681461.0754005       -9797979.79797980       3.583128567790340E-009
   11681461.0754005       -9595959.59595960       8.692408987198128E-009
   11681461.0754005       -9393939.39393939       1.590952247708511E-008
   11681461.0754005       -9191919.19191919       2.598867464728403E-008
   11681461.0754005       -8989898.98989899       3.989000530766690E-008
   11681461.0754005       -8787878.78787879       5.881342511251927E-008
   11681461.0754005       -8585858.58585859       8.423110887219106E-008
   11681461.0754005       -8383838.38383838       1.179162812738572E-007
   11681461.0754005       -8181818.18181818       1.619655875147076E-007
   11681461.0754005       -7979797.97979798       2.188121510486241E-007
   11681461.0754005       -7777777.77777778       2.912264269144086E-007
   11681461.0754005       -7575757.57575758       3.823022036507741E-007
   11681461.0754005       -7373737.37373737       4.954256162070383E-007
   11681461.0754005       -7171717.17171717       6.342258152591769E-007
   11681461.0754005       -6969696.96969697       8.025069843704049E-007
   11681461.0754005       -6767676.76767677       1.004162675694474E-006
   11681461.0754005       -6565656.56565657       1.243074899359129E-006
   11681461.0754005       -6363636.36363636       1.523001985603353E-006
   11681461.0754005       -6161616.16161616       1.847460857501237E-006
   11681461.0754005       -5959595.95959596       2.219610897268515E-006
   11681461.0754005       -5757575.75757576       2.642147919907664E-006
   11681461.0754005       -5555555.55555556       3.117217699978113E-006
   11681461.0754005       -5353535.35353535       3.646358793420527E-006
   11681461.0754005       -5151515.15151515       4.230483767128483E-006
   11681461.0754005       -4949494.94949495       4.869906074625919E-006
   11681461.0754005       -4747474.74747475       5.564416404600991E-006
   11681461.0754005       -4545454.54545455       6.313407220935516E-006
   11681461.0754005       -4343434.34343434       7.116037535630413E-006
   11681461.0754005       -4141414.14141414       7.971422300473806E-006
   11681461.0754005       -3939393.93939394       8.878823356989254E-006
   11681461.0754005       -3737373.73737374       9.837813409504416E-006
   11681461.0754005       -3535353.53535354       1.084838301846647E-005
   11681461.0754005       -3333333.33333333       1.191096482475120E-005
   11681461.0754005       -3131313.13131313       1.302635959078531E-005
   11681461.0754005       -2929292.92929293       1.419556380071316E-005
   11681461.0754005       -2727272.72727273       1.541951522817209E-005
   11681461.0754005       -2525252.52525253       1.669878675445776E-005
   11681461.0754005       -2323232.32323232       1.803326598683553E-005
   11681461.0754005       -2121212.12121212       1.942185704350057E-005
   11681461.0754005       -1919191.91919192       2.086223208324297E-005
   11681461.0754005       -1717171.71717172       2.235064692664836E-005
   11681461.0754005       -1515151.51515152       2.388182172110761E-005
   11681461.0754005       -1313131.31313131       2.544887800645267E-005
   11681461.0754005       -1111111.11111111       2.704332027345601E-005
   11681461.0754005       -909090.909090910       2.865505374144974E-005
   11681461.0754005       -707070.707070708       3.027243921205548E-005
   11681461.0754005       -505050.505050506       3.188239743308274E-005
   11681461.0754005       -303030.303030305       3.347058524342157E-005
   11681461.0754005       -101010.101010101       3.502166929346862E-005
   11681461.0754005        101010.101010101       3.651971651911777E-005
   11681461.0754005        303030.303030303       3.794870220495697E-005
   11681461.0754005        505050.505050505       3.929310849765202E-005
   11681461.0754005        707070.707070706       4.053855496899706E-005
   11681461.0754005        909090.909090908       4.167237779471707E-005
   11681461.0754005        1111111.11111111       4.268406509463783E-005
   11681461.0754005        1313131.31313131       4.356546917518379E-005
   11681461.0754005        1515151.51515151       4.431075133666572E-005
   11681461.0754005        1717171.71717172       4.491606369715150E-005
   11681461.0754005        1919191.91919192       4.537902234549278E-005
   11681461.0754005        2121212.12121212       4.569806397087133E-005
   11681461.0754005        2323232.32323232       4.587179525308113E-005
   11681461.0754005        2525252.52525252       4.589843910424556E-005
   11681461.0754005        2727272.72727273       4.577545918687190E-005
   11681461.0754005        2929292.92929293       4.549941228467419E-005
   11681461.0754005        3131313.13131313       4.506604509159426E-005
   11681461.0754005        3333333.33333333       4.447062311091746E-005
   11681461.0754005        3535353.53535353       4.370845682041562E-005
   11681461.0754005        3737373.73737374       4.277557428921226E-005
   11681461.0754005        3939393.93939394       4.166947958257009E-005
   11681461.0754005        4141414.14141414       4.038993188711178E-005
   11681461.0754005        4343434.34343434       3.893968009438511E-005
   11681461.0754005        4545454.54545454       3.732508972768959E-005
   11681461.0754005        4747474.74747475       3.555660213707812E-005
   11681461.0754005        4949494.94949495       3.364897044339214E-005
   11681461.0754005        5151515.15151515       3.162122599395018E-005
   11681461.0754005        5353535.35353535       2.949634704966814E-005
   11681461.0754005        5555555.55555555       2.730062943631596E-005
   11681461.0754005        5757575.75757576       2.506279352416678E-005
   11681461.0754005        5959595.95959596       2.281289558414169E-005
   11681461.0754005        6161616.16161616       2.058113584631365E-005
   11681461.0754005        6363636.36363636       1.839666477370463E-005
   11681461.0754005        6565656.56565657       1.628648227300961E-005
   11681461.0754005        6767676.76767677       1.427450535234460E-005
   11681461.0754005        6969696.96969697       1.238085405845141E-005
   11681461.0754005        7171717.17171717       1.062137930451092E-005
   11681461.0754005        7373737.37373737       9.007433625582041E-006
   11681461.0754005        7575757.57575757       7.545868885300037E-006
   11681461.0754005        7777777.77777778       6.239233540349507E-006
   11681461.0754005        7979797.97979798       5.086135237563407E-006
   11681461.0754005        8181818.18181818       4.081731008628302E-006
   11681461.0754005        8383838.38383838       3.218306123180931E-006
   11681461.0754005        8585858.58585858       2.485903164839533E-006
   11681461.0754005        8787878.78787879       1.872964861891671E-006
   11681461.0754005        8989898.98989899       1.366957571194985E-006
   11681461.0754005        9191919.19191919       9.549470221549673E-007
   11681461.0754005        9393939.39393939       6.241038062400142E-007
   11681461.0754005        9595959.59595960       3.621228196794851E-007
   11681461.0754005        9797979.79797980       1.575479639178992E-007
   11681461.0754005        10000000.0000000       0.000000000000000E+000
   12122232.4252627       -10000000.0000000       0.000000000000000E+000
   12122232.4252627       -9797979.79797980       2.846613548552242E-009
   12122232.4252627       -9595959.59595960       6.925333703282850E-009
   12122232.4252627       -9393939.39393939       1.272040069842440E-008
   12122232.4252627       -9191919.19191919       2.086569417246723E-008
   12122232.4252627       -8989898.98989899       3.217601715891736E-008
   12122232.4252627       -8787878.78787879       4.767974654711541E-008
   12122232.4252627       -8585858.58585859       6.865141304508040E-008
   12122232.4252627       -8383838.38383838       9.664221039154614E-008
   12122232.4252627       -8181818.18181818       1.335060481978353E-007
   12122232.4252627       -7979797.97979798       1.814184881206396E-007
   12122232.4252627       -7777777.77777778       2.428857839024185E-007
   12122232.4252627       -7575757.57575758       3.207413279943353E-007
   12122232.4252627       -7373737.37373737       4.181271265466757E-007
   12122232.4252627       -7171717.17171717       5.384585023950045E-007
   12122232.4252627       -6969696.96969697       6.853710680110578E-007
   12122232.4252627       -6767676.76767677       8.626501054433817E-007
   12122232.4252627       -6565656.56565657       1.074143808155079E-006
   12122232.4252627       -6363636.36363636       1.323663331498853E-006
   12122232.4252627       -6161616.16161616       1.614874193936703E-006
   12122232.4252627       -5959595.95959596       1.951185172508069E-006
   12122232.4252627       -5757575.75757576       2.335642309795203E-006
   12122232.4252627       -5555555.55555556       2.770836814435690E-006
   12122232.4252627       -5353535.35353535       3.258836254395098E-006
   12122232.4252627       -5151515.15151515       3.801148215205450E-006
   12122232.4252627       -4949494.94949495       4.398724190388828E-006
   12122232.4252627       -4747474.74747475       5.052008572969108E-006
   12122232.4252627       -4545454.54545455       5.761033031566481E-006
   12122232.4252627       -4343434.34343434       6.525550361412846E-006
   12122232.4252627       -4141414.14141414       7.345194627332728E-006
   12122232.4252627       -3939393.93939394       8.219647171248046E-006
   12122232.4252627       -3737373.73737374       9.148782513462510E-006
   12122232.4252627       -3535353.53535354       1.013276628324549E-005
   12122232.4252627       -3333333.33333333       1.117208069249458E-005
   12122232.4252627       -3131313.13131313       1.226746222992138E-005
   12122232.4252627       -2929292.92929293       1.341974999013788E-005
   12122232.4252627       -2727272.72727273       1.462965840146013E-005
   12122232.4252627       -2525252.52525253       1.589750115564768E-005
   12122232.4252627       -2323232.32323232       1.722290035183410E-005
   12122232.4252627       -2121212.12121212       1.860451444850819E-005
   12122232.4252627       -1919191.91919192       2.003981114294324E-005
   12122232.4252627       -1717171.71717172       2.152489942252747E-005
   12122232.4252627       -1515151.51515152       2.305442250698805E-005
   12122232.4252627       -1313131.31313131       2.462150385718718E-005
   12122232.4252627       -1111111.11111111       2.621773438921212E-005
   12122232.4252627       -909090.909090910       2.783319137032203E-005
   12122232.4252627       -707070.707070708       2.945648728913582E-005
   12122232.4252627       -505050.505050506       3.107485782082664E-005
   12122232.4252627       -303030.303030305       3.267430820714045E-005
   12122232.4252627       -101010.101010101       3.423984272735538E-005
   12122232.4252627        101010.101010101       3.575579860260132E-005
   12122232.4252627        303030.303030303       3.720629148034770E-005
   12122232.4252627        505050.505050505       3.857575549579874E-005
   12122232.4252627        707070.707070706       3.984953162778921E-005
   12122232.4252627        909090.909090908       4.101443189301842E-005
   12122232.4252627        1111111.11111111       4.205919326735535E-005
   12122232.4252627        1313131.31313131       4.297474123111236E-005
   12122232.4252627        1515151.51515151       4.375421010944934E-005
   12122232.4252627        1717171.71717172       4.439271055013525E-005
   12122232.4252627        1919191.91919192       4.488688261177679E-005
   12122232.4252627        2121212.12121212       4.523431337160195E-005
   12122232.4252627        2323232.32323232       4.543292091765043E-005
   12122232.4252627        2525252.52525252       4.548040833141663E-005
   12122232.4252627        2727272.72727273       4.537387451009502E-005
   12122232.4252627        2929292.92929293       4.510964035499116E-005
   12122232.4252627        3131313.13131313       4.468331672838558E-005
   12122232.4252627        3333333.33333333       4.409011055329245E-005
   12122232.4252627        3535353.53535353       4.332534059099128E-005
   12122232.4252627        3737373.73737374       4.238511567987042E-005
   12122232.4252627        3939393.93939394       4.126711535380507E-005
   12122232.4252627        4141414.14141414       3.997140506251599E-005
   12122232.4252627        4343434.34343434       3.850121448656516E-005
   12122232.4252627        4545454.54545454       3.686360624901762E-005
   12122232.4252627        4747474.74747475       3.506996314776560E-005
   12122232.4252627        4949494.94949495       3.313622660208890E-005
   12122232.4252627        5151515.15151515       3.108283128711035E-005
   12122232.4252627        5353535.35353535       2.893430474790248E-005
   12122232.4252627        5555555.55555555       2.671853634435653E-005
   12122232.4252627        5757575.75757576       2.446576179676175E-005
   12122232.4252627        5959595.95959596       2.220734825918391E-005
   12122232.4252627        6161616.16161616       1.997449037866170E-005
   12122232.4252627        6363636.36363636       1.779693428639243E-005
   12122232.4252627        6565656.56565657       1.570183400484239E-005
   12122232.4252627        6767676.76767677       1.371281862978322E-005
   12122232.4252627        6969696.96969697       1.184931658771112E-005
   12122232.4252627        7171717.17171717       1.012615243506836E-005
   12122232.4252627        7373737.37373737       8.553406707888732E-006
   12122232.4252627        7575757.57575757       7.136511960843738E-006
   12122232.4252627        7777777.77777778       5.876547820019033E-006
   12122232.4252627        7979797.97979798       4.770692963675488E-006
   12122232.4252627        8181818.18181818       3.812790654237868E-006
   12122232.4252627        8383838.38383838       2.993985417200094E-006
   12122232.4252627        8585858.58585858       2.303390922383690E-006
   12122232.4252627        8787878.78787879       1.728752751704567E-006
   12122232.4252627        8989898.98989899       1.257074448239237E-006
   12122232.4252627        9191919.19191919       8.751809684820877E-007
   12122232.4252627        9393939.39393939       5.702002278263290E-007
   12122232.4252627        9595959.59595960       3.299505132107326E-007
   12122232.4252627        9797979.79797980       1.432286682209586E-007
   12122232.4252627        10000000.0000000       0.000000000000000E+000
   12571166.2075298       -10000000.0000000       0.000000000000000E+000
   12571166.2075298       -9797979.79797980       2.217778427984218E-009
   12571166.2075298       -9595959.59595960       5.413126628631848E-009
   12571166.2075298       -9393939.39393939       9.983167777155625E-009
   12571166.2075298       -9191919.19191919       1.645312577363497E-008
   12571166.2075298       -8989898.98989899       2.550518848174425E-008
   12571166.2075298       -8787878.78787879       3.800948685215166E-008
   12571166.2075298       -8585858.58585859       5.505607350023147E-008
   12571166.2075298       -8383838.38383838       7.798626560760272E-008
   12571166.2075298       -8181818.18181818       1.084213102445777E-007
   12571166.2075298       -7979797.97979798       1.482859947798282E-007
   12571166.2075298       -7777777.77777778       1.998246046942523E-007
   12571166.2075298       -7575757.57575758       2.656065730886361E-007
   12571166.2075298       -7373737.37373737       3.485193119885030E-007
   12571166.2075298       -7171717.17171717       4.517460973474818E-007
   12571166.2075298       -6969696.96969697       5.787275170333338E-007
   12571166.2075298       -6767676.76767677       7.331058886933246E-007
   12571166.2075298       -6565656.56565657       9.186532000219697E-007
   12571166.2075298       -6363636.36363636       1.139184486311431E-006
   12571166.2075298       -6161616.16161616       1.398460085205616E-006
   12571166.2075298       -5959595.95959596       1.700081813096359E-006
   12571166.2075298       -5757575.75757576       2.047389669563746E-006
   12571166.2075298       -5555555.55555556       2.443367022882634E-006
   12571166.2075298       -5353535.35353535       2.890563126808438E-006
   12571166.2075298       -5151515.15151515       3.391041969456834E-006
   12571166.2075298       -4949494.94949495       3.946365517232595E-006
   12571166.2075298       -4747474.74747475       4.557617056493765E-006
   12571166.2075298       -4545454.54545455       5.225466326276097E-006
   12571166.2075298       -4343434.34343434       5.950272505066952E-006
   12571166.2075298       -4141414.14141414       6.732214318190792E-006
   12571166.2075298       -3939393.93939394       7.571429584262973E-006
   12571166.2075298       -3737373.73737374       8.468140982296003E-006
   12571166.2075298       -3535353.53535354       9.422742539977123E-006
   12571166.2075298       -3333333.33333333       1.043582388232508E-005
   12571166.2075298       -3131313.13131313       1.150811719282267E-005
   12571166.2075298       -2929292.92929293       1.264036409967919E-005
   12571166.2075298       -2727272.72727273       1.383311367377539E-005
   12571166.2075298       -2525252.52525253       1.508647487364023E-005
   12571166.2075298       -2323232.32323232       1.639985386844880E-005
   12571166.2075298       -2121212.12121212       1.777170696740968E-005
   12571166.2075298       -1919191.91919192       1.919933370534243E-005
   12571166.2075298       -1717171.71717172       2.067872415988752E-005
   12571166.2075298       -1515151.51515152       2.220446303642975E-005
   12571166.2075298       -1313131.31313131       2.376968372582345E-005
   12571166.2075298       -1111111.11111111       2.536606087349987E-005
   12571166.2075298       -909090.909090910       2.698383110218302E-005
   12571166.2075298       -707070.707070708       2.861183796897987E-005
   12571166.2075298       -505050.505050506       3.023760711230805E-005
   12571166.2075298       -303030.303030305       3.184746776388310E-005
   12571166.2075298       -101010.101010101       3.342674355342101E-005
   12571166.2075298        101010.101010101       3.496003505105843E-005
   12571166.2075298        303030.303030303       3.643160617872440E-005
   12571166.2075298        505050.505050505       3.782586637811911E-005
   12571166.2075298        707070.707070706       3.912791365829066E-005
   12571166.2075298        909090.909090908       4.032407724406488E-005
   12571166.2075298        1111111.11111111       4.140238127884412E-005
   12571166.2075298        1313131.31313131       4.235285060268314E-005
   12571166.2075298        1515151.51515151       4.316759939848864E-005
   12571166.2075298        1717171.71717172       4.384068049960607E-005
   12571166.2075298        1919191.91919192       4.436771850353252E-005
   12571166.2075298        2121212.12121212       4.474539173821401E-005
   12571166.2075298        2323232.32323232       4.497085611060127E-005
   12571166.2075298        2525252.52525252       4.504121235093343E-005
   12571166.2075298        2727272.72727273       4.495310771408651E-005
   12571166.2075298        2929292.92929293       4.470253915262934E-005
   12571166.2075298        3131313.13131313       4.428489452202960E-005
   12571166.2075298        3333333.33333333       4.369523774460963E-005
   12571166.2075298        3535353.53535353       4.292881688942041E-005
   12571166.2075298        3737373.73737374       4.198175238225803E-005
   12571166.2075298        3939393.93939394       4.085184616363058E-005
   12571166.2075298        4141414.14141414       3.953944093088810E-005
   12571166.2075298        4343434.34343434       3.804825061179688E-005
   12571166.2075298        4545454.54545454       3.638607809312399E-005
   12571166.2075298        4747474.74747475       3.456533452590926E-005
   12571166.2075298        4949494.94949495       3.260327924485642E-005
   12571166.2075298        5151515.15151515       3.052191528720456E-005
   12571166.2075298        5353535.35353535       2.834750635771226E-005
   12571166.2075298        5555555.55555555       2.610972566214909E-005
   12571166.2075298        5757575.75757576       2.384049757061222E-005
   12571166.2075298        5959595.95959596       2.157263741736570E-005
   12571166.2075298        6161616.16161616       1.933842132504201E-005
   12571166.2075298        6363636.36363636       1.716822066130129E-005
   12571166.2075298        6565656.56565657       1.508931605012927E-005
   12571166.2075298        6767676.76767677       1.312497130063396E-005
   12571166.2075298        6969696.96969697       1.129380810125166E-005
   12571166.2075298        7171717.17171717       9.609486425581823E-006
   12571166.2075298        7373737.37373737       8.080668361729377E-006
   12571166.2075298        7575757.57575757       6.711225825723847E-006
   12571166.2075298        7777777.77777778       5.500644031725387E-006
   12571166.2075298        7979797.97979798       4.444570210400310E-006
   12571166.2075298        8181818.18181818       3.535458492222424E-006
   12571166.2075298        8383838.38383838       2.763265379634184E-006
   12571166.2075298        8585858.58585858       2.116154874311358E-006
   12571166.2075298        8787878.78787879       1.581177734175971E-006
   12571166.2075298        8989898.98989899       1.144895423406756E-006
   12571166.2075298        9191919.19191919       7.939260352093686E-007
   12571166.2075298        9393939.39393939       5.153966481571925E-007
   12571166.2075298        9595959.59595960       2.972939127223477E-007
   12571166.2075298        9797979.79797980       1.287117004005724E-007
   12571166.2075298        10000000.0000000       0.000000000000000E+000
   13028262.4222018       -10000000.0000000       0.000000000000000E+000
   13028262.4222018       -9797979.79797980       1.691501200460214E-009
   13028262.4222018       -9595959.59595960       4.144044758271324E-009
   13028262.4222018       -9393939.39393939       7.677975179855128E-009
   13028262.4222018       -9191919.19191919       1.272170922738107E-008
   13028262.4222018       -8989898.98989899       1.983794324909742E-008
   13028262.4222018       -8787878.78787879       2.975253580144064E-008
   13028262.4222018       -8585858.58585859       4.338525081576780E-008
   13028262.4222018       -8383838.38383838       6.188108410494170E-008
   13028262.4222018       -8181818.18181818       8.664048752445388E-008
   13028262.4222018       -7979797.97979798       1.193464324488054E-007
   13028262.4222018       -7777777.77777778       1.619859580092206E-007
   13028262.4222018       -7575757.57575758       2.168636758669634E-007
   13028262.4222018       -7373737.37373737       2.866046966839932E-007
   13028262.4222018       -7171717.17171717       3.741446432430072E-007
   13028262.4222018       -6969696.96969697       4.827048520633155E-007
   13028262.4222018       -6767676.76767677       6.157515583079726E-007
   13028262.4222018       -6565656.56565657       7.769388120912923E-007
   13028262.4222018       -6363636.36363636       9.700360743445252E-007
   13028262.4222018       -6161616.16161616       1.198842850896473E-006
   13028262.4222018       -5959595.95959596       1.467094278219147E-006
   13028262.4222018       -5757575.75757576       1.778363167048830E-006
   13028262.4222018       -5555555.55555556       2.135965481754889E-006
   13028262.4222018       -5353535.35353535       2.542877360597216E-006
   13028262.4222018       -5151515.15151515       3.001672273882917E-006
   13028262.4222018       -4949494.94949495       3.514486430333161E-006
   13028262.4222018       -4747474.74747475       4.083018729866998E-006
   13028262.4222018       -4545454.54545455       4.708568167027155E-006
   13028262.4222018       -4343434.34343434       5.392106588986728E-006
   13028262.4222018       -4141414.14141414       6.134378480265680E-006
   13028262.4222018       -3939393.93939394       6.936012889191484E-006
   13028262.4222018       -3737373.73737374       7.797627164777970E-006
   13028262.4222018       -3535353.53535354       8.719899562179880E-006
   13028262.4222018       -3333333.33333333       9.703589498439490E-006
   13028262.4222018       -3131313.13131313       1.074949089778429E-005
   13028262.4222018       -2929292.92929293       1.185831482807790E-005
   13028262.4222018       -2727272.72727273       1.303051019775929E-005
   13028262.4222018       -2525252.52525253       1.426604249879197E-005
   13028262.4222018       -2323232.32323232       1.556415750133173E-005
   13028262.4222018       -2121212.12121212       1.692315773915693E-005
   13028262.4222018       -1919191.91919192       1.834021467142469E-005
   13028262.4222018       -1717171.71717172       1.981123031429941E-005
   13028262.4222018       -1515151.51515152       2.133075164853114E-005
   13028262.4222018       -1313131.31313131       2.289193213120692E-005
   13028262.4222018       -1111111.11111111       2.448652950640808E-005
   13028262.4222018       -909090.909090910       2.610492908939488E-005
   13028262.4222018       -707070.707070708       2.773618675509154E-005
   13028262.4222018       -505050.505050506       2.936809462705989E-005
   13028262.4222018       -303030.303030305       3.098728239554740E-005
   13028262.4222018       -101010.101010101       3.257937491856462E-005
   13028262.4222018        101010.101010101       3.412922868187384E-005
   13028262.4222018        303030.303030303       3.562126294525928E-005
   13028262.4222018        505050.505050505       3.703988506078262E-005
   13028262.4222018        707070.707070706       3.836998563460818E-005
   13028262.4222018        909090.909090908       3.959745342638716E-005
   13028262.4222018        1111111.11111111       4.070964004041644E-005
   13028262.4222018        1313131.31313131       4.169569844423753E-005
   13028262.4222018        1515151.51515151       4.254673192640443E-005
   13028262.4222018        1717171.71717172       4.325572052611913E-005
   13028262.4222018        1919191.91919192       4.381723354707760E-005
   13028262.4222018        2121212.12121212       4.422697894275203E-005
   13028262.4222018        2323232.32323232       4.448127243645719E-005
   13028262.4222018        2525252.52525252       4.457652411212159E-005
   13028262.4222018        2727272.72727273       4.450883634905406E-005
   13028262.4222018        2929292.92929293       4.427378793013015E-005
   13028262.4222018        3131313.13131313       4.386645121091577E-005
   13028262.4222018        3333333.33333333       4.328165864924384E-005
   13028262.4222018        3535353.53535353       4.251450617181148E-005
   13028262.4222018        3737373.73737374       4.156105597494479E-005
   13028262.4222018        3939393.93939394       4.041918092101545E-005
   13028262.4222018        4141414.14141414       3.908947627044956E-005
   13028262.4222018        4343434.34343434       3.757615139387218E-005
   13028262.4222018        4545454.54545454       3.588780429771718E-005
   13028262.4222018        4747474.74747475       3.403797712990138E-005
   13028262.4222018        4949494.94949495       3.204539579757512E-005
   13028262.4222018        5151515.15151515       2.993381725769840E-005
   13028262.4222018        5353535.35353535       2.773144744051046E-005
   13028262.4222018        5555555.55555555       2.546994820945657E-005
   13028262.4222018        5757575.75757576       2.318311253919840E-005
   13028262.4222018        5959595.95959596       2.090533789182403E-005
   13028262.4222018        6161616.16161616       1.867005497677712E-005
   13028262.4222018        6363636.36363636       1.650826655638561E-005
   13028262.4222018        6565656.56565657       1.444732206720231E-005
   13028262.4222018        6767676.76767677       1.251000900927181E-005
   13028262.4222018        6969696.96969697       1.071399390236533E-005
   13028262.4222018        7171717.17171717       9.071604258922816E-006
   13028262.4222018        7373737.37373737       7.589913805206070E-006
   13028262.4222018        7575757.57575757       6.271076740011127E-006
   13028262.4222018        7777777.77777778       5.112850772261877E-006
   13028262.4222018        7979797.97979798       4.109249567431645E-006
   13028262.4222018        8181818.18181818       3.251269948813486E-006
   13028262.4222018        8383838.38383838       2.527645629596775E-006
   13028262.4222018        8585858.58585858       1.925586299935172E-006
   13028262.4222018        8787878.78787879       1.431468174851102E-006
   13028262.4222018        8989898.98989899       1.031449572171011E-006
   13028262.4222018        9191919.19191919       7.119927219235949E-007
   13028262.4222018        9393939.39393939       4.602806791907799E-007
   13028262.4222018        9595959.59595960       2.645256448973733E-007
   13028262.4222018        9797979.79797980       1.141717689653176E-007
   13028262.4222018        10000000.0000000       0.000000000000000E+000
   13493521.0692786       -10000000.0000000       0.000000000000000E+000
   13493521.0692786       -9797979.79797980       1.260400628630377E-009
   13493521.0692786       -9595959.59595960       3.101076337130135E-009
   13493521.0692786       -9393939.39393939       5.775758016406240E-009
   13493521.0692786       -9191919.19191919       9.627877268368201E-009
   13493521.0692786       -8989898.98989899       1.511395276153639E-008
   13493521.0692786       -8787878.78787879       2.283002622317926E-008
   13493521.0692786       -8585858.58585859       3.354060998890658E-008
   13493521.0692786       -8383838.38383838       4.820921084749449E-008
   13493521.0692786       -8181818.18181818       6.802910274999955E-008
   13493521.0692786       -7979797.97979798       9.445263379928505E-008
   13493521.0692786       -7777777.77777778       1.292170065732141E-007
   13493521.0692786       -7575757.57575758       1.743642079387952E-007
   13493521.0692786       -7373737.37373737       2.322526297389968E-007
   13493521.0692786       -7171717.17171717       3.055579584843725E-007
   13493521.0692786       -6969696.96969697       3.972611591933001E-007
   13493521.0692786       -6767676.76767677       5.106218664330784E-007
   13493521.0692786       -6565656.56565657       6.491362434333132E-007
   13493521.0692786       -6363636.36363636       8.164793811619199E-007
   13493521.0692786       -6161616.16161616       1.016433565506168E-006
   13493521.0692786       -5959595.95959596       1.252805195035202E-006
   13493521.0692786       -5757575.75757576       1.529334696989251E-006
   13493521.0692786       -5555555.55555556       1.849605324557579E-006
   13493521.0692786       -5353535.35353535       2.216958017661357E-006
   13493521.0692786       -5151515.15151515       2.634420294450434E-006
   13493521.0692786       -4949494.94949495       3.104657074440387E-006
   13493521.0692786       -4747474.74747475       3.629950063729236E-006
   13493521.0692786       -4545454.54545455       4.212209576530623E-006
   13493521.0692786       -4343434.34343434       4.853018349242211E-006
   13493521.0692786       -4141414.14141414       5.553701313446866E-006
   13493521.0692786       -3939393.93939394       6.315409220047136E-006
   13493521.0692786       -3737373.73737374       7.139198742584054E-006
   13493521.0692786       -3535353.53535354       8.026088825066322E-006
   13493521.0692786       -3333333.33333333       8.977074002345380E-006
   13493521.0692786       -3131313.13131313       9.993080854296244E-006
   13493521.0692786       -2929292.92929293       1.107486303140053E-005
   13493521.0692786       -2727272.72727273       1.222284144549571E-005
   13493521.0692786       -2525252.52525253       1.343690647280748E-005
   13493521.0692786       -2323232.32323232       1.471620569557603E-005
   13493521.0692786       -2121212.12121212       1.605894217832576E-005
   13493521.0692786       -1919191.91919192       1.746220443910865E-005
   13493521.0692786       -1717171.71717172       1.892184149869894E-005
   13493521.0692786       -1515151.51515152       2.043238697110639E-005
   13493521.0692786       -1313131.31313131       2.198702764335608E-005
   13493521.0692786       -1111111.11111111       2.357760655578147E-005
   13493521.0692786       -909090.909090910       2.519464959493345E-005
   13493521.0692786       -707070.707070708       2.682740833367616E-005
   13493521.0692786       -505050.505050506       2.846391940882135E-005
   13493521.0692786       -303030.303030305       3.009109010642852E-005
   13493521.0692786       -101010.101010101       3.169482812110612E-005
   13493521.0692786        101010.101010101       3.326023732571790E-005
   13493521.0692786        303030.303030303       3.477189783747984E-005
   13493521.0692786        505050.505050505       3.621423613113504E-005
   13493521.0692786        707070.707070706       3.757197041370901E-005
   13493521.0692786        909090.909090908       3.883059209390208E-005
   13493521.0692786        1111111.11111111       3.997682280704936E-005
   13493521.0692786        1313131.31313131       4.099897580841682E-005
   13493521.0692786        1515151.51515151       4.188715641095581E-005
   13493521.0692786        1717171.71717172       4.263325975589047E-005
   13493521.0692786        1919191.91919192       4.323076111980257E-005
   13493521.0692786        2121212.12121212       4.367433518999782E-005
   13493521.0692786        2323232.32323232       4.395937583367517E-005
   13493521.0692786        2525252.52525252       4.408150860660015E-005
   13493521.0692786        2727272.72727273       4.403619110714528E-005
   13493521.0692786        2929292.92929293       4.381848290825752E-005
   13493521.0692786        3131313.13131313       4.342304225355183E-005
   13493521.0692786        3333333.33333333       4.284437692017082E-005
   13493521.0692786        3535353.53535353       4.207734637006513E-005
   13493521.0692786        3737373.73737374       4.111788423300040E-005
   13493521.0692786        3939393.93939394       3.996388519423224E-005
   13493521.0692786        4141414.14141414       3.861617837286741E-005
   13493521.0692786        4343434.34343434       3.707949008062554E-005
   13493521.0692786        4545454.54545454       3.536328341474089E-005
   13493521.0692786        4747474.74747475       3.348235392538300E-005
   13493521.0692786        4949494.94949495       3.145706591631580E-005
   13493521.0692786        5151515.15151515       2.931313987009719E-005
   13493521.0692786        5353535.35353535       2.708095132101692E-005
   13493521.0692786        5555555.55555555       2.479437011427056E-005
   13493521.0692786        5757575.75757576       2.248924192897382E-005
   13493521.0692786        5959595.95959596       2.020167195107101E-005
   13493521.0692786        6161616.16161616       1.796629764596488E-005
   13493521.0692786        6363636.36363636       1.581472780008282E-005
   13493521.0692786        6565656.56565657       1.377428439995777E-005
   13493521.0692786        6767676.76767677       1.186712668863422E-005
   13493521.0692786        6969696.96969697       1.010977870012998E-005
   13493521.0692786        7171717.17171717       8.513034547526098E-006
   13493521.0692786        7373737.37373737       7.082185097486026E-006
   13493521.0692786        7575757.57575757       5.817495000893996E-006
   13493521.0692786        7777777.77777778       4.714856578918630E-006
   13493521.0692786        7979797.97979798       3.766552109217913E-006
   13493521.0692786        8181818.18181818       2.962064709308925E-006
   13493521.0692786        8383838.38383838       2.288887769605514E-006
   13493521.0692786        8585858.58585858       1.733292543742433E-006
   13493521.0692786        8787878.78787879       1.281022708025651E-006
   13493521.0692786        8989898.98989899       9.178934809994801E-007
   13493521.0692786        9191919.19191919       6.302813082572929E-007
   13493521.0692786        9393939.39393939       4.054980949521159E-007
   13493521.0692786        9595959.59595960       2.320512882612096E-007
   13493521.0692786        9797979.79797980       9.979740096287716E-008
   13493521.0692786        10000000.0000000       0.000000000000000E+000
   13966942.1487603       -10000000.0000000       0.000000000000000E+000
   13966942.1487603       -9797979.79797980       9.153658997891779E-010
   13966942.1487603       -9595959.59595960       2.263137661408232E-009
   13966942.1487603       -9393939.39393939       4.240242082202240E-009
   13966942.1487603       -9191919.19191919       7.116712146318290E-009
   13966942.1487603       -8989898.98989899       1.125616454820167E-008
   13966942.1487603       -8787878.78787879       1.713952611921955E-008
   13966942.1487603       -8585858.58585859       2.539171700901457E-008
   13966942.1487603       -8383838.38383838       3.681067255455254E-008
   13966942.1487603       -8181818.18181818       5.239772559632379E-008
   13966942.1487603       -7979797.97979798       7.338799048750679E-008
   13966942.1487603       -7777777.77777778       1.012790188159270E-007
   13966942.1487603       -7575757.57575758       1.378556722411543E-007
   13966942.1487603       -7373737.37373737       1.852089220005341E-007
   13966942.1487603       -7171717.17171717       2.457461819302259E-007
   13966942.1487603       -6969696.96969697       3.221908557993475E-007
   13966942.1487603       -6767676.76767677       4.175690696432564E-007
   13966942.1487603       -6565656.56565657       5.351820968542362E-007
   13966942.1487603       -6363636.36363636       6.785637866932131E-007
   13966942.1487603       -6161616.16161616       8.514233755993136E-007
   13966942.1487603       -5959595.95959596       1.057575368047266E-006
   13966942.1487603       -5757575.75757576       1.300859654061992E-006
   13966942.1487603       -5555555.55555556       1.585056565771350E-006
   13966942.1487603       -5353535.35353535       1.913802981372627E-006
   13966942.1487603       -5151515.15151515       2.290516603668425E-006
   13966942.1487603       -4949494.94949495       2.718335848562251E-006
   13966942.1487603       -4747474.74747475       3.200082025311033E-006
   13966942.1487603       -4545454.54545455       3.738248374757391E-006
   13966942.1487603       -4343434.34343434       4.335016929724432E-006
   13966942.1487603       -4141414.14141414       4.992299276999442E-006
   13966942.1487603       -3939393.93939394       5.711791794477177E-006
   13966942.1487603       -3737373.73737374       6.495030951558444E-006
   13966942.1487603       -3535353.53535354       7.343431240927967E-006
   13966942.1487603       -3333333.33333333       8.258288595235391E-006
   13966942.1487603       -3131313.13131313       9.240736417597310E-006
   13966942.1487603       -2929292.92929293       1.029164919101306E-005
   13966942.1487603       -2727272.72727273       1.141149839542367E-005
   13966942.1487603       -2525252.52525253       1.260017473322008E-005
   13966942.1487603       -2323232.32323232       1.385679703647216E-005
   13966942.1487603       -2121212.12121212       1.517953012490858E-005
   13966942.1487603       -1919191.91919192       1.656543103586323E-005
   13966942.1487603       -1717171.71717172       1.801033648138551E-005
   13966942.1487603       -1515151.51515152       1.950879600779109E-005
   13966942.1487603       -1313131.31313131       2.105404735057678E-005
   13966942.1487603       -1111111.11111111       2.263802488576317E-005
   13966942.1487603       -909090.909090910       2.425139026216374E-005
   13966942.1487603       -707070.707070708       2.588357678127844E-005
   13966942.1487603       -505050.505050506       2.752284539427156E-005
   13966942.1487603       -303030.303030305       2.915635879903926E-005
   13966942.1487603       -101010.101010101       3.077028861707662E-005
   13966942.1487603        101010.101010101       3.234997599064952E-005
   13966942.1487603        303030.303030303       3.388016517614058E-005
   13966942.1487603        505050.505050505       3.534532079303930E-005
   13966942.1487603        707070.707070706       3.673002233740218E-005
   13966942.1487603        909090.909090908       3.801940725299544E-005
   13966942.1487603        1111111.11111111       3.919961196078692E-005
   13966942.1487603        1313131.31313131       4.025814600977702E-005
   13966942.1487603        1515151.51515151       4.118413432803439E-005
   13966942.1487603        1717171.71717172       4.196837933936479E-005
   13966942.1487603        1919191.91919192       4.260322621864042E-005
   13966942.1487603        2121212.12121212       4.308225363691692E-005
   13966942.1487603        2323232.32323232       4.339984926075091E-005
   13966942.1487603        2525252.52525252       4.355075509359120E-005
   13966942.1487603        2727272.72727273       4.352967727168022E-005
   13966942.1487603        2929292.92929293       4.333104778807876E-005
   13966942.1487603        3131313.13131313       4.294900536181464E-005
   13966942.1487603        3333333.33333333       4.237763454798867E-005
   13966942.1487603        3535353.53535353       4.161147097060891E-005
   13966942.1487603        3737373.73737374       4.064624931765107E-005
   13966942.1487603        3939393.93939394       3.947984075618641E-005
   13966942.1487603        4141414.14141414       3.811329796644086E-005
   13966942.1487603        4343434.34343434       3.655189953185965E-005
   13966942.1487603        4545454.54545454       3.480606321936032E-005
   13966942.1487603        4747474.74747475       3.289198520186880E-005
   13966942.1487603        4949494.94949495       3.083186809208570E-005
   13966942.1487603        5151515.15151515       2.865363341400108E-005
   13966942.1487603        5353535.35353535       2.639007680694896E-005
   13966942.1487603        5555555.55555555       2.407750888328887E-005
   13966942.1487603        5757575.75757576       2.175401198946193E-005
   13966942.1487603        5959595.95959596       1.945750899176374E-005
   13966942.1487603        6161616.16161616       1.722386585918069E-005
   13966942.1487603        6363636.36363636       1.508523006072050E-005
   13966942.1487603        6565656.56565657       1.306875135885444E-005
   13966942.1487603        6767676.76767677       1.119575945572489E-005
   13966942.1487603        6969696.96969697       9.481403783830866E-006
   13966942.1487603        7171717.17171717       7.934708067075212E-006
   13966942.1487603        7373737.37373737       6.558961142782206E-006
   13966942.1487603        7575757.57575757       5.352353974270397E-006
   13966942.1487603        7777777.77777778       4.308775189290422E-006
   13966942.1487603        7979797.97979798       3.418687718827066E-006
   13966942.1487603        8181818.18181818       2.670022400603424E-006
   13966942.1487603        8383838.38383838       2.049037884980184E-006
   13966942.1487603        8585858.58585858       1.541108593534938E-006
   13966942.1487603        8787878.78787879       1.131413585598406E-006
   13966942.1487603        8989898.98989899       8.055091447434023E-007
   13966942.1487603        9191919.19191919       5.497768801026936E-007
   13966942.1487603        9393939.39393939       3.517471653405471E-007
   13966942.1487603        9595959.59595960       2.003046730820595E-007
   13966942.1487603        9797979.79797980       8.578830747549602E-008
   13966942.1487603        10000000.0000000       0.000000000000000E+000
   14448525.6606469       -10000000.0000000       0.000000000000000E+000
   14448525.6606469       -9797979.79797980       6.461220019131683E-010
   14448525.6606469       -9595959.59595960       1.606357198934489E-009
   14448525.6606469       -9393939.39393939       3.030112155338038E-009
   14448525.6606469       -9191919.19191919       5.125167036519285E-009
   14448525.6606469       -8989898.98989899       8.175237065652091E-009
   14448525.6606469       -8787878.78787879       1.256082213866133E-008
   14448525.6606469       -8585858.58585859       1.878326277479938E-008
   14448525.6606469       -8383838.38383838       2.749166858508981E-008
   14448525.6606469       -8181818.18181818       3.951206999191289E-008
   14448525.6606469       -7979797.97979798       5.587778879863767E-008
   14448525.6606469       -7777777.77777778       7.785965102814621E-008
   14448525.6606469       -7575757.57575758       1.069943067135347E-007
   14448525.6606469       -7373737.37373737       1.451086134250454E-007
   14448525.6606469       -7171717.17171717       1.943378256813115E-007
   14448525.6606469       -6969696.96969697       2.571352560300481E-007
   14448525.6606469       -6767676.76767677       3.362711800625209E-007
   14448525.6606469       -6565656.56565657       4.348190873931493E-007
   14448525.6606469       -6363636.36363636       5.561279653366140E-007
   14448525.6606469       -6161616.16161616       7.037801582062770E-007
   14448525.6606469       -5959595.95959596       8.815354656127873E-007
   14448525.6606469       -5757575.75757576       1.093263485167795E-006
   14448525.6606469       -5555555.55555556       1.342867676085077E-006
   14448525.6606469       -5353535.35353535       1.634206063222584E-006
   14448525.6606469       -5151515.15151515       1.971014684579447E-006
   14448525.6606469       -4949494.94949495       2.356840507396700E-006
   14448525.6606469       -4747474.74747475       2.794990257638069E-006
   14448525.6606469       -4545454.54545455       3.288500113901865E-006
   14448525.6606469       -4343434.34343434       3.840128342687749E-006
   14448525.6606469       -4141414.14141414       4.452368816913619E-006
   14448525.6606469       -3939393.93939394       5.127478496614782E-006
   14448525.6606469       -3737373.73737374       5.867507340976632E-006
   14448525.6606469       -3535353.53535354       6.674316052809690E-006
   14448525.6606469       -3333333.33333333       7.549566774916566E-006
   14448525.6606469       -3131313.13131313       8.494675075787580E-006
   14448525.6606469       -2929292.92929293       9.510718037047710E-006
   14448525.6606469       -2727272.72727273       1.059830167019551E-005
   14448525.6606469       -2525252.52525253       1.175739917620670E-005
   14448525.6606469       -2323232.32323232       1.298717756548116E-005
   14448525.6606469       -2121212.12121212       1.428583236383490E-005
   14448525.6606469       -1919191.91919192       1.565044812964454E-005
   14448525.6606469       -1717171.71717172       1.707689702682078E-005
   14448525.6606469       -1515151.51515152       1.855978029453011E-005
   14448525.6606469       -1313131.31313131       2.009241003552268E-005
   14448525.6606469       -1111111.11111111       2.166682311708948E-005
   14448525.6606469       -909090.909090910       2.327381650487666E-005
   14448525.6606469       -707070.707070708       2.490299471578652E-005
   14448525.6606469       -505050.505050506       2.654282513573799E-005
   14448525.6606469       -303030.303030305       2.818070463961036E-005
   14448525.6606469       -101010.101010101       2.980304932100927E-005
   14448525.6606469        101010.101010101       3.139542554530632E-005
   14448525.6606469        303030.303030303       3.294274211329704E-005
   14448525.6606469        505050.505050505       3.442951774975576E-005
   14448525.6606469        707070.707070706       3.584022464620245E-005
   14448525.6606469        909090.909090908       3.715968908253120E-005
   14448525.6606469        1111111.11111111       3.837350869087312E-005
   14448525.6606469        1313131.31313131       3.946842919288772E-005
   14448525.6606469        1515151.51515151       4.043261805005768E-005
   14448525.6606469        1717171.71717172       4.125578264776094E-005
   14448525.6606469        1919191.91919192       4.192910619145825E-005
   14448525.6606469        2121212.12121212       4.244501029197127E-005
   14448525.6606469        2323232.32323232       4.279679066499259E-005
   14448525.6606469        2525252.52525252       4.297820234827381E-005
   14448525.6606469        2727272.72727273       4.298308674351004E-005
   14448525.6606469        2929292.92929293       4.280513229496933E-005
   14448525.6606469        3131313.13131313       4.243784551208149E-005
   14448525.6606469        3333333.33333333       4.187478352055057E-005
   14448525.6606469        3535353.53535353       4.111006783430014E-005
   14448525.6606469        3737373.73737374       4.013916477690059E-005
   14448525.6606469        3939393.93939394       3.895988253500032E-005
   14448525.6606469        4141414.14141414       3.757349889696358E-005
   14448525.6606469        4343434.34343434       3.598589864521987E-005
   14448525.6606469        4545454.54545454       3.420856923545084E-005
   14448525.6606469        4747474.74747475       3.225928579438912E-005
   14448525.6606469        4949494.94949495       3.016232303687121E-005
   14448525.6606469        5151515.15151515       2.794807302515819E-005
   14448525.6606469        5353535.35353535       2.565202625059542E-005
   14448525.6606469        5555555.55555555       2.331317761940402E-005
   14448525.6606469        5757575.75757576       2.097202315330090E-005
   14448525.6606469        5959595.95959596       1.866838734467559E-005
   14448525.6606469        6161616.16161616       1.643934333627678E-005
   14448525.6606469        6363636.36363636       1.431745473492582E-005
   14448525.6606469        6565656.56565657       1.232949374542147E-005
   14448525.6606469        6767676.76767677       1.049570049946508E-005
   14448525.6606469        6969696.96969697       8.829567057456368E-006
   14448525.6606469        7171717.17171717       7.338071711121392E-006
   14448525.6606469        7373737.37373737       6.022259026375968E-006
   14448525.6606469        7575757.57575757       4.878054366164660E-006
   14448525.6606469        7777777.77777778       3.897210504397438E-006
   14448525.6606469        7979797.97979798       3.068300553670531E-006
   14448525.6606469        8181818.18181818       2.377690083230226E-006
   14448525.6606469        8383838.38383838       1.810438837430392E-006
   14448525.6606469        8585858.58585858       1.351097695608164E-006
   14448525.6606469        8787878.78787879       9.843793916668654E-007
   14448525.6606469        8989898.98989899       6.956923990543396E-007
   14448525.6606469        9191919.19191919       4.715366237776399E-007
   14448525.6606469        9393939.39393939       2.997672825920978E-007
   14448525.6606469        9595959.59595960       1.697395520522894E-007
   14448525.6606469        9797979.79797980       7.235106478271790E-008
   14448525.6606469        10000000.0000000       0.000000000000000E+000
   14938271.6049383       -10000000.0000000       0.000000000000000E+000
   14938271.6049383       -9797979.79797980       4.417988567452129E-010
   14938271.6049383       -9595959.59595960       1.105376033046759E-009
   14938271.6049383       -9393939.39393939       2.101224715960989E-009
   14938271.6049383       -9191919.19191919       3.585383771680571E-009
   14938271.6049383       -8989898.98989899       5.774155871516283E-009
   14938271.6049383       -8787878.78787879       8.962012897454499E-009
   14938271.6049383       -8585858.58585859       1.354277790987085E-008
   14938271.6049383       -8383838.38383838       2.003399409139534E-008
   14938271.6049383       -8181818.18181818       2.910412960808708E-008
   14938271.6049383       -7979797.97979798       4.160195313209295E-008
   14938271.6049383       -7777777.77777778       5.858706316661549E-008
   14938271.6049383       -7575757.57575758       8.136018802318020E-008
   14938271.6049383       -7373737.37373737       1.114915231463853E-007
   14938271.6049383       -7171717.17171717       1.508450763714907E-007
   14938271.6049383       -6969696.96969697       2.015967929703827E-007
   14938271.6049383       -6767676.76767677       2.662441773670339E-007
   14938271.6049383       -6565656.56565657       3.476052633575092E-007
   14938271.6049383       -6363636.36363636       4.488051511106444E-007
   14938271.6049383       -6161616.16161616       5.732489579588238E-007
   14938271.6049383       -5959595.95959596       7.245809324665741E-007
   14938271.6049383       -5757575.75757576       9.066306379304699E-007
   14938271.6049383       -5555555.55555556       1.123348457182737E-006
   14938271.6049383       -5353535.35353535       1.378734079010297E-006
   14938271.6049383       -5151515.15151515       1.676762898140308E-006
   14938271.6049383       -4949494.94949495       2.021316122877896E-006
   14938271.6049383       -4747474.74747475       2.416120514903068E-006
   14938271.6049383       -4545454.54545455       2.864702772191330E-006
   14938271.6049383       -4343434.34343434       3.370361407215590E-006
   14938271.6049383       -4141414.14141414       3.936155609468072E-006
   14938271.6049383       -3939393.93939394       4.564906419920816E-006
   14938271.6049383       -3737373.73737374       5.259201403088287E-006
   14938271.6049383       -3535353.53535354       6.021391004317330E-006
   14938271.6049383       -3333333.33333333       6.853564063588184E-006
   14938271.6049383       -3131313.13131313       7.757492248846890E-006
   14938271.6049383       -2929292.92929293       8.734538396574278E-006
   14938271.6049383       -2727272.72727273       9.785530883965153E-006
   14938271.6049383       -2525252.52525253       1.091061346918809E-005
   14938271.6049383       -2323232.32323232       1.210908561863957E-005
   14938271.6049383       -2121212.12121212       1.337925075114733E-005
   14938271.6049383       -1919191.91919192       1.471828853402338E-005
   14938271.6049383       -1717171.71717172       1.612216283490852E-005
   14938271.6049383       -1515151.51515152       1.758557041751922E-005
   14938271.6049383       -1313131.31313131       1.910192860677769E-005
   14938271.6049383       -1111111.11111111       2.066339456746116E-005
   14938271.6049383       -909090.909090910       2.226090585161361E-005
   14938271.6049383       -707070.707070708       2.388423225711151E-005
   14938271.6049383       -505050.505050506       2.552203290935456E-005
   14938271.6049383       -303030.303030305       2.716191915108010E-005
   14938271.6049383       -101010.101010101       2.879053179629259E-005
   14938271.6049383        101010.101010101       3.039364833614044E-005
   14938271.6049383        303030.303030303       3.195633912967582E-005
   14938271.6049383        505050.505050505       3.346318902859727E-005
   14938271.6049383        707070.707070706       3.489859091620002E-005
   14938271.6049383        909090.909090908       3.624710094798298E-005
   14938271.6049383        1111111.11111111       3.749382510723032E-005
   14938271.6049383        1313131.31313131       3.862478857302334E-005
   14938271.6049383        1515151.51515151       3.962722979165803E-005
   14938271.6049383        1717171.71717172       4.048976518829494E-005
   14938271.6049383        1919191.91919192       4.120238977070291E-005
   14938271.6049383        2121212.12121212       4.175631040767888E-005
   14938271.6049383        2323232.32323232       4.214364523211142E-005
   14938271.6049383        2525252.52525252       4.235705561815587E-005
   14938271.6049383        2727272.72727273       4.238939892803276E-005
   14938271.6049383        2929292.92929293       4.223349657514681E-005
   14938271.6049383        3131313.13131313       4.188210277149654E-005
   14938271.6049383        3333333.33333333       4.132813737971081E-005
   14938271.6049383        3535353.53535353       4.056521529021657E-005
   14938271.6049383        3737373.73737374       3.958846770932537E-005
   14938271.6049383        3939393.93939394       3.839560940265083E-005
   14938271.6049383        4141414.14141414       3.698816143539089E-005
   14938271.6049383        4343434.34343434       3.537269367045730E-005
   14938271.6049383        4545454.54545454       3.356191121706524E-005
   14938271.6049383        4747474.74747475       3.157538535505599E-005
   14938271.6049383        4949494.94949495       2.943973724542859E-005
   14938271.6049383        5151515.15151515       2.718813495109419E-005
   14938271.6049383        5353535.35353535       2.485906261458367E-005
   14938271.6049383        5555555.55555555       2.249444839506206E-005
   14938271.6049383        5757575.75757576       2.013736161120549E-005
   14938271.6049383        5959595.95959596       1.782957181237758E-005
   14938271.6049383        6161616.16161616       1.560927824547170E-005
   14938271.6049383        6363636.36363636       1.350926642005845E-005
   14938271.6049383        6565656.56565657       1.155565099835427E-005
   14938271.6049383        6767676.76767677       9.767253734835826E-006
   14938271.6049383        6969696.96969697       8.155570789399121E-006
   14938271.6049383        7171717.17171717       6.725221799318264E-006
   14938271.6049383        7373737.37373737       5.474745964627180E-006
   14938271.6049383        7575757.57575757       4.397610844912821E-006
   14938271.6049383        7777777.77777778       3.483316798960764E-006
   14938271.6049383        7979797.97979798       2.718504272077429E-006
   14938271.6049383        8181818.18181818       2.087995851855866E-006
   14938271.6049383        8383838.38383838       1.575726841530366E-006
   14938271.6049383        8585858.58585858       1.165536065096736E-006
   14938271.6049383        8787878.78787879       8.418029875416026E-007
   14938271.6049383        8989898.98989899       5.899286610513731E-007
   14938271.6049383        9191919.19191919       3.966670590481461E-007
   14938271.6049383        9393939.39393939       2.503203562208492E-007
   14938271.6049383        9595959.59595960       1.408167814432409E-007
   14938271.6049383        9797979.79797980       5.969275646826272E-008
   14938271.6049383        10000000.0000000       0.000000000000000E+000
   15436179.9816345       -10000000.0000000       0.000000000000000E+000
   15436179.9816345       -9797979.79797980       2.914725867831238E-010
   15436179.9816345       -9595959.59595960       7.345936663630683E-010
   15436179.9816345       -9393939.39393939       1.408746882290782E-009
   15436179.9816345       -9191919.19191919       2.427933995036745E-009
   15436179.9816345       -8989898.98989899       3.952797513266113E-009
   15436179.9816345       -8787878.78787879       6.205613661168792E-009
   15436179.9816345       -8585858.58585859       9.488474832042162E-009
   15436179.9816345       -8383838.38383838       1.420477075171676E-008
   15436179.9816345       -8181818.18181818       2.088387547805673E-008
   15436179.9816345       -7979797.97979798       3.020868579211426E-008
   15436179.9816345       -7777777.77777778       4.304534367520628E-008
   15436179.9816345       -7575757.57575758       6.047412600868163E-008
   15436179.9816345       -7373737.37373737       8.382012141696865E-008
   15436179.9816345       -7171717.17171717       1.146819686092161E-007
   15436179.9816345       -6969696.96969697       1.549566414700726E-007
   15436179.9816345       -6767676.76767677       2.068580782633870E-007
   15436179.9816345       -6565656.56565657       2.729274138304635E-007
   15436179.9816345       -6363636.36363636       3.560327324006023E-007
   15436179.9816345       -6161616.16161616       4.593566564145745E-007
   15436179.9816345       -5959595.95959596       5.863707513154291E-007
   15436179.9816345       -5757575.75757576       7.407966599501441E-007
   15436179.9816345       -5555555.55555556       9.265550456390305E-007
   15436179.9816345       -5353535.35353535       1.147704726788425E-006
   15436179.9816345       -5151515.15151515       1.408375665068990E-006
   15436179.9816345       -4949494.94949495       1.712700486701849E-006
   15436179.9816345       -4747474.74747475       2.064749677831749E-006
   15436179.9816345       -4545454.54545455       2.468475196917307E-006
   15436179.9816345       -4343434.34343434       2.927665764561639E-006
   15436179.9816345       -4141414.14141414       3.445914496008341E-006
   15436179.9816345       -3939393.93939394       4.026596119117089E-006
   15436179.9816345       -3737373.73737374       4.672847427290725E-006
   15436179.9816345       -3535353.53535354       5.387541808782736E-006
   15436179.9816345       -3333333.33333333       6.173247690697901E-006
   15436179.9816345       -3131313.13131313       7.032162258303635E-006
   15436179.9816345       -2929292.92929293       7.966015925022626E-006
   15436179.9816345       -2727272.72727273       8.975948983621126E-006
   15436179.9816345       -2525252.52525253       1.006236823995741E-005
   15436179.9816345       -2323232.32323232       1.122479655327412E-005
   15436179.9816345       -2121212.12121212       1.246173072199793E-005
   15436179.9816345       -1919191.91919192       1.377052243029931E-005
   15436179.9816345       -1717171.71717172       1.514729325340700E-005
   15436179.9816345       -1515151.51515152       1.658688899026595E-005
   15436179.9816345       -1313131.31313131       1.808287224953338E-005
   15436179.9816345       -1111111.11111111       1.962754672399335E-005
   15436179.9816345       -909090.909090910       2.121200319599018E-005
   15436179.9816345       -707070.707070708       2.282617685717590E-005
   15436179.9816345       -505050.505050506       2.445890828717699E-005
   15436179.9816345       -303030.303030305       2.609800604810245E-005
   15436179.9816345       -101010.101010101       2.773031621121700E-005
   15436179.9816345        101010.101010101       2.934181141292153E-005
   15436179.9816345        303030.303030303       3.091771688472422E-005
   15436179.9816345        505050.505050505       3.244269089035373E-005
   15436179.9816345        707070.707070706       3.390107037589275E-005
   15436179.9816345        909090.909090908       3.527717920067443E-005
   15436179.9816345        1111111.11111111       3.655567815451219E-005
   15436179.9816345        1313131.31313131       3.772191754684474E-005
   15436179.9816345        1515151.51515151       3.876224043966451E-005
   15436179.9816345        1717171.71717172       3.966418322162494E-005
   15436179.9816345        1919191.91919192       4.041653328984252E-005
   15436179.9816345        2121212.12121212       4.100923009307962E-005
   15436179.9816345        2323232.32323232       4.143313040393712E-005
   15436179.9816345        2525252.52525252       4.167969343241842E-005
   15436179.9816345        2727272.72727273       4.174066818824853E-005
   15436179.9816345        2929292.92929293       4.160787864405837E-005
   15436179.9816345        3131313.13131313       4.127319962025592E-005
   15436179.9816345        3333333.33333333       4.072879890022909E-005
   15436179.9816345        3535353.53535353       3.996769142915157E-005
   15436179.9816345        3737373.73737374       3.898461198569895E-005
   15436179.9816345        3939393.93939394       3.777716505823099E-005
   15436179.9816345        4141414.14141414       3.634715635212334E-005
   15436179.9816345        4343434.34343434       3.470195306733204E-005
   15436179.9816345        4545454.54545454       3.285566845032172E-005
   15436179.9816345        4747474.74747475       3.082993541553083E-005
   15436179.9816345        4949494.94949495       2.865404386945900E-005
   15436179.9816345        5151515.15151515       2.636428262262941E-005
   15436179.9816345        5353535.35353535       2.400244978150852E-005
   15436179.9816345        5555555.55555555       2.161365188254154E-005
   15436179.9816345        5757575.75757576       1.924365823765147E-005
   15436179.9816345        5959595.95959596       1.693616638741573E-005
   15436179.9816345        6161616.16161616       1.473033926491434E-005
   15436179.9816345        6363636.36363636       1.265889824750011E-005
   15436179.9816345        6565656.56565657       1.074692992933469E-005
   15436179.9816345        6767676.76767677       9.011430230830536E-006
   15436179.9816345        6969696.96969697       7.461501924916155E-006
   15436179.9816345        7171717.17171717       6.099057656186092E-006
   15436179.9816345        7373737.37373737       4.919859431617014E-006
   15436179.9816345        7575757.57575757       3.914736028892575E-006
   15436179.9816345        7777777.77777778       3.070847553357052E-006
   15436179.9816345        7979797.97979798       2.372899643833249E-006
   15436179.9816345        8181818.18181818       1.804241189971495E-006
   15436179.9816345        8383838.38383838       1.347805588315114E-006
   15436179.9816345        8585858.58585858       9.868759635026734E-007
   15436179.9816345        8787878.78787879       7.056701532354610E-007
   15436179.9816345        8989898.98989899       4.897526500463417E-007
   15436179.9816345        9191919.19191919       3.262889700385486E-007
   15436179.9816345        9393939.39393939       2.041636244987258E-007
   15436179.9816345        9595959.59595960       1.139863203356157E-007
   15436179.9816345        9797979.79797980       4.801232270821392E-008
   15436179.9816345        10000000.0000000       0.000000000000000E+000
   15942250.7907356       -10000000.0000000       0.000000000000000E+000
   15942250.7907356       -9797979.79797980       1.846496982561880E-010
   15942250.7907356       -9595959.59595960       4.692927918661647E-010
   15942250.7907356       -9393939.39393939       9.091093485850750E-010
   15942250.7907356       -9191919.19191919       1.584816891696081E-009
   15942250.7907356       -8989898.98989899       2.612211481942082E-009
   15942250.7907356       -8787878.78787879       4.154373416550955E-009
   15942250.7907356       -8585858.58585859       6.436845166446233E-009
   15942250.7907356       -8383838.38383838       9.766040899378304E-009
   15942250.7907356       -8181818.18181818       1.455100558787280E-008
   15942250.7907356       -7979797.97979798       2.132844005694368E-008
   15942250.7907356       -7777777.77777778       3.079064811987044E-008
   15942250.7907356       -7575757.57575758       4.381574990408098E-008
   15942250.7907356       -7373737.37373737       6.149915627689103E-008
   15942250.7907356       -7171717.17171717       8.518493620099970E-008
   15942250.7907356       -6969696.96969697       1.164953638214524E-007
   15942250.7907356       -6767676.76767677       1.573566451138281E-007
   15942250.7907356       -6565656.56565657       2.100186414880347E-007
   15942250.7907356       -6363636.36363636       2.770663798981201E-007
   15942250.7907356       -6161616.16161616       3.614213146549328E-007
   15942250.7907356       -5959595.95959596       4.663307257755181E-007
   15942250.7907356       -5757575.75757576       5.953443240077015E-007
   15942250.7907356       -5555555.55555556       7.522780726810103E-007
   15942250.7907356       -5353535.35353535       9.411663714855637E-007
   15942250.7907356       -5151515.15151515       1.166204953330166E-006
   15942250.7907356       -4949494.94949495       1.431687926788464E-006
   15942250.7907356       -4747474.74747475       1.741943094774081E-006
   15942250.7907356       -4545454.54545455       2.101269711112291E-006
   15942250.7907356       -4343434.34343434       2.513881964358150E-006
   15942250.7907356       -4141414.14141414       2.983859617879152E-006
   15942250.7907356       -3939393.93939394       3.515104562950641E-006
   15942250.7907356       -3737373.73737374       4.111299059208556E-006
   15942250.7907356       -3535353.53535354       4.775858932282870E-006
   15942250.7907356       -3333333.33333333       5.511873863496736E-006
   15942250.7907356       -3131313.13131313       6.322027834815744E-006
   15942250.7907356       -2929292.92929293       7.208495962809015E-006
   15942250.7907356       -2727272.72727273       8.172818852527489E-006
   15942250.7907356       -2525252.52525253       9.215761088379369E-006
   15942250.7907356       -2323232.32323232       1.033716512364439E-005
   15942250.7907356       -2121212.12121212       1.153581436768119E-005
   15942250.7907356       -1919191.91919192       1.280931899834428E-005
   15942250.7907356       -1717171.71717172       1.415403499757605E-005
   15942250.7907356       -1515151.51515152       1.556502186189148E-005
   15942250.7907356       -1313131.31313131       1.703603856161639E-005
   15942250.7907356       -1111111.11111111       1.855957193187309E-005
   15942250.7907356       -909090.909090910       2.012688795652430E-005
   15942250.7907356       -707070.707070708       2.172809521185966E-005
   15942250.7907356       -505050.505050506       2.335221148164659E-005
   15942250.7907356       -303030.303030305       2.498722910736060E-005
   15942250.7907356       -101010.101010101       2.662018123419404E-005
   15942250.7907356        101010.101010101       2.823721832074495E-005
   15942250.7907356        303030.303030303       2.982371008045307E-005
   15942250.7907356        505050.505050505       3.136439012523848E-005
   15942250.7907356        707070.707070706       3.284355700983308E-005
   15942250.7907356        909090.909090908       3.424533527073668E-005
   15942250.7907356        1111111.11111111       3.555398446641243E-005
   15942250.7907356        1313131.31313131       3.675422649827386E-005
   15942250.7907356        1515151.51515151       3.783154684164977E-005
   15942250.7907356        1717171.71717172       3.877241945611505E-005
   15942250.7907356        1919191.91919192       3.956441227612692E-005
   15942250.7907356        2121212.12121212       4.019615113249540E-005
   15942250.7907356        2323232.32323232       4.065715137439202E-005
   15942250.7907356        2525252.52525252       4.093756160224401E-005
   15942250.7907356        2727272.72727273       4.102789473508816E-005
   15942250.7907356        2929292.92929293       4.091884123191330E-005
   15942250.7907356        3131313.13131313       4.060126360118963E-005
   15942250.7907356        3333333.33333333       4.006645932494468E-005
   15942250.7907356        3535353.53535353       3.930675188611595E-005
   15942250.7907356        3737373.73737374       3.831642808627912E-005
   15942250.7907356        3939393.93939394       3.709298542185662E-005
   15942250.7907356        4141414.14141414       3.563858779320447E-005
   15942250.7907356        4343434.34343434       3.396155645472014E-005
   15942250.7907356        4545454.54545454       3.207765787217732E-005
   15942250.7907356        4747474.74747475       3.001091152393909E-005
   15942250.7907356        4949494.94949495       2.779365403210499E-005
   15942250.7907356        5151515.15151515       2.546568059432576E-005
   15942250.7907356        5353535.35353535       2.307243859487090E-005
   15942250.7907356        5555555.55555555       2.066243901002058E-005
   15942250.7907356        5757575.75757576       1.828422224384378E-005
   15942250.7907356        5959595.95959596       1.598330915323985E-005
   15942250.7907356        6161616.16161616       1.379955508225529E-005
   15942250.7907356        6363636.36363636       1.176521562267486E-005
   15942250.7907356        6565656.56565657       9.903871308411687E-006
   15942250.7907356        6767676.76767677       8.230197828718870E-006
   15942250.7907356        6969696.96969697       6.750448632606889E-006
   15942250.7907356        7171717.17171717       5.463454050675476E-006
   15942250.7907356        7373737.37373737       4.361930042719921E-006
   15942250.7907356        7575757.57575757       3.433913695893868E-006
   15942250.7907356        7777777.77777778       2.664183350311430E-006
   15942250.7907356        7979797.97979798       2.035564752057180E-006
   15942250.7907356        8181818.18181818       1.530062982232587E-006
   15942250.7907356        8383838.38383838       1.129790144040137E-006
   15942250.7907356        8585858.58585858       8.176810151709303E-007
   15942250.7907356        8787878.78787879       5.780044864792728E-007
   15942250.7907356        8989898.98989899       3.966891746515533E-007
   15942250.7907356        9191919.19191919       2.614883491070943E-007
   15942250.7907356        9393939.39393939       1.620130735736995E-007
   15942250.7907356        9595959.59595960       8.966377084868697E-008
   15942250.7907356        9797979.79797980       3.748958238152329E-008
   15942250.7907356        10000000.0000000       0.000000000000000E+000
   16456484.0322416       -10000000.0000000       0.000000000000000E+000
   16456484.0322416       -9797979.79797980       1.116693686107227E-010
   16456484.0322416       -9595959.59595960       2.865856856628642E-010
   16456484.0322416       -9393939.39393939       5.616745066703280E-010
   16456484.0322416       -9191919.19191919       9.920634278743449E-010
   16456484.0322416       -8989898.98989899       1.658408949930186E-009
   16456484.0322416       -8787878.78787879       2.676522676587909E-009
   16456484.0322416       -8585858.58585859       4.209653384527104E-009
   16456484.0322416       -8383838.38383838       6.483784989086833E-009
   16456484.0322416       -8181818.18181818       9.806227246134045E-009
   16456484.0322416       -7979797.97979798       1.458763694166781E-008
   16456484.0322416       -7777777.77777778       2.136740873228536E-008
   16456484.0322416       -7575757.57575758       3.084211639783901E-008
   16456484.0322416       -7373737.37373737       4.389637354075246E-008
   16456484.0322416       -7171717.17171717       6.163513220615434E-008
   16456484.0322416       -6969696.96969697       8.541607190840955E-008
   16456484.0322416       -6767676.76767677       1.168803827727049E-007
   16456484.0322416       -6565656.56565657       1.579799562543856E-007
   16456484.0322416       -6363636.36363636       2.109988133884816E-007
   16456484.0322416       -6161616.16161616       2.785665752850762E-007
   16456484.0322416       -5959595.95959596       3.636619624992028E-007
   16456484.0322416       -5757575.75757576       4.696047360280472E-007
   16456484.0322416       -5555555.55555556       6.000351755684236E-007
   16456484.0322416       -5353535.35353535       7.588811026928437E-007
   16456484.0322416       -5151515.15151515       9.503135139699996E-007
   16456484.0322416       -4949494.94949495       1.178692940742649E-006
   16456484.0322416       -4747474.74747475       1.448509482578400E-006
   16456484.0322416       -4545454.54545455       1.764319816366424E-006
   16456484.0322416       -4343434.34343434       2.130684128682604E-006
   16456484.0322416       -4141414.14141414       2.552104729863868E-006
   16456484.0322416       -3939393.93939394       3.032966166422149E-006
   16456484.0322416       -3737373.73737374       3.577474313575828E-006
   16456484.0322416       -3535353.53535354       4.189589826384018E-006
   16456484.0322416       -3333333.33333333       4.872950213076358E-006
   16456484.0322416       -3131313.13131313       5.630775313435386E-006
   16456484.0322416       -2929292.92929293       6.465753376506940E-006
   16456484.0322416       -2727272.72727273       7.379908919173930E-006
   16456484.0322416       -2525252.52525253       8.374458231102129E-006
   16456484.0322416       -2323232.32323232       9.449662564747664E-006
   16456484.0322416       -2121212.12121212       1.060469155084878E-005
   16456484.0322416       -1919191.91919192       1.183750946302008E-005
   16456484.0322416       -1717171.71717172       1.314479450530656E-005
   16456484.0322416       -1515151.51515152       1.452189683940945E-005
   16456484.0322416       -1313131.31313131       1.596283559350066E-005
   16456484.0322416       -1111111.11111111       1.746032978846330E-005
   16456484.0322416       -909090.909090910       1.900585410379097E-005
   16456484.0322416       -707070.707070708       2.058970855495458E-005
   16456484.0322416       -505050.505050506       2.220109196568799E-005
   16456484.0322416       -303030.303030305       2.382817263695625E-005
   16456484.0322416       -101010.101010101       2.545815535175096E-005
   16456484.0322416        101010.101010101       2.707735072771360E-005
   16456484.0322416        303030.303030303       2.867125927078386E-005
   16456484.0322416        505050.505050505       3.022468622486512E-005
   16456484.0322416        707070.707070706       3.172190241918791E-005
   16456484.0322416        909090.909090908       3.314685946423407E-005
   16456484.0322416        1111111.11111111       3.448345501346546E-005
   16456484.0322416        1313131.31313131       3.571582763825709E-005
   16456484.0322416        1515151.51515151       3.682864544695639E-005
   16456484.0322416        1717171.71717172       3.780734334243207E-005
   16456484.0322416        1919191.91919192       3.863826562607737E-005
   16456484.0322416        2121212.12121212       3.930868591219867E-005
   16456484.0322416        2323232.32323232       3.980670362630196E-005
   16456484.0322416        2525252.52525252       4.012105056831548E-005
   16456484.0322416        2727272.72727273       4.024087463601204E-005
   16456484.0322416        2929292.92929293       4.015559320681213E-005
   16456484.0322416        3131313.13131313       3.985492004600407E-005
   16456484.0322416        3333333.33333333       3.932916369054521E-005
   16456484.0322416        3535353.53535353       3.856987084080509E-005
   16456484.0322416        3737373.73737374       3.757084511680282E-005
   16456484.0322416        3939393.93939394       3.632950982062261E-005
   16456484.0322416        4141414.14141414       3.484850506494084E-005
   16456484.0322416        4343434.34343434       3.313732183171292E-005
   16456484.0322416        4545454.54545454       3.121369449862589E-005
   16456484.0322416        4747474.74747475       2.910442625884486E-005
   16456484.0322416        4949494.94949495       2.684534118499813E-005
   16456484.0322416        5151515.15151515       2.448016548935410E-005
   16456484.0322416        5353535.35353535       2.205833313649531E-005
   16456484.0322416        5555555.55555555       1.963194249178992E-005
   16456484.0322416        5757575.75757576       1.725228809231652E-005
   16456484.0322416        5959595.95959596       1.496648568882824E-005
   16456484.0322416        6161616.16161616       1.281466875040551E-005
   16456484.0322416        6363636.36363636       1.082808281477554E-005
   16456484.0322416        6565656.56565657       9.028200584746621E-006
   16456484.0322416        6767676.76767677       7.426791884326228E-006
   16456484.0322416        6969696.96969697       6.026753382278790E-006
   16456484.0322416        7171717.17171717       4.823446574824356E-006
   16456484.0322416        7373737.37373737       3.806296889242087E-006
   16456484.0322416        7575757.57575757       2.960448478028534E-006
   16456484.0322416        7777777.77777778       2.268325479149840E-006
   16456484.0322416        7979797.97979798       1.711005277251231E-006
   16456484.0322416        8181818.18181818       1.269354541160441E-006
   16456484.0322416        8383838.38383838       9.249123859201909E-007
   16456484.0322416        8585858.58585858       6.605280334933591E-007
   16456484.0322416        8787878.78787879       4.607751005715541E-007
   16456484.0322416        8989898.98989899       3.121733361128892E-007
   16456484.0322416        9191919.19191919       2.032529481003357E-007
   16456484.0322416        9393939.39393939       1.244977433104368E-007
   16456484.0322416        9595959.59595960       6.820194589091370E-008
   16456484.0322416        9797979.79797980       2.827227363788691E-008
   16456484.0322416        10000000.0000000       0.000000000000000E+000
   16978879.7061524       -10000000.0000000       0.000000000000000E+000
   16978879.7061524       -9797979.79797980       6.400521650769301E-011
   16978879.7061524       -9595959.59595960       1.661379935129211E-010
   16978879.7061524       -9393939.39393939       3.300412177844383E-010
   16978879.7061524       -9191919.19191919       5.918240133449389E-010
   16978879.7061524       -8989898.98989899       1.005479330734483E-009
   16978879.7061524       -8787878.78787879       1.650205598538206E-009
   16978879.7061524       -8585858.58585859       2.640002169569876E-009
   16978879.7061524       -8383838.38383838       4.135951757493811E-009
   16978879.7061524       -8181818.18181818       6.361571837311459E-009
   16978879.7061524       -7979797.97979798       9.621538417291438E-009
   16978879.7061524       -7777777.77777778       1.432395221649864E-008
   16978879.7061524       -7575757.57575758       2.100612309569352E-008
   16978879.7061524       -7373737.37373737       3.036359269362430E-008
   16978879.7061524       -7171717.17171717       4.328180341925634E-008
   16978879.7061524       -6969696.96969697       6.086946827230638E-008
   16978879.7061524       -6767676.76767677       8.449232381602856E-008
   16978879.7061524       -6565656.56565657       1.158055912608115E-007
   16978879.7061524       -6363636.36363636       1.567831705443249E-007
   16978879.7061524       -6161616.16161616       2.097413991067060E-007
   16978879.7061524       -5959595.95959596       2.773551729927438E-007
   16978879.7061524       -5757575.75757576       3.626644003700803E-007
   16978879.7061524       -5555555.55555556       4.690691680357723E-007
   16978879.7061524       -5353535.35353535       6.003126511386547E-007
   16978879.7061524       -5151515.15151515       7.604516399213503E-007
   16978879.7061524       -4949494.94949495       9.538154898369258E-007
   16978879.7061524       -4747474.74747475       1.184955155006500E-006
   16978879.7061524       -4545454.54545455       1.458584524893224E-006
   16978879.7061524       -4343434.34343434       1.779516332356287E-006
   16978879.7061524       -4141414.14141414       2.152594289089638E-006
   16978879.7061524       -3939393.93939394       2.582621839470532E-006
   16978879.7061524       -3737373.73737374       3.074286240752638E-006
   16978879.7061524       -3535353.53535354       3.632075047658839E-006
   16978879.7061524       -3333333.33333333       4.260181122012198E-006
   16978879.7061524       -3131313.13131313       4.962392581821215E-006
   16978879.7061524       -2929292.92929293       5.741965952357076E-006
   16978879.7061524       -2727272.72727273       6.601484027482968E-006
   16978879.7061524       -2525252.52525253       7.542703939565660E-006
   16978879.7061524       -2323232.32323232       8.566404672840390E-006
   16978879.7061524       -2121212.12121212       9.672245691279704E-006
   16978879.7061524       -1919191.91919192       1.085864871992354E-005
   16978879.7061524       -1717171.71717172       1.212271276593300E-005
   16978879.7061524       -1515151.51515152       1.346016852277165E-005
   16978879.7061524       -1313131.31313131       1.486537317438231E-005
   16978879.7061524       -1111111.11111111       1.633134136823364E-005
   16978879.7061524       -909090.909090910       1.784980382888397E-005
   16978879.7061524       -707070.707070708       1.941128262035372E-005
   16978879.7061524       -505050.505050506       2.100517200352483E-005
   16978879.7061524       -303030.303030305       2.261981635117328E-005
   16978879.7061524       -101010.101010101       2.424258140421313E-005
   16978879.7061524        101010.101010101       2.585992149068464E-005
   16978879.7061524        303030.303030303       2.745745185241127E-005
   16978879.7061524        505050.505050505       2.902004014101500E-005
   16978879.7061524        707070.707070706       3.053193249178174E-005
   16978879.7061524        909090.909090908       3.197692576501486E-005
   16978879.7061524        1111111.11111111       3.333858804992730E-005
   16978879.7061524        1313131.31313131       3.460051560182798E-005
   16978879.7061524        1515151.51515151       3.574659930313631E-005
   16978879.7061524        1717171.71717172       3.676126234178005E-005
   16978879.7061524        1919191.91919192       3.762962819921828E-005
   16978879.7061524        2121212.12121212       3.833758781875589E-005
   16978879.7061524        2323232.32323232       3.887175742767265E-005
   16978879.7061524        2525252.52525252       3.921935056482259E-005
   16978879.7061524        2727272.72727273       3.936802296126159E-005
   16978879.7061524        2929292.92929293       3.930577920426735E-005
   16978879.7061524        3131313.13131313       3.902104830674974E-005
   16978879.7061524        3333333.33333333       3.850303586903161E-005
   16978879.7061524        3535353.53535353       3.774243972963795E-005
   16978879.7061524        3737373.73737374       3.673257136074319E-005
   16978879.7061524        3939393.93939394       3.547085551514386E-005
   16978879.7061524        4141414.14141414       3.396058766660166E-005
   16978879.7061524        4343434.34343434       3.221272192139565E-005
   16978879.7061524        4545454.54545454       3.024736309931131E-005
   16978879.7061524        4747474.74747475       2.809458121483686E-005
   16978879.7061524        4949494.94949495       2.579419593770709E-005
   16978879.7061524        5151515.15151515       2.339431968925224E-005
   16978879.7061524        5353535.35353535       2.094868896029088E-005
   16978879.7061524        5555555.55555555       1.851309247838995E-005
   16978879.7061524        5757575.75757576       1.614142833785400E-005
   16978879.7061524        5959595.95959596       1.388200795146962E-005
   16978879.7061524        6161616.16161616       1.177464474272438E-005
   16978879.7061524        6363636.36363636       9.848858860663679E-006
   16978879.7061524        6565656.56565657       8.123277045150574E-006
   16978879.7061524        6767676.76767677       6.606089941906740E-006
   16978879.7061524        6969696.96969697       5.296295727521704E-006
   16978879.7061524        7171717.17171717       4.185416140585168E-006
   16978879.7061524        7373737.37373737       3.259397457673221E-006
   16978879.7061524        7575757.57575757       2.500472949731171E-006
   16978879.7061524        7777777.77777778       1.888837278976749E-006
   16978879.7061524        7979797.97979798       1.404049689810564E-006
   16978879.7061524        8181818.18181818       1.026134190049754E-006
   16978879.7061524        8383838.38383838       7.363804505823247E-007
   16978879.7061524        8585858.58585858       5.178714184294837E-007
   16978879.7061524        8787878.78787879       3.557760388245141E-007
   16978879.7061524        8989898.98989899       2.374510059256850E-007
   16978879.7061524        9191919.19191919       1.523963079807976E-007
   16978879.7061524        9393939.39393939       9.210699779662146E-008
   16978879.7061524        9595959.59595960       4.985914601109017E-008
   16978879.7061524        9797979.79797980       2.046202808180069E-008
   16978879.7061524        10000000.0000000       0.000000000000000E+000
   17509437.8124681       -10000000.0000000       0.000000000000000E+000
   17509437.8124681       -9797979.79797980       3.445554729912445E-011
   17509437.8124681       -9595959.59595960       9.064214640023724E-011
   17509437.8124681       -9393939.39393939       1.829338152765555E-010
   17509437.8124681       -9191919.19191919       3.338523954669362E-010
   17509437.8124681       -8989898.98989899       5.779005714257247E-010
   17509437.8124681       -8787878.78787879       9.669018853162234E-010
   17509437.8124681       -8585858.58585859       1.577200622024353E-009
   17509437.8124681       -8383838.38383838       2.519145073179927E-009
   17509437.8124681       -8181818.18181818       3.949289225052267E-009
   17509437.8124681       -7979797.97979798       6.085723522876979E-009
   17509437.8124681       -7777777.77777778       9.226875373420416E-009
   17509437.8124681       -7575757.57575758       1.377399449598495E-008
   17509437.8124681       -7373737.37373737       2.025735026875763E-008
   17509437.8124681       -7171717.17171717       2.936591582923409E-008
   17509437.8124681       -6969696.96969697       4.198000159187445E-008
   17509437.8124681       -6767676.76767677       5.920594227081673E-008
   17509437.8124681       -6565656.56565657       8.241155954393735E-008
   17509437.8124681       -6363636.36363636       1.132607507264541E-007
   17509437.8124681       -6161616.16161616       1.537452355365641E-007
   17509437.8124681       -5959595.95959596       2.062112785772872E-007
   17509437.8124681       -5757575.75757576       2.733791464501432E-007
   17509437.8124681       -5555555.55555556       3.583532000025536E-007
   17509437.8124681       -5353535.35353535       4.646208886491586E-007
   17509437.8124681       -5151515.15151515       5.960394943994692E-007
   17509437.8124681       -4949494.94949495       7.568102079237887E-007
   17509437.8124681       -4747474.74747475       9.514398899307378E-007
   17509437.8124681       -4545454.54545455       1.184691509997053E-006
   17509437.8124681       -4343434.34343434       1.461524572797096E-006
   17509437.8124681       -4141414.14141414       1.787026684646490E-006
   17509437.8124681       -3939393.93939394       2.166336736514035E-006
   17509437.8124681       -3737373.73737374       2.604559114890967E-006
   17509437.8124681       -3535353.53535354       3.106667232899138E-006
   17509437.8124681       -3333333.33333333       3.677393985152011E-006
   17509437.8124681       -3131313.13131313       4.321106967748849E-006
   17509437.8124681       -2929292.92929293       5.041667785519965E-006
   17509437.8124681       -2727272.72727273       5.842277454227452E-006
   17509437.8124681       -2525252.52525253       6.725313332814617E-006
   17509437.8124681       -2323232.32323232       7.692166384218349E-006
   17509437.8124681       -2121212.12121212       8.743089935210282E-006
   17509437.8124681       -1919191.91919192       9.877071719933509E-006
   17509437.8124681       -1717171.71717172       1.109173948430528E-005
   17509437.8124681       -1515151.51515152       1.238330695292880E-005
   17509437.8124681       -1313131.31313131       1.374656214680800E-005
   17509437.8124681       -1111111.11111111       1.517489482794562E-005
   17509437.8124681       -909090.909090910       1.666035525870974E-005
   17509437.8124681       -707070.707070708       1.819373339926285E-005
   17509437.8124681       -505050.505050506       1.976464675780344E-005
   17509437.8124681       -303030.303030305       2.136162664177388E-005
   17509437.8124681       -101010.101010101       2.297219642569878E-005
   17509437.8124681        101010.101010101       2.458294110422830E-005
   17509437.8124681        303030.303030303       2.617957380480679E-005
   17509437.8124681        505050.505050505       2.774701059469725E-005
   17509437.8124681        707070.707070706       2.926946803594600E-005
   17509437.8124681        909090.909090908       3.073059681927382E-005
   17509437.8124681        1111111.11111111       3.211365845016421E-005
   17509437.8124681        1313131.31313131       3.340174076412859E-005
   17509437.8124681        1515151.51515151       3.457799427284023E-005
   17509437.8124681        1717171.71717172       3.562585902992512E-005
   17509437.8124681        1919191.91919192       3.652924581941061E-005
   17509437.8124681        2121212.12121212       3.727264036232169E-005
   17509437.8124681        2323232.32323232       3.784111692784187E-005
   17509437.8124681        2525252.52525252       3.822027674097678E-005
   17509437.8124681        2727272.72727273       3.839616184947451E-005
   17509437.8124681        2929292.92929293       3.835522912183771E-005
   17509437.8124681        3131313.13131313       3.808449345524143E-005
   17509437.8124681        3333333.33333333       3.757195631404482E-005
   17509437.8124681        3535353.53535353       3.680741879740961E-005
   17509437.8124681        3737373.73737374       3.578373219443246E-005
   17509437.8124681        3939393.93939394       3.449846008293016E-005
   17509437.8124681        4141414.14141414       3.295581606811855E-005
   17509437.8124681        4343434.34343434       3.116861242122479E-005
   17509437.8124681        4545454.54545454       2.915983606471287E-005
   17509437.8124681        4747474.74747475       2.696340595484922E-005
   17509437.8124681        4949494.94949495       2.462371176071554E-005
   17509437.8124681        5151515.15151515       2.219371806252741E-005
   17509437.8124681        5353535.35353535       1.973171912192780E-005
   17509437.8124681        5555555.55555555       1.729716202412910E-005
   17509437.8124681        5757575.75757576       1.494620179936674E-005
   17509437.8124681        5959595.95959596       1.272771618293856E-005
   17509437.8124681        6161616.16161616       1.068037035311298E-005
   17509437.8124681        6363636.36363636       8.831046620690333E-006
   17509437.8124681        6565656.56565657       7.194647820941408E-006
   17509437.8124681        6767676.76767677       5.775041716035408E-006
   17509437.8124681        6969696.96969697       4.566784951239971E-006
   17509437.8124681        7171717.17171717       3.557246034110069E-006
   17509437.8124681        7373737.37373737       2.728803307632466E-006
   17509437.8124681        7575757.57575757       2.060884831595735E-006
   17509437.8124681        7777777.77777778       1.531710278134009E-006
   17509437.8124681        7979797.97979798       1.119672339918794E-006
   17509437.8124681        8181818.18181818       8.043507747782380E-007
   17509437.8124681        8383838.38383838       5.671874584740642E-007
   17509437.8124681        8585858.58585858       3.918701308443263E-007
   17509437.8124681        8787878.78787879       2.644806670557630E-007
   17509437.8124681        8989898.98989899       1.734645602395742E-007
   17509437.8124681        9191919.19191919       1.094746112897872E-007
   17509437.8124681        9393939.39393939       6.513542468557958E-008
   17509437.8124681        9595959.59595960       3.476746127264297E-008
   17509437.8124681        9797979.79797980       1.410093983596845E-008
   17509437.8124681        10000000.0000000       0.000000000000000E+000
   18048158.3511887       -10000000.0000000       0.000000000000000E+000
   18048158.3511887       -9797979.79797980       1.721964222564088E-011
   18048158.3511887       -9595959.59595960       4.603146815728119E-011
   18048158.3511887       -9393939.39393939       9.465335001176052E-011
   18048158.3511887       -9191919.19191919       1.763413892940709E-010
   18048158.3511887       -8989898.98989899       3.119641239138071E-010
   18048158.3511887       -8787878.78787879       5.337099003167457E-010
   18048158.3511887       -8585858.58585859       8.902405259518626E-010
   18048158.3511887       -8383838.38383838       1.453689299315570E-009
   18048158.3511887       -8181818.18181818       2.328944482610666E-009
   18048158.3511887       -7979797.97979798       3.665679092152063E-009
   18048158.3511887       -7777777.77777778       5.673574360354872E-009
   18048158.3511887       -7575757.57575758       8.641125412190951E-009
   18048158.3511887       -7373737.37373737       1.295830270060263E-008
   18048158.3511887       -7171717.17171717       1.914316332063985E-008
   18048158.3511887       -6969696.96969697       2.787225886162672E-008
   18048158.3511887       -6767676.76767677       4.001437410518495E-008
   18048158.3511887       -6565656.56565657       5.666676555512333E-008
   18048158.3511887       -6363636.36363636       7.919267277245198E-008
   18048158.3511887       -6161616.16161616       1.092584820912113E-007
   18048158.3511887       -5959595.95959596       1.488685749445378E-007
   18048158.3511887       -5757575.75757576       2.003956420335068E-007
   18048158.3511887       -5555555.55555556       2.666041406206381E-007
   18048158.3511887       -5353535.35353535       3.506646562696173E-007
   18048158.3511887       -5151515.15151515       4.561572201783388E-007
   18048158.3511887       -4949494.94949495       5.870621090448078E-007
   18048158.3511887       -4747474.74747475       7.477372477660119E-007
   18048158.3511887       -4545454.54545455       9.428819286526705E-007
   18048158.3511887       -4343434.34343434       1.177487004981131E-006
   18048158.3511887       -4141414.14141414       1.456771870595030E-006
   18048158.3511887       -3939393.93939394       1.786108326954878E-006
   18048158.3511887       -3737373.73737374       2.170930918699216E-006
   18048158.3511887       -3535353.53535354       2.616632705754354E-006
   18048158.3511887       -3333333.33333333       3.128445092885688E-006
   18048158.3511887       -3131313.13131313       3.711300661629205E-006
   18048158.3511887       -2929292.92929293       4.369679245868415E-006
   18048158.3511887       -2727272.72727273       5.107439801991694E-006
   18048158.3511887       -2525252.52525253       5.927643637128107E-006
   18048158.3511887       -2323232.32323232       6.832377639089724E-006
   18048158.3511887       -2121212.12121212       7.822588492201350E-006
   18048158.3511887       -1919191.91919192       8.897939718917933E-006
   18048158.3511887       -1717171.71717172       1.005670230751173E-005
   18048158.3511887       -1515151.51515152       1.129568666543959E-005
   18048158.3511887       -1313131.31313131       1.261021913386865E-005
   18048158.3511887       -1111111.11111111       1.399416112095904E-005
   18048158.3511887       -909090.909090910       1.543996402770821E-005
   18048158.3511887       -707070.707070708       1.693874946781971E-005
   18048158.3511887       -505050.505050506       1.848040252410350E-005
   18048158.3511887       -303030.303030305       2.005366632728545E-005
   18048158.3511887       -101010.101010101       2.164622911895055E-005
   18048158.3511887        101010.101010101       2.324479981039401E-005
   18048158.3511887        303030.303030303       2.483517409276724E-005
   18048158.3511887        505050.505050505       2.640229917449735E-005
   18048158.3511887        707070.707070706       2.793034964675809E-005
   18048158.3511887        909090.909090908       2.940282813800167E-005
   18048158.3511887        1111111.11111111       3.080270103031384E-005
   18048158.3511887        1313131.31313131       3.211257130729145E-005
   18048158.3511887        1515151.51515151       3.331487891371885E-005
   18048158.3511887        1717171.71717172       3.439210696663388E-005
   18048158.3511887        1919191.91919192       3.532696426477911E-005
   18048158.3511887        2121212.12121212       3.610251548491714E-005
   18048158.3511887        2323232.32323232       3.670224346330637E-005
   18048158.3511887        2525252.52525252       3.711005331598767E-005
   18048158.3511887        2727272.72727273       3.731026243784641E-005
   18048158.3511887        2929292.92929293       3.728765686831578E-005
   18048158.3511887        3131313.13131313       3.702772415332035E-005
   18048158.3511887        3333333.33333333       3.651718582977473E-005
   18048158.3511887        3535353.53535353       3.574493927364173E-005
   18048158.3511887        3737373.73737374       3.470347007198180E-005
   18048158.3511887        3939393.93939394       3.339070626423447E-005
   18048158.3511887        4141414.14141414       3.181215596036061E-005
   18048158.3511887        4343434.34343434       2.998301596174697E-005
   18048158.3511887        4545454.54545454       2.792979928240094E-005
   18048158.3511887        4747474.74747475       2.569096384912686E-005
   18048158.3511887        4949494.94949495       2.331609712080051E-005
   18048158.3511887        5151515.15151515       2.086345364599545E-005
   18048158.3511887        5353535.35353535       1.839601656652036E-005
   18048158.3511887        5555555.55555555       1.597664453960936E-005
   18048158.3511887        5757575.75757576       1.366312400662044E-005
   18048158.3511887        5959595.95959596       1.150396854245579E-005
   18048158.3511887        6161616.16161616       9.535589915355913E-006
   18048158.3511887        6363636.36363636       7.781106812412948E-006
   18048158.3511887        6565656.56565657       6.250694868873940E-006
   18048158.3511887        6767676.76767677       4.943124315465387E-006
   18048158.3511887        6969696.96969697       3.848021231694440E-006
   18048158.3511887        7171717.17171717       2.948406016393449E-006
   18048158.3511887        7373737.37373737       2.223158088844176E-006
   18048158.3511887        7575757.57575757       1.649177678181362E-006
   18048158.3511887        7777777.77777778       1.203128081856593E-006
   18048158.3511887        7979797.97979798       8.627278947725450E-007
   18048158.3511887        8181818.18181818       6.076193795493098E-007
   18048158.3511887        8383838.38383838       4.198708171802552E-007
   18048158.3511887        8585858.58585858       2.841841736797467E-007
   18048158.3511887        8787878.78787879       1.878810798504233E-007
   18048158.3511887        8989898.98989899       1.207347498642949E-007
   18048158.3511887        9191919.19191919       7.470631712690570E-008
   18048158.3511887        9393939.39393939       4.363324377042271E-008
   18048158.3511887        9595959.59595960       2.290632452156770E-008
   18048158.3511887        9797979.79797980       9.161213668182263E-009
   18048158.3511887        10000000.0000000       0.000000000000000E+000
   18595041.3223140       -10000000.0000000       0.000000000000000E+000
   18595041.3223140       -9797979.79797980       7.866658651505328E-012
   18595041.3223140       -9595959.59595960       2.144607925360219E-011
   18595041.3223140       -9393939.39393939       4.510202127347382E-011
   18595041.3223140       -9191919.19191919       8.611324969833379E-011
   18595041.3223140       -8989898.98989899       1.562976037724828E-010
   18595041.3223140       -8787878.78787879       2.744387996881377E-010
   18595041.3223140       -8585858.58585859       4.697745472445582E-010
   18595041.3223140       -8383838.38383838       7.868920973366131E-010
   18595041.3223140       -8181818.18181818       1.292439388894394E-009
   18595041.3223140       -7979797.97979798       2.084111420493365E-009
   18595041.3223140       -7777777.77777778       3.302403216888127E-009
   18595041.3223140       -7575757.57575758       5.145620826992893E-009
   18595041.3223140       -7373737.37373737       7.888597427597655E-009
   18595041.3223140       -7171717.17171717       1.190546051628839E-008
   18595041.3223140       -6969696.96969697       1.769662825583589E-008
   18595041.3223140       -6767676.76767677       2.591997251428689E-008
   18595041.3223140       -6565656.56565657       3.742577394452452E-008
   18595041.3223140       -6363636.36363636       5.329472044718605E-008
   18595041.3223140       -6161616.16161616       7.487778523729805E-008
   18595041.3223140       -5959595.95959596       1.038363967311371E-007
   18595041.3223140       -5757575.75757576       1.421809223481118E-007
   18595041.3223140       -5555555.55555556       1.923051816098191E-007
   18595041.3223140       -5353535.35353535       2.570145297001560E-007
   18595041.3223140       -5151515.15151515       3.395450487866607E-007
   18595041.3223140       -4949494.94949495       4.435715643569106E-007
   18595041.3223140       -4747474.74747475       5.732025443027883E-007
   18595041.3223140       -4545454.54545455       7.329603733481639E-007
   18595041.3223140       -4343434.34343434       9.277459225923306E-007
   18595041.3223140       -4141414.14141414       1.162786640739098E-006
   18595041.3223140       -3939393.93939394       1.443567500077313E-006
   18595041.3223140       -3737373.73737374       1.775744040655608E-006
   18595041.3223140       -3535353.53535354       2.165036597002145E-006
   18595041.3223140       -3333333.33333333       2.617104811690115E-006
   18595041.3223140       -3131313.13131313       3.137402051418100E-006
   18595041.3223140       -2929292.92929293       3.731010608621047E-006
   18595041.3223140       -2727272.72727273       4.402460679199213E-006
   18595041.3223140       -2525252.52525253       5.155538859146244E-006
   18595041.3223140       -2323232.32323232       5.993094809545071E-006
   18595041.3223140       -2121212.12121212       6.916857109778934E-006
   18595041.3223140       -1919191.91919192       7.927270444036625E-006
   18595041.3223140       -1717171.71717172       9.023365632698805E-006
   18595041.3223140       -1515151.51515152       1.020267148025280E-005
   18595041.3223140       -1313131.31313131       1.146117325235605E-005
   18595041.3223140       -1111111.11111111       1.279331748575753E-005
   18595041.3223140       -909090.909090910       1.419205767396070E-005
   18595041.3223140       -707070.707070708       1.564893108689674E-005
   18595041.3223140       -505050.505050506       1.715415435003622E-005
   18595041.3223140       -303030.303030305       1.869672492555794E-005
   18595041.3223140       -101010.101010101       2.026451746601915E-005
   18595041.3223140        101010.101010101       2.184436795071745E-005
   18595041.3223140        303030.303030303       2.342214399251890E-005
   18595041.3223140        505050.505050505       2.498280575259751E-005
   18595041.3223140        707070.707070706       2.651046719201478E-005
   18595041.3223140        909090.909090908       2.798847038004767E-005
   18595041.3223140        1111111.11111111       2.939948486399804E-005
   18595041.3223140        1313131.31313131       3.072563895369438E-005
   18595041.3223140        1515151.51515151       3.194868072947489E-005
   18595041.3223140        1717171.71717172       3.305015586777544E-005
   18595041.3223140        1919191.91919192       3.401158080869442E-005
   18595041.3223140        2121212.12121212       3.481458799162101E-005
   18595041.3223140        2323232.32323232       3.544102888411214E-005
   18595041.3223140        2525252.52525252       3.587304210898048E-005
   18595041.3223140        2727272.72727273       3.609312640101819E-005
   18595041.3223140        2929292.92929293       3.608429570852375E-005
   18595041.3223140        3131313.13131313       3.583042730223030E-005
   18595041.3223140        3333333.33333333       3.531693155407164E-005
   18595041.3223140        3535353.53535353       3.453186103763373E-005
   18595041.3223140        3737373.73737374       3.346752397824593E-005
   18595041.3223140        3939393.93939394       3.212256360700752E-005
   18595041.3223140        4141414.14141414       3.050431164177260E-005
   18595041.3223140        4343434.34343434       2.863104221429642E-005
   18595041.3223140        4545454.54545454       2.653359254953663E-005
   18595041.3223140        4747474.74747475       2.425575537631485E-005
   18595041.3223140        4949494.94949495       2.185296250062018E-005
   18595041.3223140        5151515.15151515       1.938909838505924E-005
   18595041.3223140        5353535.35353535       1.693174355831670E-005
   18595041.3223140        5555555.55555555       1.454659471956949E-005
   18595041.3223140        5757575.75757576       1.229206033402476E-005
   18595041.3223140        5959595.95959596       1.021498007266147E-005
   18595041.3223140        6161616.16161616       8.348092400631975E-006
   18595041.3223140        6363636.36363636       6.709419878621185E-006
   18595041.3223140        6565656.56565657       5.303327979578654E-006
   18595041.3223140        6767676.76767677       4.122756636796562E-006
   18595041.3223140        6969696.96969697       3.152051560714385E-006
   18595041.3223140        7171717.17171717       2.369892361669625E-006
   18595041.3223140        7373737.37373737       1.751957412157029E-006
   18595041.3223140        7575757.57575757       1.273120083334753E-006
   18595041.3223140        7777777.77777778       9.091003326021207E-007
   18595041.3223140        7979797.97979798       6.375858309367002E-007
   18595041.3223140        8181818.18181818       4.388895038573492E-007
   18595041.3223140        8383838.38383838       2.962340201680491E-007
   18595041.3223140        8585858.58585858       1.957580259224662E-007
   18595041.3223140        8787878.78787879       1.263317710593682E-007
   18595041.3223140        8989898.98989899       7.925685150485474E-008
   18595041.3223140        9191919.19191919       4.790969705137475E-008
   18595041.3223140        9393939.39393939       2.737334965293570E-008
   18595041.3223140        9595959.59595960       1.408826672874518E-008
   18595041.3223140        9797979.79797980       5.541034091934892E-009
   18595041.3223140        10000000.0000000       0.000000000000000E+000
   19150086.7258443       -10000000.0000000       0.000000000000000E+000
   19150086.7258443       -9797979.79797980       3.212535756714410E-012
   19150086.7258443       -9595959.59595960       8.981681646926083E-012
   19150086.7258443       -9393939.39393939       1.942515807248211E-011
   19150086.7258443       -9191919.19191919       3.821632482627181E-011
   19150086.7258443       -8989898.98989899       7.153369729728223E-011
   19150086.7258443       -8787878.78787879       1.295400141784405E-010
   19150086.7258443       -8585858.58585859       2.285885494090963E-010
   19150086.7258443       -8383838.38383838       3.944346989372950E-010
   19150086.7258443       -8181818.18181818       6.667999024042502E-010
   19150086.7258443       -7979797.97979798       1.105704267577198E-009
   19150086.7258443       -7777777.77777778       1.800047023787561E-009
   19150086.7258443       -7575757.57575758       2.878959948383897E-009
   19150086.7258443       -7373737.37373737       4.526475825823510E-009
   19150086.7258443       -7171717.17171717       7.000027967436510E-009
   19150086.7258443       -6969696.96969697       1.065321376928324E-008
   19150086.7258443       -6767676.76767677       1.596310272191116E-008
   19150086.7258443       -6565656.56565657       2.356213856920740E-008
   19150086.7258443       -6363636.36363636       3.427437424382295E-008
   19150086.7258443       -6161616.16161616       4.915539362194320E-008
   19150086.7258443       -5959595.95959596       6.953483405029593E-008
   19150086.7258443       -5757575.75757576       9.705995816510713E-008
   19150086.7258443       -5555555.55555556       1.337382740152332E-007
   19150086.7258443       -5353535.35353535       1.819768173219347E-007
   19150086.7258443       -5151515.15151515       2.446154369062412E-007
   19150086.7258443       -4949494.94949495       3.249513009137548E-007
   19150086.7258443       -4747474.74747475       4.267518814906251E-007
   19150086.7258443       -4545454.54545455       5.542538607037109E-007
   19150086.7258443       -4343434.34343434       7.121456789904872E-007
   19150086.7258443       -4141414.14141414       9.055317466457405E-007
   19150086.7258443       -3939393.93939394       1.139876593759387E-006
   19150086.7258443       -3737373.73737374       1.420927426477229E-006
   19150086.7258443       -3535353.53535354       1.754613752387330E-006
   19150086.7258443       -3333333.33333333       2.146923095674917E-006
   19150086.7258443       -3131313.13131313       2.603752569613409E-006
   19150086.7258443       -2929292.92929293       3.130737425100753E-006
   19150086.7258443       -2727272.72727273       3.733059747220313E-006
   19150086.7258443       -2525252.52525253       4.415243110930356E-006
   19150086.7258443       -2323232.32323232       5.180941859567065E-006
   19150086.7258443       -2121212.12121212       6.032736152472725E-006
   19150086.7258443       -1919191.91919192       6.971945379018838E-006
   19150086.7258443       -1717171.71717172       7.998472400319429E-006
   19150086.7258443       -1515151.51515152       9.110689085226255E-006
   19150086.7258443       -1313131.31313131       1.030536987396638E-005
   19150086.7258443       -1111111.11111111       1.157767514563529E-005
   19150086.7258443       -909090.909090910       1.292118078965786E-005
   19150086.7258443       -707070.707070708       1.432794550656772E-005
   19150086.7258443       -505050.505050506       1.578860383526527E-005
   19150086.7258443       -303030.303030305       1.729247133904824E-005
   19150086.7258443       -101010.101010101       1.882764908064227E-005
   19150086.7258443        101010.101010101       2.038111742886397E-005
   19150086.7258443        303030.303030303       2.193881396736653E-005
   19150086.7258443        505050.505050505       2.348569606732216E-005
   19150086.7258443        707070.707070706       2.500579444501600E-005
   19150086.7258443        909090.909090908       2.648226839114613E-005
   19150086.7258443        1111111.11111111       2.789747493572582E-005
   19150086.7258443        1313131.31313131       2.923306199543091E-005
   19150086.7258443        1515151.51515151       3.047008948077306E-005
   19150086.7258443        1717171.71717172       3.158917381208732E-005
   19150086.7258443        1919191.91919192       3.257064333103823E-005
   19150086.7258443        2121212.12121212       3.339468894963849E-005
   19150086.7258443        2323232.32323232       3.404150043545625E-005
   19150086.7258443        2525252.52525252       3.449139690463546E-005
   19150086.7258443        2727272.72727273       3.472499018232416E-005
   19150086.7258443        2929292.92929293       3.472345721062531E-005
   19150086.7258443        3131313.13131313       3.446903349404716E-005
   19150086.7258443        3333333.33333333       3.394586026404112E-005
   19150086.7258443        3535353.53535353       3.314130709453818E-005
   19150086.7258443        3737373.73737374       3.204783191425028E-005
   19150086.7258443        3939393.93939394       3.066531907939778E-005
   19150086.7258443        4141414.14141414       2.900365491348109E-005
   19150086.7258443        4343434.34343434       2.708508794450868E-005
   19150086.7258443        4545454.54545454       2.494574470673270E-005
   19150086.7258443        4747474.74747475       2.263562857649110E-005
   19150086.7258443        4949494.94949495       2.021660819970493E-005
   19150086.7258443        5151515.15151515       1.775832239352703E-005
   19150086.7258443        5353535.35353535       1.533248799997855E-005
   19150086.7258443        5555555.55555555       1.300658944762477E-005
   19150086.7258443        5757575.75757576       1.083814069840138E-005
   19150086.7258443        5959595.95959596       8.870546268199403E-006
   19150086.7258443        6161616.16161616       7.131127259550782E-006
   19150086.7258443        6363636.36363636       5.631321384750974E-006
   19150086.7258443        6565656.56565657       4.368616904809804E-006
   19150086.7258443        6767676.76767677       3.329551937062136E-006
   19150086.7258443        6969696.96969697       2.493102595942030E-006
   19150086.7258443        7171717.17171717       1.833922743850364E-006
   19150086.7258443        7373737.37373737       1.325094736750796E-006
   19150086.7258443        7575757.57575757       9.402360876290359E-007
   19150086.7258443        7777777.77777778       6.549466525264510E-007
   19150086.7258443        7979797.97979798       4.476675137017314E-007
   19150086.7258443        8181818.18181818       3.000644364985729E-007
   19150086.7258443        8383838.38383838       1.970590532679695E-007
   19150086.7258443        8585858.58585858       1.266223889915385E-007
   19150086.7258443        8787878.78787879       7.942744170354453E-008
   19150086.7258443        8989898.98989899       4.843642575308920E-008
   19150086.7258443        9191919.19191919       2.847758635804434E-008
   19150086.7258443        9393939.39393939       1.584811282216971E-008
   19150086.7258443        9595959.59595960       7.964487681047215E-009
   19150086.7258443        9797979.79797980       3.069866684508037E-009
   19150086.7258443        10000000.0000000       0.000000000000000E+000
   19713294.5617794       -10000000.0000000       0.000000000000000E+000
   19713294.5617794       -9797979.79797980       1.128248986056439E-012
   19713294.5617794       -9595959.59595960       3.270754140603737E-012
   19713294.5617794       -9393939.39393939       7.346772280136155E-012
   19713294.5617794       -9191919.19191919       1.502708770793754E-011
   19713294.5617794       -8989898.98989899       2.923920755539925E-011
   19713294.5617794       -8787878.78787879       5.499272116383972E-011
   19713294.5617794       -8585858.58585859       1.006631795867144E-010
   19713294.5617794       -8383838.38383838       1.799391326090448E-010
   19713294.5617794       -8181818.18181818       3.147024313019846E-010
   19713294.5617794       -7979797.97979798       5.391856166644574E-010
   19713294.5617794       -7777777.77777778       9.058283545797156E-010
   19713294.5617794       -7575757.57575758       1.493330367690109E-009
   19713294.5617794       -7373737.37373737       2.417461178517562E-009
   19713294.5617794       -7171717.17171717       3.845224394349548E-009
   19713294.5617794       -6969696.96969697       6.012971138962805E-009
   19713294.5617794       -6767676.76767677       9.248997365278481E-009
   19713294.5617794       -6565656.56565657       1.400102765074993E-008
   19713294.5617794       -6363636.36363636       2.086877125808319E-008
   19713294.5617794       -6161616.16161616       3.064142825852794E-008
   19713294.5617794       -5959595.95959596       4.433962682081352E-008
   19713294.5617794       -5757575.75757576       6.326080134540568E-008
   19713294.5617794       -5555555.55555556       8.902650187704392E-008
   19713294.5617794       -5353535.35353535       1.236295972655901E-007
   19713294.5617794       -5151515.15151515       1.694788454281546E-007
   19713294.5617794       -4949494.94949495       2.294379026494493E-007
   19713294.5617794       -4747474.74747475       3.068555704304230E-007
   19713294.5617794       -4545454.54545455       4.055839545171529E-007
   19713294.5617794       -4343434.34343434       5.299812329419111E-007
   19713294.5617794       -4141414.14141414       6.848958722239304E-007
   19713294.5617794       -3939393.93939394       8.756293597727692E-007
   19713294.5617794       -3737373.73737374       1.107874821153284E-006
   19713294.5617794       -3535353.53535354       1.387629296483712E-006
   19713294.5617794       -3333333.33333333       1.721078060119721E-006
   19713294.5617794       -3131313.13131313       2.114450336915266E-006
   19713294.5617794       -2929292.92929293       2.573847259466171E-006
   19713294.5617794       -2727272.72727273       3.105045014691483E-006
   19713294.5617794       -2525252.52525253       3.713278777418541E-006
   19713294.5617794       -2323232.32323232       4.403015941123725E-006
   19713294.5617794       -2121212.12121212       5.177729842704141E-006
   19713294.5617794       -1919191.91919192       6.039687030348587E-006
   19713294.5617794       -1717171.71717172       6.989761563010961E-006
   19713294.5617794       -1515151.51515152       8.027288479471242E-006
   19713294.5617794       -1313131.31313131       9.149965392997241E-006
   19713294.5617794       -1111111.11111111       1.035380650023542E-005
   19713294.5617794       -909090.909090910       1.163314782314540E-005
   19713294.5617794       -707070.707070708       1.298069711224394E-005
   19713294.5617794       -505050.505050506       1.438761742527933E-005
   19713294.5617794       -303030.303030305       1.584363069518627E-005
   19713294.5617794       -101010.101010101       1.733712706843325E-005
   19713294.5617794        101010.101010101       1.885526754220562E-005
   19713294.5617794        303030.303030303       2.038407122208714E-005
   19713294.5617794        505050.505050505       2.190848379425953E-005
   19713294.5617794        707070.707070706       2.341242967400251E-005
   19713294.5617794        909090.909090908       2.487885559706916E-005
   19713294.5617794        1111111.11111111       2.628977686900549E-005
   19713294.5617794        1313131.31313131       2.762633795999190E-005
   19713294.5617794        1515151.51515151       2.886889616120972E-005
   19713294.5617794        1717171.71717172       2.999713131411721E-005
   19713294.5617794        1919191.91919192       3.099017842549571E-005
   19713294.5617794        2121212.12121212       3.182677695743121E-005
   19713294.5617794        2323232.32323232       3.248543507808714E-005
   19713294.5617794        2525252.52525252       3.294462277085237E-005
   19713294.5617794        2727272.72727273       3.318303542269439E-005
   19713294.5617794        2929292.92929293       3.318000595307839E-005
   19713294.5617794        3131313.13131313       3.291617965981451E-005
   19713294.5617794        3333333.33333333       3.237458668641651E-005
   19713294.5617794        3535353.53535353       3.154223224838521E-005
   19713294.5617794        3737373.73737374       3.041225271776043E-005
   19713294.5617794        3939393.93939394       2.898654060412748E-005
   19713294.5617794        4141414.14141414       2.727852724502342E-005
   19713294.5617794        4343434.34343434       2.531556941241046E-005
   19713294.5617794        4545454.54545454       2.314020327751078E-005
   19713294.5617794        4747474.74747475       2.080952677435227E-005
   19713294.5617794        4949494.94949495       1.839224703392397E-005
   19713294.5617794        5151515.15151515       1.596347761313637E-005
   19713294.5617794        5353535.35353535       1.359803200546738E-005
   19713294.5617794        5555555.55555555       1.136346798798450E-005
   19713294.5617794        5757575.75757576       9.314255881522518E-006
   19713294.5617794        5959595.95959596       7.488113869690439E-006
   19713294.5617794        6161616.16161616       5.904929568394693E-006
   19713294.5617794        6363636.36363636       4.568036387368055E-006
   19713294.5617794        6565656.56565657       3.467162784628719E-006
   19713294.5617794        6767676.76767677       2.582212547426078E-006
   19713294.5617794        6969696.96969697       1.887121398713330E-006
   19713294.5617794        7171717.17171717       1.353258684401082E-006
   19713294.5617794        7373737.37373737       9.520935081899449E-007
   19713294.5617794        7575757.57575757       6.570523971528449E-007
   19713294.5617794        7777777.77777778       4.446336942543059E-007
   19713294.5617794        7979797.97979798       2.949155635649946E-007
   19713294.5617794        8181818.18181818       1.916165540099694E-007
   19713294.5617794        8383838.38383838       1.218589470639555E-007
   19713294.5617794        8585858.58585858       7.576089501633903E-008
   19713294.5617794        8787878.78787879       4.595395268823224E-008
   19713294.5617794        8989898.98989899       2.709404445035024E-008
   19713294.5617794        9191919.19191919       1.540921027873393E-008
   19713294.5617794        9393939.39393939       8.307796918673763E-009
   19713294.5617794        9595959.59595960       4.056194619330135E-009
   19713294.5617794        9797979.79797980       1.525323087551264E-009
   19713294.5617794        10000000.0000000       0.000000000000000E+000
   20284664.8301194       -10000000.0000000       0.000000000000000E+000
   20284664.8301194       -9797979.79797980       3.088774899000843E-013
   20284664.8301194       -9595959.59595960       9.606406687219613E-013
   20284664.8301194       -9393939.39393939       2.301702687563029E-012
   20284664.8301194       -9191919.19191919       4.999079708911391E-012
   20284664.8301194       -8989898.98989899       1.027910076824846E-011
   20284664.8301194       -8787878.78787879       2.033965433927971E-011
   20284664.8301194       -8585858.58585859       3.902301006763368E-011
   20284664.8301194       -8383838.38383838       7.288507371784191E-011
   20284664.8301194       -8181818.18181818       1.328511211702720E-010
   20284664.8301194       -7979797.97979798       2.367147894759806E-010
   20284664.8301194       -7777777.77777778       4.128156533191355E-010
   20284664.8301194       -7575757.57575758       7.053177779093594E-010
   20284664.8301194       -7373737.37373737       1.181601044003422E-009
   20284664.8301194       -7171717.17171717       1.942359230726825E-009
   20284664.8301194       -6969696.96969697       3.135060691505687E-009
   20284664.8301194       -6767676.76767677       4.971452586004902E-009
   20284664.8301194       -6565656.56565657       7.749759356737530E-009
   20284664.8301194       -6363636.36363636       1.188212120028949E-008
   20284664.8301194       -6161616.16161616       1.792762133309088E-008
   20284664.8301194       -5959595.95959596       2.663094962806091E-008
   20284664.8301194       -5757575.75757576       3.896634104310981E-008
   20284664.8301194       -5555555.55555556       5.618591841017230E-008
   20284664.8301194       -5353535.35353535       7.987098293413957E-008
   20284664.8301194       -5151515.15151515       1.119841686800981E-007
   20284664.8301194       -4949494.94949495       1.549197571783671E-007
   20284664.8301194       -4747474.74747475       2.115488878534487E-007
   20284664.8301194       -4545454.54545455       2.852559485274271E-007
   20284664.8301194       -4343434.34343434       3.799621250511247E-007
   20284664.8301194       -4141414.14141414       5.001319512470047E-007
   20284664.8301194       -3939393.93939394       6.507587384428129E-007
   20284664.8301194       -3737373.73737374       8.373249875576781E-007
   20284664.8301194       -3535353.53535354       1.065734326307215E-006
   20284664.8301194       -3333333.33333333       1.342212237410629E-006
   20284664.8301194       -3131313.13131313       1.673173956623460E-006
   20284664.8301194       -2929292.92929293       2.065059539472981E-006
   20284664.8301194       -2727272.72727273       2.524138296369165E-006
   20284664.8301194       -2525252.52525253       3.056287535841707E-006
   20284664.8301194       -2323232.32323232       3.666753618269709E-006
   20284664.8301194       -2121212.12121212       4.359906298161252E-006
   20284664.8301194       -1919191.91919192       5.138999667481436E-006
   20284664.8301194       -1717171.71717172       6.005954120235319E-006
   20284664.8301194       -1515151.51515152       6.961173176169902E-006
   20284664.8301194       -1313131.31313131       8.003406534928564E-006
   20284664.8301194       -1111111.11111111       9.129666547852589E-006
   20284664.8301194       -909090.909090910       1.033519992281785E-005
   20284664.8301194       -707070.707070708       1.161351072022183E-005
   20284664.8301194       -505050.505050506       1.295642547037428E-005
   20284664.8301194       -303030.303030305       1.435418738908868E-005
   20284664.8301194       -101010.101010101       1.579556480767019E-005
   20284664.8301194        101010.101010101       1.726795936118668E-005
   20284664.8301194        303030.303030303       1.875750213818160E-005
   20284664.8301194        505050.505050505       2.024913049448858E-005
   20284664.8301194        707070.707070706       2.172664388041610E-005
   20284664.8301194        909090.909090908       2.317274286822106E-005
   20284664.8301194        1111111.11111111       2.456906046062185E-005
   20284664.8301194        1313131.31313131       2.589619760375896E-005
   20284664.8301194        1515151.51515151       2.713377491870255E-005
   20284664.8301194        1717171.71717172       2.826051020841940E-005
   20284664.8301194        1919191.91919192       2.925432783622848E-005
   20284664.8301194        2121212.12121212       3.009250460437942E-005
   20284664.8301194        2323232.32323232       3.075186127724869E-005
   20284664.8301194        2525252.52525252       3.120902318053340E-005
   20284664.8301194        2727272.72727273       3.144079905272017E-005
   20284664.8301194        2929292.92929293       3.142476182270027E-005
   20284664.8301194        3131313.13131313       3.114014902398870E-005
   20284664.8301194        3333333.33333333       3.056921720860511E-005
   20284664.8301194        3535353.53535353       2.969916014549765E-005
   20284664.8301194        3737373.73737374       2.852460862300552E-005
   20284664.8301194        3939393.93939394       2.705055284092925E-005
   20284664.8301194        4141414.14141414       2.529527648737439E-005
   20284664.8301194        4343434.34343434       2.329262327177825E-005
   20284664.8301194        4545454.54545454       2.109274790429755E-005
   20284664.8301194        4747474.74747475       1.876057884695760E-005
   20284664.8301194        4949494.94949495       1.637163428749620E-005
   20284664.8301194        5151515.15151515       1.400553295344623E-005
   20284664.8301194        5353535.35353535       1.173828982928308E-005
   20284664.8301194        5555555.55555555       9.634952010295949E-006
   20284664.8301194        5757575.75757576       7.744077340724024E-006
   20284664.8301194        5959595.95959596       6.095004539613627E-006
   20284664.8301194        6161616.16161616       4.698065240374068E-006
   20284664.8301194        6363636.36363636       3.547179266737355E-006
   20284664.8301194        6565656.56565657       2.623880736745805E-006
   20284664.8301194        6767676.76767677       1.901784122576069E-006
   20284664.8301194        6969696.96969697       1.350712588508913E-006
   20284664.8301194        7171717.17171717       9.400249663005521E-007
   20284664.8301194        7373737.37373737       6.409715923724754E-007
   20284664.8301194        7575757.57575757       4.281208717186604E-007
   20284664.8301194        7777777.77777778       2.800167390494454E-007
   20284664.8301194        7979797.97979798       1.792697900848671E-007
   20284664.8301194        8181818.18181818       1.122782578640221E-007
   20284664.8301194        8383838.38383838       6.874297391712153E-008
   20284664.8301194        8585858.58585858       4.109978435824354E-008
   20284664.8301194        8787878.78787879       2.395352369714628E-008
   20284664.8301194        8989898.98989899       1.356440976197894E-008
   20284664.8301194        9191919.19191919       7.412212445899652E-009
   20284664.8301194        9393939.39393939       3.845581104181007E-009
   20284664.8301194        9595959.59595960       1.812437230614567E-009
   20284664.8301194        9797979.79797980       6.610301710575195E-010
   20284664.8301194        10000000.0000000       0.000000000000000E+000
   20864197.5308642       -10000000.0000000       0.000000000000000E+000
   20864197.5308642       -9797979.79797980       3.590805191816206E-014
   20864197.5308642       -9595959.59595960       1.616630628022275E-013
   20864197.5308642       -9393939.39393939       4.854909851100068E-013
   20864197.5308642       -9191919.19191919       1.232447120850645E-012
   20864197.5308642       -8989898.98989899       2.841326321597728E-012
   20864197.5308642       -8787878.78787879       6.143353342726695E-012
   20864197.5308642       -8585858.58585859       1.267054304674421E-011
   20864197.5308642       -8383838.38383838       2.517309154712905E-011
   20864197.5308642       -8181818.18181818       4.846406987542381E-011
   20864197.5308642       -7979797.97979798       9.076172304044943E-011
   20864197.5308642       -7777777.77777778       1.657665745271530E-010
   20864197.5308642       -7575757.57575758       2.957925561807874E-010
   20864197.5308642       -7373737.37373737       5.163666782012036E-010
   20864197.5308642       -7171717.17171717       8.828154784594927E-010
   20864197.5308642       -6969696.96969697       1.479459986599827E-009
   20864197.5308642       -6767676.76767677       2.432131171436232E-009
   20864197.5308642       -6565656.56565657       3.924777298706770E-009
   20864197.5308642       -6363636.36363636       6.220941918684164E-009
   20864197.5308642       -6161616.16161616       9.690822555354675E-009
   20864197.5308642       -5959595.95959596       1.484445195104760E-008
   20864197.5308642       -5757575.75757576       2.237125597464507E-008
   20864197.5308642       -5555555.55555556       3.318582299683368E-008
   20864197.5308642       -5353535.35353535       4.847916895087663E-008
   20864197.5308642       -5151515.15151515       6.977411658850111E-008
   20864197.5308642       -4949494.94949495       9.898266023684319E-008
   20864197.5308642       -4747474.74747475       1.384624083515039E-007
   20864197.5308642       -4545454.54545455       1.910684462976426E-007
   20864197.5308642       -4343434.34343434       2.601963060156766E-007
   20864197.5308642       -4141414.14141414       3.498112290917872E-007
   20864197.5308642       -3939393.93939394       4.644586193640388E-007
   20864197.5308642       -3737373.73737374       6.092505493856229E-007
   20864197.5308642       -3535353.53535354       7.898234639730645E-007
   20864197.5308642       -3333333.33333333       1.012262879758764E-006
   20864197.5308642       -3131313.13131313       1.282991996021964E-006
   20864197.5308642       -2929292.92929293       1.608622797702798E-006
   20864197.5308642       -2727272.72727273       1.995770503824342E-006
   20864197.5308642       -2525252.52525253       2.450835065217825E-006
   20864197.5308642       -2323232.32323232       2.979756674111658E-006
   20864197.5308642       -2121212.12121212       3.587755570391587E-006
   20864197.5308642       -1919191.91919192       4.279069313914717E-006
   20864197.5308642       -1717171.71717172       5.056702559290938E-006
   20864197.5308642       -1515151.51515152       5.922204689230354E-006
   20864197.5308642       -1313131.31313131       6.875489101504089E-006
   20864197.5308642       -1111111.11111111       7.914704484752776E-006
   20864197.5308642       -909090.909090910       9.036163407943357E-006
   20864197.5308642       -707070.707070708       1.023432766320058E-005
   20864197.5308642       -505050.505050506       1.150184392507958E-005
   20864197.5308642       -303030.303030305       1.282961833976620E-005
   20864197.5308642       -101010.101010101       1.420691541290481E-005
   20864197.5308642        101010.101010101       1.562146552400104E-005
   20864197.5308642        303030.303030303       1.705956670886752E-005
   20864197.5308642        505050.505050505       1.850616981859193E-005
   20864197.5308642        707070.707070706       1.994494127456936E-005
   20864197.5308642        909090.909090908       2.135830363231875E-005
   20864197.5308642        1111111.11111111       2.272746009570283E-005
   20864197.5308642        1313131.31313131       2.403241398839063E-005
   20864197.5308642        1515151.51515151       2.525199721106970E-005
   20864197.5308642        1717171.71717172       2.636392276111029E-005
   20864197.5308642        1919191.91919192       2.734487644886314E-005
   20864197.5308642        2121212.12121212       2.817066434644207E-005
   20864197.5308642        2323232.32323232       2.881643866902920E-005
   20864197.5308642        2525252.52525252       2.925703921166444E-005
   20864197.5308642        2727272.72727273       2.946751184947151E-005
   20864197.5308642        2929292.92929293       2.942389722280335E-005
   20864197.5308642        3131313.13131313       2.910441152112204E-005
   20864197.5308642        3333333.33333333       2.849114792738157E-005
   20864197.5308642        3535353.53535353       2.757238406432296E-005
   20864197.5308642        3737373.73737374       2.634545812087595E-005
   20864197.5308642        3939393.93939394       2.481995824642818E-005
   20864197.5308642        4141414.14141414       2.302067853861290E-005
   20864197.5308642        4343434.34343434       2.098951578724474E-005
   20864197.5308642        4545454.54545454       1.878536383672498E-005
   20864197.5308642        4747474.74747475       1.648127009648701E-005
   20864197.5308642        4949494.94949495       1.415871990607185E-005
   20864197.5308642        5151515.15151515       1.189977546518196E-005
   20864197.5308642        5353535.35353535       9.778578372315131E-006
   20864197.5308642        5555555.55555555       7.854046449817460E-006
   20864197.5308642        5757575.75757576       6.165271634435256E-006
   20864197.5308642        5959595.95959596       4.730300183385828E-006
   20864197.5308642        6161616.16161616       3.548029204931644E-006
   20864197.5308642        6363636.36363636       2.602262714299095E-006
   20864197.5308642        6565656.56565657       1.866718706585268E-006
   20864197.5308642        6767676.76767677       1.309920522394223E-006
   20864197.5308642        6969696.96969697       8.992648076043536E-007
   20864197.5308642        7171717.17171717       6.039512043508893E-007
   20864197.5308642        7373737.37373737       3.967682377871443E-007
   20864197.5308642        7575757.57575757       2.549156134086973E-007
   20864197.5308642        7777777.77777778       1.601180254235467E-007
   20864197.5308642        7979797.97979798       9.828440797282035E-008
   20864197.5308642        8181818.18181818       5.892483028533389E-008
   20864197.5308642        8383838.38383838       3.448144857903160E-008
   20864197.5308642        8585858.58585858       1.967603908662708E-008
   20864197.5308642        8787878.78787879       1.093223233063169E-008
   20864197.5308642        8989898.98989899       5.897845458927277E-009
   20864197.5308642        9191919.19191919       3.070946891573470E-009
   20864197.5308642        9393939.39393939       1.520491227435158E-009
   20864197.5308642        9595959.59595960       6.862063650162939E-010
   20864197.5308642        9797979.79797980       2.407954991791496E-010
   20864197.5308642        10000000.0000000       0.000000000000000E+000
   21451892.6640139       -10000000.0000000       0.000000000000000E+000
   21451892.6640139       -9797979.79797980      -3.662195583694880E-014
   21451892.6640139       -9595959.59595960      -6.293956493522108E-014
   21451892.6640139       -9393939.39393939      -5.356570453120296E-014
   21451892.6640139       -9191919.19191919       5.162803606733562E-014
   21451892.6640139       -8989898.98989899       3.798512176892784E-013
   21451892.6640139       -8787878.78787879       1.189842877594306E-012
   21451892.6640139       -8585858.58585859       2.990562850979402E-012
   21451892.6640139       -8383838.38383838       6.753413253853813E-012
   21451892.6640139       -8181818.18181818       1.428089431693278E-011
   21451892.6640139       -7979797.97979798       2.882895164640640E-011
   21451892.6640139       -7777777.77777778       5.612840568508180E-011
   21451892.6640139       -7575757.57575758       1.060155059664655E-010
   21451892.6640139       -7373737.37373737       1.949646728654669E-010
   21451892.6640139       -7171717.17171717       3.499179236751113E-010
   21451892.6640139       -6969696.96969697       6.139224585418907E-010
   21451892.6640139       -6767676.76767677       1.054213426443302E-009
   21451892.6640139       -6565656.56565657       1.773500825155265E-009
   21451892.6640139       -6363636.36363636       2.925319719953013E-009
   21451892.6640139       -6161616.16161616       4.734357469669818E-009
   21451892.6640139       -5959595.95959596       7.522651504740273E-009
   21451892.6640139       -5757575.75757576       1.174242498174505E-008
   21451892.6640139       -5555555.55555556       1.801606529998380E-008
   21451892.6640139       -5353535.35353535       2.718332860018422E-008
   21451892.6640139       -5151515.15151515       4.035526123267656E-008
   21451892.6640139       -4949494.94949495       5.897357445801139E-008
   21451892.6640139       -4747474.74747475       8.487332145991134E-008
   21451892.6640139       -4545454.54545455       1.203457596195784E-007
   21451892.6640139       -4343434.34343434       1.681973098422693E-007
   21451892.6640139       -4141414.14141414       2.317996365175318E-007
   21451892.6640139       -3939393.93939394       3.151251607402517E-007
   21451892.6640139       -3737373.73737374       4.227618801981964E-007
   21451892.6640139       -3535353.53535354       5.599012939994036E-007
   21451892.6640139       -3333333.33333333       7.322936111537360E-007
   21451892.6640139       -3131313.13131313       9.461653485968961E-007
   21451892.6640139       -2929292.92929293       1.208095981853582E-006
   21451892.6640139       -2727272.72727273       1.524852551443812E-006
   21451892.6640139       -2525252.52525253       1.903184033786718E-006
   21451892.6640139       -2323232.32323232       2.349580721769924E-006
   21451892.6640139       -2121212.12121212       2.870007536990078E-006
   21451892.6640139       -1919191.91919192       3.469623662699330E-006
   21451892.6640139       -1717171.71717172       4.152503580369075E-006
   21451892.6640139       -1515151.51515152       4.921375937191055E-006
   21451892.6640139       -1313131.31313131       5.777396212151627E-006
   21451892.6640139       -1111111.11111111       6.719966684580832E-006
   21451892.6640139       -909090.909090910       7.746612885640791E-006
   21451892.6640139       -707070.707070708       8.852920033144493E-006
   21451892.6640139       -505050.505050506       1.003252670416469E-005
   21451892.6640139       -303030.303030305       1.127716712521956E-005
   21451892.6640139       -101010.101010101       1.257674886314717E-005
   21451892.6640139        101010.101010101       1.391945008941609E-005
   21451892.6640139        303030.303030303       1.529182035743288E-005
   21451892.6640139        505050.505050505       1.667887100448946E-005
   21451892.6640139        707070.707070706       1.806414556013785E-005
   21451892.6640139        909090.909090908       1.942976634170060E-005
   21451892.6640139        1111111.11111111       2.075645999989220E-005
   21451892.6640139        1313131.31313131       2.202357132155214E-005
   21451892.6640139        1515151.51515151       2.320908037909508E-005
   21451892.6640139        1717171.71717172       2.428964283435686E-005
   21451892.6640139        1919191.91919192       2.524067740724811E-005
   21451892.6640139        2121212.12121212       2.603652991912848E-005
   21451892.6640139        2323232.32323232       2.665075262389744E-005
   21451892.6640139        2525252.52525252       2.705655349365013E-005
   21451892.6640139        2727272.72727273       2.722749360780933E-005
   21451892.6640139        2929292.92929293       2.713853793908045E-005
   21451892.6640139        3131313.13131313       2.676758363510383E-005
   21451892.6640139        3333333.33333333       2.609757783512892E-005
   21451892.6640139        3535353.53535353       2.511926272230229E-005
   21451892.6640139        3737373.73737374       2.383441842520311E-005
   21451892.6640139        3939393.93939394       2.225920652522934E-005
   21451892.6640139        4141414.14141414       2.042689366175516E-005
   21451892.6640139        4343434.34343434       1.838897906324544E-005
   21451892.6640139        4545454.54545454       1.621374718651908E-005
   21451892.6640139        4747474.74747475       1.398167955540165E-005
   21451892.6640139        4949494.94949495       1.177798923609111E-005
   21451892.6640139        5151515.15151515       9.683529657429141E-006
   21451892.6640139        5353535.35353535       7.766029905528976E-006
   21451892.6640139        5555555.55555555       6.073636927392923E-006
   21451892.6640139        5757575.75757576       4.632045798432208E-006
   21451892.6640139        5959595.95959596       3.445399354954567E-006
   21451892.6640139        6161616.16161616       2.500134353928393E-006
   21451892.6640139        6363636.36363636       1.770408634430978E-006
   21451892.6640139        6565656.56565657       1.223738383194059E-006
   21451892.6640139        6767676.76767677       8.258422047292524E-007
   21451892.6640139        6969696.96969697       5.441834408436767E-007
   21451892.6640139        7171717.17171717       3.501316234730061E-007
   21451892.6640139        7373737.37373737       2.199396812960088E-007
   21451892.6640139        7575757.57575757       1.348538223167099E-007
   21451892.6640139        7777777.77777778       8.068046630221731E-008
   21451892.6640139        7979797.97979798       4.708018817144430E-008
   21451892.6640139        8181818.18181818       2.678269393515425E-008
   21451892.6640139        8383838.38383838       1.484405852083950E-008
   21451892.6640139        8585858.58585858       8.009230223838912E-009
   21451892.6640139        8787878.78787879       4.201920879579064E-009
   21451892.6640139        8989898.98989899       2.138679553546039E-009
   21451892.6640139        9191919.19191919       1.050653408037825E-009
   21451892.6640139        9393939.39393939       4.915392720796983E-010
   21451892.6640139        9595959.59595960       2.103192041886516E-010
   21451892.6640139        9797979.79797980       7.017864086991658E-011
   21451892.6640139        10000000.0000000       0.000000000000000E+000
   22047750.2295684       -10000000.0000000       0.000000000000000E+000
   22047750.2295684       -9797979.79797980      -4.934094018196504E-014
   22047750.2295684       -9595959.59595960      -1.080687279347058E-013
   22047750.2295684       -9393939.39393939      -1.736737371290523E-013
   22047750.2295684       -9191919.19191919      -2.358315525579410E-013
   22047750.2295684       -8989898.98989899      -2.680096212720428E-013
   22047750.2295684       -8787878.78787879      -2.091513927229996E-013
   22047750.2295684       -8585858.58585859       7.266723577326451E-014
   22047750.2295684       -8383838.38383838       8.501943200326240E-013
   22047750.2295684       -8181818.18181818       2.667698541438527E-012
   22047750.2295684       -7979797.97979798       6.577955643911955E-012
   22047750.2295684       -7777777.77777778       1.455938556446872E-011
   22047750.2295684       -7575757.57575758       3.022897491285283E-011
   22047750.2295684       -7373737.37373737       6.002573198714465E-011
   22047750.2295684       -7171717.17171717       1.151194757642584E-010
   22047750.2295684       -6969696.96969697       2.144031632303901E-010
   22047750.2295684       -6767676.76767677       3.890536346973830E-010
   22047750.2295684       -6565656.56565657       6.892914475315637E-010
   22047750.2295684       -6363636.36363636       1.194125392517168E-009
   22047750.2295684       -6161616.16161616       2.025013937796859E-009
   22047750.2295684       -5959595.95959596       3.364488379595719E-009
   22047750.2295684       -5757575.75757576       5.480826742627250E-009
   22047750.2295684       -5555555.55555556       8.759802865175376E-009
   22047750.2295684       -5353535.35353535       1.374431866376247E-008
   22047750.2295684       -5151515.15151515       2.118232043935902E-008
   22047750.2295684       -4949494.94949495       3.208277588522433E-008
   22047750.2295684       -4747474.74747475       4.777864238400286E-008
   22047750.2295684       -4545454.54545455       6.999471387487621E-008
   22047750.2295684       -4343434.34343434       1.009170515401407E-007
   22047750.2295684       -4141414.14141414       1.432594745199134E-007
   22047750.2295684       -3939393.93939394       2.003214296816467E-007
   22047750.2295684       -3737373.73737374       2.760306102567932E-007
   22047750.2295684       -3535353.53535354       3.749630942821029E-007
   22047750.2295684       -3333333.33333333       5.023336643052608E-007
   22047750.2295684       -3131313.13131313       6.639494774696727E-007
   22047750.2295684       -2929292.92929293       8.661214866422729E-007
   22047750.2295684       -2727272.72727273       1.115530037673179E-006
   22047750.2295684       -2525252.52525253       1.419043888184652E-006
   22047750.2295684       -2323232.32323232       1.783495408635726E-006
   22047750.2295684       -2121212.12121212       2.215418695246975E-006
   22047750.2295684       -1919191.91919192       2.720761346974742E-006
   22047750.2295684       -1717171.71717172       3.304584198584065E-006
   22047750.2295684       -1515151.51515152       3.970765756762136E-006
   22047750.2295684       -1313131.31313131       4.721728903058554E-006
   22047750.2295684       -1111111.11111111       5.558206236285186E-006
   22047750.2295684       -909090.909090910       6.479057157180782E-006
   22047750.2295684       -707070.707070708       7.481144739749678E-006
   22047750.2295684       -505050.505050506       8.559274221244975E-006
   22047750.2295684       -303030.303030305       9.706188459563425E-006
   22047750.2295684       -101010.101010101       1.091260993040022E-005
   22047750.2295684        101010.101010101       1.216731466110783E-005
   22047750.2295684        303030.303030303       1.345722157568998E-005
   22047750.2295684        505050.505050505       1.476748136344098E-005
   22047750.2295684        707070.707070706       1.608155212694224E-005
   22047750.2295684        909090.909090908       1.738125435864523E-005
   22047750.2295684        1111111.11111111       1.864680469944527E-005
   22047750.2295684        1313131.31313131       1.985683584338819E-005
   22047750.2295684        1515151.51515151       2.098841832089089E-005
   22047750.2295684        1717171.71717172       2.201710840556758E-005
   22047750.2295684        1919191.91919192       2.291705527136924E-005
   22047750.2295684        2121212.12121212       2.366121083886835E-005
   22047750.2295684        2323232.32323232       2.422169928596467E-005
   22047750.2295684        2525252.52525252       2.457042147368010E-005
   22047750.2295684        2727272.72727273       2.467999162015611E-005
   22047750.2295684        2929292.92929293       2.452512291842634E-005
   22047750.2295684        3131313.13131313       2.408457987473659E-005
   22047750.2295684        3333333.33333333       2.334377148724798E-005
   22047750.2295684        3535353.53535353       2.229793742333834E-005
   22047750.2295684        3737373.73737374       2.095565349062961E-005
   22047750.2295684        3939393.93939394       1.934206451318247E-005
   22047750.2295684        4141414.14141414       1.750092620454080E-005
   22047750.2295684        4343434.34343434       1.549437339009511E-005
   22047750.2295684        4545454.54545454       1.339953924262091E-005
   22047750.2295684        4747474.74747475       1.130184658383128E-005
   22047750.2295684        4949494.94949495       9.285847489101625E-006
   22047750.2295684        5151515.15151515       7.425482563855862E-006
   22047750.2295684        5353535.35353535       5.776046489076410E-006
   22047750.2295684        5555555.55555555       4.369699603240873E-006
   22047750.2295684        5757575.75757576       3.215235419551413E-006
   22047750.2295684        5959595.95959596       2.301539127998684E-006
   22047750.2295684        6161616.16161616       1.603299872220032E-006
   22047750.2295684        6363636.36363636       1.087320402697875E-006
   22047750.2295684        6565656.56565657       7.180995846688006E-007
   22047750.2295684        6767676.76767677       4.619528277661241E-007
   22047750.2295684        6969696.96969697       2.895011376425755E-007
   22047750.2295684        7171717.17171717       1.767440598479553E-007
   22047750.2295684        7373737.37373737       1.051074426133908E-007
   22047750.2295684        7575757.57575757       6.087293484251517E-008
   22047750.2295684        7777777.77777778       3.432334850415238E-008
   22047750.2295684        7979797.97979798       1.883545483091067E-008
   22047750.2295684        8181818.18181818       1.005567036543159E-008
   22047750.2295684        8383838.38383838       5.220365249775844E-009
   22047750.2295684        8585858.58585858       2.633932813332439E-009
   22047750.2295684        8787878.78787879       1.290454159608247E-009
   22047750.2295684        8989898.98989899       6.128161524736010E-010
   22047750.2295684        9191919.19191919       2.808112161681756E-010
   22047750.2295684        9393939.39393939       1.226114279332082E-010
   22047750.2295684        9595959.59595960       4.901240926333371E-011
   22047750.2295684        9797979.79797980       1.517119537933796E-011
   22047750.2295684        10000000.0000000       0.000000000000000E+000
   22651770.2275278       -10000000.0000000       0.000000000000000E+000
   22651770.2275278       -9797979.79797980      -4.848798541611371E-014
   22651770.2275278       -9595959.59595960      -1.095665620524827E-013
   22651770.2275278       -9393939.39393939      -1.853661445951923E-013
   22651770.2275278       -9191919.19191919      -2.770399423382457E-013
   22651770.2275278       -8989898.98989899      -3.831753734908566E-013
   22651770.2275278       -8787878.78787879      -4.959299494863995E-013
   22651770.2275278       -8585858.58585859      -5.927124062787200E-013
   22651770.2275278       -8383838.38383838      -6.188304303700294E-013
   22651770.2275278       -8181818.18181818      -4.523354051242503E-013
   22651770.2275278       -7979797.97979798       1.651554659166747E-013
   22651770.2275278       -7777777.77777778       1.760617737090460E-012
   22651770.2275278       -7575757.57575758       5.374618483242816E-012
   22651770.2275278       -7373737.37373737       1.300190570952823E-011
   22651770.2275278       -7171717.17171717       2.835993294593272E-011
   22651770.2275278       -6969696.96969697       5.818921435086167E-011
   22651770.2275278       -6767676.76767677       1.143879452874696E-010
   22651770.2275278       -6565656.56565657       2.174123668127194E-010
   22651770.2275278       -6363636.36363636       4.015340062159761E-010
   22651770.2275278       -6161616.16161616       7.227294562179558E-010
   22651770.2275278       -5959595.95959596       1.270173462847316E-009
   22651770.2275278       -5757575.75757576       2.182486388071813E-009
   22651770.2275278       -5555555.55555556       3.670014592822620E-009
   22651770.2275278       -5353535.35353535       6.044446823494172E-009
   22651770.2275278       -5151515.15151515       9.756932644136588E-009
   22651770.2275278       -4949494.94949495       1.544551070051916E-008
   22651770.2275278       -4747474.74747475       2.399202589024780E-008
   22651770.2275278       -4545454.54545455       3.658779050059266E-008
   22651770.2275278       -4343434.34343434       5.480603851154378E-008
   22651770.2275278       -4141414.14141414       8.067779641901456E-008
   22651770.2275278       -3939393.93939394       1.167662613076988E-007
   22651770.2275278       -3737373.73737374       1.662332958812121E-007
   22651770.2275278       -3535353.53535354       2.328904100144393E-007
   22651770.2275278       -3333333.33333333       3.212258000417212E-007
   22651770.2275278       -3131313.13131313       4.363988525842149E-007
   22651770.2275278       -2929292.92929293       5.841941530843070E-007
   22651770.2275278       -2727272.72727273       7.709285859432868E-007
   22651770.2275278       -2525252.52525253       1.003307616872509E-006
   22651770.2275278       -2323232.32323232       1.288230250852781E-006
   22651770.2275278       -2121212.12121212       1.632546269715721E-006
   22651770.2275278       -1919191.91919192       2.042773824729130E-006
   22651770.2275278       -1717171.71717172       2.524789792313684E-006
   22651770.2275278       -1515151.51515152       3.083508888197373E-006
   22651770.2275278       -1313131.31313131       3.722569752684905E-006
   22651770.2275278       -1111111.11111111       4.444046549328040E-006
   22651770.2275278       -909090.909090910       5.248202778250284E-006
   22651770.2275278       -707070.707070708       6.133300044065440E-006
   22651770.2275278       -505050.505050506       7.095468856769147E-006
   22651770.2275278       -303030.303030305       8.128641931272624E-006
   22651770.2275278       -101010.101010101       9.224543853174951E-006
   22651770.2275278        101010.101010101       1.037272541641273E-005
   22651770.2275278        303030.303030303       1.156062731412517E-005
   22651770.2275278        505050.505050505       1.277365680766429E-005
   22651770.2275278        707070.707070706       1.399526278191511E-005
   22651770.2275278        909090.909090908       1.520699914066979E-005
   22651770.2275278        1111111.11111111       1.638857348787755E-005
   22651770.2275278        1313131.31313131       1.751788709160934E-005
   22651770.2275278        1515151.51515151       1.857108292133923E-005
   22651770.2275278        1717171.71717172       1.952263091418370E-005
   22651770.2275278        1919191.91919192       2.034549358452364E-005
   22651770.2275278        2121212.12121212       2.101143092465793E-005
   22651770.2275278        2323232.32323232       2.149152163266687E-005
   22651770.2275278        2525252.52525252       2.175699751299032E-005
   22651770.2275278        2727272.72727273       2.178050551607868E-005
   22651770.2275278        2929292.92929293       2.153791644283923E-005
   22651770.2275278        3131313.13131313       2.101076998440723E-005
   22651770.2275278        3333333.33333333       2.018935229217806E-005
   22651770.2275278        3535353.53535353       1.907621404014234E-005
   22651770.2275278        3737373.73737374       1.768964550762875E-005
   22651770.2275278        3939393.93939394       1.606628045682048E-005
   22651770.2275278        4141414.14141414       1.426174226015999E-005
   22651770.2275278        4343434.34343434       1.234828918110861E-005
   22651770.2275278        4545454.54545454       1.040895036055734E-005
   22651770.2275278        4747474.74747475       8.528660346294559E-006
   22651770.2275278        4949494.94949495       6.784063736594169E-006
   22651770.2275278        5151515.15151515       5.234402555282589E-006
   22651770.2275278        5353535.35353535       3.915747256249669E-006
   22651770.2275278        5555555.55555555       2.839774948162715E-006
   22651770.2275278        5757575.75757576       1.996835168965853E-006
   22651770.2275278        5959595.95959596       1.361861655778791E-006
   22651770.2275278        6161616.16161616       9.012314015931615E-007
   22651770.2275278        6363636.36363636       5.789412961892893E-007
   22651770.2275278        6565656.56565657       3.611489145966261E-007
   22651770.2275278        6767676.76767677       2.188318155300718E-007
   22651770.2275278        6969696.96969697       1.288188150683178E-007
   22651770.2275278        7171717.17171717       7.367510344039174E-008
   22651770.2275278        7373737.37373737       4.093808410285054E-008
   22651770.2275278        7575757.57575757       2.209891479273356E-008
   22651770.2275278        7777777.77777778       1.158820495494094E-008
   22651770.2275278        7979797.97979798       5.902442757991304E-009
   22651770.2275278        8181818.18181818       2.919996971471645E-009
   22651770.2275278        8383838.38383838       1.402755679281556E-009
   22651770.2275278        8585858.58585858       6.539877698546993E-010
   22651770.2275278        8787878.78787879       2.954184915285150E-010
   22651770.2275278        8989898.98989899       1.287895020914795E-010
   22651770.2275278        9191919.19191919       5.370785505625126E-011
   22651770.2275278        9393939.39393939       2.099176217905506E-011
   22651770.2275278        9595959.59595960       7.280970286287375E-012
   22651770.2275278        9797979.79797980       1.783745914263495E-012
   22651770.2275278        10000000.0000000       0.000000000000000E+000
   23263952.6578921       -10000000.0000000       0.000000000000000E+000
   23263952.6578921       -9797979.79797980      -4.584634202400829E-014
   23263952.6578921       -9595959.59595960      -1.040308405205089E-013
   23263952.6578921       -9393939.39393939      -1.771633094472485E-013
   23263952.6578921       -9191919.19191919      -2.681475946232906E-013
   23263952.6578921       -8989898.98989899      -3.800205810825065E-013
   23263952.6578921       -8787878.78787879      -5.154077869503419E-013
   23263952.6578921       -8585858.58585859      -6.751772867996906E-013
   23263952.6578921       -8383838.38383838      -8.553571668069264E-013
   23263952.6578921       -8181818.18181818      -1.040373777127291E-012
   23263952.6578921       -7979797.97979798      -1.188653642551464E-012
   23263952.6578921       -7777777.77777778      -1.202731763006909E-012
   23263952.6578921       -7575757.57575758      -8.687438173125034E-013
   23263952.6578921       -7373737.37373737       2.627984880491418E-013
   23263952.6578921       -7171717.17171717       3.105240358119302E-012
   23263952.6578921       -6969696.96969697       9.459591561450369E-012
   23263952.6578921       -6767676.76767677       2.277710744520557E-011
   23263952.6578921       -6565656.56565657       4.948815232500923E-011
   23263952.6578921       -6363636.36363636       1.012442433063014E-010
   23263952.6578921       -6161616.16161616       1.985802970897970E-010
   23263952.6578921       -5959595.95959596       3.767060282109384E-010
   23263952.6578921       -5757575.75757576       6.943718037666794E-010
   23263952.6578921       -5555555.55555556       1.247004774088021E-009
   23263952.6578921       -5353535.35353535       2.185538408905551E-009
   23263952.6578921       -5151515.15151515       3.742505820860031E-009
   23263952.6578921       -4949494.94949495       6.266959488609231E-009
   23263952.6578921       -4747474.74747475       1.026953131664299E-008
   23263952.6578921       -4545454.54545455       1.647837478379320E-008
   23263952.6578921       -4343434.34343434       2.590577640531950E-008
   23263952.6578921       -4141414.14141414       3.992387516962437E-008
   23263952.6578921       -3939393.93939394       6.034624172974564E-008
   23263952.6578921       -3737373.73737374       8.951017736784163E-008
   23263952.6578921       -3535353.53535354       1.303527024840636E-007
   23263952.6578921       -3333333.33333333       1.864715742386706E-007
   23263952.6578921       -3131313.13131313       2.621615814713629E-007
   23263952.6578921       -2929292.92929293       3.624160732044259E-007
   23263952.6578921       -2727272.72727273       4.928843928000740E-007
   23263952.6578921       -2525252.52525253       6.597777361964986E-007
   23263952.6578921       -2323232.32323232       8.697189392183567E-007
   23263952.6578921       -2121212.12121212       1.129535695814142E-006
   23263952.6578921       -1919191.91919192       1.446001426419547E-006
   23263952.6578921       -1717171.71717172       1.825532999443011E-006
   23263952.6578921       -1515151.51515152       2.273859166181008E-006
   23263952.6578921       -1313131.31313131       2.795677233971793E-006
   23263952.6578921       -1111111.11111111       3.394317539106479E-006
   23263952.6578921       -909090.909090910       4.071435213718653E-006
   23263952.6578921       -707070.707070708       4.826746372780420E-006
   23263952.6578921       -505050.505050506       5.657821341854758E-006
   23263952.6578921       -303030.303030305       6.559941442858960E-006
   23263952.6578921       -101010.101010101       7.526019012044738E-006
   23263952.6578921        101010.101010101       8.546573798412123E-006
   23263952.6578921        303030.303030303       9.609753776373298E-006
   23263952.6578921        505050.505050505       1.070138566400519E-005
   23263952.6578921        707070.707070706       1.180504074480024E-005
   23263952.6578921        909090.909090908       1.290210525817282E-005
   23263952.6578921        1111111.11111111       1.397185162988247E-005
   23263952.6578921        1313131.31313131       1.499151696018387E-005
   23263952.6578921        1515151.51515151       1.593640831164276E-005
   23263952.6578921        1717171.71717172       1.678007040180117E-005
   23263952.6578921        1919191.91919192       1.749457020262928E-005
   23263952.6578921        2121212.12121212       1.805097402341004E-005
   23263952.6578921        2323232.32323232       1.842011401009610E-005
   23263952.6578921        2525252.52525252       1.857375839349078E-005
   23263952.6578921        2727272.72727273       1.848630453961018E-005
   23263952.6578921        2929292.92929293       1.813708948611506E-005
   23263952.6578921        3131313.13131313       1.751333331736689E-005
   23263952.6578921        3333333.33333333       1.661356642638190E-005
   23263952.6578921        3535353.53535353       1.545112669839510E-005
   23263952.6578921        3737373.73737374       1.405697786602230E-005
   23263952.6578921        3939393.93939394       1.248080825484236E-005
   23263952.6578921        4141414.14141414       1.078931955238055E-005
   23263952.6578921        4343434.34343434       9.061024370455725E-006
   23263952.6578921        4545454.54545454       7.377809042142327E-006
   23263952.6578921        4747474.74747475       5.814737116432154E-006
   23263952.6578921        4949494.94949495       4.430508766811975E-006
   23263952.6578921        5151515.15151515       3.261069479786875E-006
   23263952.6578921        5353535.35353535       2.317901326851033E-006
   23263952.6578921        5555555.55555555       1.590957757479391E-006
   23263952.6578921        5757575.75757576       1.054791153888001E-006
   23263952.6578921        5959595.95959596       6.757799910041670E-007
   23263952.6578921        6161616.16161616       4.185951342046750E-007
   23263952.6578921        6363636.36363636       2.508152611623800E-007
   23263952.6578921        6565656.56565657       1.454421135551085E-007
   23263952.6578921        6767676.76767677       8.165627042165665E-008
   23263952.6578921        6969696.96969697       4.440480942635749E-008
   23263952.6578921        7171717.17171717       2.339920663683195E-008
   23263952.6578921        7373737.37373737       1.195438080718898E-008
   23263952.6578921        7575757.57575757       5.924835976879710E-009
   23263952.6578921        7777777.77777778       2.850530927315777E-009
   23263952.6578921        7979797.97979798       1.331742648459478E-009
   23263952.6578921        8181818.18181818       6.037085284259239E-010
   23263952.6578921        8383838.38383838       2.646166772000114E-010
   23263952.6578921        8585858.58585858       1.110833967020131E-010
   23263952.6578921        8787878.78787879       4.367145003330724E-011
   23263952.6578921        8989898.98989899       1.524166555632004E-011
   23263952.6578921        9191919.19191919       4.018078803155841E-012
   23263952.6578921        9393939.39393939       1.481405804071040E-013
   23263952.6578921        9595959.59595960      -7.461232860927098E-013
   23263952.6578921        9797979.79797980      -5.668822233952170E-013
   23263952.6578921        10000000.0000000       0.000000000000000E+000
   23884297.5206612       -10000000.0000000       0.000000000000000E+000
   23884297.5206612       -9797979.79797980      -4.357552240130610E-014
   23884297.5206612       -9595959.59595960      -9.885878466401026E-014
   23884297.5206612       -9393939.39393939      -1.682661565628743E-013
   23884297.5206612       -9191919.19191919      -2.545997285709695E-013
   23884297.5206612       -8989898.98989899      -3.611076103507764E-013
   23884297.5206612       -8787878.78787879      -4.915203977330311E-013
   23884297.5206612       -8585858.58585859      -6.499964803453534E-013
   23884297.5206612       -8383838.38383838      -8.408169693229047E-013
   23884297.5206612       -8181818.18181818      -1.067498597824656E-012
   23884297.5206612       -7979797.97979798      -1.330649404884365E-012
   23884297.5206612       -7777777.77777778      -1.623186143600423E-012
   23884297.5206612       -7575757.57575758      -1.920063853780775E-012
   23884297.5206612       -7373737.37373737      -2.156647829405820E-012
   23884297.5206612       -7171717.17171717      -2.183832525904056E-012
   23884297.5206612       -6969696.96969697      -1.676481214051900E-012
   23884297.5206612       -6767676.76767677       4.928222009653620E-014
   23884297.5206612       -6565656.56565657       4.390921062025384E-012
   23884297.5206612       -6363636.36363636       1.412767267694255E-011
   23884297.5206612       -6161616.16161616       3.463740213934901E-011
   23884297.5206612       -5959595.95959596       7.603667696625986E-011
   23884297.5206612       -5757575.75757576       1.568126105984469E-010
   23884297.5206612       -5555555.55555556       3.097677028613728E-010
   23884297.5206612       -5353535.35353535       5.914023153379850E-010
   23884297.5206612       -5151515.15151515       1.096186239783384E-009
   23884297.5206612       -4949494.94949495       1.977467135971589E-009
   23884297.5206612       -4747474.74747475       3.476944813463679E-009
   23884297.5206612       -4545454.54545455       5.964593981326109E-009
   23884297.5206612       -4343434.34343434       9.990517667200980E-009
   23884297.5206612       -4141414.14141414       1.634934469533601E-008
   23884297.5206612       -3939393.93939394       2.615638163140353E-008
   23884297.5206612       -3737373.73737374       4.093281340234351E-008
   23884297.5206612       -3535353.53535354       6.269495264646859E-008
   23884297.5206612       -3333333.33333333       9.404011984865584E-008
   23884297.5206612       -3131313.13131313       1.382195423972839E-007
   23884297.5206612       -2929292.92929293       1.991870814327733E-007
   23884297.5206612       -2727272.72727273       2.816119988407955E-007
   23884297.5206612       -2525252.52525253       3.908446448291457E-007
   23884297.5206612       -2323232.32323232       5.328260237856187E-007
   23884297.5206612       -2121212.12121212       7.139356558575707E-007
   23884297.5206612       -1919191.91919192       9.407767786124480E-007
   23884297.5206612       -1717171.71717172       1.219903322753659E-006
   23884297.5206612       -1515151.51515152       1.557498675541202E-006
   23884297.5206612       -1313131.31313131       1.959021325117873E-006
   23884297.5206612       -1111111.11111111       2.428836336058369E-006
   23884297.5206612       -909090.909090910       2.969853602048190E-006
   23884297.5206612       -707070.707070708       3.583193526697999E-006
   23884297.5206612       -505050.505050506       4.267898089373931E-006
   23884297.5206612       -303030.303030305       5.020700435530686E-006
   23884297.5206612       -101010.101010101       5.835859851484696E-006
   23884297.5206612        101010.101010101       6.705062223090754E-006
   23884297.5206612        303030.303030303       7.617380020114118E-006
   23884297.5206612        505050.505050505       8.559281727331570E-006
   23884297.5206612        707070.707070706       9.514679573794575E-006
   23884297.5206612        909090.909090908       1.046500722033045E-005
   23884297.5206612        1111111.11111111       1.138932617191371E-005
   23884297.5206612        1313131.31313131       1.226447109323381E-005
   23884297.5206612        1515151.51515151       1.306525965868574E-005
   23884297.5206612        1717171.71717172       1.376481168389422E-005
   23884297.5206612        1919191.91919192       1.433504438034607E-005
   23884297.5206612        2121212.12121212       1.474743369492082E-005
   23884297.5206612        2323232.32323232       1.497415084744989E-005
   23884297.5206612        2525252.52525252       1.498968836290415E-005
   23884297.5206612        2727272.72727273       1.477306489042436E-005
   23884297.5206612        2929292.92929293       1.431062082480124E-005
   23884297.5206612        3131313.13131313       1.359926303861707E-005
   23884297.5206612        3333333.33333333       1.264977304300740E-005
   23884297.5206612        3535353.53535353       1.148948211895639E-005
   23884297.5206612        3737373.73737374       1.016333634675703E-005
   23884297.5206612        3939393.93939394       8.732308073000355E-006
   23884297.5206612        4141414.14141414       7.268471513957119E-006
   23884297.5206612        4343434.34343434       5.846941098465322E-006
   23884297.5206612        4545454.54545454       4.536067676747888E-006
   23884297.5206612        4747474.74747475       3.388264874279585E-006
   23884297.5206612        4949494.94949495       2.433979745695046E-006
   23884297.5206612        5151515.15151515       1.680378078352262E-006
   23884297.5206612        5353535.35353535       1.114678152033508E-006
   23884297.5206612        5555555.55555555       7.105662646145835E-007
   23884297.5206612        5757575.75757576       4.354625628392687E-007
   23884297.5206612        5959595.95959596       2.567148727745564E-007
   23884297.5206612        6161616.16161616       1.456911918299732E-007
   23884297.5206612        6363636.36363636       7.966980285416847E-008
   23884297.5206612        6565656.56565657       4.202654494488021E-008
   23884297.5206612        6767676.76767677       2.141687094688323E-008
   23884297.5206612        6969696.96969697       1.056353220091857E-008
   23884297.5206612        7171717.17171717       5.054454769366954E-009
   23884297.5206612        7373737.37373737       2.351445896209108E-009
   23884297.5206612        7575757.57575757       1.064697957756529E-009
   23884297.5206612        7777777.77777778       4.677748377618451E-010
   23884297.5206612        7979797.97979798       1.969299416943691E-010
   23884297.5206612        8181818.18181818       7.675873088926038E-011
   23884297.5206612        8383838.38383838       2.514807908224164E-011
   23884297.5206612        8585858.58585858       4.360546134406382E-012
   23884297.5206612        8787878.78787879      -2.841639631948425E-012
   23884297.5206612        8989898.98989899      -4.342512906366731E-012
   23884297.5206612        9191919.19191919      -3.726943424975285E-012
   23884297.5206612        9393939.39393939      -2.564823991209266E-012
   23884297.5206612        9595959.59595960      -1.471818689061185E-012
   23884297.5206612        9797979.79797980      -6.242104748860212E-013
   23884297.5206612        10000000.0000000       0.000000000000000E+000
   24512804.8158351       -10000000.0000000       0.000000000000000E+000
   24512804.8158351       -9797979.79797980      -4.167692412384563E-014
   24512804.8158351       -9595959.59595960      -9.461006069618448E-014
   24512804.8158351       -9393939.39393939      -1.610663939790762E-013
   24512804.8158351       -9191919.19191919      -2.436069273957100E-013
   24512804.8158351       -8989898.98989899      -3.451138167667268E-013
   24512804.8158351       -8787878.78787879      -4.688501167083250E-013
   24512804.8158351       -8585858.58585859      -6.185654937509491E-013
   24512804.8158351       -8383838.38383838      -7.986471691139802E-013
   24512804.8158351       -8181818.18181818      -1.014272978596897E-012
   24512804.8158351       -7979797.97979798      -1.271439024985264E-012
   24512804.8158351       -7777777.77777778      -1.576588567944896E-012
   24512804.8158351       -7575757.57575758      -1.935328608455222E-012
   24512804.8158351       -7373737.37373737      -2.349307336492072E-012
   24512804.8158351       -7171717.17171717      -2.809533453091432E-012
   24512804.8158351       -6969696.96969697      -3.282745402112678E-012
   24512804.8158351       -6767676.76767677      -3.683780572752000E-012
   24512804.8158351       -6565656.56565657      -3.819055798044220E-012
   24512804.8158351       -6363636.36363636      -3.270274030718862E-012
   24512804.8158351       -6161616.16161616      -1.156727832005769E-012
   24512804.8158351       -5959595.95959596       4.340902997184301E-012
   24512804.8158351       -5757575.75757576       1.690625489903333E-011
   24512804.8158351       -5555555.55555556       4.382238171436627E-011
   24512804.8158351       -5353535.35353535       9.909670768769711E-011
   24512804.8158351       -5151515.15151515       2.088593777312692E-010
   24512804.8158351       -4949494.94949495       4.202998942698134E-010
   24512804.8158351       -4747474.74747475       8.158346794165799E-010
   24512804.8158351       -4545454.54545455       1.534600054588925E-009
   24512804.8158351       -4343434.34343434       2.803620123727522E-009
   24512804.8158351       -4141414.14141414       4.980941410471366E-009
   24512804.8158351       -3939393.93939394       8.612468543878069E-009
   24512804.8158351       -3737373.73737374       1.450301488340459E-008
   24512804.8158351       -3535353.53535354       2.380012277989876E-008
   24512804.8158351       -3333333.33333333       3.808658346295692E-008
   24512804.8158351       -3131313.13131313       5.947455590802677E-008
   24512804.8158351       -2929292.92929293       9.069118311711610E-008
   24512804.8158351       -2727272.72727273       1.351431798450508E-007
   24512804.8158351       -2525252.52525253       1.969465700113874E-007
   24512804.8158351       -2323232.32323232       2.809080251370395E-007
   24512804.8158351       -2121212.12121212       3.924463290524558E-007
   24512804.8158351       -1919191.91919192       5.374463369440449E-007
   24512804.8158351       -1717171.71717172       7.220431032566126E-007
   24512804.8158351       -1515151.51515152       9.523400748748843E-007
   24512804.8158351       -1313131.31313131       1.234071655026211E-006
   24512804.8158351       -1111111.11111111       1.572226220909476E-006
   24512804.8158351       -909090.909090910       1.970650028272435E-006
   24512804.8158351       -707070.707070708       2.431654712602713E-006
   24512804.8158351       -505050.505050506       2.955650925261335E-006
   24512804.8158351       -303030.303030305       3.540828017452475E-006
   24512804.8158351       -101010.101010101       4.182895012617622E-006
   24512804.8158351        101010.101010101       4.874892196135004E-006
   24512804.8158351        303030.303030303       5.607076641350804E-006
   24512804.8158351        505050.505050505       6.366880252580881E-006
   24512804.8158351        707070.707070706       7.138936897554341E-006
   24512804.8158351        909090.909090908       7.905177282450750E-006
   24512804.8158351        1111111.11111111       8.644997387216769E-006
   24512804.8158351        1313131.31313131       9.335518835128450E-006
   24512804.8158351        1515151.51515151       9.951976846763553E-006
   24512804.8158351        1717171.71717172       1.046829161486896E-005
   24512804.8158351        1919191.91919192       1.085789895336045E-005
   24512804.8158351        2121212.12121212       1.109493093292436E-005
   24512804.8158351        2323232.32323232       1.115583820547089E-005
   24512804.8158351        2525252.52525252       1.102151778159183E-005
   24512804.8158351        2727272.72727273       1.067993116508994E-005
   24512804.8158351        2929292.92929293       1.012904546567309E-005
   24512804.8158351        3131313.13131313       9.379698464956672E-006
   24512804.8158351        3333333.33333333       8.457713484993909E-006
   24512804.8158351        3535353.53535353       7.404371719134507E-006
   24512804.8158351        3737373.73737374       6.274353555583899E-006
   24512804.8158351        3939393.93939394       5.130663461270477E-006
   24512804.8158351        4141414.14141414       4.036915358095047E-006
   24512804.8158351        4343434.34343434       3.048459566429599E-006
   24512804.8158351        4545454.54545454       2.204650158906866E-006
   24512804.8158351        4747474.74747475       1.524502816757930E-006
   24512804.8158351        4949494.94949495       1.006904250211938E-006
   24512804.8158351        5151515.15151515       6.348901819411639E-007
   24512804.8158351        5353535.35353535       3.821765630158244E-007
   24512804.8158351        5555555.55555555       2.197415185672253E-007
   24512804.8158351        5757575.75757576       1.208148795820505E-007
   24512804.8158351        5959595.95959596       6.363430056426185E-008
   24512804.8158351        6161616.16161616       3.220191889476746E-008
   24512804.8158351        6363636.36363636       1.572387166736415E-008
   24512804.8158351        6565656.56565657       7.451855909177531E-009
   24512804.8158351        6767676.76767677       3.450589611354673E-009
   24512804.8158351        6969696.96969697       1.568705823046129E-009
   24512804.8158351        7171717.17171717       6.982450550380495E-010
   24512804.8158351        7373737.37373737       2.981467001528124E-010
   24512804.8158351        7575757.57575757       1.150906562775932E-010
   24512804.8158351        7777777.77777778       3.319472670732339E-011
   24512804.8158351        7979797.97979798      -7.988237746625978E-013
   24512804.8158351        8181818.18181818      -1.218904450227898E-011
   24512804.8158351        8383838.38383838      -1.350440639464578E-011
   24512804.8158351        8585858.58585858      -1.103475324816527E-011
   24512804.8158351        8787878.78787879      -7.786594731941491E-012
   24512804.8158351        8989898.98989899      -4.991886255390246E-012
   24512804.8158351        9191919.19191919      -2.972721601471334E-012
   24512804.8158351        9393939.39393939      -1.651476100500495E-012
   24512804.8158351        9595959.59595960      -8.313196526165966E-013
   24512804.8158351        9797979.79797980      -3.266025176296228E-013
   24512804.8158351        10000000.0000000       0.000000000000000E+000
   25149474.5434139       -10000000.0000000       0.000000000000000E+000
   25149474.5434139       -9797979.79797980      -3.984786774518647E-014
   25149474.5434139       -9595959.59595960      -9.060617020880421E-014
   25149474.5434139       -9393939.39393939      -1.545261098598151E-013
   25149474.5434139       -9191919.19191919      -2.341248896223489E-013
   25149474.5434139       -8989898.98989899      -3.321585231882506E-013
   25149474.5434139       -8787878.78787879      -4.515886993542969E-013
   25149474.5434139       -8585858.58585859      -5.955628068922243E-013
   25149474.5434139       -8383838.38383838      -7.674450085632711E-013
   25149474.5434139       -8181818.18181818      -9.709541059753451E-013
   25149474.5434139       -7979797.97979798      -1.210469211337388E-012
   25149474.5434139       -7777777.77777778      -1.491535027692112E-012
   25149474.5434139       -7575757.57575758      -1.821505102463262E-012
   25149474.5434139       -7373737.37373737      -2.210074020110766E-012
   25149474.5434139       -7171717.17171717      -2.669152278596391E-012
   25149474.5434139       -6969696.96969697      -3.211141130782433E-012
   25149474.5434139       -6767676.76767677      -3.844194771063460E-012
   25149474.5434139       -6565656.56565657      -4.562473743986547E-012
   25149474.5434139       -6363636.36363636      -5.328362566851823E-012
   25149474.5434139       -6161616.16161616      -6.041040919586728E-012
   25149474.5434139       -5959595.95959596      -6.478947874876185E-012
   25149474.5434139       -5757575.75757576      -6.186990781331936E-012
   25149474.5434139       -5555555.55555556      -4.242833372518378E-012
   25149474.5434139       -5353535.35353535       1.235618711709873E-012
   25149474.5434139       -5151515.15151515       1.410954547040205E-011
   25149474.5434139       -4949494.94949495       4.224795148457572E-011
   25149474.5434139       -4747474.74747475       1.013719371816143E-010
   25149474.5434139       -4545454.54545455       2.219629194013073E-010
   25149474.5434139       -4343434.34343434       4.610204338909947E-010
   25149474.5434139       -4141414.14141414       9.210071469048243E-010
   25149474.5434139       -3939393.93939394       1.778730860106914E-009
   25149474.5434139       -3737373.73737374       3.326955715661155E-009
   25149474.5434139       -3535353.53535354       6.030933382623472E-009
   25149474.5434139       -3333333.33333333       1.060055238896104E-008
   25149474.5434139       -3131313.13131313       1.807630195439754E-008
   25149474.5434139       -2929292.92929293       2.992385081343769E-008
   25149474.5434139       -2727272.72727273       4.812815890150158E-008
   25149474.5434139       -2525252.52525253       7.527434288103310E-008
   25149474.5434139       -2323232.32323232       1.145998183365085E-007
   25149474.5434139       -2121212.12121212       1.700013040999070E-007
   25149474.5434139       -1919191.91919192       2.459816115688818E-007
   25149474.5434139       -1717171.71717172       3.475248804121728E-007
   25149474.5434139       -1515151.51515152       4.798947554793027E-007
   25149474.5434139       -1313131.31313131       6.483572408617557E-007
   25149474.5434139       -1111111.11111111       8.578376724170560E-007
   25149474.5434139       -909090.909090910       1.112528384685021E-006
   25149474.5434139       -707070.707070708       1.415469260408421E-006
   25149474.5434139       -505050.505050506       1.768126733636343E-006
   25149474.5434139       -303030.303030305       2.169997634582862E-006
   25149474.5434139       -101010.101010101       2.618262625499106E-006
   25149474.5434139        101010.101010101       3.107510447645633E-006
   25149474.5434139        303030.303030303       3.629549752751037E-006
   25149474.5434139        505050.505050505       4.173321216123816E-006
   25149474.5434139        707070.707070706       4.724920409765511E-006
   25149474.5434139        909090.909090908       5.267743078778822E-006
   25149474.5434139        1111111.11111111       5.782770288793114E-006
   25149474.5434139        1313131.31313131       6.249021855538435E-006
   25149474.5434139        1515151.51515151       6.644221237876459E-006
   25149474.5434139        1717171.71717172       6.945729473603682E-006
   25149474.5434139        1919191.91919192       7.131811811224068E-006
   25149474.5434139        2121212.12121212       7.183286923768653E-006
   25149474.5434139        2323232.32323232       7.085561513446406E-006
   25149474.5434139        2525252.52525252       6.830960162231030E-006
   25149474.5434139        2727272.72727273       6.421114310820928E-006
   25149474.5434139        2929292.92929293       5.868982922466707E-006
   25149474.5434139        3131313.13131313       5.199881992290208E-006
   25149474.5434139        3333333.33333333       4.450798551215479E-006
   25149474.5434139        3535353.53535353       3.667408890709093E-006
   25149474.5434139        3737373.73737374       2.898740594737955E-006
   25149474.5434139        3939393.93939394       2.190271745201047E-006
   25149474.5434139        4141414.14141414       1.577117957246558E-006
   25149474.5434139        4343434.34343434       1.079295739775863E-006
   25149474.5434139        4545454.54545454       7.005056408677749E-007
   25149474.5434139        4747474.74747475       4.306033666158896E-007
   25149474.5434139        4949494.94949495       2.505797161324630E-007
   25149474.5434139        5151515.15151515       1.381668741979690E-007
   25149474.5434139        5353535.35353535       7.239809741862527E-008
   25149474.5434139        5555555.55555555       3.627238109918118E-008
   25149474.5434139        5757575.75757576       1.756234877093776E-008
   25149474.5434139        5959595.95959596       8.346467599475294E-009
   25149474.5434139        6161616.16161616       3.960224515097672E-009
   25149474.5434139        6363636.36363636       1.891980198088570E-009
   25149474.5434139        6565656.56565657       8.971160280191494E-010
   25149474.5434139        6767676.76767677       4.009246227290507E-010
   25149474.5434139        6969696.96969697       1.486584654412423E-010
   25149474.5434139        7171717.17171717       2.506496332176577E-011
   25149474.5434139        7373737.37373737      -2.757258751560121E-011
   25149474.5434139        7575757.57575757      -4.220054962064192E-011
   25149474.5434139        7777777.77777778      -3.887272515877373E-011
   25149474.5434139        7979797.97979798      -2.933837720146411E-011
   25149474.5434139        8181818.18181818      -1.962741935464757E-011
   25149474.5434139        8383838.38383838      -1.209903927333214E-011
   25149474.5434139        8585858.58585858      -7.093546528363337E-012
   25149474.5434139        8787878.78787879      -4.095000228837117E-012
   25149474.5434139        8989898.98989899      -2.409302207475823E-012
   25149474.5434139        9191919.19191919      -1.468458041348071E-012
   25149474.5434139        9393939.39393939      -9.057068427616963E-013
   25149474.5434139        9595959.59595960      -5.236333487119688E-013
   25149474.5434139        9797979.79797980      -2.332536563043219E-013
   25149474.5434139        10000000.0000000       0.000000000000000E+000
   25794306.7033976       -10000000.0000000       0.000000000000000E+000
   25794306.7033976       -9797979.79797980      -3.799886357378993E-014
   25794306.7033976       -9595959.59595960      -8.654693860284180E-014
   25794306.7033976       -9393939.39393939      -1.479001402118606E-013
   25794306.7033976       -9191919.19191919      -2.246080381950496E-013
   25794306.7033976       -8989898.98989899      -3.194928518540685E-013
   25794306.7033976       -8787878.78787879      -4.356005967040356E-013
   25794306.7033976       -8585858.58585859      -5.761173454804921E-013
   25794306.7033976       -8383838.38383838      -7.442483563407638E-013
   25794306.7033976       -8181818.18181818      -9.430747821278899E-013
   25794306.7033976       -7979797.97979798      -1.175437524021436E-012
   25794306.7033976       -7777777.77777778      -1.443953721069125E-012
   25794306.7033976       -7575757.57575758      -1.751340972697119E-012
   25794306.7033976       -7373737.37373737      -2.101279529340180E-012
   25794306.7033976       -7171717.17171717      -2.500025002599086E-012
   25794306.7033976       -6969696.96969697      -2.958803662345696E-012
   25794306.7033976       -6767676.76767677      -3.496575337409992E-012
   25794306.7033976       -6565656.56565657      -4.141966407369965E-012
   25794306.7033976       -6363636.36363636      -4.932105807902461E-012
   25794306.7033976       -6161616.16161616      -5.905001147784890E-012
   25794306.7033976       -5959595.95959596      -7.081482438250698E-012
   25794306.7033976       -5757575.75757576      -8.433227795916750E-012
   25794306.7033976       -5555555.55555556      -9.835112752621904E-012
   25794306.7033976       -5353535.35353535      -1.100153052515759E-011
   25794306.7033976       -5151515.15151515      -1.140202387526055E-011
   25794306.7033976       -4949494.94949495      -1.012939523373232E-011
   25794306.7033976       -4747474.74747475      -5.631451796229865E-012
   25794306.7033976       -4545454.54545455       4.917530919793331E-012
   25794306.7033976       -4343434.34343434       2.707903995488979E-011
   25794306.7033976       -4141414.14141414       7.232156292217296E-011
   25794306.7033976       -3939393.93939394       1.643420383216042E-010
   25794306.7033976       -3737373.73737374       3.506599102638672E-010
   25794306.7033976       -3535353.53535354       7.222570929968118E-010
   25794306.7033976       -3333333.33333333       1.444394292878903E-009
   25794306.7033976       -3131313.13131313       2.801435979794506E-009
   25794306.7033976       -2929292.92929293       5.257185633535021E-009
   25794306.7033976       -2727272.72727273       9.529621082549876E-009
   25794306.7033976       -2525252.52525253       1.667507512270627E-008
   25794306.7033976       -2323232.32323232       2.817229435333156E-008
   25794306.7033976       -2121212.12121212       4.599230527053444E-008
   25794306.7033976       -1919191.91919192       7.263673934906729E-008
   25794306.7033976       -1717171.71717172       1.111262853181158E-007
   25794306.7033976       -1515151.51515152       1.649229475582660E-007
   25794306.7033976       -1313131.31313131       2.377749073150589E-007
   25794306.7033976       -1111111.11111111       3.334804818725009E-007
   25794306.7033976       -909090.909090910       4.555769137917598E-007
   25794306.7033976       -707070.707070708       6.069691870369572E-007
   25794306.7033976       -505050.505050506       7.895224755063441E-007
   25794306.7033976       -303030.303030305       1.003648195932069E-006
   25794306.7033976       -101010.101010101       1.247917459609889E-006
   25794306.7033976        101010.101010101       1.518737043733705E-006
   25794306.7033976        303030.303030303       1.810122360041008E-006
   25794306.7033976        505050.505050505       2.113600103863847E-006
   25794306.7033976        707070.707070706       2.418271171966812E-006
   25794306.7033976        909090.909090908       2.711062659594806E-006
   25794306.7033976        1111111.11111111       2.977196407486093E-006
   25794306.7033976        1313131.31313131       3.200899947155390E-006
   25794306.7033976        1515151.51515151       3.366381561014129E-006
   25794306.7033976        1717171.71717172       3.459079634945398E-006
   25794306.7033976        1919191.91919192       3.467168678193659E-006
   25794306.7033976        2121212.12121212       3.383247812586149E-006
   25794306.7033976        2323232.32323232       3.206041210474188E-006
   25794306.7033976        2525252.52525252       2.941807459323428E-006
   25794306.7033976        2727272.72727273       2.605022892103545E-006
   25794306.7033976        2929292.92929293       2.217853433640472E-006
   25794306.7033976        3131313.13131313       1.808065844872279E-006
   25794306.7033976        3333333.33333333       1.405416606897514E-006
   25794306.7033976        3535353.53535353       1.037128717549877E-006
   25794306.7033976        3737373.73737374       7.235860951991117E-007
   25794306.7033976        3939393.93939394       4.755224583764372E-007
   25794306.7033976        4141414.14141414       2.935654806426361E-007
   25794306.7033976        4343434.34343434       1.701443644460425E-007
   25794306.7033976        4545454.54545454       9.290295421943573E-008
   25794306.7033976        4747474.74747475       4.833456846325751E-008
   25794306.7033976        4949494.94949495       2.454162608762268E-008
   25794306.7033976        5151515.15151515       1.262241529630742E-008
   25794306.7033976        5353535.35353535       6.812854062257475E-009
   25794306.7033976        5555555.55555555       3.869559445614250E-009
   25794306.7033976        5757575.75757576       2.213193614579029E-009
   25794306.7033976        5959595.95959596       1.180247583177467E-009
   25794306.7033976        6161616.16161616       5.202765189116200E-010
   25794306.7033976        6363636.36363636       1.269019603308579E-010
   25794306.7033976        6565656.56565657      -7.213444675196506E-011
   25794306.7033976        6767676.76767677      -1.425507383437097E-010
   25794306.7033976        6969696.96969697      -1.411397759311689E-010
   25794306.7033976        7171717.17171717      -1.096398285580820E-010
   25794306.7033976        7373737.37373737      -7.327001323057901E-011
   25794306.7033976        7575757.57575757      -4.371900825929975E-011
   25794306.7033976        7777777.77777778      -2.393357582992607E-011
   25794306.7033976        7979797.97979798      -1.251585650653098E-011
   25794306.7033976        8181818.18181818      -6.737278989833245E-012
   25794306.7033976        8383838.38383838      -4.117012820540689E-012
   25794306.7033976        8585858.58585858      -2.962763841683328E-012
   25794306.7033976        8787878.78787879      -2.345056879618753E-012
   25794306.7033976        8989898.98989899      -1.862607331187398E-012
   25794306.7033976        9191919.19191919      -1.400824241731516E-012
   25794306.7033976        9393939.39393939      -9.619369500360303E-013
   25794306.7033976        9595959.59595960      -5.733542813682036E-013
   25794306.7033976        9797979.79797980      -2.518840072923025E-013
   25794306.7033976        10000000.0000000       0.000000000000000E+000
   26447301.2957861       -10000000.0000000       0.000000000000000E+000
   26447301.2957861       -9797979.79797980      -3.614814991425247E-014
   26447301.2957861       -9595959.59595960      -8.248120259305797E-014
   26447301.2957861       -9393939.39393939      -1.412436997081290E-013
   26447301.2957861       -9191919.19191919      -2.149850709087013E-013
   26447301.2957861       -8989898.98989899      -3.065477154504215E-013
   26447301.2957861       -8787878.78787879      -4.190407126479977E-013
   26447301.2957861       -8585858.58585859      -5.557952014164581E-013
   26447301.2957861       -8383838.38383838      -7.202912439890714E-013
   26447301.2957861       -8181818.18181818      -9.160360624781324E-013
   26447301.2957861       -7979797.97979798      -1.146362594483110E-012
   26447301.2957861       -7777777.77777778      -1.414114448310169E-012
   26447301.2957861       -7575757.57575758      -1.721206472125440E-012
   26447301.2957861       -7373737.37373737      -2.068125869367376E-012
   26447301.2957861       -7171717.17171717      -2.453595635790577E-012
   26447301.2957861       -6969696.96969697      -2.874872970952100E-012
   26447301.2957861       -6767676.76767677      -3.329466430235824E-012
   26447301.2957861       -6565656.56565657      -3.819304923807019E-012
   26447301.2957861       -6363636.36363636      -4.358330998996640E-012
   26447301.2957861       -6161616.16161616      -4.983740453465117E-012
   26447301.2957861       -5959595.95959596      -5.769211327280719E-012
   26447301.2957861       -5757575.75757576      -6.835159539889677E-012
   26447301.2957861       -5555555.55555556      -8.346524212269761E-012
   26447301.2957861       -5353535.35353535      -1.048398750985707E-011
   26447301.2957861       -5151515.15151515      -1.337240704106636E-011
   26447301.2957861       -4949494.94949495      -1.695445231981231E-011
   26447301.2957861       -4747474.74747475      -2.081212904117872E-011
   26447301.2957861       -4545454.54545455      -2.396570239206476E-011
   26447301.2957861       -4343434.34343434      -2.471285736755113E-011
   26447301.2957861       -4141414.14141414      -2.059154283722601E-011
   26447301.2957861       -3939393.93939394      -8.519643783039290E-012
   26447301.2957861       -3737373.73737374       1.497351258005734E-011
   26447301.2957861       -3535353.53535354       5.381798782078471E-011
   26447301.2957861       -3333333.33333333       1.136898937983994E-010
   26447301.2957861       -3131313.13131313       2.061240259104797E-010
   26447301.2957861       -2929292.92929293       3.577794971945603E-010
   26447301.2957861       -2727272.72727273       6.276128145042474E-010
   26447301.2957861       -2525252.52525253       1.134421472622362E-009
   26447301.2957861       -2323232.32323232       2.095783313399280E-009
   26447301.2957861       -2121212.12121212       3.876604967393523E-009
   26447301.2957861       -1919191.91919192       7.041489328688671E-009
   26447301.2957861       -1717171.71717172       1.240064654172690E-008
   26447301.2957861       -1515151.51515152       2.103526856350029E-008
   26447301.2957861       -1313131.31313131       3.428649730411773E-008
   26447301.2957861       -1111111.11111111       5.369343362972464E-008
   26447301.2957861       -909090.909090910       8.087053459082327E-008
   26447301.2957861       -707070.707070708       1.173228992818949E-007
   26447301.2957861       -505050.505050506       1.642082890128226E-007
   26447301.2957861       -303030.303030305       2.220657678458452E-007
   26447301.2957861       -101010.101010101       2.905410373601776E-007
   26447301.2957861        101010.101010101       3.681465974570106E-007
   26447301.2957861        303030.303030303       4.520999113359531E-007
   26447301.2957861        505050.505050505       5.382841578982807E-007
   26447301.2957861        707070.707070706       6.213731396996525E-007
   26447301.2957861        909090.909090908       6.951530210632285E-007
   26447301.2957861        1111111.11111111       7.530563068378523E-007
   26447301.2957861        1313131.31313131       7.888946252654824E-007
   26447301.2957861        1515151.51515151       7.977340791934973E-007
   26447301.2957861        1717171.71717172       7.768017763498082E-007
   26447301.2957861        1919191.91919192       7.262543055685172E-007
   26447301.2957861        2121212.12121212       6.495990411210541E-007
   26447301.2957861        2323232.32323232       5.535668652359448E-007
   26447301.2957861        2525252.52525252       4.473181724636675E-007
   26447301.2957861        2727272.72727273       3.410298427763554E-007
   26447301.2957861        2929292.92929293       2.441250398763066E-007
   26447301.2957861        3131313.13131313       1.635897697551967E-007
   26447301.2957861        3333333.33333333       1.028694254824776E-007
   26447301.2957861        3535353.53535353       6.169046415283454E-008
   26447301.2957861        3737373.73737374       3.683586622471461E-008
   26447301.2957861        3939393.93939394       2.355151545652361E-008
   26447301.2957861        4141414.14141414       1.704855511021315E-008
   26447301.2957861        4343434.34343434       1.360153965305628E-008
   26447301.2957861        4545454.54545454       1.099016874299926E-008
   26447301.2957861        4747474.74747475       8.342284455323589E-009
   26447301.2957861        4949494.94949495       5.644014176590851E-009
   26447301.2957861        5151515.15151515       3.215488097159579E-009
   26447301.2957861        5353535.35353535       1.346606146810166E-009
   26447301.2957861        5555555.55555555       1.437697138987123E-010
   26447301.2957861        5757575.75757576      -4.640609343088949E-010
   26447301.2957861        5959595.95959596      -6.460055239760702E-010
   26447301.2957861        6161616.16161616      -5.861021874484352E-010
   26447301.2957861        6363636.36363636      -4.306219849841263E-010
   26447301.2957861        6565656.56565657      -2.703060544514342E-010
   26447301.2957861        6767676.76767677      -1.465695929150165E-010
   26447301.2957861        6969696.96969697      -6.784813321881426E-011
   26447301.2957861        7171717.17171717      -2.603826136429674E-011
   26447301.2957861        7373737.37373737      -8.260945983653261E-012
   26447301.2957861        7575757.57575757      -3.188032827217360E-012
   26447301.2957861        7777777.77777778      -3.221511215471171E-012
   26447301.2957861        7979797.97979798      -4.313238494904152E-012
   26447301.2957861        8181818.18181818      -4.876504438460194E-012
   26447301.2957861        8383838.38383838      -4.655721579204160E-012
   26447301.2957861        8585858.58585858      -3.914949095067923E-012
   26447301.2957861        8787878.78787879      -2.991046746642769E-012
   26447301.2957861        8989898.98989899      -2.117970623979470E-012
   26447301.2957861        9191919.19191919      -1.403223630740884E-012
   26447301.2957861        9393939.39393939      -8.648370047459227E-013
   26447301.2957861        9595959.59595960      -4.765047040272420E-013
   26447301.2957861        9797979.79797980      -1.997663141832745E-013
   26447301.2957861        10000000.0000000       0.000000000000000E+000
   27108458.3205795       -10000000.0000000       0.000000000000000E+000
   27108458.3205795       -9797979.79797980      -3.424305764767128E-014
   27108458.3205795       -9595959.59595960      -7.831056320862742E-014
   27108458.3205795       -9393939.39393939      -1.344603067383116E-013
   27108458.3205795       -9191919.19191919      -2.052698103590610E-013
   27108458.3205795       -8989898.98989899      -2.936143615937044E-013
   27108458.3205795       -8787878.78787879      -4.026239925512703E-013
   27108458.3205795       -8585858.58585859      -5.356222814336562E-013
   27108458.3205795       -8383838.38383838      -6.960553133780838E-013
   27108458.3205795       -8181818.18181818      -8.874235569333299E-013
   27108458.3205795       -7979797.97979798      -1.113227581446246E-012
   27108458.3205795       -7777777.77777778      -1.376922612681972E-012
   27108458.3205795       -7575757.57575758      -1.681838310676697E-012
   27108458.3205795       -7373737.37373737      -2.030955020792747E-012
   27108458.3205795       -7171717.17171717      -2.426347046290233E-012
   27108458.3205795       -6969696.96969697      -2.868046819628380E-012
   27108458.3205795       -6767676.76767677      -3.352132994678928E-012
   27108458.3205795       -6565656.56565657      -3.868128279789403E-012
   27108458.3205795       -6363636.36363636      -4.396462400939851E-012
   27108458.3205795       -6161616.16161616      -4.907926698219743E-012
   27108458.3205795       -5959595.95959596      -5.368675202038713E-012
   27108458.3205795       -5757575.75757576      -5.756034275540027E-012
   27108458.3205795       -5555555.55555556      -6.091265984377490E-012
   27108458.3205795       -5353535.35353535      -6.493947054397552E-012
   27108458.3205795       -5151515.15151515      -7.256708899557089E-012
   27108458.3205795       -4949494.94949495      -8.926679144445843E-012
   27108458.3205795       -4747474.74747475      -1.236014370618123E-011
   27108458.3205795       -4545454.54545455      -1.869160541567883E-011
   27108458.3205795       -4343434.34343434      -2.913418829503242E-011
   27108458.3205795       -4141414.14141414      -4.451789155015995E-011
   27108458.3205795       -3939393.93939394      -6.449348145125038E-011
   27108458.3205795       -3737373.73737374      -8.640168293920554E-011
   27108458.3205795       -3535353.53535354      -1.039406280149645E-010
   27108458.3205795       -3333333.33333333      -1.059495285518147E-010
   27108458.3205795       -3131313.13131313      -7.582118696870513E-011
   27108458.3205795       -2929292.92929293       7.817697830620038E-012
   27108458.3205795       -2727272.72727273       1.685614387134953E-010
   27108458.3205795       -2525252.52525253       4.275148456871875E-010
   27108458.3205795       -2323232.32323232       7.966870524537868E-010
   27108458.3205795       -2121212.12121212       1.271508696160626E-009
   27108458.3205795       -1919191.91919192       1.824196326692795E-009
   27108458.3205795       -1717171.71717172       2.400046536237163E-009
   27108458.3205795       -1515151.51515152       2.918488839488482E-009
   27108458.3205795       -1313131.31313131       3.279775155196871E-009
   27108458.3205795       -1111111.11111111       3.376734699405933E-009
   27108458.3205795       -909090.909090910       3.109557069463079E-009
   27108458.3205795       -707070.707070708       2.400697791697574E-009
   27108458.3205795       -505050.505050506       1.207220583325159E-009
   27108458.3205795       -303030.303030305      -4.707047863973425E-010
   27108458.3205795       -101010.101010101      -2.584301904751921E-009
   27108458.3205795        101010.101010101      -5.030958066832012E-009
   27108458.3205795        303030.303030303      -7.646105679193405E-009
   27108458.3205795        505050.505050505      -1.019100657250493E-008
   27108458.3205795        707070.707070706      -1.233970362192359E-008
   27108458.3205795        909090.909090908      -1.367430057598798E-008
   27108458.3205795        1111111.11111111      -1.370263130185010E-008
   27108458.3205795        1313131.31313131      -1.191299373242215E-008
   27108458.3205795        1515151.51515151      -7.873906090149306E-009
   27108458.3205795        1717171.71717172      -1.371662341677298E-009
   27108458.3205795        1919191.91919192       7.442650452966395E-009
   27108458.3205795        2121212.12121212       1.794496744621035E-008
   27108458.3205795        2323232.32323232       2.902544092554745E-008
   27108458.3205795        2525252.52525252       3.921399102377799E-008
   27108458.3205795        2727272.72727273       4.694820205897548E-008
   27108458.3205795        2929292.92929293       5.093173381922040E-008
   27108458.3205795        3131313.13131313       5.048042958863158E-008
   27108458.3205795        3333333.33333333       4.573456561524407E-008
   27108458.3205795        3535353.53535353       3.764769415355617E-008
   27108458.3205795        3737373.73737374       2.774028109303628E-008
   27108458.3205795        3939393.93939394       1.769792238430419E-008
   27108458.3205795        4141414.14141414       8.954752002594798E-009
   27108458.3205795        4343434.34343434       2.401314926466410E-009
   27108458.3205795        4545454.54545454      -1.705282551730176E-009
   27108458.3205795        4747474.74747475      -3.638230305875896E-009
   27108458.3205795        4949494.94949495      -3.982360083773886E-009
   27108458.3205795        5151515.15151515      -3.399138519514160E-009
   27108458.3205795        5353535.35353535      -2.451289273300723E-009
   27108458.3205795        5555555.55555555      -1.517965675182306E-009
   27108458.3205795        5757575.75757576      -7.904898176249748E-010
   27108458.3205795        5959595.95959596      -3.168878615499818E-010
   27108458.3205795        6161616.16161616      -6.163017577666450E-011
   27108458.3205795        6363636.36363636       4.270832338572987E-011
   27108458.3205795        6565656.56565657       6.191837652755081E-011
   27108458.3205795        6767676.76767677       4.466321925698054E-011
   27108458.3205795        6969696.96969697       1.980859735379308E-011
   27108458.3205795        7171717.17171717       4.282276602431742E-013
   27108458.3205795        7373737.37373737      -1.027110866426741E-011
   27108458.3205795        7575757.57575757      -1.380636052256864E-011
   27108458.3205795        7777777.77777778      -1.303163694468625E-011
   27108458.3205795        7979797.97979798      -1.043034484652017E-011
   27108458.3205795        8181818.18181818      -7.572656802476630E-012
   27108458.3205795        8383838.38383838      -5.189595168112288E-012
   27108458.3205795        8585858.58585858      -3.461863995665105E-012
   27108458.3205795        8787878.78787879      -2.301098268167654E-012
   27108458.3205795        8989898.98989899      -1.540107918531182E-012
   27108458.3205795        9191919.19191919      -1.028819923918430E-012
   27108458.3205795        9393939.39393939      -6.646071647371282E-013
   27108458.3205795        9595959.59595960      -3.887923059189763E-013
   27108458.3205795        9797979.79797980      -1.720368192028273E-013
   27108458.3205795        10000000.0000000       0.000000000000000E+000
   27777777.7777778       -10000000.0000000       0.000000000000000E+000
   27777777.7777778       -9797979.79797980      -3.225360402100292E-014
   27777777.7777778       -9595959.59595960      -7.393557812151451E-014
   27777777.7777778       -9393939.39393939      -1.273190250416475E-013
   27777777.7777778       -9191919.19191919      -1.950322467185463E-013
   27777777.7777778       -8989898.98989899      -2.800462434230639E-013
   27777777.7777778       -8787878.78787879      -3.856323854352178E-013
   27777777.7777778       -8585858.58585859      -5.152825963514682E-013
   27777777.7777778       -8383838.38383838      -6.725855395259120E-013
   27777777.7777778       -8181818.18181818      -8.610593924907789E-013
   27777777.7777778       -7979797.97979798      -1.083957120885236E-012
   27777777.7777778       -7777777.77777778      -1.344085567300803E-012
   27777777.7777778       -7575757.57575758      -1.643712564707950E-012
   27777777.7777778       -7373737.37373737      -1.984664810451437E-012
   27777777.7777778       -7171717.17171717      -2.368717111516159E-012
   27777777.7777778       -6969696.96969697      -2.798297630067590E-012
   27777777.7777778       -6767676.76767677      -3.277329180692140E-012
   27777777.7777778       -6565656.56565657      -3.811647357396446E-012
   27777777.7777778       -6363636.36363636      -4.407886234261142E-012
   27777777.7777778       -6161616.16161616      -5.069119771115166E-012
   27777777.7777778       -5959595.95959596      -5.785201564420404E-012
   27777777.7777778       -5757575.75757576      -6.516220322239691E-012
   27777777.7777778       -5555555.55555556      -7.169594481335006E-012
   27777777.7777778       -5353535.35353535      -7.575980512090297E-012
   27777777.7777778       -5151515.15151515      -7.477021806438201E-012
   27777777.7777778       -4949494.94949495      -6.548801221474107E-012
   27777777.7777778       -4747474.74747475      -4.496770485352198E-012
   27777777.7777778       -4545454.54545455      -1.266500185958196E-012
   27777777.7777778       -4343434.34343434       2.587483492860536E-012
   27777777.7777778       -4141414.14141414       5.354823090730874E-012
   27777777.7777778       -3939393.93939394       3.476654232135168E-012
   27777777.7777778       -3737373.73737374      -9.173025807354740E-012
   27777777.7777778       -3535353.53535354      -4.179333610091006E-011
   27777777.7777778       -3333333.33333333      -1.065810663943604E-010
   27777777.7777778       -3131313.13131313      -2.176018402944964E-010
   27777777.7777778       -2929292.92929293      -3.881138209731894E-010
   27777777.7777778       -2727272.72727273      -6.259675197318225E-010
   27777777.7777778       -2525252.52525253      -9.270060035308971E-010
   27777777.7777778       -2323232.32323232      -1.266877719678000E-009
   27777777.7777778       -2121212.12121212      -1.592294036668477E-009
   27777777.7777778       -1919191.91919192      -1.813395428549718E-009
   27777777.7777778       -1717171.71717172      -1.799366335776802E-009
   27777777.7777778       -1515151.51515152      -1.379584113000646E-009
   27777777.7777778       -1313131.31313131      -3.522733518847479E-010
   27777777.7777778       -1111111.11111111       1.498171419471704E-009
   27777777.7777778       -909090.909090910       4.375253446994517E-009
   27777777.7777778       -707070.707070708       8.437348193603391E-009
   27777777.7777778       -505050.505050506       1.376057296415858E-008
   27777777.7777778       -303030.303030305       2.030182876423984E-008
   27777777.7777778       -101010.101010101       2.786726702409079E-008
   27777777.7777778        101010.101010101       3.609203133277379E-008
   27777777.7777778        303030.303030303       4.443728261353184E-008
   27777777.7777778        505050.505050505       5.221008714802699E-008
   27777777.7777778        707070.707070706       5.861043051407208E-008
   27777777.7777778        909090.909090908       6.280699253568063E-008
   27777777.7777778        1111111.11111111       6.403899716186588E-008
   27777777.7777778        1313131.31313131       6.173539747099282E-008
   27777777.7777778        1515151.51515151       5.563552174103325E-008
   27777777.7777778        1717171.71717172       4.588867566663683E-008
   27777777.7777778        1919191.91919192       3.310651964646694E-008
   27777777.7777778        2121212.12121212       1.834410535320462E-008
   27777777.7777778        2323232.32323232       2.995358412894805E-009
   27777777.7777778        2525252.52525252      -1.139337374991652E-008
   27777777.7777778        2727272.72727273      -2.336534692153309E-008
   27777777.7777778        2929292.92929293      -3.180333302334063E-008
   27777777.7777778        3131313.13131313      -3.612811989286625E-008
   27777777.7777778        3333333.33333333      -3.639157961429322E-008
   27777777.7777778        3535353.53535353      -3.323466709543680E-008
   27777777.7777778        3737373.73737374      -2.771857572465130E-008
   27777777.7777778        3939393.93939394      -2.107573128555262E-008
   27777777.7777778        4141414.14141414      -1.445103987482187E-008
   27777777.7777778        4343434.34343434      -8.702579321105861E-009
   27777777.7777778        4545454.54545454      -4.305420898849786E-009
   27777777.7777778        4747474.74747475      -1.364222008960294E-009
   27777777.7777778        4949494.94949495       2.938102951411424E-010
   27777777.7777778        5151515.15151515       9.913803858387646E-010
   27777777.7777778        5353535.35353535       1.082445220210968E-009
   27777777.7777778        5555555.55555555       8.698235370342656E-010
   27777777.7777778        5757575.75757576       5.666727099855796E-010
   27777777.7777778        5959595.95959596       2.942327321794533E-010
   27777777.7777778        6161616.16161616       1.012078327084127E-010
   27777777.7777778        6363636.36363636      -9.568767209685996E-012
   27777777.7777778        6565656.56565657      -5.712470790005982E-011
   27777777.7777778        6767676.76767677      -6.561260539573266E-011
   27777777.7777778        6969696.96969697      -5.532045496595688E-011
   27777777.7777778        7171717.17171717      -3.962955817642593E-011
   27777777.7777778        7373737.37373737      -2.548533839437972E-011
   27777777.7777778        7575757.57575757      -1.530982901496460E-011
   27777777.7777778        7777777.77777778      -9.027533839763102E-012
   27777777.7777778        7979797.97979798      -5.585755373444442E-012
   27777777.7777778        8181818.18181818      -3.841470587047251E-012
   27777777.7777778        8383838.38383838      -2.938379149607425E-012
   27777777.7777778        8585858.58585858      -2.370769900955570E-012
   27777777.7777778        8787878.78787879      -1.905049782262423E-012
   27777777.7777778        8989898.98989899      -1.469272204261727E-012
   27777777.7777778        9191919.19191919      -1.063749199442486E-012
   27777777.7777778        9393939.39393939      -7.069839750067080E-013
   27777777.7777778        9595959.59595960      -4.115051042318618E-013
   27777777.7777778        9797979.79797980      -1.782342112526497E-013
   27777777.7777778        10000000.0000000       0.000000000000000E+000
   28455259.6673809       -10000000.0000000       0.000000000000000E+000
   28455259.6673809       -9797979.79797980      -3.020128486581505E-014
   28455259.6673809       -9595959.59595960      -6.940725299624006E-014
   28455259.6673809       -9393939.39393939      -1.198900911334756E-013
   28455259.6673809       -9191919.19191919      -1.843016289308562E-013
   28455259.6673809       -8989898.98989899      -2.656710744199796E-013
   28455259.6673809       -8787878.78787879      -3.673813270480079E-013
   28455259.6673809       -8585858.58585859      -4.931189372993441E-013
   28455259.6673809       -8383838.38383838      -6.467892553654636E-013
   28455259.6673809       -8181818.18181818      -8.323824835994553E-013
   28455259.6673809       -7979797.97979798      -1.053768222186512E-012
   28455259.6673809       -7777777.77777778      -1.314389069730171E-012
   28455259.6673809       -7575757.57575758      -1.616826360018906E-012
   28455259.6673809       -7373737.37373737      -1.962238123011686E-012
   28455259.6673809       -7171717.17171717      -2.349741300385023E-012
   28455259.6673809       -6969696.96969697      -2.775946976602189E-012
   28455259.6673809       -6767676.76767677      -3.235064044702591E-012
   28455259.6673809       -6565656.56565657      -3.720229993068243E-012
   28455259.6673809       -6363636.36363636      -4.226904383819490E-012
   28455259.6673809       -6161616.16161616      -4.759068843341932E-012
   28455259.6673809       -5959595.95959596      -5.338306362505421E-012
   28455259.6673809       -5757575.75757576      -6.014203714278188E-012
   28455259.6673809       -5555555.55555556      -6.871611212960498E-012
   28455259.6673809       -5353535.35353535      -8.026071810813874E-012
   28455259.6673809       -5151515.15151515      -9.593795988645418E-012
   28455259.6673809       -4949494.94949495      -1.161852288692233E-011
   28455259.6673809       -4747474.74747475      -1.393736785820639E-011
   28455259.6673809       -4545454.54545455      -1.597540150302556E-011
   28455259.6673809       -4343434.34343434      -1.647876880331711E-011
   28455259.6673809       -4141414.14141414      -1.323197539078981E-011
   28455259.6673809       -3939393.93939394      -2.856168699561115E-012
   28455259.6673809       -3737373.73737374       1.915514321450514E-011
   28455259.6673809       -3535353.53535354       5.795419058494470E-011
   28455259.6673809       -3333333.33333333       1.181814676805299E-010
   28455259.6673809       -3131313.13131313       2.019432183874219E-010
   28455259.6673809       -2929292.92929293       3.058597127028249E-010
   28455259.6673809       -2727272.72727273       4.173392499644493E-010
   28455259.6673809       -2525252.52525253       5.105254174022863E-010
   28455259.6673809       -2323232.32323232       5.426751595354328E-010
   28455259.6673809       -2121212.12121212       4.519652328489980E-010
   28455259.6673809       -1919191.91919192       1.577950467267509E-010
   28455259.6673809       -1717171.71717172      -4.355247221275414E-010
   28455259.6673809       -1515151.51515152      -1.431259078233538E-009
   28455259.6673809       -1313131.31313131      -2.929136792330589E-009
   28455259.6673809       -1111111.11111111      -5.011603686732432E-009
   28455259.6673809       -909090.909090910      -7.729032833926737E-009
   28455259.6673809       -707070.707070708      -1.108583063686331E-008
   28455259.6673809       -505050.505050506      -1.502935578511353E-008
   28455259.6673809       -303030.303030305      -1.944320789592045E-008
   28455259.6673809       -101010.101010101      -2.414588606851836E-008
   28455259.6673809        101010.101010101      -2.889525870906258E-008
   28455259.6673809        303030.303030303      -3.339888630501372E-008
   28455259.6673809        505050.505050505      -3.733005347486299E-008
   28455259.6673809        707070.707070706      -4.034931566384988E-008
   28455259.6673809        909090.909090908      -4.213126379483681E-008
   28455259.6673809        1111111.11111111      -4.239584019283409E-008
   28455259.6673809        1313131.31313131      -4.094274072293338E-008
   28455259.6673809        1515151.51515151      -3.768617786246436E-008
   28455259.6673809        1717171.71717172      -3.268569267876472E-008
   28455259.6673809        1919191.91919192      -2.616711747289305E-008
   28455259.6673809        2121212.12121212      -1.852674105163174E-008
   28455259.6673809        2323232.32323232      -1.031195045700187E-008
   28455259.6673809        2525252.52525252      -2.173936282595711E-009
   28455259.6673809        2727272.72727273       5.206969903104956E-009
   28455259.6673809        2929292.92929293       1.121533661105462E-008
   28455259.6673809        3131313.13131313       1.539781492597160E-008
   28455259.6673809        3333333.33333333       1.754124462337416E-008
   28455259.6673809        3535353.53535353       1.770941229684326E-008
   28455259.6673809        3737373.73737374       1.622434515899780E-008
   28455259.6673809        3939393.93939394       1.359323758454371E-008
   28455259.6673809        4141414.14141414       1.039920735192576E-008
   28455259.6673809        4343434.34343434       7.185823276297507E-009
   28455259.6673809        4545454.54545454       4.366243154656750E-009
   28455259.6673809        4747474.74747475       2.177410100628196E-009
   28455259.6673809        4949494.94949495       6.830743398916352E-010
   28455259.6673809        5151515.15151515      -1.860352427457773E-010
   28455259.6673809        5353535.35353535      -5.748746667028954E-010
   28455259.6673809        5555555.55555555      -6.491352777944043E-010
   28455259.6673809        5757575.75757576      -5.555426464975454E-010
   28455259.6673809        5959595.95959596      -4.016383914349688E-010
   28455259.6673809        6161616.16161616      -2.523843720890827E-010
   28455259.6673809        6363636.36363636      -1.374576313171891E-010
   28455259.6673809        6565656.56565657      -6.284088780237924E-011
   28455259.6673809        6767676.76767677      -2.199967068659673E-011
   28455259.6673809        6969696.96969697      -4.197679195582727E-012
   28455259.6673809        7171717.17171717       6.062896673950447E-013
   28455259.6673809        7373737.37373737      -3.025991859322754E-013
   28455259.6673809        7575757.57575757      -2.624329913397214E-012
   28455259.6673809        7777777.77777778      -4.386022019669465E-012
   28455259.6673809        7979797.97979798      -5.061810964183832E-012
   28455259.6673809        8181818.18181818      -4.827601951105491E-012
   28455259.6673809        8383838.38383838      -4.071414762495532E-012
   28455259.6673809        8585858.58585858      -3.142104028164715E-012
   28455259.6673809        8787878.78787879      -2.263869503584495E-012
   28455259.6673809        8989898.98989899      -1.540501785563841E-012
   28455259.6673809        9191919.19191919      -9.932648659720558E-013
   28455259.6673809        9393939.39393939      -6.005188706523399E-013
   28455259.6673809        9595959.59595960      -3.261706770617774E-013
   28455259.6673809        9797979.79797980      -1.353287628116538E-013
   28455259.6673809        10000000.0000000       0.000000000000000E+000
   29140903.9893888       -10000000.0000000       0.000000000000000E+000
   29140903.9893888       -9797979.79797980      -2.805652970675279E-014
   29140903.9893888       -9595959.59595960      -6.467594484157701E-014
   29140903.9893888       -9393939.39393939      -1.121421680479309E-013
   29140903.9893888       -9191919.19191919      -1.731452352485387E-013
   29140903.9893888       -8989898.98989899      -2.507768907216469E-013
   29140903.9893888       -8787878.78787879      -3.484989063390918E-013
   29140903.9893888       -8585858.58585859      -4.700821618788614E-013
   29140903.9893888       -8383838.38383838      -6.195185988876293E-013
   29140903.9893888       -8181818.18181818      -8.009137073957222E-013
   29140903.9893888       -7979797.97979798      -1.018371045764202E-012
   29140903.9893888       -7777777.77777778      -1.275877154885518E-012
   29140903.9893888       -7575757.57575758      -1.577177270391301E-012
   29140903.9893888       -7373737.37373737      -1.925590754827653E-012
   29140903.9893888       -7171717.17171717      -2.323645309013324E-012
   29140903.9893888       -6969696.96969697      -2.772318481841242E-012
   29140903.9893888       -6767676.76767677      -3.269596570802403E-012
   29140903.9893888       -6565656.56565657      -3.808066194266305E-012
   29140903.9893888       -6363636.36363636      -4.371460881254358E-012
   29140903.9893888       -6161616.16161616      -4.930649989766066E-012
   29140903.9893888       -5959595.95959596      -5.440632697314739E-012
   29140903.9893888       -5757575.75757576      -5.841746866124727E-012
   29140903.9893888       -5555555.55555556      -6.070351708385556E-012
   29140903.9893888       -5353535.35353535      -6.086122583419721E-012
   29140903.9893888       -5151515.15151515      -5.923687021967204E-012
   29140903.9893888       -4949494.94949495      -5.773956692498067E-012
   29140903.9893888       -4747474.74747475      -6.093207228088543E-012
   29140903.9893888       -4545454.54545455      -7.724166924042903E-012
   29140903.9893888       -4343434.34343434      -1.199308556851606E-011
   29140903.9893888       -4141414.14141414      -2.072290926723714E-011
   29140903.9893888       -3939393.93939394      -3.608231518658995E-011
   29140903.9893888       -3737373.73737374      -6.018458368377417E-011
   29140903.9893888       -3535353.53535354      -9.437227978020692E-011
   29140903.9893888       -3333333.33333333      -1.381841492220510E-010
   29140903.9893888       -3131313.13131313      -1.881011886761905E-010
   29140903.9893888       -2929292.92929293      -2.362959065689908E-010
   29140903.9893888       -2727272.72727273      -2.697305599012201E-010
   29140903.9893888       -2525252.52525253      -2.700205506664248E-010
   29140903.9893888       -2323232.32323232      -2.144499913467108E-010
   29140903.9893888       -2121212.12121212      -7.836596399423280E-011
   29140903.9893888       -1919191.91919192       1.611098900361542E-010
   29140903.9893888       -1717171.71717172       5.204781934722659E-010
   29140903.9893888       -1515151.51515152       1.005140166428109E-009
   29140903.9893888       -1313131.31313131       1.605548191107208E-009
   29140903.9893888       -1111111.11111111       2.295213144999577E-009
   29140903.9893888       -909090.909090910       3.031286636212160E-009
   29140903.9893888       -707070.707070708       3.757953754873243E-009
   29140903.9893888       -505050.505050506       4.412290891672989E-009
   29140903.9893888       -303030.303030305       4.931716333405698E-009
   29140903.9893888       -101010.101010101       5.261821634039398E-009
   29140903.9893888        101010.101010101       5.363285450219238E-009
   29140903.9893888        303030.303030303       5.216722852054860E-009
   29140903.9893888        505050.505050505       4.824638286645725E-009
   29140903.9893888        707070.707070706       4.210048156443017E-009
   29140903.9893888        909090.909090908       3.411779223396074E-009
   29140903.9893888        1111111.11111111       2.476948590314984E-009
   29140903.9893888        1313131.31313131       1.451730084179633E-009
   29140903.9893888        1515151.51515151       3.721984453390190E-010
   29140903.9893888        1717171.71717172      -7.423315784430510E-010
   29140903.9893888        1919191.91919192      -1.890813098479644E-009
   29140903.9893888        2121212.12121212      -3.084742608454529E-009
   29140903.9893888        2323232.32323232      -4.334866992211845E-009
   29140903.9893888        2525252.52525252      -5.632834604337470E-009
   29140903.9893888        2727272.72727273      -6.933506947037632E-009
   29140903.9893888        2929292.92929293      -8.145739677009430E-009
   29140903.9893888        3131313.13131313      -9.138719973227285E-009
   29140903.9893888        3333333.33333333      -9.766472867440794E-009
   29140903.9893888        3535353.53535353      -9.905814501899931E-009
   29140903.9893888        3737373.73737374      -9.495849291381285E-009
   29140903.9893888        3939393.93939394      -8.564044039101546E-009
   29140903.9893888        4141414.14141414      -7.227523110465998E-009
   29140903.9893888        4343434.34343434      -5.667608615551819E-009
   29140903.9893888        4545454.54545454      -4.086389933570831E-009
   29140903.9893888        4747474.74747475      -2.660824463471080E-009
   29140903.9893888        4949494.94949495      -1.509413875661098E-009
   29140903.9893888        5151515.15151515      -6.798028237460246E-010
   29140903.9893888        5353535.35353535      -1.567398469220682E-010
   29140903.9893888        5555555.55555555       1.169015540407553E-010
   29140903.9893888        5757575.75757576       2.156053517941369E-010
   29140903.9893888        5959595.95959596       2.109214976159311E-010
   29140903.9893888        6161616.16161616       1.592305563069711E-010
   29140903.9893888        6363636.36363636       9.763751333591404E-011
   29140903.9893888        6565656.56565657       4.574221652731696E-011
   29140903.9893888        6767676.76767677       1.035693284886935E-011
   29140903.9893888        6969696.96969697      -9.269971278541066E-012
   29140903.9893888        7171717.17171717      -1.718900624303694E-011
   29140903.9893888        7373737.37373737      -1.797222316657739E-011
   29140903.9893888        7575757.57575757      -1.531922748652239E-011
   29140903.9893888        7777777.77777778      -1.164874516347780E-011
   29140903.9893888        7979797.97979798      -8.238462835245739E-012
   29140903.9893888        8181818.18181818      -5.571944960442470E-012
   29140903.9893888        8383838.38383838      -3.686062985773432E-012
   29140903.9893888        8585858.58585858      -2.428284385033618E-012
   29140903.9893888        8787878.78787879      -1.608868337822632E-012
   29140903.9893888        8989898.98989899      -1.069939755419028E-012
   29140903.9893888        9191919.19191919      -7.031117281530892E-013
   29140903.9893888        9393939.39393939      -4.425913943378969E-013
   29140903.9893888        9595959.59595960      -2.512008192340008E-013
   29140903.9893888        9797979.79797980      -1.079690698702361E-013
   29140903.9893888        10000000.0000000       0.000000000000000E+000
   29834710.7438017       -10000000.0000000       0.000000000000000E+000
   29834710.7438017       -9797979.79797980      -2.579402148713681E-014
   29834710.7438017       -9595959.59595960      -5.966290518630831E-014
   29834710.7438017       -9393939.39393939      -1.038991623823942E-013
   29834710.7438017       -9191919.19191919      -1.612429729663784E-013
   29834710.7438017       -8989898.98989899      -2.348908185406938E-013
   29834710.7438017       -8787878.78787879      -3.284719822642600E-013
   29834710.7438017       -8585858.58585859      -4.459830157269188E-013
   29834710.7438017       -8383838.38383838      -5.916692680420919E-013
   29834710.7438017       -8181818.18181818      -7.698456784208555E-013
   29834710.7438017       -7979797.97979798      -9.846581036626423E-013
   29834710.7438017       -7777777.77777778      -1.239804848725562E-012
   29834710.7438017       -7575757.57575758      -1.538268328141912E-012
   29834710.7438017       -7373737.37373737      -1.882147547491270E-012
   29834710.7438017       -7171717.17171717      -2.272723316231259E-012
   29834710.7438017       -6969696.96969697      -2.710905170564546E-012
   29834710.7438017       -6767676.76767677      -3.198157886315336E-012
   29834710.7438017       -6565656.56565657      -3.737823312848700E-012
   29834710.7438017       -6363636.36363636      -4.336370529703347E-012
   29834710.7438017       -6161616.16161616      -5.003478948885002E-012
   29834710.7438017       -5959595.95959596      -5.749019027849933E-012
   29834710.7438017       -5757575.75757576      -6.574131554745375E-012
   29834710.7438017       -5555555.55555556      -7.453135431943125E-012
   29834710.7438017       -5353535.35353535      -8.303592440051202E-012
   29834710.7438017       -5151515.15151515      -8.944384903708501E-012
   29834710.7438017       -4949494.94949495      -9.046895329775421E-012
   29834710.7438017       -4747474.74747475      -8.092512452314394E-012
   29834710.7438017       -4545454.54545455      -5.359661832997854E-012
   29834710.7438017       -4343434.34343434       2.759146965002866E-014
   29834710.7438017       -4141414.14141414       8.954623810620475E-012
   29834710.7438017       -3939393.93939394       2.204996811647009E-011
   29834710.7438017       -3737373.73737374       3.929988178458067E-011
   29834710.7438017       -3535353.53535354       5.959145342737723E-011
   29834710.7438017       -3333333.33333333       8.028810207216774E-011
   29834710.7438017       -3131313.13131313       9.699098332036021E-011
   29834710.7438017       -2929292.92929293       1.036587026852380E-010
   29834710.7438017       -2727272.72727273       9.322237548571969E-011
   29834710.7438017       -2525252.52525253       5.873225496261331E-011
   29834710.7438017       -2323232.32323232      -5.082491960105477E-012
   29834710.7438017       -2121212.12121212      -1.001294457539356E-010
   29834710.7438017       -1919191.91919192      -2.235606176487840E-010
   29834710.7438017       -1717171.71717172      -3.671159185592952E-010
   29834710.7438017       -1515151.51515152      -5.175369205460806E-010
   29834710.7438017       -1313131.31313131      -6.581472610173766E-010
   29834710.7438017       -1111111.11111111      -7.713859012911268E-010
   29834710.7438017       -909090.909090910      -8.417902908248864E-010
   29834710.7438017       -707070.707070708      -8.587565172805490E-010
   29834710.7438017       -505050.505050506      -8.184187454759236E-010
   29834710.7438017       -303030.303030305      -7.241962445718615E-010
   29834710.7438017       -101010.101010101      -5.858929827909426E-010
   29834710.7438017        101010.101010101      -4.175979799379346E-010
   29834710.7438017        303030.303030303      -2.349153498283656E-010
   29834710.7438017        505050.505050505      -5.217603231914377E-011
   29834710.7438017        707070.707070706       1.197719615632005E-010
   29834710.7438017        909090.909090908       2.748008077101920E-010
   29834710.7438017        1111111.11111111       4.116626657658625E-010
   29834710.7438017        1313131.31313131       5.332706706070219E-010
   29834710.7438017        1515151.51515151       6.455444129350468E-010
   29834710.7438017        1717171.71717172       7.563694148480541E-010
   29834710.7438017        1919191.91919192       8.751050574461973E-010
   29834710.7438017        2121212.12121212       1.012687679405581E-009
   29834710.7438017        2323232.32323232       1.181771969300532E-009
   29834710.7438017        2525252.52525252       1.395782584791092E-009
   29834710.7438017        2727272.72727273       1.665646770563250E-009
   29834710.7438017        2929292.92929293       1.993783678625513E-009
   29834710.7438017        3131313.13131313       2.366688426807381E-009
   29834710.7438017        3333333.33333333       2.749474489578664E-009
   29834710.7438017        3535353.53535353       3.086649354375069E-009
   29834710.7438017        3737373.73737374       3.311895123546275E-009
   29834710.7438017        3939393.93939394       3.365650518428008E-009
   29834710.7438017        4141414.14141414       3.214663835693059E-009
   29834710.7438017        4343434.34343434       2.865318127309869E-009
   29834710.7438017        4545454.54545454       2.364411548846121E-009
   29834710.7438017        4747474.74747475       1.786568106520961E-009
   29834710.7438017        4949494.94949495       1.213472170883802E-009
   29834710.7438017        5151515.15151515       7.132524790614252E-010
   29834710.7438017        5353535.35353535       3.271779443098804E-010
   29834710.7438017        5555555.55555555       6.663852509515580E-011
   29834710.7438017        5757575.75757576      -8.114433968591674E-011
   29834710.7438017        5959595.95959596      -1.429082359546034E-010
   29834710.7438017        6161616.16161616      -1.490719147547230E-010
   29834710.7438017        6363636.36363636      -1.263039530241274E-010
   29834710.7438017        6565656.56565657      -9.386887595846038E-011
   29834710.7438017        6767676.76767677      -6.317535055500556E-011
   29834710.7438017        6969696.96969697      -3.926886977172170E-011
   29834710.7438017        7171717.17171717      -2.302455893148241E-011
   29834710.7438017        7373737.37373737      -1.317859895051832E-011
   29834710.7438017        7575757.57575757      -7.789938863048944E-012
   29834710.7438017        7777777.77777778      -5.072376964110158E-012
   29834710.7438017        7979797.97979798      -3.728253156884001E-012
   29834710.7438017        8181818.18181818      -2.972989734254353E-012
   29834710.7438017        8383838.38383838      -2.416864857541927E-012
   29834710.7438017        8585858.58585858      -1.915602931319322E-012
   29834710.7438017        8787878.78787879      -1.446829925923992E-012
   29834710.7438017        8989898.98989899      -1.029984376717492E-012
   29834710.7438017        9191919.19191919      -6.853803723195111E-013
   29834710.7438017        9393939.39393939      -4.199599581292687E-013
   29834710.7438017        9595959.59595960      -2.272943028877930E-013
   29834710.7438017        9797979.79797980      -9.288435234106390E-014
   29834710.7438017        10000000.0000000       0.000000000000000E+000
   30536679.9306193       -10000000.0000000       0.000000000000000E+000
   30536679.9306193       -9797979.79797980      -2.343289392013222E-014
   30536679.9306193       -9595959.59595960      -5.441155362914288E-014
   30536679.9306193       -9393939.39393939      -9.522064949785276E-014
   30536679.9306193       -9191919.19191919      -1.486253167653409E-013
   30536679.9306193       -8989898.98989899      -2.178910618551725E-013
   30536679.9306193       -8787878.78787879      -3.067771817831428E-013
   30536679.9306193       -8585858.58585859      -4.194973056680040E-013
   30536679.9306193       -8383838.38383838      -5.606390909071424E-013
   30536679.9306193       -8181818.18181818      -7.350323737992713E-013
   30536679.9306193       -7979797.97979798      -9.475492011878504E-013
   30536679.9306193       -7777777.77777778      -1.202809681682889E-012
   30536679.9306193       -7575757.57575758      -1.504756629866202E-012
   30536679.9306193       -7373737.37373737      -1.856056700264324E-012
   30536679.9306193       -7171717.17171717      -2.257300874860860E-012
   30536679.9306193       -6969696.96969697      -2.706036325846466E-012
   30536679.9306193       -6767676.76767677      -3.195794522641390E-012
   30536679.9306193       -6565656.56565657      -3.715513088738493E-012
   30536679.9306193       -6363636.36363636      -4.250083963290771E-012
   30536679.9306193       -6161616.16161616      -4.783146408134882E-012
   30536679.9306193       -5959595.95959596      -5.303538521664972E-012
   30536679.9306193       -5757575.75757576      -5.816766104729880E-012
   30536679.9306193       -5555555.55555556      -6.362076252228440E-012
   30536679.9306193       -5353535.35353535      -7.033844121072547E-012
   30536679.9306193       -5151515.15151515      -8.002772398412657E-012
   30536679.9306193       -4949494.94949495      -9.528115334950695E-012
   30536679.9306193       -4747474.74747475      -1.194784944257746E-011
   30536679.9306193       -4545454.54545455      -1.563154233539346E-011
   30536679.9306193       -4343434.34343434      -2.088358502447687E-011
   30536679.9306193       -4141414.14141414      -2.779533901518590E-011
   30536679.9306193       -3939393.93939394      -3.606468382866572E-011
   30536679.9306193       -3737373.73737374      -4.482756609139889E-011
   30536679.9306193       -3535353.53535354      -5.257020741810240E-011
   30536679.9306193       -3333333.33333333      -5.719981653587668E-011
   30536679.9306193       -3131313.13131313      -5.633276736090818E-011
   30536679.9306193       -2929292.92929293      -4.780571474759386E-011
   30536679.9306193       -2727272.72727273      -3.033430865477336E-011
   30536679.9306193       -2525252.52525253      -4.159923807587161E-012
   30536679.9306193       -2323232.32323232       2.852766740675395E-011
   30536679.9306193       -2121212.12121212       6.359147624061346E-011
   30536679.9306193       -1919191.91919192       9.548099589188519E-011
   30536679.9306193       -1717171.71717172       1.182536867073650E-010
   30536679.9306193       -1515151.51515152       1.268706792344852E-010
   30536679.9306193       -1313131.31313131       1.184309880162448E-010
   30536679.9306193       -1111111.11111111       9.298616946394746E-011
   30536679.9306193       -909090.909090910       5.367496641863218E-011
   30536679.9306193       -707070.707070708       6.110144612703134E-012
   30536679.9306193       -505050.505050506      -4.282635450099425E-011
   30536679.9306193       -303030.303030305      -8.644769115117459E-011
   30536679.9306193       -101010.101010101      -1.195879029754641E-010
   30536679.9306193        101010.101010101      -1.394566861680039E-010
   30536679.9306193        303030.303030303      -1.458582157231871E-010
   30536679.9306193        505050.505050505      -1.408134787282739E-010
   30536679.9306193        707070.707070706      -1.277934130262581E-010
   30536679.9306193        909090.909090908      -1.108481349911029E-010
   30536679.9306193        1111111.11111111      -9.389031777967224E-011
   30536679.9306193        1313131.31313131      -8.028212368243109E-011
   30536679.9306193        1515151.51515151      -7.273608224216030E-011
   30536679.9306193        1717171.71717172      -7.343057550377279E-011
   30536679.9306193        1919191.91919192      -8.420692486866520E-011
   30536679.9306193        2121212.12121212      -1.067685567987767E-010
   30536679.9306193        2323232.32323232      -1.428991603164210E-010
   30536679.9306193        2525252.52525252      -1.947574586691033E-010
   30536679.9306193        2727272.72727273      -2.651863284353877E-010
   30536679.9306193        2929292.92929293      -3.576867150832038E-010
   30536679.9306193        3131313.13131313      -4.754471154619991E-010
   30536679.9306193        3333333.33333333      -6.189553886552531E-010
   30536679.9306193        3535353.53535353      -7.825227781499408E-010
   30536679.9306193        3737373.73737374      -9.512904055163642E-010
   30536679.9306193        3939393.93939394      -1.101090921150970E-009
   30536679.9306193        4141414.14141414      -1.202886847319387E-009
   30536679.9306193        4343434.34343434      -1.231224499527010E-009
   30536679.9306193        4545454.54545454      -1.173450672789755E-009
   30536679.9306193        4747474.74747475      -1.035287480534304E-009
   30536679.9306193        4949494.94949495      -8.398420604740021E-010
   30536679.9306193        5151515.15151515      -6.204304633176995E-010
   30536679.9306193        5353535.35353535      -4.105784252828347E-010
   30536679.9306193        5555555.55555555      -2.354493690061949E-010
   30536679.9306193        5757575.75757576      -1.075648693333126E-010
   30536679.9306193        5959595.95959596      -2.726267019073351E-011
   30536679.9306193        6161616.16161616       1.361353846445587E-011
   30536679.9306193        6363636.36363636       2.699693728832133E-011
   30536679.9306193        6565656.56565657       2.463289100208944E-011
   30536679.9306193        6767676.76767677       1.571530730408643E-011
   30536679.9306193        6969696.96969697       6.120438428345054E-012
   30536679.9306193        7171717.17171717      -1.247282623926222E-012
   30536679.9306193        7373737.37373737      -5.588662682434461E-012
   30536679.9306193        7575757.57575757      -7.285149909283978E-012
   30536679.9306193        7777777.77777778      -7.172820856813094E-012
   30536679.9306193        7979797.97979798      -6.092242277617861E-012
   30536679.9306193        8181818.18181818      -4.680546283512428E-012
   30536679.9306193        8383838.38383838      -3.327316135675896E-012
   30536679.9306193        8585858.58585858      -2.215740888426780E-012
   30536679.9306193        8787878.78787879      -1.391397560154146E-012
   30536679.9306193        8989898.98989899      -8.258570923065777E-013
   30536679.9306193        9191919.19191919      -4.621112937581194E-013
   30536679.9306193        9393939.39393939      -2.409488792412060E-013
   30536679.9306193        9595959.59595960      -1.128544820783898E-013
   30536679.9306193        9797979.79797980      -4.106240476440665E-014
   30536679.9306193        10000000.0000000       0.000000000000000E+000
   31246811.5498419       -10000000.0000000       0.000000000000000E+000
   31246811.5498419       -9797979.79797980      -2.095465822088088E-014
   31246811.5498419       -9595959.59595960      -4.888830056500783E-014
   31246811.5498419       -9393939.39393939      -8.608177572903064E-014
   31246811.5498419       -9191919.19191919      -1.353353750063248E-013
   31246811.5498419       -8989898.98989899      -1.999954333926985E-013
   31246811.5498419       -8787878.78787879      -2.839470917760900E-013
   31246811.5498419       -8585858.58585859      -3.915647170985346E-013
   31246811.5498419       -8383838.38383838      -5.276138650701800E-013
   31246811.5498419       -8181818.18181818      -6.971054108721605E-013
   31246811.5498419       -7979797.97979798      -9.051123726443413E-013
   31246811.5498419       -7777777.77777778      -1.156570911359065E-012
   31246811.5498419       -7575757.57575758      -1.456093846539699E-012
   31246811.5498419       -7373737.37373737      -1.807818515019953E-012
   31246811.5498419       -7171717.17171717      -2.215277699330081E-012
   31246811.5498419       -6969696.96969697      -2.681208122629174E-012
   31246811.5498419       -6767676.76767677      -3.207086474976050E-012
   31246811.5498419       -6565656.56565657      -3.792016111871356E-012
   31246811.5498419       -6363636.36363636      -4.430419901789658E-012
   31246811.5498419       -6161616.16161616      -5.107917531303370E-012
   31246811.5498419       -5959595.95959596      -5.794927103858943E-012
   31246811.5498419       -5757575.75757576      -6.438117929515721E-012
   31246811.5498419       -5555555.55555556      -6.951016861180058E-012
   31246811.5498419       -5353535.35353535      -7.206852426076621E-012
   31246811.5498419       -5151515.15151515      -7.038812050563106E-012
   31246811.5498419       -4949494.94949495      -6.254509643237306E-012
   31246811.5498419       -4747474.74747475      -4.671312527607819E-012
   31246811.5498419       -4545454.54545455      -2.175687586488921E-012
   31246811.5498419       -4343434.34343434       1.198244744950468E-012
   31246811.5498419       -4141414.14141414       5.187807503200996E-012
   31246811.5498419       -3939393.93939394       9.248399142814557E-012
   31246811.5498419       -3737373.73737374       1.256540590844328E-011
   31246811.5498419       -3535353.53535354       1.416409431952235E-011
   31246811.5498419       -3333333.33333333       1.312655860729796E-011
   31246811.5498419       -3131313.13131313       8.883923302053281E-012
   31246811.5498419       -2929292.92929293       1.505659785611642E-012
   31246811.5498419       -2727272.72727273      -8.123131577150300E-012
   31246811.5498419       -2525252.52525253      -1.833948226023866E-011
   31246811.5498419       -2323232.32323232      -2.700446095454722E-011
   31246811.5498419       -2121212.12121212      -3.202719655142936E-011
   31246811.5498419       -1919191.91919192      -3.197293839088571E-011
   31246811.5498419       -1717171.71717172      -2.655844089263475E-011
   31246811.5498419       -1515151.51515152      -1.684947007007577E-011
   31246811.5498419       -1313131.31313131      -5.062200613085717E-012
   31246811.5498419       -1111111.11111111       5.995385029712538E-012
   31246811.5498419       -909090.909090910       1.367581707331423E-011
   31246811.5498419       -707070.707070708       1.619898001272811E-011
   31246811.5498419       -505050.505050506       1.308943601983202E-011
   31246811.5498419       -303030.303030305       5.217777498876949E-012
   31246811.5498419       -101010.101010101      -5.540277380393601E-012
   31246811.5498419        101010.101010101      -1.688674491280685E-011
   31246811.5498419        303030.303030303      -2.672046815285593E-011
   31246811.5498419        505050.505050505      -3.360158048594840E-011
   31246811.5498419        707070.707070706      -3.695049453425284E-011
   31246811.5498419        909090.909090908      -3.697628989018745E-011
   31246811.5498419        1111111.11111111      -3.441656720557454E-011
   31246811.5498419        1313131.31313131      -3.020968135523097E-011
   31246811.5498419        1515151.51515151      -2.520583308539112E-011
   31246811.5498419        1717171.71717172      -1.997421333471683E-011
   31246811.5498419        1919191.91919192      -1.470938445400496E-011
   31246811.5498419        2121212.12121212      -9.206792006767201E-012
   31246811.5498419        2323232.32323232      -2.871888308383687E-012
   31246811.5498419        2525252.52525252       5.263315457748246E-012
   31246811.5498419        2727272.72727273       1.653590698267865E-011
   31246811.5498419        2929292.92929293       3.267048714684000E-011
   31246811.5498419        3131313.13131313       5.578090188651340E-011
   31246811.5498419        3333333.33333333       8.819684934952955E-011
   31246811.5498419        3535353.53535353       1.318383994006983E-010
   31246811.5498419        3737373.73737374       1.869405274574398E-010
   31246811.5498419        3939393.93939394       2.503755626852601E-010
   31246811.5498419        4141414.14141414       3.144829711709642E-010
   31246811.5498419        4343434.34343434       3.676263556050717E-010
   31246811.5498419        4545454.54545454       3.970883262808180E-010
   31246811.5498419        4747474.74747475       3.934968214086961E-010
   31246811.5498419        4949494.94949495       3.547197384574584E-010
   31246811.5498419        5151515.15151515       2.871426870161150E-010
   31246811.5498419        5353535.35353535       2.036132300854281E-010
   31246811.5498419        5555555.55555555       1.191330086896353E-010
   31246811.5498419        5757575.75757576       4.638051765689856E-011
   31246811.5498419        5959595.95959596      -7.141908844086502E-012
   31246811.5498419        6161616.16161616      -3.966938238699705E-011
   31246811.5498419        6363636.36363636      -5.390021938675937E-011
   31246811.5498419        6565656.56565657      -5.489897747693106E-011
   31246811.5498419        6767676.76767677      -4.812418079745464E-011
   31246811.5498419        6969696.96969697      -3.811802572774989E-011
   31246811.5498419        7171717.17171717      -2.795845426941247E-011
   31246811.5498419        7373737.37373737      -1.929412625635796E-011
   31246811.5498419        7575757.57575757      -1.269083137036480E-011
   31246811.5498419        7777777.77777778      -8.055773185493981E-012
   31246811.5498419        7979797.97979798      -4.997037295219546E-012
   31246811.5498419        8181818.18181818      -3.063408865984171E-012
   31246811.5498419        8383838.38383838      -1.868788388594861E-012
   31246811.5498419        8585858.58585858      -1.132936609735818E-012
   31246811.5498419        8787878.78787879      -6.747220974628222E-013
   31246811.5498419        8989898.98989899      -3.864132540376901E-013
   31246811.5498419        9191919.19191919      -2.064748034359586E-013
   31246811.5498419        9393939.39393939      -9.873808119807366E-014
   31246811.5498419        9595959.59595960      -3.952526910357329E-014
   31246811.5498419        9797979.79797980      -1.120540713353573E-014
   31246811.5498419        10000000.0000000       0.000000000000000E+000
   31965105.6014692       -10000000.0000000       0.000000000000000E+000
   31965105.6014692       -9797979.79797980      -1.836055115724144E-014
   31965105.6014692       -9595959.59595960      -4.307325513591264E-014
   31965105.6014692       -9393939.39393939      -7.639520615783200E-014
   31965105.6014692       -9191919.19191919      -1.211501760820552E-013
   31965105.6014692       -8989898.98989899      -1.807775030633003E-013
   31965105.6014692       -8787878.78787879      -2.593483619060542E-013
   31965105.6014692       -8585858.58585859      -3.615353018848937E-013
   31965105.6014692       -8383838.38383838      -4.925171338197799E-013
   31965105.6014692       -8181818.18181818      -6.577998705952084E-013
   31965105.6014692       -7979797.97979798      -8.629359214018330E-013
   31965105.6014692       -7777777.77777778      -1.113131173657643E-012
   31965105.6014692       -7575757.57575758      -1.412747731255877E-012
   31965105.6014692       -7373737.37373737      -1.764744846172086E-012
   31965105.6014692       -7171717.17171717      -2.170157217142486E-012
   31965105.6014692       -6969696.96969697      -2.627788884211315E-012
   31965105.6014692       -6767676.76767677      -3.134391885893042E-012
   31965105.6014692       -6565656.56565657      -3.685672045613549E-012
   31965105.6014692       -6363636.36363636      -4.278464249350691E-012
   31965105.6014692       -6161616.16161616      -4.914265188468858E-012
   31965105.6014692       -5959595.95959596      -5.603911366570589E-012
   31965105.6014692       -5757575.75757576      -6.372482706198657E-012
   31965105.6014692       -5555555.55555556      -7.262535280566929E-012
   31965105.6014692       -5353535.35353535      -8.332747458807604E-012
   31965105.6014692       -5151515.15151515      -9.648491525267053E-012
   31965105.6014692       -4949494.94949495      -1.126145608094390E-011
   31965105.6014692       -4747474.74747475      -1.317803453895331E-011
   31965105.6014692       -4545454.54545455      -1.532115497027250E-011
   31965105.6014692       -4343434.34343434      -1.749689392811821E-011
   31965105.6014692       -4141414.14141414      -1.938329025397210E-011
   31965105.6014692       -3939393.93939394      -2.056034910406278E-011
   31965105.6014692       -3737373.73737374      -2.059304941009621E-011
   31965105.6014692       -3535353.53535354      -1.916126663954642E-011
   31965105.6014692       -3333333.33333333      -1.620527169802450E-011
   31965105.6014692       -3131313.13131313      -1.203296269913317E-011
   31965105.6014692       -2929292.92929293      -7.329375869215320E-012
   31965105.6014692       -2727272.72727273      -3.031271164336352E-012
   31965105.6014692       -2525252.52525253      -7.873628428776068E-014
   31965105.6014692       -2323232.32323232       8.854258107717398E-013
   31965105.6014692       -2121212.12121212      -2.423519136142879E-013
   31965105.6014692       -1919191.91919192      -2.949953073232917E-012
   31965105.6014692       -1717171.71717172      -6.250572275070093E-012
   31965105.6014692       -1515151.51515152      -9.006619526779446E-012
   31965105.6014692       -1313131.31313131      -1.032216269144585E-011
   31965105.6014692       -1111111.11111111      -9.854701443988704E-012
   31965105.6014692       -909090.909090910      -7.925741291682592E-012
   31965105.6014692       -707070.707070708      -5.390340292321943E-012
   31965105.6014692       -505050.505050506      -3.322452866670659E-012
   31965105.6014692       -303030.303030305      -2.642632436590901E-012
   31965105.6014692       -101010.101010101      -3.828525872739950E-012
   31965105.6014692        101010.101010101      -6.804492333365028E-012
   31965105.6014692        303030.303030303      -1.102846484145872E-011
   31965105.6014692        505050.505050505      -1.571837157192106E-011
   31965105.6014692        707070.707070706      -2.011818052395853E-011
   31965105.6014692        909090.909090908      -2.370721602105659E-011
   31965105.6014692        1111111.11111111      -2.629643026518858E-011
   31965105.6014692        1313131.31313131      -2.800844124365657E-011
   31965105.6014692        1515151.51515151      -2.918000453424323E-011
   31965105.6014692        1717171.71717172      -3.024196983488831E-011
   31965105.6014692        1919191.91919192      -3.162296761654376E-011
   31965105.6014692        2121212.12121212      -3.370031949942526E-011
   31965105.6014692        2323232.32323232      -3.679883378190184E-011
   31965105.6014692        2525252.52525252      -4.122398447407596E-011
   31965105.6014692        2727272.72727273      -4.731170787171597E-011
   31965105.6014692        2929292.92929293      -5.547954191894457E-011
   31965105.6014692        3131313.13131313      -6.626830954878940E-011
   31965105.6014692        3333333.33333333      -8.036028448487474E-011
   31965105.6014692        3535353.53535353      -9.853281163128054E-011
   31965105.6014692        3737373.73737374      -1.214555347225320E-010
   31965105.6014692        3939393.93939394      -1.492219677698816E-010
   31965105.6014692        4141414.14141414      -1.806293430682337E-010
   31965105.6014692        4343434.34343434      -2.125152011473003E-010
   31965105.6014692        4545454.54545454      -2.397262874335372E-010
   31965105.6014692        4747474.74747475      -2.561833416596684E-010
   31965105.6014692        4949494.94949495      -2.568871770013990E-010
   31965105.6014692        5151515.15151515      -2.399712514113112E-010
   31965105.6014692        5353535.35353535      -2.076807196872865E-010
   31965105.6014692        5555555.55555555      -1.657105673187665E-010
   31965105.6014692        5757575.75757576      -1.212655587647429E-010
   31965105.6014692        5959595.95959596      -8.083171533684426E-011
   31965105.6014692        6161616.16161616      -4.861468223828796E-011
   31965105.6014692        6363636.36363636      -2.607627474622692E-011
   31965105.6014692        6565656.56565657      -1.241815392114962E-011
   31965105.6014692        6767676.76767677      -5.540837242322794E-012
   31965105.6014692        6969696.96969697      -3.002998361516964E-012
   31965105.6014692        7171717.17171717      -2.692204574349244E-012
   31965105.6014692        7373737.37373737      -3.133272298901465E-012
   31965105.6014692        7575757.57575757      -3.506047346572452E-012
   31965105.6014692        7777777.77777778      -3.498971570375875E-012
   31965105.6014692        7979797.97979798      -3.113131151813322E-012
   31965105.6014692        8181818.18181818      -2.490329863508716E-012
   31965105.6014692        8383838.38383838      -1.796203692369224E-012
   31965105.6014692        8585858.58585858      -1.159360475701526E-012
   31965105.6014692        8787878.78787879      -6.525224283609250E-013
   31965105.6014692        8989898.98989899      -2.981950586283096E-013
   31965105.6014692        9191919.19191919      -8.438656671646799E-014
   31965105.6014692        9393939.39393939       1.889796163874669E-014
   31965105.6014692        9595959.59595960       4.685506666020970E-014
   31965105.6014692        9797979.79797980       3.190486709697010E-014
   31965105.6014692        10000000.0000000       0.000000000000000E+000
   32691562.0855015       -10000000.0000000       0.000000000000000E+000
   32691562.0855015       -9797979.79797980      -1.569361139888726E-014
   32691562.0855015       -9595959.59595960      -3.706628713085006E-014
   32691562.0855015       -9393939.39393939      -6.632673411176058E-014
   32691562.0855015       -9191919.19191919      -1.062865043235280E-013
   32691562.0855015       -8989898.98989899      -1.604252104900706E-013
   32691562.0855015       -8787878.78787879      -2.329262973402071E-013
   32691562.0855015       -8585858.58585859      -3.286720271097672E-013
   32691562.0855015       -8383838.38383838      -4.531857825317165E-013
   32691562.0855015       -8181818.18181818      -6.125113875164344E-013
   32691562.0855015       -7979797.97979798      -8.130203758327307E-013
   32691562.0855015       -7777777.77777778      -1.061136496632893E-012
   32691562.0855015       -7575757.57575758      -1.362958946847327E-012
   32691562.0855015       -7373737.37373737      -1.723748879070532E-012
   32691562.0855015       -7171717.17171717      -2.147217303478131E-012
   32691562.0855015       -6969696.96969697      -2.634522451693287E-012
   32691562.0855015       -6767676.76767677      -3.182867267195059E-012
   32691562.0855015       -6565656.56565657      -3.783612638784004E-012
   32691562.0855015       -6363636.36363636      -4.419931134170888E-012
   32691562.0855015       -6161616.16161616      -5.064263121703991E-012
   32691562.0855015       -5959595.95959596      -5.676224558749020E-012
   32691562.0855015       -5757575.75757576      -6.202115780710687E-012
   32691562.0855015       -5555555.55555556      -6.577649417614108E-012
   32691562.0855015       -5353535.35353535      -6.735669495316686E-012
   32691562.0855015       -5151515.15151515      -6.620069147976120E-012
   32691562.0855015       -4949494.94949495      -6.205431788132758E-012
   32691562.0855015       -4747474.74747475      -5.518990588082688E-012
   32691562.0855015       -4545454.54545455      -4.657836640933212E-012
   32691562.0855015       -4343434.34343434      -3.791369667949036E-012
   32691562.0855015       -4141414.14141414      -3.139100062688154E-012
   32691562.0855015       -3939393.93939394      -2.919410994914426E-012
   32691562.0855015       -3737373.73737374      -3.276432300595024E-012
   32691562.0855015       -3535353.53535354      -4.206870966618384E-012
   32691562.0855015       -3333333.33333333      -5.519455865651942E-012
   32691562.0855015       -3131313.13131313      -6.857731041433617E-012
   32691562.0855015       -2929292.92929293      -7.796980345767134E-012
   32691562.0855015       -2727272.72727273      -7.992222539983028E-012
   32691562.0855015       -2525252.52525253      -7.321633196448858E-012
   32691562.0855015       -2323232.32323232      -5.958397428035501E-012
   32691562.0855015       -2121212.12121212      -4.326421572301092E-012
   32691562.0855015       -1919191.91919192      -2.946012444066414E-012
   32691562.0855015       -1717171.71717172      -2.230588380205782E-012
   32691562.0855015       -1515151.51515152      -2.324568554082917E-012
   32691562.0855015       -1313131.31313131      -3.057545705460129E-012
   32691562.0855015       -1111111.11111111      -4.036283939978461E-012
   32691562.0855015       -909090.909090910      -4.831107066039343E-012
   32691562.0855015       -707070.707070708      -5.170203291679656E-012
   32691562.0855015       -505050.505050506      -5.055292002977697E-012
   32691562.0855015       -303030.303030305      -4.752893319130584E-012
   32691562.0855015       -101010.101010101      -4.674507335168602E-012
   32691562.0855015        101010.101010101      -5.206582801947435E-012
   32691562.0855015        303030.303030303      -6.566117224191291E-012
   32691562.0855015        505050.505050505      -8.737174417350765E-012
   32691562.0855015        707070.707070706      -1.150189726014326E-011
   32691562.0855015        909090.909090908      -1.453884702161862E-011
   32691562.0855015        1111111.11111111      -1.753964286369326E-011
   32691562.0855015        1313131.31313131      -2.029778590649386E-011
   32691562.0855015        1515151.51515151      -2.274457135580794E-011
   32691562.0855015        1717171.71717172      -2.493268711248058E-011
   32691562.0855015        1919191.91919192      -2.698616740053353E-011
   32691562.0855015        2121212.12121212      -2.904024953832105E-011
   32691562.0855015        2323232.32323232      -3.118846715671753E-011
   32691562.0855015        2525252.52525252      -3.344360364033620E-011
   32691562.0855015        2727272.72727273      -3.571051344941270E-011
   32691562.0855015        2929292.92929293      -3.776584240060208E-011
   32691562.0855015        3131313.13131313      -3.924238428478312E-011
   32691562.0855015        3333333.33333333      -3.962218519296599E-011
   32691562.0855015        3535353.53535353      -3.825105839175220E-011
   32691562.0855015        3737373.73737374      -3.439911243843922E-011
   32691562.0855015        3939393.93939394      -2.740674859767430E-011
   32691562.0855015        4141414.14141414      -1.695556400815081E-011
   32691562.0855015        4343434.34343434      -3.447149543129045E-012
   32691562.0855015        4545454.54545454       1.166042021219605E-011
   32691562.0855015        4747474.74747475       2.583719514287442E-011
   32691562.0855015        4949494.94949495       3.601806315791422E-011
   32691562.0855015        5151515.15151515       3.961839427694738E-011
   32691562.0855015        5353535.35353535       3.557792012053510E-011
   32691562.0855015        5555555.55555555       2.486278392395790E-011
   32691562.0855015        5757575.75757576       1.013791174342398E-011
   32691562.0855015        5959595.95959596      -5.202401414523833E-012
   32691562.0855015        6161616.16161616      -1.814248297702012E-011
   32691562.0855015        6363636.36363636      -2.681296992979026E-011
   32691562.0855015        6565656.56565657      -3.070760667162639E-011
   32691562.0855015        6767676.76767677      -3.042954613058447E-011
   32691562.0855015        6969696.96969697      -2.720405531123700E-011
   32691562.0855015        7171717.17171717      -2.239351971407022E-011
   32691562.0855015        7373737.37373737      -1.715776570099444E-011
   32691562.0855015        7575757.57575757      -1.229677893606275E-011
   32691562.0855015        7777777.77777778      -8.241100511205859E-012
   32691562.0855015        7979797.97979798      -5.127698745884170E-012
   32691562.0855015        8181818.18181818      -2.903984318729356E-012
   32691562.0855015        8383838.38383838      -1.422254381187949E-012
   32691562.0855015        8585858.58585858      -5.076292072062215E-013
   32691562.0855015        8787878.78787879       2.395797698837910E-015
   32691562.0855015        8989898.98989899       2.407759762054219E-013
   32691562.0855015        9191919.19191919       3.079046722514508E-013
   32691562.0855015        9393939.39393939       2.756279163351791E-013
   32691562.0855015        9595959.59595960       1.934701625578905E-013
   32691562.0855015        9797979.79797980       9.451212999758284E-014
   32691562.0855015        10000000.0000000       0.000000000000000E+000
   33426181.0019386       -10000000.0000000       0.000000000000000E+000
   33426181.0019386       -9797979.79797980      -1.296511073683456E-014
   33426181.0019386       -9595959.59595960      -3.088816594252731E-014
   33426181.0019386       -9393939.39393939      -5.591209912923947E-014
   33426181.0019386       -9191919.19191919      -9.082713662949242E-014
   33426181.0019386       -8989898.98989899      -1.391603918934047E-013
   33426181.0019386       -8787878.78787879      -2.052323981669081E-013
   33426181.0019386       -8585858.58585859      -2.941614296903092E-013
   33426181.0019386       -8383838.38383838      -4.117930077334513E-013
   33426181.0019386       -8181818.18181818      -5.645342519042141E-013
   33426181.0019386       -7979797.97979798      -7.590811604785582E-013
   33426181.0019386       -7777777.77777778      -1.002043483141511E-012
   33426181.0019386       -7575757.57575758      -1.299497657142447E-012
   33426181.0019386       -7373737.37373737      -1.656531913163101E-012
   33426181.0019386       -7171717.17171717      -2.076883316983037E-012
   33426181.0019386       -6969696.96969697      -2.562792024119901E-012
   33426181.0019386       -6767676.76767677      -3.115193872144717E-012
   33426181.0019386       -6565656.56565657      -3.734313509795554E-012
   33426181.0019386       -6363636.36363636      -4.420582573084136E-012
   33426181.0019386       -6161616.16161616      -5.175581817516625E-012
   33426181.0019386       -5959595.95959596      -6.002419253221699E-012
   33426181.0019386       -5757575.75757576      -6.904694646148149E-012
   33426181.0019386       -5555555.55555556      -7.883125698708602E-012
   33426181.0019386       -5353535.35353535      -8.929244487586842E-012
   33426181.0019386       -5151515.15151515      -1.001652406188406E-011
   33426181.0019386       -4949494.94949495      -1.109091370455270E-011
   33426181.0019386       -4747474.74747475      -1.206472964721834E-011
   33426181.0019386       -4545454.54545455      -1.281931266756690E-011
   33426181.0019386       -4343434.34343434      -1.322149278890430E-011
   33426181.0019386       -4141414.14141414      -1.315538719581767E-011
   33426181.0019386       -3939393.93939394      -1.256413311676618E-011
   33426181.0019386       -3737373.73737374      -1.148774707514512E-011
   33426181.0019386       -3535353.53535354      -1.007787152455108E-011
   33426181.0019386       -3333333.33333333      -8.573170147510970E-012
   33426181.0019386       -3131313.13131313      -7.233341597763320E-012
   33426181.0019386       -2929292.92929293      -6.251306879313142E-012
   33426181.0019386       -2727272.72727273      -5.680972160519857E-012
   33426181.0019386       -2525252.52525253      -5.418897888956878E-012
   33426181.0019386       -2323232.32323232      -5.256380705799583E-012
   33426181.0019386       -2121212.12121212      -4.982344758152501E-012
   33426181.0019386       -1919191.91919192      -4.487377482372681E-012
   33426181.0019386       -1717171.71717172      -3.815071200313821E-012
   33426181.0019386       -1515151.51515152      -3.133713073616865E-012
   33426181.0019386       -1313131.31313131      -2.644755911624174E-012
   33426181.0019386       -1111111.11111111      -2.478825451261436E-012
   33426181.0019386       -909090.909090910      -2.635163404946777E-012
   33426181.0019386       -707070.707070708      -2.994331155083783E-012
   33426181.0019386       -505050.505050506      -3.393127553475988E-012
   33426181.0019386       -303030.303030305      -3.718747338140704E-012
   33426181.0019386       -101010.101010101      -3.972793264502036E-012
   33426181.0019386        101010.101010101      -4.275621206990285E-012
   33426181.0019386        303030.303030303      -4.814140616493255E-012
   33426181.0019386        505050.505050505      -5.763161116161854E-012
   33426181.0019386        707070.707070706      -7.218893111391024E-012
   33426181.0019386        909090.909090908      -9.171993204635025E-012
   33426181.0019386        1111111.11111111      -1.152547202515647E-011
   33426181.0019386        1313131.31313131      -1.414243898376885E-011
   33426181.0019386        1515151.51515151      -1.689921188023700E-011
   33426181.0019386        1717171.71717172      -1.972264670688925E-011
   33426181.0019386        1919191.91919192      -2.260198708538310E-011
   33426181.0019386        2121212.12121212      -2.557785463220127E-011
   33426181.0019386        2323232.32323232      -2.871867945229865E-011
   33426181.0019386        2525252.52525252      -3.209633330440295E-011
   33426181.0019386        2727272.72727273      -3.576981613550603E-011
   33426181.0019386        2929292.92929293      -3.978152918542364E-011
   33426181.0019386        3131313.13131313      -4.416681655968859E-011
   33426181.0019386        3333333.33333333      -4.897398500209868E-011
   33426181.0019386        3535353.53535353      -5.428757761096346E-011
   33426181.0019386        3737373.73737374      -6.024119667668829E-011
   33426181.0019386        3939393.93939394      -6.699831813159304E-011
   33426181.0019386        4141414.14141414      -7.467489079067190E-011
   33426181.0019386        4343434.34343434      -8.318804853139199E-011
   33426181.0019386        4545454.54545454      -9.205781025129784E-011
   33426181.0019386        4747474.74747475      -1.002613977457447E-010
   33426181.0019386        4949494.94949495      -1.062901648615013E-010
   33426181.0019386        5151515.15151515      -1.085036605231431E-010
   33426181.0019386        5353535.35353535      -1.056975371165432E-010
   33426181.0019386        5555555.55555555      -9.762043874026619E-011
   33426181.0019386        5757575.75757576      -8.515498917929179E-011
   33426181.0019386        5959595.95959596      -7.005845835415362E-011
   33426181.0019386        6161616.16161616      -5.440384581740922E-011
   33426181.0019386        6363636.36363636      -3.999548985668322E-011
   33426181.0019386        6565656.56565657      -2.799102268513389E-011
   33426181.0019386        6767676.76767677      -1.881316499477322E-011
   33426181.0019386        6969696.96969697      -1.229329059718150E-011
   33426181.0019386        7171717.17171717      -7.921828571682191E-012
   33426181.0019386        7373737.37373737      -5.089888065444966E-012
   33426181.0019386        7575757.57575757      -3.255869383771723E-012
   33426181.0019386        7777777.77777778      -2.022606309964408E-012
   33426181.0019386        7979797.97979798      -1.144056008343819E-012
   33426181.0019386        8181818.18181818      -4.924218109351200E-013
   33426181.0019386        8383838.38383838      -1.328774619300446E-014
   33426181.0019386        8585858.58585858       3.136022104959057E-013
   33426181.0019386        8787878.78787879       5.004706628098404E-013
   33426181.0019386        8989898.98989899       5.643291660581893E-013
   33426181.0019386        9191919.19191919       5.299585181368801E-013
   33426181.0019386        9393939.39393939       4.273838391093581E-013
   33426181.0019386        9595959.59595960       2.874456957193265E-013
   33426181.0019386        9797979.79797980       1.377490905502636E-013
   33426181.0019386        10000000.0000000       0.000000000000000E+000
   34168962.3507805       -10000000.0000000       0.000000000000000E+000
   34168962.3507805       -9797979.79797980      -1.024314755115508E-014
   34168962.3507805       -9595959.59595960      -2.466898245934238E-014
   34168962.3507805       -9393939.39393939      -4.530197129645879E-014
   34168962.3507805       -9191919.19191919      -7.484811572550097E-014
   34168962.3507805       -8989898.98989899      -1.168198089082218E-013
   34168962.3507805       -8787878.78787879      -1.756390349707709E-013
   34168962.3507805       -8585858.58585859      -2.566989436231406E-013
   34168962.3507805       -8383838.38383838      -3.663570230653126E-013
   34168962.3507805       -8181818.18181818      -5.118286826586220E-013
   34168962.3507805       -7979797.97979798      -7.009467479173797E-013
   34168962.3507805       -7777777.77777778      -9.417506128296671E-013
   34168962.3507805       -7575757.57575758      -1.241869732076174E-012
   34168962.3507805       -7373737.37373737      -1.607672284119405E-012
   34168962.3507805       -7171717.17171717      -2.043165965235265E-012
   34168962.3507805       -6969696.96969697      -2.548671495486895E-012
   34168962.3507805       -6767676.76767677      -3.119349995522429E-012
   34168962.3507805       -6565656.56565657      -3.743761114104069E-012
   34168962.3507805       -6363636.36363636      -4.402759806245890E-012
   34168962.3507805       -6161616.16161616      -5.069187692536308E-012
   34168962.3507805       -5959595.95959596      -5.708931273633692E-012
   34168962.3507805       -5757575.75757576      -6.283917257209600E-012
   34168962.3507805       -5555555.55555556      -6.757377869888292E-012
   34168962.3507805       -5353535.35353535      -7.101136007983747E-012
   34168962.3507805       -5151515.15151515      -7.303705339082206E-012
   34168962.3507805       -4949494.94949495      -7.376842830170942E-012
   34168962.3507805       -4747474.74747475      -7.357292547387662E-012
   34168962.3507805       -4545454.54545455      -7.300561760798569E-012
   34168962.3507805       -4343434.34343434      -7.265441596130509E-012
   34168962.3507805       -4141414.14141414      -7.291860916796558E-012
   34168962.3507805       -3939393.93939394      -7.379550299516725E-012
   34168962.3507805       -3737373.73737374      -7.478353420419638E-012
   34168962.3507805       -3535353.53535354      -7.499557506005441E-012
   34168962.3507805       -3333333.33333333      -7.349453203061664E-012
   34168962.3507805       -3131313.13131313      -6.973659582823665E-012
   34168962.3507805       -2929292.92929293      -6.390516541221621E-012
   34168962.3507805       -2727272.72727273      -5.692477977467544E-012
   34168962.3507805       -2525252.52525253      -5.009310081578078E-012
   34168962.3507805       -2323232.32323232      -4.449399567321222E-012
   34168962.3507805       -2121212.12121212      -4.051207371188065E-012
   34168962.3507805       -1919191.91919192      -3.773472997390508E-012
   34168962.3507805       -1717171.71717172      -3.530190166211207E-012
   34168962.3507805       -1515151.51515152      -3.248763761269407E-012
   34168962.3507805       -1313131.31313131      -2.915751948156064E-012
   34168962.3507805       -1111111.11111111      -2.583618245079918E-012
   34168962.3507805       -909090.909090910      -2.337393834065810E-012
   34168962.3507805       -707070.707070708      -2.244752390492816E-012
   34168962.3507805       -505050.505050506      -2.321200725727172E-012
   34168962.3507805       -303030.303030305      -2.530280699938249E-012
   34168962.3507805       -101010.101010101      -2.816146798940108E-012
   34168962.3507805        101010.101010101      -3.147315778031921E-012
   34168962.3507805        303030.303030303      -3.546116263529009E-012
   34168962.3507805        505050.505050505      -4.088882124175519E-012
   34168962.3507805        707070.707070706      -4.879199394925101E-012
   34168962.3507805        909090.909090908      -6.010053535004497E-012
   34168962.3507805        1111111.11111111      -7.533940532990886E-012
   34168962.3507805        1313131.31313131      -9.453088972754711E-012
   34168962.3507805        1515151.51515151      -1.173037857917532E-011
   34168962.3507805        1717171.71717172      -1.431204673580956E-011
   34168962.3507805        1919191.91919192      -1.714996291305333E-011
   34168962.3507805        2121212.12121212      -2.021412915869980E-011
   34168962.3507805        2323232.32323232      -2.349210658310944E-011
   34168962.3507805        2525252.52525252      -2.697761329362245E-011
   34168962.3507805        2727272.72727273      -3.065332913650803E-011
   34168962.3507805        2929292.92929293      -3.447277528048523E-011
   34168962.3507805        3131313.13131313      -3.834426678058540E-011
   34168962.3507805        3333333.33333333      -4.211806978074022E-011
   34168962.3507805        3535353.53535353      -4.557753262469081E-011
   34168962.3507805        3737373.73737374      -4.843712043536437E-011
   34168962.3507805        3939393.93939394      -5.035502048934325E-011
   34168962.3507805        4141414.14141414      -5.097323948471167E-011
   34168962.3507805        4343434.34343434      -4.999829177971902E-011
   34168962.3507805        4545454.54545454      -4.732195618787951E-011
   34168962.3507805        4747474.74747475      -4.314896590191768E-011
   34168962.3507805        4949494.94949495      -3.805972750183936E-011
   34168962.3507805        5151515.15151515      -3.292893281153147E-011
   34168962.3507805        5353535.35353535      -2.868005815401165E-011
   34168962.3507805        5555555.55555555      -2.596203824506226E-011
   34168962.3507805        5757575.75757576      -2.490750154263109E-011
   34168962.3507805        5959595.95959596      -2.510162421086592E-011
   34168962.3507805        6161616.16161616      -2.577244023079147E-011
   34168962.3507805        6363636.36363636      -2.609583690644210E-011
   34168962.3507805        6565656.56565657      -2.546897219205390E-011
   34168962.3507805        6767676.76767677      -2.365175295314472E-011
   34168962.3507805        6969696.96969697      -2.075821592265845E-011
   34168962.3507805        7171717.17171717      -1.714409854384216E-011
   34168962.3507805        7373737.37373737      -1.325940339638375E-011
   34168962.3507805        7575757.57575757      -9.521991724703934E-012
   34168962.3507805        7777777.77777778      -6.240226142055457E-012
   34168962.3507805        7979797.97979798      -3.586828651434635E-012
   34168962.3507805        8181818.18181818      -1.610725968606555E-012
   34168962.3507805        8383838.38383838      -2.690666441965234E-013
   34168962.3507805        8585858.58585858       5.358267673101364E-013
   34168962.3507805        8787878.78787879       9.242769175877062E-013
   34168962.3507805        8989898.98989899       1.016094235251085E-012
   34168962.3507805        9191919.19191919       9.167847074924971E-013
   34168962.3507805        9393939.39393939       7.113681498796487E-013
   34168962.3507805        9595959.59595960       4.633906152889057E-013
   34168962.3507805        9797979.79797980       2.169205974475388E-013
   34168962.3507805        10000000.0000000       0.000000000000000E+000
   34919906.1320274       -10000000.0000000       0.000000000000000E+000
   34919906.1320274       -9797979.79797980      -7.623805474402997E-015
   34919906.1320274       -9595959.59595960      -1.863357189793695E-014
   34919906.1320274       -9393939.39393939      -3.489275105615399E-014
   34919906.1320274       -9191919.19191919      -5.896459940610194E-014
   34919906.1320274       -8989898.98989899      -9.426724493914846E-014
   34919906.1320274       -8787878.78787879      -1.452116905100057E-013
   34919906.1320274       -8585858.58585859      -2.172992311494845E-013
   34919906.1320274       -8383838.38383838      -3.171480322955267E-013
   34919906.1320274       -8181818.18181818      -4.524179181479485E-013
   34919906.1320274       -7979797.97979798      -6.316078762898914E-013
   34919906.1320274       -7777777.77777778      -8.637135393461097E-013
   34919906.1320274       -7575757.57575758      -1.157751386330101E-012
   34919906.1320274       -7373737.37373737      -1.522179235916686E-012
   34919906.1320274       -7171717.17171717      -1.964262022325471E-012
   34919906.1320274       -6969696.96969697      -2.489438174821229E-012
   34919906.1320274       -6767676.76767677      -3.100724778663770E-012
   34919906.1320274       -6565656.56565657      -3.798152498449399E-012
   34919906.1320274       -6363636.36363636      -4.578147973909928E-012
   34919906.1320274       -6161616.16161616      -5.432704249893165E-012
   34919906.1320274       -5959595.95959596      -6.348144389890885E-012
   34919906.1320274       -5757575.75757576      -7.303355700798457E-012
   34919906.1320274       -5555555.55555556      -8.267619311931424E-012
   34919906.1320274       -5353535.35353535      -9.198609877376630E-012
   34919906.1320274       -5151515.15151515      -1.004171985740467E-011
   34919906.1320274       -4949494.94949495      -1.073233864223372E-011
   34919906.1320274       -4747474.74747475      -1.120268615167365E-011
   34919906.1320274       -4545454.54545455      -1.139380773657333E-011
   34919906.1320274       -4343434.34343434      -1.127116793858928E-011
   34919906.1320274       -4141414.14141414      -1.083938163361735E-011
   34919906.1320274       -3939393.93939394      -1.014938358651108E-011
   34919906.1320274       -3737373.73737374      -9.291797348159777E-012
   34919906.1320274       -3535353.53535354      -8.374889781417279E-012
   34919906.1320274       -3333333.33333333      -7.493427445948063E-012
   34919906.1320274       -3131313.13131313      -6.701886781906147E-012
   34919906.1320274       -2929292.92929293      -6.006134777969522E-012
   34919906.1320274       -2727272.72727273      -5.378958585849794E-012
   34919906.1320274       -2525252.52525253      -4.790475223932389E-012
   34919906.1320274       -2323232.32323232      -4.234174818550730E-012
   34919906.1320274       -2121212.12121212      -3.731792161958423E-012
   34919906.1320274       -1919191.91919192      -3.315034132827772E-012
   34919906.1320274       -1717171.71717172      -2.998885566509999E-012
   34919906.1320274       -1515151.51515152      -2.766988953943266E-012
   34919906.1320274       -1313131.31313131      -2.580028791824051E-012
   34919906.1320274       -1111111.11111111      -2.400802786904884E-012
   34919906.1320274       -909090.909090910      -2.217963735522778E-012
   34919906.1320274       -707070.707070708      -2.052427903460008E-012
   34919906.1320274       -505050.505050506      -1.943538289649547E-012
   34919906.1320274       -303030.303030305      -1.925973692078844E-012
   34919906.1320274       -101010.101010101      -2.013524029583006E-012
   34919906.1320274        101010.101010101      -2.199855709683421E-012
   34919906.1320274        303030.303030303      -2.474598134636954E-012
   34919906.1320274        505050.505050505      -2.843740646197188E-012
   34919906.1320274        707070.707070706      -3.341830722229297E-012
   34919906.1320274        909090.909090908      -4.029503346785237E-012
   34919906.1320274        1111111.11111111      -4.978698612427563E-012
   34919906.1320274        1313131.31313131      -6.254041508167176E-012
   34919906.1320274        1515151.51515151      -7.899380422545041E-012
   34919906.1320274        1717171.71717172      -9.934238460944190E-012
   34919906.1320274        1919191.91919192      -1.235917418138170E-011
   34919906.1320274        2121212.12121212      -1.516508066630566E-011
   34919906.1320274        2323232.32323232      -1.834082615278176E-011
   34919906.1320274        2525252.52525252      -2.187580051205336E-011
   34919906.1320274        2727272.72727273      -2.575712164092268E-011
   34919906.1320274        2929292.92929293      -2.996379027651349E-011
   34919906.1320274        3131313.13131313      -3.446114293275959E-011
   34919906.1320274        3333333.33333333      -3.919858419474698E-011
   34919906.1320274        3535353.53535353      -4.411215205398497E-011
   34919906.1320274        3737373.73737374      -4.913115300516301E-011
   34919906.1320274        3939393.93939394      -5.418484569963416E-011
   34919906.1320274        4141414.14141414      -5.920143454115933E-011
   34919906.1320274        4343434.34343434      -6.408970982404548E-011
   34919906.1320274        4545454.54545454      -6.869797094056774E-011
   34919906.1320274        4747474.74747475      -7.275940410593725E-011
   34919906.1320274        4949494.94949495      -7.585486798715030E-011
   34919906.1320274        5151515.15151515      -7.743738850232824E-011
   34919906.1320274        5353535.35353535      -7.694611601178682E-011
   34919906.1320274        5555555.55555555      -7.398715070295642E-011
   34919906.1320274        5757575.75757576      -6.850498260535558E-011
   34919906.1320274        5959595.95959596      -6.085653926453653E-011
   34919906.1320274        6161616.16161616      -5.174582678885770E-011
   34919906.1320274        6363636.36363636      -4.204914735717423E-011
   34919906.1320274        6565656.56565657      -3.260918770739957E-011
   34919906.1320274        6767676.76767677      -2.407572522190119E-011
   34919906.1320274        6969696.96969697      -1.683341256712724E-011
   34919906.1320274        7171717.17171717      -1.101311953390743E-011
   34919906.1320274        7373737.37373737      -6.555694193563296E-012
   34919906.1320274        7575757.57575757      -3.291575485782877E-012
   34919906.1320274        7777777.77777778      -1.009508081020491E-012
   34919906.1320274        7979797.97979798       4.977376923674483E-013
   34919906.1320274        8181818.18181818       1.410758626387203E-012
   34919906.1320274        8383838.38383838       1.877710227736361E-012
   34919906.1320274        8585858.58585858       2.017556141859754E-012
   34919906.1320274        8787878.78787879       1.926211874862337E-012
   34919906.1320274        8989898.98989899       1.682010534762535E-012
   34919906.1320274        9191919.19191919       1.349215084313775E-012
   34919906.1320274        9393939.39393939       9.797538319017211E-013
   34919906.1320274        9595959.59595960       6.139553656431793E-013
   34919906.1320274        9797979.79797980       2.810623192763499E-013
   34919906.1320274        10000000.0000000       0.000000000000000E+000
   35679012.3456790       -10000000.0000000       0.000000000000000E+000
   35679012.3456790       -9797979.79797980      -5.191467914396851E-015
   35679012.3456790       -9595959.59595960      -1.295533492610112E-014
   35679012.3456790       -9393939.39393939      -2.493246494862768E-014
   35679012.3456790       -9191919.19191919      -4.347158162520778E-014
   35679012.3456790       -8989898.98989899      -7.183187432979092E-014
   35679012.3456790       -8787878.78787879      -1.143866254570486E-013
   35679012.3456790       -8585858.58585859      -1.767994277098243E-013
   35679012.3456790       -8383838.38383838      -2.661295426785243E-013
   35679012.3456790       -8181818.18181818      -3.908109988654267E-013
   35679012.3456790       -7979797.97979798      -5.604423424293040E-013
   35679012.3456790       -7777777.77777778      -7.853244594752529E-013
   35679012.3456790       -7575757.57575758      -1.075697096276308E-012
   35679012.3456790       -7373737.37373737      -1.440654905743584E-012
   35679012.3456790       -7171717.17171717      -1.886774017566605E-012
   35679012.3456790       -6969696.96969697      -2.416550332196352E-012
   35679012.3456790       -6767676.76767677      -3.026836041166505E-012
   35679012.3456790       -6565656.56565657      -3.707548898752978E-012
   35679012.3456790       -6363636.36363636      -4.440997460659699E-012
   35679012.3456790       -6161616.16161616      -5.202182428302595E-012
   35679012.3456790       -5959595.95959596      -5.960359673221508E-012
   35679012.3456790       -5757575.75757576      -6.681947549880948E-012
   35679012.3456790       -5555555.55555556      -7.334515641801152E-012
   35679012.3456790       -5353535.35353535      -7.891142665231814E-012
   35679012.3456790       -5151515.15151515      -8.334000546673942E-012
   35679012.3456790       -4949494.94949495      -8.655828103782297E-012
   35679012.3456790       -4747474.74747475      -8.858271497220679E-012
   35679012.3456790       -4545454.54545455      -8.947076929303118E-012
   35679012.3456790       -4343434.34343434      -8.925707616657210E-012
   35679012.3456790       -4141414.14141414      -8.790498664754294E-012
   35679012.3456790       -3939393.93939394      -8.530870820751088E-012
   35679012.3456790       -3737373.73737374      -8.136371401618071E-012
   35679012.3456790       -3535353.53535354      -7.608419885244674E-012
   35679012.3456790       -3333333.33333333      -6.970478206634679E-012
   35679012.3456790       -3131313.13131313      -6.269184521721995E-012
   35679012.3456790       -2929292.92929293      -5.563096835231740E-012
   35679012.3456790       -2727272.72727273      -4.903665014884879E-012
   35679012.3456790       -2525252.52525253      -4.319369653676456E-012
   35679012.3456790       -2323232.32323232      -3.812888793345915E-012
   35679012.3456790       -2121212.12121212      -3.372271332792383E-012
   35679012.3456790       -1919191.91919192      -2.986973511882505E-012
   35679012.3456790       -1717171.71717172      -2.656657927598734E-012
   35679012.3456790       -1515151.51515152      -2.387425713655463E-012
   35679012.3456790       -1313131.31313131      -2.180775439513211E-012
   35679012.3456790       -1111111.11111111      -2.026060046731813E-012
   35679012.3456790       -909090.909090910      -1.903450756305101E-012
   35679012.3456790       -707070.707070708      -1.795324744186114E-012
   35679012.3456790       -505050.505050506      -1.697378307529866E-012
   35679012.3456790       -303030.303030305      -1.621520931880202E-012
   35679012.3456790       -101010.101010101      -1.589286832073042E-012
   35679012.3456790        101010.101010101      -1.621429470383292E-012
   35679012.3456790        303030.303030303      -1.731526471724096E-012
   35679012.3456790        505050.505050505      -1.927946299992601E-012
   35679012.3456790        707070.707070706      -2.222548097630475E-012
   35679012.3456790        909090.909090908      -2.640280610605018E-012
   35679012.3456790        1111111.11111111      -3.223802497752902E-012
   35679012.3456790        1313131.31313131      -4.030696994177870E-012
   35679012.3456790        1515151.51515151      -5.125112176284307E-012
   35679012.3456790        1717171.71717172      -6.568091612107459E-012
   35679012.3456790        1919191.91919192      -8.410464176824927E-012
   35679012.3456790        2121212.12121212      -1.068977952141051E-011
   35679012.3456790        2323232.32323232      -1.343016123606710E-011
   35679012.3456790        2525252.52525252      -1.664253293284887E-011
   35679012.3456790        2727272.72727273      -2.032284688526031E-011
   35679012.3456790        2929292.92929293      -2.444716148890736E-011
   35679012.3456790        3131313.13131313      -2.896379342821584E-011
   35679012.3456790        3333333.33333333      -3.378372449810120E-011
   35679012.3456790        3535353.53535353      -3.877095641406608E-011
   35679012.3456790        3737373.73737374      -4.373503808825723E-011
   35679012.3456790        3939393.93939394      -4.842909409076777E-011
   35679012.3456790        4141414.14141414      -5.255841384051575E-011
   35679012.3456790        4343434.34343434      -5.580584270137578E-011
   35679012.3456790        4545454.54545454      -5.787815906658760E-011
   35679012.3456790        4747474.74747475      -5.856947106118091E-011
   35679012.3456790        4949494.94949495      -5.782399878896632E-011
   35679012.3456790        5151515.15151515      -5.576898195651038E-011
   35679012.3456790        5353535.35353535      -5.269131249540195E-011
   35679012.3456790        5555555.55555555      -4.895530291744348E-011
   35679012.3456790        5757575.75757576      -4.489287670620970E-011
   35679012.3456790        5959595.95959596      -4.071703909793250E-011
   35679012.3456790        6161616.16161616      -3.649785020435656E-011
   35679012.3456790        6363636.36363636      -3.220468021746954E-011
   35679012.3456790        6565656.56565657      -2.778443643337439E-011
   35679012.3456790        6767676.76767677      -2.323349560483432E-011
   35679012.3456790        6969696.96969697      -1.863325050011709E-011
   35679012.3456790        7171717.17171717      -1.414247307707147E-011
   35679012.3456790        7373737.37373737      -9.959141786205540E-012
   35679012.3456790        7575757.57575757      -6.272384605704287E-012
   35679012.3456790        7777777.77777778      -3.222541392943312E-012
   35679012.3456790        7979797.97979798      -8.791853706520428E-013
   35679012.3456790        8181818.18181818       7.615526936341945E-013
   35679012.3456790        8383838.38383838       1.764806371429931E-012
   35679012.3456790        8585858.58585858       2.236744832112771E-012
   35679012.3456790        8787878.78787879       2.302736969514601E-012
   35679012.3456790        8989898.98989899       2.088508236094460E-012
   35679012.3456790        9191919.19191919       1.706665842033303E-012
   35679012.3456790        9393939.39393939       1.249072949938265E-012
   35679012.3456790        9595959.59595960       7.842921387560732E-013
   35679012.3456790        9797979.79797980       3.587117635876012E-013
   35679012.3456790        10000000.0000000       0.000000000000000E+000
   36446280.9917355       -10000000.0000000       0.000000000000000E+000
   36446280.9917355       -9797979.79797980      -3.104704073161719E-015
   36446280.9917355       -9595959.59595960      -7.996690677994752E-015
   36446280.9917355       -9393939.39393939      -1.602042086725249E-014
   36446280.9917355       -9191919.19191919      -2.919065947932522E-014
   36446280.9917355       -8989898.98989899      -5.043090682630971E-014
   36446280.9917355       -8787878.78787879      -8.383794664483171E-014
   36446280.9917355       -8585858.58585859      -1.349479695604199E-013
   36446280.9917355       -8383838.38383838      -2.109633642792517E-013
   36446280.9917355       -8181818.18181818      -3.208847691976510E-013
   36446280.9917355       -7979797.97979798      -4.754823520724632E-013
   36446280.9917355       -7777777.77777778      -6.870373760110715E-013
   36446280.9917355       -7575757.57575758      -9.687933774258738E-013
   36446280.9917355       -7373737.37373737      -1.334077514830894E-012
   36446280.9917355       -7171717.17171717      -1.795085899838515E-012
   36446280.9917355       -6969696.96969697      -2.361367970825097E-012
   36446280.9917355       -6767676.76767677      -3.038088083675157E-012
   36446280.9917355       -6565656.56565657      -3.824181757880181E-012
   36446280.9917355       -6363636.36363636      -4.710557719984957E-012
   36446280.9917355       -6161616.16161616      -5.678530380722611E-012
   36446280.9917355       -5959595.95959596      -6.698712903221644E-012
   36446280.9917355       -5757575.75757576      -7.730671159835960E-012
   36446280.9917355       -5555555.55555556      -8.723731884110637E-012
   36446280.9917355       -5353535.35353535      -9.619417607926072E-012
   36446280.9917355       -5151515.15151515      -1.035595875063384E-011
   36446280.9917355       -4949494.94949495      -1.087507762253637E-011
   36446280.9917355       -4747474.74747475      -1.113062873277646E-011
   36446280.9917355       -4545454.54545455      -1.109771764023967E-011
   36446280.9917355       -4343434.34343434      -1.077987532050741E-011
   36446280.9917355       -4141414.14141414      -1.021133345908094E-011
   36446280.9917355       -3939393.93939394      -9.452172698149540E-012
   36446280.9917355       -3737373.73737374      -8.576472695284863E-012
   36446280.9917355       -3535353.53535354      -7.656917556493559E-012
   36446280.9917355       -3333333.33333333      -6.751717124838952E-012
   36446280.9917355       -3131313.13131313      -5.899045791795678E-012
   36446280.9917355       -2929292.92929293      -5.120006745394921E-012
   36446280.9917355       -2727272.72727273      -4.425907603674453E-012
   36446280.9917355       -2525252.52525253      -3.823529502694322E-012
   36446280.9917355       -2323232.32323232      -3.315147473651743E-012
   36446280.9917355       -2121212.12121212      -2.895686756080473E-012
   36446280.9917355       -1919191.91919192      -2.552249806534582E-012
   36446280.9917355       -1717171.71717172      -2.268589718027746E-012
   36446280.9917355       -1515151.51515152      -2.031761559486858E-012
   36446280.9917355       -1313131.31313131      -1.835630565541309E-012
   36446280.9917355       -1111111.11111111      -1.678620193460040E-012
   36446280.9917355       -909090.909090910      -1.558223967161790E-012
   36446280.9917355       -707070.707070708      -1.467466161580426E-012
   36446280.9917355       -505050.505050506      -1.396496124276585E-012
   36446280.9917355       -303030.303030305      -1.338010802427784E-012
   36446280.9917355       -101010.101010101      -1.292229994332377E-012
   36446280.9917355        101010.101010101      -1.267906162623787E-012
   36446280.9917355        303030.303030303      -1.279263399458670E-012
   36446280.9917355        505050.505050505      -1.341884030277295E-012
   36446280.9917355        707070.707070706      -1.471131521099933E-012
   36446280.9917355        909090.909090908      -1.684654336977420E-012
   36446280.9917355        1111111.11111111      -2.007627322403567E-012
   36446280.9917355        1313131.31313131      -2.477682905860798E-012
   36446280.9917355        1515151.51515151      -3.146838245879761E-012
   36446280.9917355        1717171.71717172      -4.079524558287539E-012
   36446280.9917355        1919191.91919192      -5.347690233897704E-012
   36446280.9917355        2121212.12121212      -7.024778069914265E-012
   36446280.9917355        2323232.32323232      -9.179966591311478E-012
   36446280.9917355        2525252.52525252      -1.187301324801057E-011
   36446280.9917355        2727272.72727273      -1.514916975212112E-011
   36446280.9917355        2929292.92929293      -1.903346023154803E-011
   36446280.9917355        3131313.13131313      -2.352410545909112E-011
   36446280.9917355        3333333.33333333      -2.858566840130161E-011
   36446280.9917355        3535353.53535353      -3.414313810654033E-011
   36446280.9917355        3737373.73737374      -4.007830629880972E-011
   36446280.9917355        3939393.93939394      -4.622921180703956E-011
   36446280.9917355        4141414.14141414      -5.239215964135755E-011
   36446280.9917355        4343434.34343434      -5.832441476189073E-011
   36446280.9917355        4545454.54545454      -6.374543684683626E-011
   36446280.9917355        4747474.74747475      -6.833704641429952E-011
   36446280.9917355        4949494.94949495      -7.174835109361019E-011
   36446280.9917355        5151515.15151515      -7.361639970759339E-011
   36446280.9917355        5353535.35353535      -7.361234922480357E-011
   36446280.9917355        5555555.55555555      -7.151150938907374E-011
   36446280.9917355        5757575.75757576      -6.726818454814746E-011
   36446280.9917355        5959595.95959596      -6.106478258310908E-011
   36446280.9917355        6161616.16161616      -5.330968571013585E-011
   36446280.9917355        6363636.36363636      -4.457879056423032E-011
   36446280.9917355        6565656.56565657      -3.551898706180514E-011
   36446280.9917355        6767676.76767677      -2.674465272767267E-011
   36446280.9917355        6969696.96969697      -1.875564641141318E-011
   36446280.9917355        7171717.17171717      -1.189219026346162E-011
   36446280.9917355        7373737.37373737      -6.327210029132241E-012
   36446280.9917355        7575757.57575757      -2.086650517968772E-012
   36446280.9917355        7777777.77777778       9.151437216793426E-013
   36446280.9917355        7979797.97979798       2.836301877307810E-012
   36446280.9917355        8181818.18181818       3.872028533775002E-012
   36446280.9917355        8383838.38383838       4.226534519656954E-012
   36446280.9917355        8585858.58585858       4.093104541537778E-012
   36446280.9917355        8787878.78787879       3.641567074053073E-012
   36446280.9917355        8989898.98989899       3.011825994223369E-012
   36446280.9917355        9191919.19191919       2.312026017150314E-012
   36446280.9917355        9393939.39393939       1.620040867186252E-012
   36446280.9917355        9595959.59595960       9.871328350870032E-013
   36446280.9917355        9797979.79797980       4.427923128488401E-013
   36446280.9917355        10000000.0000000       0.000000000000000E+000
   37221712.0701969       -10000000.0000000       0.000000000000000E+000
   37221712.0701969       -9797979.79797980      -1.455738975224640E-015
   37221712.0701969       -9595959.59595960      -3.992197802247714E-015
   37221712.0701969       -9393939.39393939      -8.616245373110937E-015
   37221712.0701969       -9191919.19191919      -1.693928464011783E-014
   37221712.0701969       -8989898.98989899      -3.144878747311423E-014
   37221712.0701969       -8787878.78787879      -5.583560023674136E-014
   37221712.0701969       -8585858.58585859      -9.535397917801512E-014
   37221712.0701969       -8383838.38383838      -1.571665308978471E-013
   37221712.0701969       -8181818.18181818      -2.505980482697961E-013
   37221712.0701969       -7979797.97979798      -3.871950128227448E-013
   37221712.0701969       -7777777.77777778      -5.804694541741832E-013
   37221712.0701969       -7575757.57575758      -8.452074782054600E-013
   37221712.0701969       -7373737.37373737      -1.196254924122172E-012
   37221712.0701969       -7171717.17171717      -1.646762900364509E-012
   37221712.0701969       -6969696.96969697      -2.205984364010151E-012
   37221712.0701969       -6767676.76767677      -2.876847571756025E-012
   37221712.0701969       -6565656.56565657      -3.653667117058595E-012
   37221712.0701969       -6363636.36363636      -4.520449856219617E-012
   37221712.0701969       -6161616.16161616      -5.450267484081411E-012
   37221712.0701969       -5959595.95959596      -6.406063716237826E-012
   37221712.0701969       -5757575.75757576      -7.343030544213240E-012
   37221712.0701969       -5555555.55555556      -8.212354640386431E-012
   37221712.0701969       -5353535.35353535      -8.965781538528534E-012
   37221712.0701969       -5151515.15151515      -9.560193665551088E-012
   37221712.0701969       -4949494.94949495      -9.961379232079544E-012
   37221712.0701969       -4747474.74747475      -1.014645929870947E-011
   37221712.0701969       -4545454.54545455      -1.010498471037488E-011
   37221712.0701969       -4343434.34343434      -9.839272270558648E-012
   37221712.0701969       -4141414.14141414      -9.364738955681144E-012
   37221712.0701969       -3939393.93939394      -8.710501151134027E-012
   37221712.0701969       -3737373.73737374      -7.919426673125190E-012
   37221712.0701969       -3535353.53535354      -7.045885237670733E-012
   37221712.0701969       -3333333.33333333      -6.149712168842072E-012
   37221712.0701969       -3131313.13131313      -5.286879021771169E-012
   37221712.0701969       -2929292.92929293      -4.500036355604750E-012
   37221712.0701969       -2727272.72727273      -3.813201775802166E-012
   37221712.0701969       -2525252.52525253      -3.232865182130145E-012
   37221712.0701969       -2323232.32323232      -2.753828026230164E-012
   37221712.0701969       -2121212.12121212      -2.365499566304751E-012
   37221712.0701969       -1919191.91919192      -2.055402820525387E-012
   37221712.0701969       -1717171.71717172      -1.810018084228586E-012
   37221712.0701969       -1515151.51515152      -1.615334376149101E-012
   37221712.0701969       -1313131.31313131      -1.458669062783629E-012
   37221712.0701969       -1111111.11111111      -1.330908219560473E-012
   37221712.0701969       -909090.909090910      -1.227172791137241E-012
   37221712.0701969       -707070.707070708      -1.145147448103988E-012
   37221712.0701969       -505050.505050506      -1.082453239969811E-012
   37221712.0701969       -303030.303030305      -1.035306246295850E-012
   37221712.0701969       -101010.101010101      -9.995612355825632E-013
   37221712.0701969        101010.101010101      -9.732708875479880E-013
   37221712.0701969        303030.303030303      -9.588415490428166E-013
   37221712.0701969        505050.505050505      -9.634867214314169E-013
   37221712.0701969        707070.707070706      -9.982812208216261E-013
   37221712.0701969        909090.909090908      -1.077351807633209E-012
   37221712.0701969        1111111.11111111      -1.218724742361358E-012
   37221712.0701969        1313131.31313131      -1.447238290091806E-012
   37221712.0701969        1515151.51515151      -1.798598864805397E-012
   37221712.0701969        1717171.71717172      -2.322966895785482E-012
   37221712.0701969        1919191.91919192      -3.086658011399261E-012
   37221712.0701969        2121212.12121212      -4.171265763938678E-012
   37221712.0701969        2323232.32323232      -5.670163676992057E-012
   37221712.0701969        2525252.52525252      -7.682572143960265E-012
   37221712.0701969        2727272.72727273      -1.030523576433694E-011
   37221712.0701969        2929292.92929293      -1.362156484536035E-011
   37221712.0701969        3131313.13131313      -1.768814784107936E-011
   37221712.0701969        3333333.33333333      -2.251895271006160E-011
   37221712.0701969        3535353.53535353      -2.806827350478211E-011
   37221712.0701969        3737373.73737374      -3.421450279486665E-011
   37221712.0701969        3939393.93939394      -4.074809750931931E-011
   37221712.0701969        4141414.14141414      -4.736845322886700E-011
   37221712.0701969        4343434.34343434      -5.369511524883383E-011
   37221712.0701969        4545454.54545454      -5.929758336136358E-011
   37221712.0701969        4747474.74747475      -6.374372739211577E-011
   37221712.0701969        4949494.94949495      -6.665974063516268E-011
   37221712.0701969        5151515.15151515      -6.778738923010204E-011
   37221712.0701969        5353535.35353535      -6.702175042856989E-011
   37221712.0701969        5555555.55555555      -6.441811066575478E-011
   37221712.0701969        5757575.75757576      -6.016871555105888E-011
   37221712.0701969        5959595.95959596      -5.456187076968608E-011
   37221712.0701969        6161616.16161616      -4.794014745150883E-011
   37221712.0701969        6363636.36363636      -4.066915755469274E-011
   37221712.0701969        6565656.56565657      -3.311830100225925E-011
   37221712.0701969        6767676.76767677      -2.564724079082549E-011
   37221712.0701969        6969696.96969697      -1.859070009230573E-011
   37221712.0701969        7171717.17171717      -1.223845986098241E-011
   37221712.0701969        7373737.37373737      -6.813146749316498E-012
   37221712.0701969        7575757.57575757      -2.451881394322504E-012
   37221712.0701969        7777777.77777778       8.022701576754660E-013
   37221712.0701969        7979797.97979798       2.996012295236885E-012
   37221712.0701969        8181818.18181818       4.249526412224847E-012
   37221712.0701969        8383838.38383838       4.732092503193070E-012
   37221712.0701969        8585858.58585858       4.634990881258616E-012
   37221712.0701969        8787878.78787879       4.146768641504864E-012
   37221712.0701969        8989898.98989899       3.434464862834456E-012
   37221712.0701969        9191919.19191919       2.632408127787458E-012
   37221712.0701969        9393939.39393939       1.838367901624762E-012
   37221712.0701969        9595959.59595960       1.115556237948257E-012
   37221712.0701969        9797979.79797980       4.983771605046972E-013
   37221712.0701969        10000000.0000000       0.000000000000000E+000
   38005305.5810632       -10000000.0000000       0.000000000000000E+000
   38005305.5810632       -9797979.79797980      -3.355976520020398E-016
   38005305.5810632       -9595959.59595960      -1.158961663910945E-015
   38005305.5810632       -9393939.39393939      -3.091223435805995E-015
   38005305.5810632       -9191919.19191919      -7.233160715366070E-015
   38005305.5810632       -8989898.98989899      -1.544519479972712E-014
   38005305.5810632       -8787878.78787879      -3.072680464337376E-014
   38005305.5810632       -8585858.58585859      -5.769216444653420E-014
   38005305.5810632       -8383838.38383838      -1.031148160875767E-013
   38005305.5810632       -8181818.18181818      -1.764773555289079E-013
   38005305.5810632       -7979797.97979798      -2.904158950469918E-013
   38005305.5810632       -7777777.77777778      -4.609005082839127E-013
   38005305.5810632       -7575757.57575758      -7.069544573591361E-013
   38005305.5810632       -7373737.37373737      -1.049704034968196E-012
   38005305.5810632       -7171717.17171717      -1.510586544158733E-012
   38005305.5810632       -6969696.96969697      -2.108642068292194E-012
   38005305.5810632       -6767676.76767677      -2.856980442513459E-012
   38005305.5810632       -6565656.56565657      -3.758735670753629E-012
   38005305.5810632       -6363636.36363636      -4.803061348444887E-012
   38005305.5810632       -6161616.16161616      -5.961927427231102E-012
   38005305.5810632       -5959595.95959596      -7.188584737305489E-012
   38005305.5810632       -5757575.75757576      -8.418507825930771E-012
   38005305.5810632       -5555555.55555556      -9.573371037560998E-012
   38005305.5810632       -5353535.35353535      -1.056815750173657E-011
   38005305.5810632       -5151515.15151515      -1.132088989745001E-011
   38005305.5810632       -4949494.94949495      -1.176379176560707E-011
   38005305.5810632       -4747474.74747475      -1.185406466877124E-011
   38005305.5810632       -4545454.54545455      -1.158206788482907E-011
   38005305.5810632       -4343434.34343434      -1.097472167111959E-011
   38005305.5810632       -4141414.14141414      -1.009262744612185E-011
   38005305.5810632       -3939393.93939394      -9.020785772434837E-012
   38005305.5810632       -3737373.73737374      -7.854655329726725E-012
   38005305.5810632       -3535353.53535354      -6.684962442631981E-012
   38005305.5810632       -3333333.33333333      -5.585237519369850E-012
   38005305.5810632       -3131313.13131313      -4.604974190700795E-012
   38005305.5810632       -2929292.92929293      -3.769000987063921E-012
   38005305.5810632       -2727272.72727273      -3.081452032180132E-012
   38005305.5810632       -2525252.52525253      -2.531856338482374E-012
   38005305.5810632       -2323232.32323232      -2.101397156401174E-012
   38005305.5810632       -2121212.12121212      -1.768315537722718E-012
   38005305.5810632       -1919191.91919192      -1.511902342976495E-012
   38005305.5810632       -1717171.71717172      -1.314683786602918E-012
   38005305.5810632       -1515151.51515152      -1.162824205489163E-012
   38005305.5810632       -1313131.31313131      -1.045441193970483E-012
   38005305.5810632       -1111111.11111111      -9.538438947678531E-013
   38005305.5810632       -909090.909090910      -8.812879059258704E-013
   38005305.5810632       -707070.707070708      -8.230643576775960E-013
   38005305.5810632       -505050.505050506      -7.763411763860149E-013
   38005305.5810632       -303030.303030305      -7.394798627739360E-013
   38005305.5810632       -101010.101010101      -7.111850615315701E-013
   38005305.5810632        101010.101010101      -6.901455405802801E-013
   38005305.5810632        303030.303030303      -6.755041058964861E-013
   38005305.5810632        505050.505050505      -6.678762659228965E-013
   38005305.5810632        707070.707070706      -6.703123242124183E-013
   38005305.5810632        909090.909090908      -6.888610042173339E-013
   38005305.5810632        1111111.11111111      -7.330114495586025E-013
   38005305.5810632        1313131.31313131      -8.167475718720732E-013
   38005305.5810632        1515151.51515151      -9.608875606680667E-013
   38005305.5810632        1717171.71717172      -1.196848110687296E-012
   38005305.5810632        1919191.91919192      -1.571302782152754E-012
   38005305.5810632        2121212.12121212      -2.150717651862934E-012
   38005305.5810632        2323232.32323232      -3.024540765169031E-012
   38005305.5810632        2525252.52525252      -4.305792089617314E-012
   38005305.5810632        2727272.72727273      -6.127830650724276E-012
   38005305.5810632        2929292.92929293      -8.636185631752643E-012
   38005305.5810632        3131313.13131313      -1.197468028672261E-011
   38005305.5810632        3333333.33333333      -1.626579767512105E-011
   38005305.5810632        3535353.53535353      -2.158633321994319E-011
   38005305.5810632        3737373.73737374      -2.794066126730666E-011
   38005305.5810632        3939393.93939394      -3.523511599226496E-011
   38005305.5810632        4141414.14141414      -4.325779011874914E-011
   38005305.5810632        4343434.34343434      -5.166837129006937E-011
   38005305.5810632        4545454.54545454      -6.000249465157110E-011
   38005305.5810632        4747474.74747475      -6.769450265763882E-011
   38005305.5810632        4949494.94949495      -7.412118094353188E-011
   38005305.5810632        5151515.15151515      -7.866627626036548E-011
   38005305.5810632        5353535.35353535      -8.080074432742476E-011
   38005305.5810632        5555555.55555555      -8.016718948730689E-011
   38005305.5810632        5757575.75757576      -7.665121582709276E-011
   38005305.5810632        5959595.95959596      -7.042094625843833E-011
   38005305.5810632        6161616.16161616      -6.192116586907413E-011
   38005305.5810632        6363636.36363636      -5.181951983359116E-011
   38005305.5810632        6565656.56565657      -4.091486596357203E-011
   38005305.5810632        6767676.76767677      -3.002732903554564E-011
   38005305.5810632        6969696.96969697      -1.989274156081003E-011
   38005305.5810632        7171717.17171717      -1.108084318300913E-011
   38005305.5810632        7373737.37373737      -3.948971163127307E-012
   38005305.5810632        7575757.57575757       1.366062883402380E-012
   38005305.5810632        7777777.77777778       4.923114235171596E-012
   38005305.5810632        7979797.97979798       6.929263952421895E-012
   38005305.5810632        8181818.18181818       7.682164584598167E-012
   38005305.5810632        8383838.38383838       7.513617230085516E-012
   38005305.5810632        8585858.58585858       6.742889271391352E-012
   38005305.5810632        8787878.78787879       5.644440248865788E-012
   38005305.5810632        8989898.98989899       4.430998600077282E-012
   38005305.5810632        9191919.19191919       3.250054668580200E-012
   38005305.5810632        9393939.39393939       2.190150018688778E-012
   38005305.5810632        9595959.59595960       1.292834263497729E-012
   38005305.5810632        9797979.79797980       5.665709665109986E-013
   38005305.5810632        10000000.0000000       0.000000000000000E+000
   38797061.5243343       -10000000.0000000       0.000000000000000E+000
   38797061.5243343       -9797979.79797980       2.230586730719922E-016
   38797061.5243343       -9595959.59595960       3.585850423720920E-016
   38797061.5243343       -9393939.39393939       1.330599821754274E-016
   38797061.5243343       -9191919.19191919      -1.044487274504058E-015
   38797061.5243343       -8989898.98989899      -4.328278467743110E-015
   38797061.5243343       -8787878.78787879      -1.180854998938422E-014
   38797061.5243343       -8585858.58585859      -2.703090852698007E-014
   38797061.5243343       -8383838.38383838      -5.566388074073809E-014
   38797061.5243343       -8181818.18181818      -1.062763789093076E-013
   38797061.5243343       -7979797.97979798      -1.911256105794364E-013
   38797061.5243343       -7777777.77777778      -3.267769362295997E-013
   38797061.5243343       -7575757.57575758      -5.342927887166822E-013
   38797061.5243343       -7373737.37373737      -8.386618495758974E-013
   38797061.5243343       -7171717.17171717      -1.267126680508495E-012
   38797061.5243343       -6969696.96969697      -1.846147241406944E-012
   38797061.5243343       -6767676.76767677      -2.596941409661340E-012
   38797061.5243343       -6565656.56565657      -3.529879636797099E-012
   38797061.5243343       -6363636.36363636      -4.638444379809774E-012
   38797061.5243343       -6161616.16161616      -5.893906427043721E-012
   38797061.5243343       -5959595.95959596      -7.242179946422734E-012
   38797061.5243343       -5757575.75757576      -8.604334702073858E-012
   38797061.5243343       -5555555.55555556      -9.881838197116669E-012
   38797061.5243343       -5353535.35353535      -1.096674195447336E-011
   38797061.5243343       -5151515.15151515      -1.175583645005526E-011
   38797061.5243343       -4949494.94949495      -1.216656026601059E-011
   38797061.5243343       -4747474.74747475      -1.215154200274023E-011
   38797061.5243343       -4545454.54545455      -1.170843507728769E-011
   38797061.5243343       -4343434.34343434      -1.088236669292064E-011
   38797061.5243343       -4141414.14141414      -9.759797894148697E-012
   38797061.5243343       -3939393.93939394      -8.454568501240812E-012
   38797061.5243343       -3737373.73737374      -7.088904747228010E-012
   38797061.5243343       -3535353.53535354      -5.773657490487475E-012
   38797061.5243343       -3333333.33333333      -4.592477277617928E-012
   38797061.5243343       -3131313.13131313      -3.593627105308195E-012
   38797061.5243343       -2929292.92929293      -2.790747481700434E-012
   38797061.5243343       -2727272.72727273      -2.170921185941272E-012
   38797061.5243343       -2525252.52525253      -1.706166285922446E-012
   38797061.5243343       -2323232.32323232      -1.364076118813044E-012
   38797061.5243343       -2121212.12121212      -1.114776147491347E-012
   38797061.5243343       -1919191.91919192      -9.337198304938407E-013
   38797061.5243343       -1717171.71717172      -8.017495205800890E-013
   38797061.5243343       -1515151.51515152      -7.043370782101487E-013
   38797061.5243343       -1313131.31313131      -6.310355695642321E-013
   38797061.5243343       -1111111.11111111      -5.749890124372986E-013
   38797061.5243343       -909090.909090910      -5.320026211491571E-013
   38797061.5243343       -707070.707070708      -4.992520901808204E-013
   38797061.5243343       -505050.505050506      -4.742836386540280E-013
   38797061.5243343       -303030.303030305      -4.547851293009040E-013
   38797061.5243343       -101010.101010101      -4.389370598151636E-013
   38797061.5243343        101010.101010101      -4.257545700945591E-013
   38797061.5243343        303030.303030303      -4.150596162943021E-013
   38797061.5243343        505050.505050505      -4.072225108192066E-013
   38797061.5243343        707070.707070706      -4.030497559461277E-013
   38797061.5243343        909090.909090908      -4.040337382861086E-013
   38797061.5243343        1111111.11111111      -4.129166655270451E-013
   38797061.5243343        1313131.31313131      -4.344951891576018E-013
   38797061.5243343        1515151.51515151      -4.768510520410055E-013
   38797061.5243343        1717171.71717172      -5.535027397761715E-013
   38797061.5243343        1919191.91919192      -6.870596231635852E-013
   38797061.5243343        2121212.12121212      -9.147071478469093E-013
   38797061.5243343        2323232.32323232      -1.295308807218777E-012
   38797061.5243343        2525252.52525252      -1.917182578636653E-012
   38797061.5243343        2727272.72727273      -2.904779750446285E-012
   38797061.5243343        2929292.92929293      -4.421657563471569E-012
   38797061.5243343        3131313.13131313      -6.666489832245514E-012
   38797061.5243343        3333333.33333333      -9.858741871872388E-012
   38797061.5243343        3535353.53535353      -1.421146807187891E-011
   38797061.5243343        3737373.73737374      -1.989081457383053E-011
   38797061.5243343        3939393.93939394      -2.696528537245176E-011
   38797061.5243343        4141414.14141414      -3.535223047391935E-011
   38797061.5243343        4343434.34343434      -4.477328010640097E-011
   38797061.5243343        4545454.54545454      -5.473292846646369E-011
   38797061.5243343        4747474.74747475      -6.453334034907987E-011
   38797061.5243343        4949494.94949495      -7.333260283473321E-011
   38797061.5243343        5151515.15151515      -8.024370312130116E-011
   38797061.5243343        5353535.35353535      -8.446021964029242E-011
   38797061.5243343        5555555.55555555      -8.538591236084110E-011
   38797061.5243343        5757575.75757576      -8.274209765510943E-011
   38797061.5243343        5959595.95959596      -7.662970264040333E-011
   38797061.5243343        6161616.16161616      -6.753112232948276E-011
   38797061.5243343        6363636.36363636      -5.624865984610143E-011
   38797061.5243343        6565656.56565657      -4.378943016228377E-011
   38797061.5243343        6767676.76767677      -3.121852503892568E-011
   38797061.5243343        6969696.96969697      -1.950964340013986E-011
   38797061.5243343        7171717.17171717      -9.422506966134589E-012
   38797061.5243343        7373737.37373737      -1.428717633881256E-012
   38797061.5243343        7575757.57575757       4.305260930144089E-012
   38797061.5243343        7777777.77777778       7.883224803723629E-012
   38797061.5243343        7979797.97979798       9.608249985949798E-012
   38797061.5243343        8181818.18181818       9.896139058789838E-012
   38797061.5243343        8383838.38383838       9.192586360344407E-012
   38797061.5243343        8585858.58585858       7.907873455112789E-012
   38797061.5243343        8787878.78787879       6.375700907810249E-012
   38797061.5243343        8989898.98989899       4.836123220477477E-012
   38797061.5243343        9191919.19191919       3.437926140808590E-012
   38797061.5243343        9393939.39393939       2.253623271732544E-012
   38797061.5243343        9595959.59595960       1.300223481152331E-012
   38797061.5243343        9797979.79797980       5.602960208622173E-013
   38797061.5243343        10000000.0000000       0.000000000000000E+000
   39596979.9000102       -10000000.0000000       0.000000000000000E+000
   39596979.9000102       -9797979.79797980       3.469610052717010E-016
   39596979.9000102       -9595959.59595960       8.191847736028958E-016
   39596979.9000102       -9393939.39393939       1.418391522419236E-015
   39596979.9000102       -9191919.19191919       2.006216870634871E-015
   39596979.9000102       -8989898.98989899       2.129001423039650E-015
   39596979.9000102       -8787878.78787879       7.001557342072127E-016
   39596979.9000102       -8585858.58585859      -4.512991313211045E-015
   39596979.9000102       -8383838.38383838      -1.765318502094857E-014
   39596979.9000102       -8181818.18181818      -4.581790555108805E-014
   39596979.9000102       -7979797.97979798      -1.003540868402182E-013
   39596979.9000102       -7777777.77777778      -1.982673137636136E-013
   39596979.9000102       -7575757.57575758      -3.634593921061026E-013
   39596979.9000102       -7373737.37373737      -6.273282361683007E-013
   39596979.9000102       -7171717.17171717      -1.028095998787334E-012
   39596979.9000102       -6969696.96969697      -1.608145678828814E-012
   39596979.9000102       -6767676.76767677      -2.408736591916089E-012
   39596979.9000102       -6565656.56565657      -3.461830540720860E-012
   39596979.9000102       -6363636.36363636      -4.779451770501081E-012
   39596979.9000102       -6161616.16161616      -6.341993973013133E-012
   39596979.9000102       -5959595.95959596      -8.088005075470835E-012
   39596979.9000102       -5757575.75757576      -9.908888183636520E-012
   39596979.9000102       -5555555.55555556      -1.165218631423889E-011
   39596979.9000102       -5353535.35353535      -1.313618951133375E-011
   39596979.9000102       -5151515.15151515      -1.417623346286960E-011
   39596979.9000102       -4949494.94949495      -1.461942256740661E-011
   39596979.9000102       -4747474.74747475      -1.438044673232840E-011
   39596979.9000102       -4545454.54545455      -1.346818679855429E-011
   39596979.9000102       -4343434.34343434      -1.199276453624046E-011
   39596979.9000102       -4141414.14141414      -1.014696548027563E-011
   39596979.9000102       -3939393.93939394      -8.164332072442278E-012
   39596979.9000102       -3737373.73737374      -6.265984086483289E-012
   39596979.9000102       -3535353.53535354      -4.614466586973414E-012
   39596979.9000102       -3333333.33333333      -3.290914860172142E-012
   39596979.9000102       -3131313.13131313      -2.300904550861855E-012
   39596979.9000102       -2929292.92929293      -1.600367101914164E-012
   39596979.9000102       -2727272.72727273      -1.125280105715874E-012
   39596979.9000102       -2525252.52525253      -8.124920456997786E-013
   39596979.9000102       -2323232.32323232      -6.092678113417141E-013
   39596979.9000102       -2121212.12121212      -4.761117855161488E-013
   39596979.9000102       -1919191.91919192      -3.868183124054115E-013
   39596979.9000102       -1717171.71717172      -3.262180996133520E-013
   39596979.9000102       -1515151.51515152      -2.856970422729465E-013
   39596979.9000102       -1313131.31313131      -2.587958135482172E-013
   39596979.9000102       -1111111.11111111      -2.395843297977857E-013
   39596979.9000102       -909090.909090910      -2.237849169588136E-013
   39596979.9000102       -707070.707070708      -2.100671557959396E-013
   39596979.9000102       -505050.505050506      -1.994092424328681E-013
   39596979.9000102       -303030.303030305      -1.929224822561042E-013
   39596979.9000102       -101010.101010101      -1.901184794268818E-013
   39596979.9000102        101010.101010101      -1.889379754763764E-013
   39596979.9000102        303030.303030303      -1.871373233717578E-013
   39596979.9000102        505050.505050505      -1.836660761907220E-013
   39596979.9000102        707070.707070706      -1.790687164945647E-013
   39596979.9000102        909090.909090908      -1.749619684595257E-013
   39596979.9000102        1111111.11111111      -1.732805947638856E-013
   39596979.9000102        1313131.31313131      -1.759125156073560E-013
   39596979.9000102        1515151.51515151      -1.849212553309468E-013
   39596979.9000102        1717171.71717172      -2.033127775366541E-013
   39596979.9000102        1919191.91919192      -2.364809418201277E-013
   39596979.9000102        2121212.12121212      -2.949185282568252E-013
   39596979.9000102        2323232.32323232      -3.991832898060602E-013
   39596979.9000102        2525252.52525252      -5.881618698144253E-013
   39596979.9000102        2727272.72727273      -9.311842837633880E-013
   39596979.9000102        2929292.92929293      -1.543399248664240E-012
   39596979.9000102        3131313.13131313      -2.601998681027120E-012
   39596979.9000102        3333333.33333333      -4.358508061315226E-012
   39596979.9000102        3535353.53535353      -7.139860427339081E-012
   39596979.9000102        3737373.73737374      -1.132918355191245E-011
   39596979.9000102        3939393.93939394      -1.731743021946435E-011
   39596979.9000102        4141414.14141414      -2.542070948225715E-011
   39596979.9000102        4343434.34343434      -3.576671962094224E-011
   39596979.9000102        4545454.54545454      -4.816711871536137E-011
   39596979.9000102        4747474.74747475      -6.200855195681788E-011
   39596979.9000102        4949494.94949495      -7.620737028570399E-011
   39596979.9000102        5151515.15151515      -8.927282497632167E-011
   39596979.9000102        5353535.35353535      -9.950254811524171E-011
   39596979.9000102        5555555.55555555      -1.052919671644095E-010
   39596979.9000102        5757575.75757576      -1.054888919092297E-010
   39596979.9000102        5959595.95959596      -9.968994619431530E-011
   39596979.9000102        6161616.16161616      -8.837921716176077E-011
   39596979.9000102        6363636.36363636      -7.285624498196258E-011
   39596979.9000102        6565656.56565657      -5.497145256568403E-011
   39596979.9000102        6767676.76767677      -3.675013646718546E-011
   39596979.9000102        6969696.96969697      -2.001462897565497E-011
   39596979.9000102        7171717.17171717      -6.100859228074379E-012
   39596979.9000102        7373737.37373737       4.277473760398089E-012
   39596979.9000102        7575757.57575757       1.101483066241322E-011
   39596979.9000102        7777777.77777778       1.448717700009176E-011
   39596979.9000102        7979797.97979798       1.536865021108345E-011
   39596979.9000102        8181818.18181818       1.444553083778487E-011
   39596979.9000102        8383838.38383838       1.246604827574030E-011
   39596979.9000102        8585858.58585858       1.004435665948608E-011
   39596979.9000102        8787878.78787879       7.619150890503115E-012
   39596979.9000102        8989898.98989899       5.455677559550122E-012
   39596979.9000102        9191919.19191919       3.675023280835022E-012
   39596979.9000102        9393939.39393939       2.295133407303566E-012
   39596979.9000102        9595959.59595960       1.271764401156192E-012
   39596979.9000102        9797979.79797980       5.323462293405240E-013
   39596979.9000102        10000000.0000000       0.000000000000000E+000
   40405060.7080910       -10000000.0000000       0.000000000000000E+000
   40405060.7080910       -9797979.79797980       0.000000000000000E+000
   40405060.7080910       -9595959.59595960       0.000000000000000E+000
   40405060.7080910       -9393939.39393939       0.000000000000000E+000
   40405060.7080910       -9191919.19191919       0.000000000000000E+000
   40405060.7080910       -8989898.98989899       0.000000000000000E+000
   40405060.7080910       -8787878.78787879       0.000000000000000E+000
   40405060.7080910       -8585858.58585859       0.000000000000000E+000
   40405060.7080910       -8383838.38383838       0.000000000000000E+000
   40405060.7080910       -8181818.18181818       0.000000000000000E+000
   40405060.7080910       -7979797.97979798       0.000000000000000E+000
   40405060.7080910       -7777777.77777778       0.000000000000000E+000
   40405060.7080910       -7575757.57575758       0.000000000000000E+000
   40405060.7080910       -7373737.37373737       0.000000000000000E+000
   40405060.7080910       -7171717.17171717       0.000000000000000E+000
   40405060.7080910       -6969696.96969697       0.000000000000000E+000
   40405060.7080910       -6767676.76767677       0.000000000000000E+000
   40405060.7080910       -6565656.56565657       0.000000000000000E+000
   40405060.7080910       -6363636.36363636       0.000000000000000E+000
   40405060.7080910       -6161616.16161616       0.000000000000000E+000
   40405060.7080910       -5959595.95959596       0.000000000000000E+000
   40405060.7080910       -5757575.75757576       0.000000000000000E+000
   40405060.7080910       -5555555.55555556       0.000000000000000E+000
   40405060.7080910       -5353535.35353535       0.000000000000000E+000
   40405060.7080910       -5151515.15151515       0.000000000000000E+000
   40405060.7080910       -4949494.94949495       0.000000000000000E+000
   40405060.7080910       -4747474.74747475       0.000000000000000E+000
   40405060.7080910       -4545454.54545455       0.000000000000000E+000
   40405060.7080910       -4343434.34343434       0.000000000000000E+000
   40405060.7080910       -4141414.14141414       0.000000000000000E+000
   40405060.7080910       -3939393.93939394       0.000000000000000E+000
   40405060.7080910       -3737373.73737374       0.000000000000000E+000
   40405060.7080910       -3535353.53535354       0.000000000000000E+000
   40405060.7080910       -3333333.33333333       0.000000000000000E+000
   40405060.7080910       -3131313.13131313       0.000000000000000E+000
   40405060.7080910       -2929292.92929293       0.000000000000000E+000
   40405060.7080910       -2727272.72727273       0.000000000000000E+000
   40405060.7080910       -2525252.52525253       0.000000000000000E+000
   40405060.7080910       -2323232.32323232       0.000000000000000E+000
   40405060.7080910       -2121212.12121212       0.000000000000000E+000
   40405060.7080910       -1919191.91919192       0.000000000000000E+000
   40405060.7080910       -1717171.71717172       0.000000000000000E+000
   40405060.7080910       -1515151.51515152       0.000000000000000E+000
   40405060.7080910       -1313131.31313131       0.000000000000000E+000
   40405060.7080910       -1111111.11111111       0.000000000000000E+000
   40405060.7080910       -909090.909090910       0.000000000000000E+000
   40405060.7080910       -707070.707070708       0.000000000000000E+000
   40405060.7080910       -505050.505050506       0.000000000000000E+000
   40405060.7080910       -303030.303030305       0.000000000000000E+000
   40405060.7080910       -101010.101010101       0.000000000000000E+000
   40405060.7080910        101010.101010101       0.000000000000000E+000
   40405060.7080910        303030.303030303       0.000000000000000E+000
   40405060.7080910        505050.505050505       0.000000000000000E+000
   40405060.7080910        707070.707070706       0.000000000000000E+000
   40405060.7080910        909090.909090908       0.000000000000000E+000
   40405060.7080910        1111111.11111111       0.000000000000000E+000
   40405060.7080910        1313131.31313131       0.000000000000000E+000
   40405060.7080910        1515151.51515151       0.000000000000000E+000
   40405060.7080910        1717171.71717172       0.000000000000000E+000
   40405060.7080910        1919191.91919192       0.000000000000000E+000
   40405060.7080910        2121212.12121212       0.000000000000000E+000
   40405060.7080910        2323232.32323232       0.000000000000000E+000
   40405060.7080910        2525252.52525252       0.000000000000000E+000
   40405060.7080910        2727272.72727273       0.000000000000000E+000
   40405060.7080910        2929292.92929293       0.000000000000000E+000
   40405060.7080910        3131313.13131313       0.000000000000000E+000
   40405060.7080910        3333333.33333333       0.000000000000000E+000
   40405060.7080910        3535353.53535353       0.000000000000000E+000
   40405060.7080910        3737373.73737374       0.000000000000000E+000
   40405060.7080910        3939393.93939394       0.000000000000000E+000
   40405060.7080910        4141414.14141414       0.000000000000000E+000
   40405060.7080910        4343434.34343434       0.000000000000000E+000
   40405060.7080910        4545454.54545454       0.000000000000000E+000
   40405060.7080910        4747474.74747475       0.000000000000000E+000
   40405060.7080910        4949494.94949495       0.000000000000000E+000
   40405060.7080910        5151515.15151515       0.000000000000000E+000
   40405060.7080910        5353535.35353535       0.000000000000000E+000
   40405060.7080910        5555555.55555555       0.000000000000000E+000
   40405060.7080910        5757575.75757576       0.000000000000000E+000
   40405060.7080910        5959595.95959596       0.000000000000000E+000
   40405060.7080910        6161616.16161616       0.000000000000000E+000
   40405060.7080910        6363636.36363636       0.000000000000000E+000
   40405060.7080910        6565656.56565657       0.000000000000000E+000
   40405060.7080910        6767676.76767677       0.000000000000000E+000
   40405060.7080910        6969696.96969697       0.000000000000000E+000
   40405060.7080910        7171717.17171717       0.000000000000000E+000
   40405060.7080910        7373737.37373737       0.000000000000000E+000
   40405060.7080910        7575757.57575757       0.000000000000000E+000
   40405060.7080910        7777777.77777778       0.000000000000000E+000
   40405060.7080910        7979797.97979798       0.000000000000000E+000
   40405060.7080910        8181818.18181818       0.000000000000000E+000
   40405060.7080910        8383838.38383838       0.000000000000000E+000
   40405060.7080910        8585858.58585858       0.000000000000000E+000
   40405060.7080910        8787878.78787879       0.000000000000000E+000
   40405060.7080910        8989898.98989899       0.000000000000000E+000
   40405060.7080910        9191919.19191919       0.000000000000000E+000
   40405060.7080910        9393939.39393939       0.000000000000000E+000
   40405060.7080910        9595959.59595960       0.000000000000000E+000
   40405060.7080910        9797979.79797980       0.000000000000000E+000
   40405060.7080910        10000000.0000000       0.000000000000000E+000
