# time =   1.19000000E+00
   1020.30405060708       -10000000.0000000       0.000000000000000E+000
   1020.30405060708       -9797979.79797980       9.126724768807368E-009
   1020.30405060708       -9595959.59595960       2.606185096963466E-008
   1020.30405060708       -9393939.39393939       5.373372202084004E-008
   1020.30405060708       -9191919.19191919       9.624439309826200E-008
   1020.30405060708       -8989898.98989899       1.590603068637940E-007
   1020.30405060708       -8787878.78787879       2.492221720228019E-007
   1020.30405060708       -8585858.58585859       3.755338104232872E-007
   1020.30405060708       -8383838.38383838       5.486901365598420E-007
   1020.30405060708       -8181818.18181818       7.813046630761839E-007
   1020.30405060708       -7979797.97979798       1.087797814300911E-006
   1020.30405060708       -7777777.77777778       1.484112037635961E-006
   1020.30405060708       -7575757.57575758       1.987229547428396E-006
   1020.30405060708       -7373737.37373737       2.614483616858520E-006
   1020.30405060708       -7171717.17171717       3.382673789185075E-006
   1020.30405060708       -6969696.96969697       4.307017622235707E-006
   1020.30405060708       -6767676.76767677       5.399994709321057E-006
   1020.30405060708       -6565656.56565657       6.670161034899188E-006
   1020.30405060708       -6363636.36363636       8.121032057968760E-006
   1020.30405060708       -6161616.16161616       9.750150460213722E-006
   1020.30405060708       -5959595.95959596       1.154846792995699E-005
   1020.30405060708       -5757575.75757576       1.350017658034353E-005
   1020.30405060708       -5555555.55555556       1.558311897339209E-005
   1020.30405060708       -5353535.35353535       1.776987902012924E-005
   1020.30405060708       -5151515.15151515       2.002960404938644E-005
   1020.30405060708       -4949494.94949495       2.233053362711171E-005
   1020.30405060708       -4747474.74747475       2.464312917036592E-005
   1020.30405060708       -4545454.54545455       2.694364164217066E-005
   1020.30405060708       -4343434.34343434       2.921796696080587E-005
   1020.30405060708       -4141414.14141414       3.146577017938037E-005
   1020.30405060708       -3939393.93939394       3.370515904644693E-005
   1020.30405060708       -3737373.73737374       3.597870145330599E-005
   1020.30405060708       -3535353.53535354       3.836234974632697E-005
   1020.30405060708       -3333333.33333333       4.097985686795863E-005
   1020.30405060708       -3131313.13131313       4.402636196119995E-005
   1020.30405060708       -2929292.92929293       4.780527295383682E-005
   1020.30405060708       -2727272.72727273       5.278057926495878E-005
   1020.30405060708       -2525252.52525253       5.963914076587440E-005
   1020.30405060708       -2323232.32323232       6.934139666200076E-005
   1020.30405060708       -2121212.12121212       8.311682050309645E-005
   1020.30405060708       -1919191.91919192       1.023467383320003E-004
   1020.30405060708       -1717171.71717172       1.282948957195453E-004
   1020.30405060708       -1515151.51515152       1.617049623240201E-004
   1020.30405060708       -1313131.31313131       2.023585361179811E-004
   1020.30405060708       -1111111.11111111       2.487326091026428E-004
   1020.30405060708       -909090.909090910       2.978893416169291E-004
   1020.30405060708       -707070.707070708       3.456824342847485E-004
   1020.30405060708       -505050.505050506       3.872895333348818E-004
   1020.30405060708       -303030.303030305       4.179915807890697E-004
   1020.30405060708       -101010.101010101       4.340375433724912E-004
   1020.30405060708        101010.101010101       4.333860380325580E-004
   1020.30405060708        303030.303030303       4.161291269087360E-004
   1020.30405060708        505050.505050505       3.844816999891730E-004
   1020.30405060708        707070.707070706       3.423388032293816E-004
   1020.30405060708        909090.909090908       2.945210744134500E-004
   1020.30405060708        1111111.11111111       2.459037580627131E-004
   1020.30405060708        1313131.31313131       2.006356256240570E-004
   1020.30405060708        1515151.51515151       1.616065369720004E-004
   1020.30405060708        1717171.71717172       1.302429586061077E-004
   1020.30405060708        1919191.91919192       1.066270618847085E-004
   1020.30405060708        2121212.12121212       8.986049360190923E-005
   1020.30405060708        2323232.32323232       7.853693813471228E-005
   1020.30405060708        2525252.52525252       7.117122574781875E-005
   1020.30405060708        2727272.72727273       6.647857185317925E-005
   1020.30405060708        2929292.92929293       6.348350107261911E-005
   1020.30405060708        3131313.13131313       6.150706966153935E-005
   1020.30405060708        3333333.33333333       6.009962180151178E-005
   1020.30405060708        3535353.53535353       5.896751232067339E-005
   1020.30405060708        3737373.73737374       5.791548377855753E-005
   1020.30405060708        3939393.93939394       5.680850520400075E-005
   1020.30405060708        4141414.14141414       5.554942761214338E-005
   1020.30405060708        4343434.34343434       5.406743646122238E-005
   1020.30405060708        4545454.54545454       5.231311924484792E-005
   1020.30405060708        4747474.74747475       5.025711394273025E-005
   1020.30405060708        4949494.94949495       4.789020178978846E-005
   1020.30405060708        5151515.15151515       4.522336142820964E-005
   1020.30405060708        5353535.35353535       4.228683922411545E-005
   1020.30405060708        5555555.55555555       3.912779175331758E-005
   1020.30405060708        5757575.75757576       3.580651970757371E-005
   1020.30405060708        5959595.95959596       3.239168342958882E-005
   1020.30405060708        6161616.16161616       2.895510861107706E-005
   1020.30405060708        6363636.36363636       2.556682969119514E-005
   1020.30405060708        6565656.56565657       2.229090159711767E-005
   1020.30405060708        6767676.76767677       1.918230112346638E-005
   1020.30405060708        6969696.96969697       1.628501374645776E-005
   1020.30405060708        7171717.17171717       1.363122081904557E-005
   1020.30405060708        7373737.37373737       1.124139494278195E-005
   1020.30405060708        7575757.57575757       9.125075284165746E-006
   1020.30405060708        7777777.77777778       7.282107507384694E-006
   1020.30405060708        7979797.97979798       5.704168207955957E-006
   1020.30405060708        8181818.18181818       4.376431212905383E-006
   1020.30405060708        8383838.38383838       3.279263361798011E-006
   1020.30405060708        8585858.58585858       2.389859625446636E-006
   1020.30405060708        8787878.78787879       1.683745282388471E-006
   1020.30405060708        8989898.98989899       1.136090471557650E-006
   1020.30405060708        9191919.19191919       7.228023720992676E-007
   1020.30405060708        9393939.39393939       4.213838591937426E-007
   1020.30405060708        9595959.59595960       2.115781470023974E-007
   1020.30405060708        9797979.79797980       7.587075451627558E-008
   1020.30405060708        10000000.0000000       0.000000000000000E+000
   9182.73645546373       -10000000.0000000       0.000000000000000E+000
   9182.73645546373       -9797979.79797980       9.126859787570597E-009
   9182.73645546373       -9595959.59595960       2.606212325430831E-008
   9182.73645546373       -9393939.39393939       5.373414880415405E-008
   9182.73645546373       -9191919.19191919       9.624499733974719E-008
   9182.73645546373       -8989898.98989899       1.590611112757852E-007
   9182.73645546373       -8787878.78787879       2.492231927546326E-007
   9182.73645546373       -8585858.58585859       3.755350492044370E-007
   9182.73645546373       -8383838.38383838       5.486915710291862E-007
   9182.73645546373       -8181818.18181818       7.813062355107854E-007
   9182.73645546373       -7979797.97979798       1.087799419383630E-006
   9182.73645546373       -7777777.77777778       1.484113510314911E-006
   9182.73645546373       -7575757.57575758       1.987230652288251E-006
   9182.73645546373       -7373737.37373737       2.614484040683377E-006
   9182.73645546373       -7171717.17171717       3.382673138478919E-006
   9182.73645546373       -6969696.96969697       4.307015427320996E-006
   9182.73645546373       -6767676.76767677       5.399990436218067E-006
   9182.73645546373       -6565656.56565657       6.670154105482603E-006
   9182.73645546373       -6363636.36363636       8.121021877916712E-006
   9182.73645546373       -6161616.16161616       9.750136453056077E-006
   9182.73645546373       -5959595.95959596       1.154844957418520E-005
   9182.73645546373       -5757575.75757576       1.350015344520871E-005
   9182.73645546373       -5555555.55555556       1.558309074788605E-005
   9182.73645546373       -5353535.35353535       1.776984552892776E-005
   9182.73645546373       -5151515.15151515       2.002956524937265E-005
   9182.73645546373       -4949494.94949495       2.233048957840147E-005
   9182.73645546373       -4747474.74747475       2.464307997599412E-005
   9182.73645546373       -4545454.54545455       2.694358734954321E-005
   9182.73645546373       -4343434.34343434       2.921790741341984E-005
   9182.73645546373       -4141414.14141414       3.146570479533580E-005
   9182.73645546373       -3939393.93939394       3.370508647447032E-005
   9182.73645546373       -3737373.73737374       3.597861900650519E-005
   9182.73645546373       -3535353.53535354       3.836225242123063E-005
   9182.73645546373       -3333333.33333333       4.097973559795637E-005
   9182.73645546373       -3131313.13131313       4.402620051216608E-005
   9182.73645546373       -2929292.92929293       4.780504257961879E-005
   9182.73645546373       -2727272.72727273       5.278023008449361E-005
   9182.73645546373       -2525252.52525253       5.963858924802995E-005
   9182.73645546373       -2323232.32323232       6.934051024270011E-005
   9182.73645546373       -2121212.12121212       8.311540341764820E-005
   9182.73645546373       -1919191.91919192       1.023445259532333E-004
   9182.73645546373       -1717171.71717172       1.282915652489657E-004
   9182.73645546373       -1515151.51515152       1.617001637190555E-004
   9182.73645546373       -1313131.31313131       2.023519405087431E-004
   9182.73645546373       -1111111.11111111       2.487239666567372E-004
   9182.73645546373       -909090.909090910       2.978785385032479E-004
   9182.73645546373       -707070.707070708       3.456695378413450E-004
   9182.73645546373       -505050.505050506       3.872748150039441E-004
   9182.73645546373       -303030.303030305       4.179755088042869E-004
   9182.73645546373       -101010.101010101       4.340207424638604E-004
   9182.73645546373        101010.101010101       4.333692207989956E-004
   9182.73645546373        303030.303030303       4.161130087186778E-004
   9182.73645546373        505050.505050505       3.844669136661483E-004
   9182.73645546373        707070.707070706       3.423258296654077E-004
   9182.73645546373        909090.909090908       2.945102006833412E-004
   9182.73645546373        1111111.11111111       2.458950674209966E-004
   9182.73645546373        1313131.31313131       2.006290167613109E-004
   9182.73645546373        1515151.51515151       1.616017654334635E-004
   9182.73645546373        1717171.71717172       1.302396916956940E-004
   9182.73645546373        1919191.91919192       1.066249378040664E-004
   9182.73645546373        2121212.12121212       8.985917434490488E-005
   9182.73645546373        2323232.32323232       7.853614567436258E-005
   9182.73645546373        2525252.52525252       7.117075592108580E-005
   9182.73645546373        2727272.72727273       6.647828889010560E-005
   9182.73645546373        2929292.92929293       6.348332175613197E-005
   9182.73645546373        3131313.13131313       6.150694602155149E-005
   9182.73645546373        3333333.33333333       6.009952729925899E-005
   9182.73645546373        3535353.53535353       5.896743263034782E-005
   9182.73645546373        3737373.73737374       5.791541130234586E-005
   9182.73645546373        3939393.93939394       5.680843603498385E-005
   9182.73645546373        4141414.14141414       5.554935991680164E-005
   9182.73645546373        4343434.34343434       5.406736962492086E-005
   9182.73645546373        4545454.54545454       5.231305340656550E-005
   9182.73645546373        4747474.74747475       5.025704971942953E-005
   9182.73645546373        4949494.94949495       4.789014008852818E-005
   9182.73645546373        5151515.15151515       4.522330329740031E-005
   9182.73645546373        5353535.35353535       4.228678572450438E-005
   9182.73645546373        5555555.55555555       3.912774384504660E-005
   9182.73645546373        5757575.75757576       3.580647815717527E-005
   9182.73645546373        5959595.95959596       3.239164874281298E-005
   9182.73645546373        6161616.16161616       2.895508099589009E-005
   9182.73645546373        6363636.36363636       2.556680905186543E-005
   9182.73645546373        6565656.56565657       2.229088755651462E-005
   9182.73645546373        6767676.76767677       1.918229306766068E-005
   9182.73645546373        6969696.96969697       1.628501088400191E-005
   9182.73645546373        7171717.17171717       1.363122224699251E-005
   9182.73645546373        7373737.37373737       1.124139971227626E-005
   9182.73645546373        7575757.57575757       9.125082459887058E-006
   9182.73645546373        7777777.77777778       7.282116216840365E-006
   9182.73645546373        7979797.97979798       5.704177678325336E-006
   9182.73645546373        8181818.18181818       4.376440794663983E-006
   9182.73645546373        8383838.38383838       3.279272539611810E-006
   9182.73645546373        8585858.58585858       2.389868017782487E-006
   9182.73645546373        8787878.78787879       1.683752631910426E-006
   9182.73645546373        8989898.98989899       1.136096628648449E-006
   9182.73645546373        9191919.19191919       7.228072737210715E-007
   9182.73645546373        9393939.39393939       4.213875046475273E-007
   9182.73645546373        9595959.59595960       2.115805703350161E-007
   9182.73645546373        9797979.79797980       7.587198732472419E-008
   9182.73645546373        10000000.0000000       0.000000000000000E+000
   25507.6012651770       -10000000.0000000       0.000000000000000E+000
   25507.6012651770       -9797979.79797980       9.127910749836891E-009
   25507.6012651770       -9595959.59595960       2.606424268619343E-008
   25507.6012651770       -9393939.39393939       5.373747084392680E-008
   25507.6012651770       -9191919.19191919       9.624970070018461E-008
   25507.6012651770       -8989898.98989899       1.590673727444626E-007
   25507.6012651770       -8787878.78787879       2.492311380324298E-007
   25507.6012651770       -8585858.58585859       3.755446917485219E-007
   25507.6012651770       -8383838.38383838       5.487027367767731E-007
   25507.6012651770       -8181818.18181818       7.813184751450664E-007
   25507.6012651770       -7979797.97979798       1.087811913117871E-006
   25507.6012651770       -7777777.77777778       1.484124973391316E-006
   25507.6012651770       -7575757.57575758       1.987239252244606E-006
   25507.6012651770       -7373737.37373737       2.614487339462152E-006
   25507.6012651770       -7171717.17171717       3.382668073125429E-006
   25507.6012651770       -6969696.96969697       4.306998341884630E-006
   25507.6012651770       -6767676.76767677       5.399957174218069E-006
   25507.6012651770       -6565656.56565657       6.670100166803152E-006
   25507.6012651770       -6363636.36363636       8.120942636358335E-006
   25507.6012651770       -6161616.16161616       9.750027421363867E-006
   25507.6012651770       -5959595.95959596       1.154830669290994E-005
   25507.6012651770       -5757575.75757576       1.349997336135908E-005
   25507.6012651770       -5555555.55555556       1.558287104052074E-005
   25507.6012651770       -5353535.35353535       1.776958483326535E-005
   25507.6012651770       -5151515.15151515       2.002926322974373E-005
   25507.6012651770       -4949494.94949495       2.233014670273040E-005
   25507.6012651770       -4747474.74747475       2.464269704635012E-005
   25507.6012651770       -4545454.54545455       2.694316473509526E-005
   25507.6012651770       -4343434.34343434       2.921744389631844E-005
   25507.6012651770       -4141414.14141414       3.146519584682135E-005
   25507.6012651770       -3939393.93939394       3.370452157770043E-005
   25507.6012651770       -3737373.73737374       3.597797724959205E-005
   25507.6012651770       -3535353.53535354       3.836149486285022E-005
   25507.6012651770       -3333333.33333333       4.097879167495366E-005
   25507.6012651770       -3131313.13131313       4.402494388058033E-005
   25507.6012651770       -2929292.92929293       4.780324952300212E-005
   25507.6012651770       -2727272.72727273       5.277751240980935E-005
   25507.6012651770       -2525252.52525253       5.963429689063211E-005
   25507.6012651770       -2323232.32323232       6.933361155061476E-005
   25507.6012651770       -2121212.12121212       8.310437488456189E-005
   25507.6012651770       -1919191.91919192       1.023273081353499E-004
   25507.6012651770       -1717171.71717172       1.282656459424642E-004
   25507.6012651770       -1515151.51515152       1.616628186346501E-004
   25507.6012651770       -1313131.31313131       2.023006100834560E-004
   25507.6012651770       -1111111.11111111       2.486567064203123E-004
   25507.6012651770       -909090.909090910       2.977944624434900E-004
   25507.6012651770       -707070.707070708       3.455691699623636E-004
   25507.6012651770       -505050.505050506       3.871602678408106E-004
   25507.6012651770       -303030.303030305       4.178504265152087E-004
   25507.6012651770       -101010.101010101       4.338899872149679E-004
   25507.6012651770        101010.101010101       4.332383386366898E-004
   25507.6012651770        303030.303030303       4.159875672383022E-004
   25507.6012651770        505050.505050505       3.843518380061168E-004
   25507.6012651770        707070.707070706       3.422248624678000E-004
   25507.6012651770        909090.909090908       2.944255760962794E-004
   25507.6012651770        1111111.11111111       2.458274332491117E-004
   25507.6012651770        1313131.31313131       2.005775843535232E-004
   25507.6012651770        1515151.51515151       1.615646320747378E-004
   25507.6012651770        1717171.71717172       1.302142679643830E-004
   25507.6012651770        1919191.91919192       1.066084078778497E-004
   25507.6012651770        2121212.12121212       8.984890766874504E-005
   25507.6012651770        2323232.32323232       7.852997855669809E-005
   25507.6012651770        2525252.52525252       7.116709954358440E-005
   25507.6012651770        2727272.72727273       6.647608669332245E-005
   25507.6012651770        2929292.92929293       6.348192614922183E-005
   25507.6012651770        3131313.13131313       6.150598370166361E-005
   25507.6012651770        3333333.33333333       6.009879173905224E-005
   25507.6012651770        3535353.53535353       5.896681234285511E-005
   25507.6012651770        3737373.73737374       5.791484715838508E-005
   25507.6012651770        3939393.93939394       5.680789762896947E-005
   25507.6012651770        4141414.14141414       5.554883297945787E-005
   25507.6012651770        4343434.34343434       5.406684937331870E-005
   25507.6012651770        4545454.54545454       5.231254092320224E-005
   25507.6012651770        4747474.74747475       5.025654980707661E-005
   25507.6012651770        4949494.94949495       4.788965980788341E-005
   25507.6012651770        5151515.15151515       4.522285080934276E-005
   25507.6012651770        5353535.35353535       4.228636928588410E-005
   25507.6012651770        5555555.55555555       3.912737092956541E-005
   25507.6012651770        5757575.75757576       3.580615473145898E-005
   25507.6012651770        5959595.95959596       3.239137874354715E-005
   25507.6012651770        6161616.16161616       2.895486604181036E-005
   25507.6012651770        6363636.36363636       2.556664839772865E-005
   25507.6012651770        6565656.56565657       2.229077826667925E-005
   25507.6012651770        6767676.76767677       1.918223036325890E-005
   25507.6012651770        6969696.96969697       1.628498860438078E-005
   25507.6012651770        7171717.17171717       1.363123336360330E-005
   25507.6012651770        7373737.37373737       1.124143683923453E-005
   25507.6012651770        7575757.57575757       9.125138316677043E-006
   25507.6012651770        7777777.77777778       7.282184012005421E-006
   25507.6012651770        7979797.97979798       5.704251396259766E-006
   25507.6012651770        8181818.18181818       4.376515379499871E-006
   25507.6012651770        8383838.38383838       3.279343980017467E-006
   25507.6012651770        8585858.58585858       2.389933343927919E-006
   25507.6012651770        8787878.78787879       1.683809840711428E-006
   25507.6012651770        8989898.98989899       1.136144555497823E-006
   25507.6012651770        9191919.19191919       7.228454279413348E-007
   25507.6012651770        9393939.39393939       4.214158808035821E-007
   25507.6012651770        9595959.59595960       2.115994334543308E-007
   25507.6012651770        9797979.79797980       7.588158337976963E-008
   25507.6012651770        10000000.0000000       0.000000000000000E+000
   49994.8984797470       -10000000.0000000       0.000000000000000E+000
   49994.8984797470       -9797979.79797980       9.131374017951873E-009
   49994.8984797470       -9595959.59595960       2.607122708179410E-008
   49994.8984797470       -9393939.39393939       5.374841841761624E-008
   49994.8984797470       -9191919.19191919       9.626520036354471E-008
   49994.8984797470       -8989898.98989899       1.590880070505152E-007
   49994.8984797470       -8787878.78787879       2.492573211689615E-007
   49994.8984797470       -8585858.58585859       3.755764679988003E-007
   49994.8984797470       -8383838.38383838       5.487395324511496E-007
   49994.8984797470       -8181818.18181818       7.813588094584977E-007
   49994.8984797470       -7979797.97979798       1.087853084410693E-006
   49994.8984797470       -7777777.77777778       1.484162747703551E-006
   49994.8984797470       -7575757.57575758       1.987267590666963E-006
   49994.8984797470       -7373737.37373737       2.614498207349378E-006
   49994.8984797470       -7171717.17171717       3.382651376472380E-006
   49994.8984797470       -6969696.96969697       4.306942032434250E-006
   49994.8984797470       -6767676.76767677       5.399847554153137E-006
   49994.8984797470       -6565656.56565657       6.669922405761618E-006
   49994.8984797470       -6363636.36363636       8.120681488343738E-006
   49994.8984797470       -6161616.16161616       9.749668098125104E-006
   49994.8984797470       -5959595.95959596       1.154783581588057E-005
   49994.8984797470       -5757575.75757576       1.349937987998038E-005
   49994.8984797470       -5555555.55555556       1.558214697574076E-005
   49994.8984797470       -5353535.35353535       1.776872568664778E-005
   49994.8984797470       -5151515.15151515       2.002826789449164E-005
   49994.8984797470       -4949494.94949495       2.232901672072649E-005
   49994.8984797470       -4747474.74747475       2.464143506144447E-005
   49994.8984797470       -4545454.54545455       2.694177196588844E-005
   49994.8984797470       -4343434.34343434       2.921591633379648E-005
   49994.8984797470       -4141414.14141414       3.146351857524493E-005
   49994.8984797470       -3939393.93939394       3.370265995593668E-005
   49994.8984797470       -3737373.73737374       3.597586239606963E-005
   49994.8984797470       -3535353.53535354       3.835899851305901E-005
   49994.8984797470       -3333333.33333333       4.097568142133100E-005
   49994.8984797470       -3131313.13131313       4.402080362210236E-005
   49994.8984797470       -2929292.92929293       4.779734251931714E-005
   49994.8984797470       -2727272.72727273       5.276856033626599E-005
   49994.8984797470       -2525252.52525253       5.962015914802760E-005
   49994.8984797470       -2323232.32323232       6.931089103591076E-005
   49994.8984797470       -2121212.12121212       8.306805477372230E-005
   49994.8984797470       -1919191.91919192       1.022706064721689E-004
   49994.8984797470       -1717171.71717172       1.281802892435843E-004
   49994.8984797470       -1515151.51515152       1.615398342882256E-004
   49994.8984797470       -1313131.31313131       2.021315673810596E-004
   49994.8984797470       -1111111.11111111       2.484352001166677E-004
   49994.8984797470       -909090.909090910       2.975175733743659E-004
   49994.8984797470       -707070.707070708       3.452386232339096E-004
   49994.8984797470       -505050.505050506       3.867830209447130E-004
   49994.8984797470       -303030.303030305       4.174384819134997E-004
   49994.8984797470       -101010.101010101       4.334593593210174E-004
   49994.8984797470        101010.101010101       4.328072944402686E-004
   49994.8984797470        303030.303030303       4.155744446358264E-004
   49994.8984797470        505050.505050505       3.839728586030350E-004
   49994.8984797470        707070.707070706       3.418923526969398E-004
   49994.8984797470        909090.909090908       2.941468933673147E-004
   49994.8984797470        1111111.11111111       2.456047095263102E-004
   49994.8984797470        1313131.31313131       2.004082200199181E-004
   49994.8984797470        1515151.51515151       1.614423582170611E-004
   49994.8984797470        1717171.71717172       1.301305545452825E-004
   49994.8984797470        1919191.91919192       1.065539803082975E-004
   49994.8984797470        2121212.12121212       8.981510273306322E-005
   49994.8984797470        2323232.32323232       7.850967143039322E-005
   49994.8984797470        2525252.52525252       7.115505890457767E-005
   49994.8984797470        2727272.72727273       6.646883393086605E-005
   49994.8984797470        2929292.92929293       6.347732917398365E-005
   49994.8984797470        3131313.13131313       6.150281344641330E-005
   49994.8984797470        3333333.33333333       6.009636819478407E-005
   49994.8984797470        3535353.53535353       5.896476840340292E-005
   49994.8984797470        3737373.73737374       5.791298810826410E-005
   49994.8984797470        3939393.93939394       5.680612333604843E-005
   49994.8984797470        4141414.14141414       5.554709645293852E-005
   49994.8984797470        4343434.34343434       5.406513486764167E-005
   49994.8984797470        4545454.54545454       5.231085201417835E-005
   49994.8984797470        4747474.74747475       5.025490232669402E-005
   49994.8984797470        4949494.94949495       4.788807702708727E-005
   49994.8984797470        5151515.15151515       4.522135962359850E-005
   49994.8984797470        5353535.35353535       4.228499690623355E-005
   49994.8984797470        5555555.55555555       3.912614198570216E-005
   49994.8984797470        5757575.75757576       3.580508888614348E-005
   49994.8984797470        5959595.95959596       3.239048896959358E-005
   49994.8984797470        6161616.16161616       2.895415767302809E-005
   49994.8984797470        6363636.36363636       2.556611897731166E-005
   49994.8984797470        6565656.56565657       2.229041811931725E-005
   49994.8984797470        6767676.76767677       1.918202373931393E-005
   49994.8984797470        6969696.96969697       1.628491520062496E-005
   49994.8984797470        7171717.17171717       1.363127001678206E-005
   49994.8984797470        7373737.37373737       1.124155920863841E-005
   49994.8984797470        7575757.57575757       9.125322408985439E-006
   49994.8984797470        7777777.77777778       7.282407445724974E-006
   49994.8984797470        7979797.97979798       5.704494346823050E-006
   49994.8984797470        8181818.18181818       4.376761185236803E-006
   49994.8984797470        8383838.38383838       3.279579421582033E-006
   49994.8984797470        8585858.58585858       2.390148634275785E-006
   49994.8984797470        8787878.78787879       1.683998378725918E-006
   49994.8984797470        8989898.98989899       1.136302503270559E-006
   49994.8984797470        9191919.19191919       7.229711685031285E-007
   49994.8984797470        9393939.39393939       4.215093963099930E-007
   49994.8984797470        9595959.59595960       2.116615974077421E-007
   49994.8984797470        9797979.79797980       7.591320668199933E-008
   49994.8984797470        10000000.0000000       0.000000000000000E+000
   82644.6280991736       -10000000.0000000       0.000000000000000E+000
   82644.6280991736       -9797979.79797980       9.139503397861215E-009
   82644.6280991736       -9595959.59595960       2.608762261451988E-008
   82644.6280991736       -9393939.39393939       5.377411785860801E-008
   82644.6280991736       -9191919.19191919       9.630158603165693E-008
   82644.6280991736       -8989898.98989899       1.591364462512342E-007
   82644.6280991736       -8787878.78787879       2.493187858960391E-007
   82644.6280991736       -8585858.58585859       3.756510618202062E-007
   82644.6280991736       -8383838.38383838       5.488259081675095E-007
   82644.6280991736       -8181818.18181818       7.814534903866707E-007
   82644.6280991736       -7979797.97979798       1.087949727780900E-006
   82644.6280991736       -7777777.77777778       1.484251413569881E-006
   82644.6280991736       -7575757.57575758       1.987334101826682E-006
   82644.6280991736       -7373737.37373737       2.614523701407336E-006
   82644.6280991736       -7171717.17171717       3.382612156389359E-006
   82644.6280991736       -6969696.96969697       4.306809813145017E-006
   82644.6280991736       -6767676.76767677       5.399590177689981E-006
   82644.6280991736       -6565656.56565657       6.669505054811305E-006
   82644.6280991736       -6363636.36363636       8.120068369093444E-006
   82644.6280991736       -6161616.16161616       9.748824490494611E-006
   82644.6280991736       -5959595.95959596       1.154673030829053E-005
   82644.6280991736       -5757575.75757576       1.349798652536513E-005
   82644.6280991736       -5555555.55555556       1.558044703735692E-005
   82644.6280991736       -5353535.35353535       1.776670859913069E-005
   82644.6280991736       -5151515.15151515       2.002593105593325E-005
   82644.6280991736       -4949494.94949495       2.232636374990812E-005
   82644.6280991736       -4747474.74747475       2.463847216889749E-005
   82644.6280991736       -4545454.54545455       2.693850202445462E-005
   82644.6280991736       -4343434.34343434       2.921232995834693E-005
   82644.6280991736       -4141414.14141414       3.145958080218371E-005
   82644.6280991736       -3939393.93939394       3.369828956413598E-005
   82644.6280991736       -3737373.73737374       3.597089787981014E-005
   82644.6280991736       -3535353.53535354       3.835313915705001E-005
   82644.6280991736       -3333333.33333333       4.096838242315892E-005
   82644.6280991736       -3131313.13131313       4.401108973182534E-005
   82644.6280991736       -2929292.92929293       4.778348726105584E-005
   82644.6280991736       -2727272.72727273       5.274756849518763E-005
   82644.6280991736       -2525252.52525253       5.958701556541136E-005
   82644.6280991736       -2323232.32323232       6.925763687745105E-005
   82644.6280991736       -2121212.12121212       8.298293584779061E-005
   82644.6280991736       -1919191.91919192       1.021377310561019E-004
   82644.6280991736       -1717171.71717172       1.279802673704650E-004
   82644.6280991736       -1515151.51515152       1.612516335286091E-004
   82644.6280991736       -1313131.31313131       2.017354217946835E-004
   82644.6280991736       -1111111.11111111       2.479160893284868E-004
   82644.6280991736       -909090.909090910       2.968686485615631E-004
   82644.6280991736       -707070.707070708       3.444639238462591E-004
   82644.6280991736       -505050.505050506       3.858988542539357E-004
   82644.6280991736       -303030.303030305       4.164729837576986E-004
   82644.6280991736       -101010.101010101       4.324500719806636E-004
   82644.6280991736        101010.101010101       4.317970414032520E-004
   82644.6280991736        303030.303030303       4.146062152039108E-004
   82644.6280991736        505050.505050505       3.830846794654468E-004
   82644.6280991736        707070.707070706       3.411131167558391E-004
   82644.6280991736        909090.909090908       2.934938416069489E-004
   82644.6280991736        1111111.11111111       2.450828297940431E-004
   82644.6280991736        1313131.31313131       2.000114058436080E-004
   82644.6280991736        1515151.51515151       1.611559016604588E-004
   82644.6280991736        1717171.71717172       1.299344509226397E-004
   82644.6280991736        1919191.91919192       1.064264862987690E-004
   82644.6280991736        2121212.12121212       8.973591519962112E-005
   82644.6280991736        2323232.32323232       7.846209780568638E-005
   82644.6280991736        2525252.52525252       7.112684585472029E-005
   82644.6280991736        2727272.72727273       6.645183471109186E-005
   82644.6280991736        2929292.92929293       6.346655073958117E-005
   82644.6280991736        3131313.13131313       6.149537733528934E-005
   82644.6280991736        3333333.33333333       6.009068161909858E-005
   82644.6280991736        3535353.53535353       5.895997133440499E-005
   82644.6280991736        3737373.73737374       5.790862429768483E-005
   82644.6280991736        3939393.93939394       5.680195812926373E-005
   82644.6280991736        4141414.14141414       5.554301973536482E-005
   82644.6280991736        4343434.34343434       5.406110977430532E-005
   82644.6280991736        4545454.54545454       5.230688699033343E-005
   82644.6280991736        4747474.74747475       5.025103456642459E-005
   82644.6280991736        4949494.94949495       4.788436117602367E-005
   82644.6280991736        5151515.15151515       4.521785882957749E-005
   82644.6280991736        5353535.35353535       4.228177505377242E-005
   82644.6280991736        5555555.55555555       3.912325689642067E-005
   82644.6280991736        5757575.75757576       3.580258671905398E-005
   82644.6280991736        5959595.95959596       3.238840017664818E-005
   82644.6280991736        6161616.16161616       2.895249477156108E-005
   82644.6280991736        6363636.36363636       2.556487619458052E-005
   82644.6280991736        6565656.56565657       2.228957273605630E-005
   82644.6280991736        6767676.76767677       1.918153877623939E-005
   82644.6280991736        6969696.96969697       1.628474298888553E-005
   82644.6280991736        7171717.17171717       1.363135617403186E-005
   82644.6280991736        7373737.37373737       1.124184658918651E-005
   82644.6280991736        7575757.57575757       9.125754683547305E-006
   82644.6280991736        7777777.77777778       7.282932069750480E-006
   82644.6280991736        7979797.97979798       5.705064779080358E-006
   82644.6280991736        8181818.18181818       4.377338310233393E-006
   82644.6280991736        8383838.38383838       3.280132205392434E-006
   82644.6280991736        8585858.58585858       2.390654100882236E-006
   82644.6280991736        8787878.78787879       1.684441031533984E-006
   82644.6280991736        8989898.98989899       1.136673332672205E-006
   82644.6280991736        9191919.19191919       7.232663788199574E-007
   82644.6280991736        9393939.39393939       4.217289460443321E-007
   82644.6280991736        9595959.59595960       2.118075378324549E-007
   82644.6280991736        9797979.79797980       7.598744330372031E-008
   82644.6280991736        10000000.0000000       0.000000000000000E+000
   123456.790123457       -10000000.0000000       0.000000000000000E+000
   123456.790123457       -9797979.79797980       9.155279489337405E-009
   123456.790123457       -9595959.59595960       2.611944404950604E-008
   123456.790123457       -9393939.39393939       5.382399903063309E-008
   123456.790123457       -9191919.19191919       9.637220933718391E-008
   123456.790123457       -8989898.98989899       1.592304645990764E-007
   123456.790123457       -8787878.78787879       2.494380846204356E-007
   123456.790123457       -8585858.58585859       3.757958403922677E-007
   123456.790123457       -8383838.38383838       5.489935499007252E-007
   123456.790123457       -8181818.18181818       7.816372450827554E-007
   123456.790123457       -7979797.97979798       1.088137282002405E-006
   123456.790123457       -7777777.77777778       1.484423471567498E-006
   123456.790123457       -7575757.57575758       1.987463143030831E-006
   123456.790123457       -7373737.37373737       2.614573110754661E-006
   123456.790123457       -7171717.17171717       3.382535933865813E-006
   123456.790123457       -6969696.96969697       4.306553051962705E-006
   123456.790123457       -6767676.76767677       5.399090451735239E-006
   123456.790123457       -6565656.56565657       6.668694773537730E-006
   123456.790123457       -6363636.36363636       8.118878043418505E-006
   123456.790123457       -6161616.16161616       9.747186712070652E-006
   123456.790123457       -5959595.95959596       1.154458408742152E-005
   123456.790123457       -5757575.75757576       1.349528147670205E-005
   123456.790123457       -5555555.55555556       1.557714677019552E-005
   123456.790123457       -5353535.35353535       1.776279258547153E-005
   123456.790123457       -5151515.15151515       2.002139423073478E-005
   123456.790123457       -4949494.94949495       2.232121313382618E-005
   123456.790123457       -4747474.74747475       2.463271983262917E-005
   123456.790123457       -4545454.54545455       2.693215359289564E-005
   123456.790123457       -4343434.34343434       2.920536731999002E-005
   123456.790123457       -4141414.14141414       3.145193629976908E-005
   123456.790123457       -3939393.93939394       3.368980594896759E-005
   123456.790123457       -3737373.73737374       3.596126245545888E-005
   123456.790123457       -3535353.53535354       3.834176979785599E-005
   123456.790123457       -3333333.33333333       4.095422480061933E-005
   123456.790123457       -3131313.13131313       4.399225713690175E-005
   123456.790123457       -2929292.92929293       4.775664080016726E-005
   123456.790123457       -2727272.72727273       5.270691724941242E-005
   123456.790123457       -2525252.52525253       5.952286501076254E-005
   123456.790123457       -2323232.32323232       6.915460287301211E-005
   123456.790123457       -2121212.12121212       8.281829547462623E-005
   123456.790123457       -1919191.91919192       1.018807552137219E-004
   123456.790123457       -1717171.71717172       1.275934495801351E-004
   123456.790123457       -1515151.51515152       1.606942743374626E-004
   123456.790123457       -1313131.31313131       2.009692573045272E-004
   123456.790123457       -1111111.11111111       2.469120294942822E-004
   123456.790123457       -909090.909090910       2.956134155964185E-004
   123456.790123457       -707070.707070708       3.429653168016362E-004
   123456.790123457       -505050.505050506       3.841884225784744E-004
   123456.790123457       -303030.303030305       4.146051776421538E-004
   123456.790123457       -101010.101010101       4.304975527310347E-004
   123456.790123457        101010.101010101       4.298426941109014E-004
   123456.790123457        303030.303030303       4.127332442213897E-004
   123456.790123457        505050.505050505       3.813666783630760E-004
   123456.790123457        707070.707070706       3.396059912414441E-004
   123456.790123457        909090.909090908       2.922309329487819E-004
   123456.790123457        1111111.11111111       2.440737509504738E-004
   123456.790123457        1313131.31313131       1.992442887173118E-004
   123456.790123457        1515151.51515151       1.606022322837785E-004
   123456.790123457        1717171.71717172       1.295554798548960E-004
   123456.790123457        1919191.91919192       1.061801264476586E-004
   123456.790123457        2121212.12121212       8.958289469600600E-005
   123456.790123457        2323232.32323232       7.837014933956267E-005
   123456.790123457        2525252.52525252       7.107229523031043E-005
   123456.790123457        2727272.72727273       6.641894671758615E-005
   123456.790123457        2929292.92929293       6.344568226949921E-005
   123456.790123457        3131313.13131313       6.148096852840857E-005
   123456.790123457        3333333.33333333       6.007965508763868E-005
   123456.790123457        3535353.53535353       5.895066481999162E-005
   123456.790123457        3737373.73737374       5.790015563337878E-005
   123456.790123457        3939393.93939394       5.679387348664762E-005
   123456.790123457        4141414.14141414       5.553510617433019E-005
   123456.790123457        4343434.34343434       5.405329613359038E-005
   123456.790123457        4545454.54545454       5.229918986632638E-005
   123456.790123457        4747474.74747475       5.024352626502004E-005
   123456.790123457        4949494.94949495       4.787714782982370E-005
   123456.790123457        5151515.15151515       4.521106304795668E-005
   123456.790123457        5353535.35353535       4.227552085933132E-005
   123456.790123457        5555555.55555555       3.911765653122078E-005
   123456.790123457        5757575.75757576       3.579772977772247E-005
   123456.790123457        5959595.95959596       3.238434575762907E-005
   123456.790123457        6161616.16161616       2.894926715500409E-005
   123456.790123457        6363636.36363636       2.556246415422040E-005
   123456.790123457        6565656.56565657       2.228793214907819E-005
   123456.790123457        6767676.76767677       1.918059783984260E-005
   123456.790123457        6969696.96969697       1.628440915240212E-005
   123456.790123457        7171717.17171717       1.363152385798848E-005
   123456.790123457        7373737.37373737       1.124240485356400E-005
   123456.790123457        7575757.57575757       9.126594176588569E-006
   123456.790123457        7777777.77777778       7.283950789545053E-006
   123456.790123457        7979797.97979798       5.706172379560386E-006
   123456.790123457        8181818.18181818       4.378458861618595E-006
   123456.790123457        8383838.38383838       3.281205466603833E-006
   123456.790123457        8585858.58585858       2.391635473091316E-006
   123456.790123457        8787878.78787879       1.685300434871098E-006
   123456.790123457        8989898.98989899       1.137393279550651E-006
   123456.790123457        9191919.19191919       7.238395026869689E-007
   123456.790123457        9393939.39393939       4.221551679369227E-007
   123456.790123457        9595959.59595960       2.120908420756168E-007
   123456.790123457        9797979.79797980       7.613153607915235E-008
   123456.790123457        10000000.0000000       0.000000000000000E+000
   172431.384552597       -10000000.0000000       0.000000000000000E+000
   172431.384552597       -9797979.79797980       9.182414763585874E-009
   172431.384552597       -9595959.59595960       2.617418945755174E-008
   172431.384552597       -9393939.39393939       5.390982091860697E-008
   172431.384552597       -9191919.19191919       9.649372096022475E-008
   172431.384552597       -8989898.98989899       1.593922273966078E-007
   172431.384552597       -8787878.78787879       2.496433384759479E-007
   172431.384552597       -8585858.58585859       3.760449236912924E-007
   172431.384552597       -8383838.38383838       5.492819548224388E-007
   172431.384552597       -8181818.18181818       7.819533510464604E-007
   172431.384552597       -7979797.97979798       1.088459895715286E-006
   172431.384552597       -7777777.77777778       1.484719385261485E-006
   172431.384552597       -7575757.57575758       1.987684996240785E-006
   172431.384552597       -7373737.37373737       2.614657893236203E-006
   172431.384552597       -7171717.17171717       3.382404484688164E-006
   172431.384552597       -6969696.96969697       4.306110880699920E-006
   172431.384552597       -6767676.76767677       5.398230123860959E-006
   172431.384552597       -6565656.56565657       6.667299960375481E-006
   172431.384552597       -6363636.36363636       8.116829139928512E-006
   172431.384552597       -6161616.16161616       9.744367682935571E-006
   172431.384552597       -5959595.95959596       1.154088993164566E-005
   172431.384552597       -5757575.75757576       1.349062543228010E-005
   172431.384552597       -5555555.55555556       1.557146615270216E-005
   172431.384552597       -5353535.35353535       1.775605201044631E-005
   172431.384552597       -5151515.15151515       2.001358493768185E-005
   172431.384552597       -4949494.94949495       2.231234719205250E-005
   172431.384552597       -4747474.74747475       2.462281806059251E-005
   172431.384552597       -4545454.54545455       2.692122581893068E-005
   172431.384552597       -4343434.34343434       2.919338270466528E-005
   172431.384552597       -4141414.14141414       3.143877906859779E-005
   172431.384552597       -3939393.93939394       3.367520677319262E-005
   172431.384552597       -3737373.73737374       3.594468572319956E-005
   172431.384552597       -3535353.53535354       3.832221869934386E-005
   172431.384552597       -3333333.33333333       4.092989486941852E-005
   172431.384552597       -3131313.13131313       4.395992127304380E-005
   172431.384552597       -2929292.92929293       4.771059150153481E-005
   172431.384552597       -2727272.72727273       5.263726055360912E-005
   172431.384552597       -2525252.52525253       5.941304289590764E-005
   172431.384552597       -2323232.32323232       6.897834165696501E-005
   172431.384552597       -2121212.12121212       8.253678058205495E-005
   172431.384552597       -1919191.91919192       1.014414731302779E-004
   172431.384552597       -1717171.71717172       1.269322652912727E-004
   172431.384552597       -1515151.51515152       1.597415443105033E-004
   172431.384552597       -1313131.31313131       1.996594590956273E-004
   172431.384552597       -1111111.11111111       2.451953104555659E-004
   172431.384552597       -909090.909090910       2.934669794785913E-004
   172431.384552597       -707070.707070708       3.404024554508542E-004
   172431.384552597       -505050.505050506       3.812631031931701E-004
   172431.384552597       -303030.303030305       4.114105898439322E-004
   172431.384552597       -101010.101010101       4.271580756850935E-004
   172431.384552597        101010.101010101       4.265002144762010E-004
   172431.384552597        303030.303030303       4.095301899451372E-004
   172431.384552597        505050.505050505       3.784290078880755E-004
   172431.384552597        707070.707070706       3.370293552683019E-004
   172431.384552597        909090.909090908       2.900723181126051E-004
   172431.384552597        1111111.11111111       2.423494868770220E-004
   172431.384552597        1313131.31313131       1.979339085623486E-004
   172431.384552597        1515151.51515151       1.596567815654679E-004
   172431.384552597        1717171.71717172       1.289085334275804E-004
   172431.384552597        1919191.91919192       1.057596301527067E-004
   172431.384552597        2121212.12121212       8.932169836745094E-005
   172431.384552597        2323232.32323232       7.821314284923685E-005
   172431.384552597        2525252.52525252       7.097908096635851E-005
   172431.384552597        2727272.72727273       6.636268858491063E-005
   172431.384552597        2929292.92929293       6.340993651598016E-005
   172431.384552597        3131313.13131313       6.145625221173961E-005
   172431.384552597        3333333.33333333       6.006071675129134E-005
   172431.384552597        3535353.53535353       5.893466598390485E-005
   172431.384552597        3737373.73737374       5.788558888545638E-005
   172431.384552597        3939393.93939394       5.677996298246988E-005
   172431.384552597        4141414.14141414       5.552148795831648E-005
   172431.384552597        4343434.34343434       5.403984897409668E-005
   172431.384552597        4545454.54545454       5.228594294716431E-005
   172431.384552597        4747474.74747475       5.023060434212718E-005
   172431.384552597        4949494.94949495       4.786473371820945E-005
   172431.384552597        5151515.15151515       4.519936783280499E-005
   172431.384552597        5353535.35353535       4.226475800611273E-005
   172431.384552597        5555555.55555555       3.910801919724467E-005
   172431.384552597        5757575.75757576       3.578937212096334E-005
   172431.384552597        5959595.95959596       3.237736943676240E-005
   172431.384552597        6161616.16161616       2.894371389757084E-005
   172431.384552597        6363636.36363636       2.555831457826026E-005
   172431.384552597        6565656.56565657       2.228511025995840E-005
   172431.384552597        6767676.76767677       1.917898001230701E-005
   172431.384552597        6969696.96969697       1.628383606386700E-005
   172431.384552597        7171717.17171717       1.363181377472482E-005
   172431.384552597        7373737.37373737       1.124336682797369E-005
   172431.384552597        7575757.57575757       9.128040005009040E-006
   172431.384552597        7777777.77777778       7.285704925909303E-006
   172431.384552597        7979797.97979798       5.708079343514560E-006
   172431.384552597        8181818.18181818       4.380387986726899E-006
   172431.384552597        8383838.38383838       3.283053087996876E-006
   172431.384552597        8585858.58585858       2.393324845916863E-006
   172431.384552597        8787878.78787879       1.686779800146295E-006
   172431.384552597        8989898.98989899       1.138632547999350E-006
   172431.384552597        9191919.19191919       7.248260019162362E-007
   172431.384552597        9393939.39393939       4.228887669553662E-007
   172431.384552597        9595959.59595960       2.125784050532831E-007
   172431.384552597        9797979.79797980       7.637946348141079E-008
   172431.384552597        10000000.0000000       0.000000000000000E+000
   229568.411386593       -10000000.0000000       0.000000000000000E+000
   229568.411386593       -9797979.79797980       9.225311033813426E-009
   229568.411386593       -9595959.59595960       2.626076295805308E-008
   229568.411386593       -9393939.39393939       5.404555534925349E-008
   229568.411386593       -9191919.19191919       9.668590770368717E-008
   229568.411386593       -8989898.98989899       1.596480730730477E-007
   229568.411386593       -8787878.78787879       2.499679571530631E-007
   229568.411386593       -8585858.58585859       3.764388380685898E-007
   229568.411386593       -8383838.38383838       5.497380204946701E-007
   229568.411386593       -8181818.18181818       7.824531717321469E-007
   229568.411386593       -7979797.97979798       1.088969932461179E-006
   229568.411386593       -7777777.77777778       1.485187094047362E-006
   229568.411386593       -7575757.57575758       1.988035445035434E-006
   229568.411386593       -7373737.37373737       2.614791392210408E-006
   229568.411386593       -7171717.17171717       3.382195790973211E-006
   229568.411386593       -6969696.96969697       4.305410493233601E-006
   229568.411386593       -6767676.76767677       5.396868051577174E-006
   229568.411386593       -6565656.56565657       6.665092123130673E-006
   229568.411386593       -6363636.36363636       8.113586250202678E-006
   229568.411386593       -6161616.16161616       9.739906072564114E-006
   229568.411386593       -5959595.95959596       1.153504336053846E-005
   229568.411386593       -5757575.75757576       1.348325649113074E-005
   229568.411386593       -5555555.55555556       1.556247551139243E-005
   229568.411386593       -5353535.35353535       1.774538353605529E-005
   229568.411386593       -5151515.15151515       2.000122465574127E-005
   229568.411386593       -4949494.94949495       2.229831416518199E-005
   229568.411386593       -4747474.74747475       2.460714534477488E-005
   229568.411386593       -4545454.54545455       2.690392934618827E-005
   229568.411386593       -4343434.34343434       2.917441452862656E-005
   229568.411386593       -4141414.14141414       3.141795770732656E-005
   229568.411386593       -3939393.93939394       3.365210940138738E-005
   229568.411386593       -3737373.73737374       3.591847136469464E-005
   229568.411386593       -3535353.53535354       3.829132300820993E-005
   229568.411386593       -3333333.33333333       4.089148836319876E-005
   229568.411386593       -3131313.13131313       4.390894875872349E-005
   229568.411386593       -2929292.92929293       4.763812116376939E-005
   229568.411386593       -2727272.72727273       5.252782199172650E-005
   229568.411386593       -2525252.52525253       5.924075955546468E-005
   229568.411386593       -2323232.32323232       6.870215928035268E-005
   229568.411386593       -2121212.12121212       8.209603084496797E-005
   229568.411386593       -1919191.91919192       1.007540181143329E-004
   229568.411386593       -1717171.71717172       1.258976895595767E-004
   229568.411386593       -1515151.51515152       1.582506839052569E-004
   229568.411386593       -1313131.31313131       1.976094903297008E-004
   229568.411386593       -1111111.11111111       2.425078986472101E-004
   229568.411386593       -909090.909090910       2.901061970950942E-004
   229568.411386593       -707070.707070708       3.363889992413304E-004
   229568.411386593       -505050.505050506       3.766815171887037E-004
   229568.411386593       -303030.303030305       4.064069908602807E-004
   229568.411386593       -101010.101010101       4.219275408682497E-004
   229568.411386593        101010.101010101       4.212652973006579E-004
   229568.411386593        303030.303030303       4.045142790271923E-004
   229568.411386593        505050.505050505       3.738296135611257E-004
   229568.411386593        707070.707070706       3.329963741373309E-004
   229568.411386593        909090.909090908       2.866949047840866E-004
   229568.411386593        1111111.11111111       2.396529275913724E-004
   229568.411386593        1313131.31313131       1.958857131081776E-004
   229568.411386593        1515151.51515151       1.581797987969782E-004
   229568.411386593        1717171.71717172       1.278983428335702E-004
   229568.411386593        1919191.91919192       1.051031998860060E-004
   229568.411386593        2121212.12121212       8.891390414205016E-005
   229568.411386593        2323232.32323232       7.796786859487328E-005
   229568.411386593        2525252.52525252       7.083329119466107E-005
   229568.411386593        2727272.72727273       6.627454464365496E-005
   229568.411386593        2929292.92929293       6.335380741297874E-005
   229568.411386593        3131313.13131313       6.141735131361937E-005
   229568.411386593        3333333.33333333       6.003084874218416E-005
   229568.411386593        3535353.53535353       5.890939635317795E-005
   229568.411386593        3737373.73737374       5.786256003128905E-005
   229568.411386593        3939393.93939394       5.675796056798476E-005
   229568.411386593        4141414.14141414       5.549994253405030E-005
   229568.411386593        4343434.34343434       5.401857188622896E-005
   229568.411386593        4545454.54545454       5.226498196841252E-005
   229568.411386593        4747474.74747475       5.021015768961543E-005
   229568.411386593        4949494.94949495       4.784509107345240E-005
   229568.411386593        5151515.15151515       4.518086338701374E-005
   229568.411386593        5353535.35353535       4.224772958312899E-005
   229568.411386593        5555555.55555555       3.909277239998303E-005
   229568.411386593        5757575.75757576       3.577615078412490E-005
   229568.411386593        5959595.95959596       3.236633428585417E-005
   229568.411386593        6161616.16161616       2.893493080639809E-005
   229568.411386593        6363636.36363636       2.555175271964771E-005
   229568.411386593        6565656.56565657       2.228064923465851E-005
   229568.411386593        6767676.76767677       1.917642407250167E-005
   229568.411386593        6969696.96969697       1.628293300324278E-005
   229568.411386593        7171717.17171717       1.363227595547678E-005
   229568.411386593        7373737.37373737       1.124489206331115E-005
   229568.411386593        7575757.57575757       9.130330477101104E-006
   229568.411386593        7777777.77777778       7.288482866976710E-006
   229568.411386593        7979797.97979798       5.711098751188881E-006
   229568.411386593        8181818.18181818       4.383442130595331E-006
   229568.411386593        8383838.38383838       3.285977965485792E-006
   229568.411386593        8585858.58585858       2.395999049105936E-006
   229568.411386593        8787878.78787879       1.689121452891786E-006
   229568.411386593        8989898.98989899       1.140594057878548E-006
   229568.411386593        9191919.19191919       7.263873315206157E-007
   229568.411386593        9393939.39393939       4.240497217193544E-007
   229568.411386593        9595959.59595960       2.133498646895476E-007
   229568.411386593        9797979.79797980       7.677161285707638E-008
   229568.411386593        10000000.0000000       0.000000000000000E+000
   294867.870625446       -10000000.0000000       0.000000000000000E+000
   294867.870625446       -9797979.79797980       9.289006153283488E-009
   294867.870625446       -9595959.59595960       2.638938128087903E-008
   294867.870625446       -9393939.39393939       5.424724853461993E-008
   294867.870625446       -9191919.19191919       9.697149926793936E-008
   294867.870625446       -8989898.98989899       1.600282541492277E-007
   294867.870625446       -8787878.78787879       2.504503039666746E-007
   294867.870625446       -8585858.58585859       3.770240988286410E-007
   294867.870625446       -8383838.38383838       5.504155449830915E-007
   294867.870625446       -8181818.18181818       7.831955844754727E-007
   294867.870625446       -7979797.97979798       1.089727350836665E-006
   294867.870625446       -7777777.77777778       1.485881387762770E-006
   294867.870625446       -7575757.57575758       1.988555206634797E-006
   294867.870625446       -7373737.37373737       2.614988411130303E-006
   294867.870625446       -7171717.17171717       3.381883865045098E-006
   294867.870625446       -6969696.96969697       4.304367343846387E-006
   294867.870625446       -6767676.76767677       5.394840912778581E-006
   294867.870625446       -6565656.56565657       6.661807243050278E-006
   294867.870625446       -6363636.36363636       8.108762081269522E-006
   294867.870625446       -6161616.16161616       9.733269357298059E-006
   294867.870625446       -5959595.95959596       1.152634668502421E-005
   294867.870625446       -5757575.75757576       1.347229524672010E-005
   294867.870625446       -5555555.55555556       1.554910166942336E-005
   294867.870625446       -5353535.35353535       1.772951330168107E-005
   294867.870625446       -5151515.15151515       1.998283699321562E-005
   294867.870625446       -4949494.94949495       2.227743734027744E-005
   294867.870625446       -4747474.74747475       2.458382876864408E-005
   294867.870625446       -4545454.54545455       2.687819756636411E-005
   294867.870625446       -4343434.34343434       2.914619816620072E-005
   294867.870625446       -4141414.14141414       3.138699074690300E-005
   294867.870625446       -3939393.93939394       3.361777060495357E-005
   294867.870625446       -3737373.73737374       3.587952486002597E-005
   294867.870625446       -3535353.53535354       3.824547157117084E-005
   294867.870625446       -3333333.33333333       4.083458217817418E-005
   294867.870625446       -3131313.13131313       4.383358493630148E-005
   294867.870625446       -2929292.92929293       4.753123966988653E-005
   294867.870625446       -2727272.72727273       5.236683108592625E-005
   294867.870625446       -2525252.52525253       5.898790278379993E-005
   294867.870625446       -2323232.32323232       6.829754873580183E-005
   294867.870625446       -2121212.12121212       8.145112902126619E-005
   294867.870625446       -1919191.91919192       9.974883069327801E-005
   294867.870625446       -1717171.71717172       1.243853016750943E-004
   294867.870625446       -1515151.51515152       1.560711065042000E-004
   294867.870625446       -1313131.31313131       1.946117593844624E-004
   294867.870625446       -1111111.11111111       2.385767758059675E-004
   294867.870625446       -909090.909090910       2.851885878950895E-004
   294867.870625446       -707070.707070708       3.305149275295145E-004
   294867.870625446       -505050.505050506       3.699747872638161E-004
   294867.870625446       -303030.303030305       3.990818619773027E-004
   294867.870625446       -101010.101010101       4.142701942232838E-004
   294867.870625446        101010.101010101       4.136022616125124E-004
   294867.870625446        303030.303030303       3.971732756337570E-004
   294867.870625446        505050.505050505       3.671002904271608E-004
   294867.870625446        707070.707070706       3.270983483707614E-004
   294867.870625446        909090.909090908       2.817584548268952E-004
   294867.870625446        1111111.11111111       2.357144092335102E-004
   294867.870625446        1313131.31313131       1.928965851962487E-004
   294867.870625446        1515151.51515151       1.560260567262933E-004
   294867.870625446        1717171.71717172       1.264262836223462E-004
   294867.870625446        1919191.91919192       1.041469774635921E-004
   294867.870625446        2121212.12121212       8.831975002928084E-005
   294867.870625446        2323232.32323232       7.761016683863782E-005
   294867.870625446        2525252.52525252       7.062028857381819E-005
   294867.870625446        2727272.72727273       6.614541735901723E-005
   294867.870625446        2929292.92929293       6.327130438833050E-005
   294867.870625446        3131313.13131313       6.135996934553936E-005
   294867.870625446        3333333.33333333       5.998665468212126E-005
   294867.870625446        3535353.53535353       5.887192236953854E-005
   294867.870625446        3737373.73737374       5.782836175739446E-005
   294867.870625446        3939393.93939394       5.672526190604997E-005
   294867.870625446        4141414.14141414       5.546791109795305E-005
   294867.870625446        4343434.34343434       5.398693424657167E-005
   294867.870625446        4545454.54545454       5.223381273851967E-005
   294867.870625446        4747474.74747475       5.017975344630447E-005
   294867.870625446        4949494.94949495       4.781588349611833E-005
   294867.870625446        5151515.15151515       4.515334984008653E-005
   294867.870625446        5353535.35353535       4.222241253110117E-005
   294867.870625446        5555555.55555555       3.907010619821530E-005
   294867.870625446        5757575.75757576       3.575649780535994E-005
   294867.870625446        5959595.95959596       3.234993323202031E-005
   294867.870625446        6161616.16161616       2.892187928611966E-005
   294867.870625446        6363636.36363636       2.554200453305395E-005
   294867.870625446        6565656.56565657       2.227402500471397E-005
   294867.870625446        6767676.76767677       1.917263242040222E-005
   294867.870625446        6969696.96969697       1.628159865562686E-005
   294867.870625446        7171717.17171717       1.363297102067207E-005
   294867.870625446        7373737.37373737       1.124716708403256E-005
   294867.870625446        7575757.57575757       9.133742554312691E-006
   294867.870625446        7777777.77777778       7.292618965198808E-006
   294867.870625446        7979797.97979798       5.715593104135111E-006
   294867.870625446        8181818.18181818       4.387987388358797E-006
   294867.870625446        8383838.38383838       3.290330320577619E-006
   294867.870625446        8585858.58585858       2.399978029020015E-006
   294867.870625446        8787878.78787879       1.692605360108061E-006
   294867.870625446        8989898.98989899       1.143512164162227E-006
   294867.870625446        9191919.19191919       7.287098737797291E-007
   294867.870625446        9393939.39393939       4.257764395134332E-007
   294867.870625446        9595959.59595960       2.144969781730345E-007
   294867.870625446        9797979.79797980       7.735439760453353E-008
   294867.870625446        10000000.0000000       0.000000000000000E+000
   368329.762269156       -10000000.0000000       0.000000000000000E+000
   368329.762269156       -9797979.79797980       9.379088379891088E-009
   368329.762269156       -9595959.59595960       2.657142236794673E-008
   368329.762269156       -9393939.39393939       5.453279599433157E-008
   368329.762269156       -9191919.19191919       9.737585384261200E-008
   368329.762269156       -8989898.98989899       1.605665158059860E-007
   368329.762269156       -8787878.78787879       2.511331512982027E-007
   368329.762269156       -8585858.58585859       3.778525321581450E-007
   368329.762269156       -8383838.38383838       5.513744156667207E-007
   368329.762269156       -8181818.18181818       7.842460532600480E-007
   368329.762269156       -7979797.97979798       1.090798701285665E-006
   368329.762269156       -7777777.77777778       1.486862896575892E-006
   368329.762269156       -7575757.57575758       1.989289017733287E-006
   368329.762269156       -7373737.37373737       2.615264534440341E-006
   368329.762269156       -7171717.17171717       3.381438479963327E-006
   368329.762269156       -6969696.96969697       4.302885492457511E-006
   368329.762269156       -6767676.76767677       5.391964391793865E-006
   368329.762269156       -6565656.56565657       6.657148035092369E-006
   368329.762269156       -6363636.36363636       8.101921013708759E-006
   368329.762269156       -6161616.16161616       9.723858871498171E-006
   368329.762269156       -5959595.95959596       1.151401570088005E-005
   368329.762269156       -5757575.75757576       1.345675321301009E-005
   368329.762269156       -5555555.55555556       1.553013813121695E-005
   368329.762269156       -5353535.35353535       1.770700883607514E-005
   368329.762269156       -5151515.15151515       1.995676126212372E-005
   368329.762269156       -4949494.94949495       2.224783023410293E-005
   368329.762269156       -4747474.74747475       2.455076083237775E-005
   368329.762269156       -4545454.54545455       2.684170532749662E-005
   368329.762269156       -4343434.34343434       2.910618719058430E-005
   368329.762269156       -4141414.14141414       3.134309183229700E-005
   368329.762269156       -3939393.93939394       3.356911850065397E-005
   368329.762269156       -3737373.73737374       3.582439765633141E-005
   368329.762269156       -3535353.53535354       3.818067191978486E-005
   368329.762269156       -3333333.33333333       4.075434467913673E-005
   368329.762269156       -3131313.13131313       4.372764708093750E-005
   368329.762269156       -2929292.92929293       4.738153629153244E-005
   368329.762269156       -2727272.72727273       5.214217082556933E-005
   368329.762269156       -2525252.52525253       5.863622203103846E-005
   368329.762269156       -2323232.32323232       6.773629910850260E-005
   368329.762269156       -2121212.12121212       8.055820522511140E-005
   368329.762269156       -1919191.91919192       9.835850642490121E-005
   368329.762269156       -1717171.71717172       1.222942431916484E-004
   368329.762269156       -1515151.51515152       1.530573416474788E-004
   368329.762269156       -1313131.31313131       1.904653007780316E-004
   368329.762269156       -1111111.11111111       2.331368652752623E-004
   368329.762269156       -909090.909090910       2.783806690954755E-004
   368329.762269156       -707070.707070708       3.223800329943931E-004
   368329.762269156       -505050.505050506       3.606844941004841E-004
   368329.762269156       -303030.303030305       3.889336984667648E-004
   368329.762269156       -101010.101010101       4.036618265967249E-004
   368329.762269156        101010.101010101       4.029875012860274E-004
   368329.762269156        303030.303030303       3.870075208463429E-004
   368329.762269156        505050.505050505       3.577858034341941E-004
   368329.762269156        707070.707070706       3.189397029243220E-004
   368329.762269156        909090.909090908       2.749356132011057E-004
   368329.762269156        1111111.11111111       2.302763692415661E-004
   368329.762269156        1313131.31313131       1.887741181689527E-004
   368329.762269156        1515151.51515151       1.530591136725403E-004
   368329.762269156        1717171.71717172       1.244003006166737E-004
   368329.762269156        1919191.91919192       1.028315112954176E-004
   368329.762269156        2121212.12121212       8.750207893191080E-005
   368329.762269156        2323232.32323232       7.711719213819153E-005
   368329.762269156        2525252.52525252       7.032594707515791E-005
   368329.762269156        2727272.72727273       6.596628099493558E-005
   368329.762269156        2929292.92929293       6.315629405675657E-005
   368329.762269156        3131313.13131313       6.127957207120756E-005
   368329.762269156        3333333.33333333       5.992446144451468E-005
   368329.762269156        3535353.53535353       5.881901789034430E-005
   368329.762269156        3737373.73737374       5.777998690991113E-005
   368329.762269156        3939393.93939394       5.667895873654636E-005
   368329.762269156        4141414.14141414       5.542252875155969E-005
   368329.762269156        4343434.34343434       5.394209948147620E-005
   368329.762269156        4545454.54545454       5.218963850915066E-005
   368329.762269156        4747474.74747475       5.013666376768147E-005
   368329.762269156        4949494.94949495       4.777449202860067E-005
   368329.762269156        5151515.15151515       4.511436231990051E-005
   368329.762269156        5353535.35353535       4.218654130863517E-005
   368329.762269156        5555555.55555555       3.903799504078385E-005
   368329.762269156        5757575.75757576       3.572865984721370E-005
   368329.762269156        5959595.95959596       3.232670615869513E-005
   368329.762269156        6161616.16161616       2.890340072207824E-005
   368329.762269156        6363636.36363636       2.552820826494515E-005
   368329.762269156        6565656.56565657       2.226465611135805E-005
   368329.762269156        6767676.76767677       1.916727733453814E-005
   368329.762269156        6969696.96969697       1.627972503436683E-005
   368329.762269156        7171717.17171717       1.363397208951309E-005
   368329.762269156        7373737.37373737       1.125040564619449E-005
   368329.762269156        7575757.57575757       9.138590833794331E-006
   368329.762269156        7777777.77777778       7.298491609906807E-006
   368329.762269156        7979797.97979798       5.721971822520836E-006
   368329.762269156        8181818.18181818       4.394436716597763E-006
   368329.762269156        8383838.38383838       3.296504860964988E-006
   368329.762269156        8585858.58585858       2.405622136796557E-006
   368329.762269156        8787878.78787879       1.697546669729985E-006
   368329.762269156        8989898.98989899       1.147650523197731E-006
   368329.762269156        9191919.19191919       7.320031678906254E-007
   368329.762269156        9393939.39393939       4.282243590405280E-007
   368329.762269156        9595959.59595960       2.161225977535699E-007
   368329.762269156        9797979.79797980       7.817963638249995E-008
   368329.762269156        10000000.0000000       0.000000000000000E+000
   449954.086317723       -10000000.0000000       0.000000000000000E+000
   449954.086317723       -9797979.79797980       9.501572709708261E-009
   449954.086317723       -9595959.59595960       2.681920567996041E-008
   449954.086317723       -9393939.39393939       5.492161548726110E-008
   449954.086317723       -9191919.19191919       9.792650098187764E-008
   449954.086317723       -8989898.98989899       1.612994829490411E-007
   449954.086317723       -8787878.78787879       2.520628882995683E-007
   449954.086317723       -8585858.58585859       3.789802881026284E-007
   449954.086317723       -8383838.38383838       5.526794276393804E-007
   449954.086317723       -8181818.18181818       7.856752767676864E-007
   449954.086317723       -7979797.97979798       1.092255661251434E-006
   449954.086317723       -7777777.77777778       1.488196612663298E-006
   449954.086317723       -7575757.57575758       1.990284291081694E-006
   449954.086317723       -7373737.37373737       2.615635120093894E-006
   449954.086317723       -7171717.17171717       3.380824750583621E-006
   449954.086317723       -6969696.96969697       4.300858071373027E-006
   449954.086317723       -6767676.76767677       5.388034859924191E-006
   449954.086317723       -6565656.56565657       6.650787181466848E-006
   449954.086317723       -6363636.36363636       8.092584213819792E-006
   449954.086317723       -6161616.16161616       9.711017083392581E-006
   449954.086317723       -5959595.95959596       1.149718934722113E-005
   449954.086317723       -5757575.75757576       1.343554499910087E-005
   449954.086317723       -5555555.55555556       1.550425981357069E-005
   449954.086317723       -5353535.35353535       1.767629630160188E-005
   449954.086317723       -5151515.15151515       1.992117214165321E-005
   449954.086317723       -4949494.94949495       2.220741859519230E-005
   449954.086317723       -4747474.74747475       2.450562383231555E-005
   449954.086317723       -4545454.54545455       2.679189601834669E-005
   449954.086317723       -4343434.34343434       2.905158405656654E-005
   449954.086317723       -4141414.14141414       3.128320594100937E-005
   449954.086317723       -3939393.93939394       3.350279815959066E-005
   449954.086317723       -3737373.73737374       3.574934960164691E-005
   449954.086317723       -3535353.53535354       3.809264377236658E-005
   449954.086317723       -3333333.33333333       4.064568758063441E-005
   449954.086317723       -3131313.13131313       4.358478687945999E-005
   449954.086317723       -2929292.92929293       4.718065120002222E-005
   449954.086317723       -2727272.72727273       5.184223822196427E-005
   449954.086317723       -2525252.52525253       5.816889136563133E-005
   449954.086317723       -2323232.32323232       6.699326985132718E-005
   449954.086317723       -2121212.12121212       7.937917839515656E-005
   449954.086317723       -1919191.91919192       9.652551312162008E-005
   449954.086317723       -1717171.71717172       1.195391014766789E-004
   449954.086317723       -1515151.51515152       1.490863101301722E-004
   449954.086317723       -1313131.31313131       1.849995134827300E-004
   449954.086317723       -1111111.11111111       2.259619688670938E-004
   449954.086317723       -909090.909090910       2.693963422336013E-004
   449954.086317723       -707070.707070708       3.116394250672128E-004
   449954.086317723       -505050.505050506       3.484143404577207E-004
   449954.086317723       -303030.303030305       3.755282912528092E-004
   449954.086317723       -101010.101010101       3.896486643064380E-004
   449954.086317723        101010.101010101       3.889687066190910E-004
   449954.086317723        303030.303030303       3.735871785277016E-004
   449954.086317723        505050.505050505       3.454970621084951E-004
   449954.086317723        707070.707070706       3.081854034629936E-004
   449954.086317723        909090.909090908       2.659524147238159E-004
   449954.086317723        1111111.11111111       2.231263847528268E-004
   449954.086317723        1313131.31313131       1.833622179852890E-004
   449954.086317723        1515151.51515151       1.491700536286514E-004
   449954.086317723        1717171.71717172       1.217477963995212E-004
   449954.086317723        1919191.91919192       1.011100618899965E-004
   449954.086317723        2121212.12121212       8.643136183360790E-005
   449954.086317723        2323232.32323232       7.647028464656183E-005
   449954.086317723        2525252.52525252       6.993822226199568E-005
   449954.086317723        2727272.72727273       6.572901729102314E-005
   449954.086317723        2929292.92929293       6.300294247892027E-005
   449954.086317723        3131313.13131313       6.117162674160022E-005
   449954.086317723        3333333.33333333       5.984045605395891E-005
   449954.086317723        3535353.53535353       5.874725025233037E-005
   449954.086317723        3737373.73737374       5.771418961842713E-005
   449954.086317723        3939393.93939394       5.661588798797387E-005
   449954.086317723        4141414.14141414       5.536066799880677E-005
   449954.086317723        4343434.34343434       5.388096601762965E-005
   449954.086317723        4545454.54545454       5.212939969946071E-005
   449954.086317723        4747474.74747475       5.007790469405946E-005
   449954.086317723        4949494.94949495       4.771805300685321E-005
   449954.086317723        5151515.15151515       4.506120733740568E-005
   449954.086317723        5353535.35353535       4.213764222296562E-005
   449954.086317723        5555555.55555555       3.899422942994146E-005
   449954.086317723        5757575.75757576       3.569072663518303E-005
   449954.086317723        5959595.95959596       3.229506467882897E-005
   449954.086317723        6161616.16161616       2.887823730447015E-005
   449954.086317723        6363636.36363636       2.550943122166780E-005
   449954.086317723        6565656.56565657       2.225191648817518E-005
   449954.086317723        6767676.76767677       1.916001000227428E-005
   449954.086317723        6969696.96969697       1.627720312683398E-005
   449954.086317723        7171717.17171717       1.363536750811072E-005
   449954.086317723        7373737.37373737       1.125484907418921E-005
   449954.086317723        7575757.57575757       9.145226039941481E-006
   449954.086317723        7777777.77777778       7.306520404134988E-006
   449954.086317723        7979797.97979798       5.730687592675142E-006
   449954.086317723        8181818.18181818       4.403245870819822E-006
   449954.086317723        8383838.38383838       3.304936648510676E-006
   449954.086317723        8585858.58585858       2.413328184808016E-006
   449954.086317723        8787878.78787879       1.704292134373381E-006
   449954.086317723        8989898.98989899       1.153298992689046E-006
   449954.086317723        9191919.19191919       7.364973389439412E-007
   449954.086317723        9393939.39393939       4.315639225158162E-007
   449954.086317723        9595959.59595960       2.183391864814210E-007
   449954.086317723        9797979.79797980       7.930365786127520E-008
   449954.086317723        10000000.0000000       0.000000000000000E+000
   539740.842771146       -10000000.0000000       0.000000000000000E+000
   539740.842771146       -9797979.79797980       9.662730808227523E-009
   539740.842771146       -9595959.59595960       2.714568759814578E-008
   539740.842771146       -9393939.39393939       5.543419237113541E-008
   539740.842771146       -9191919.19191919       9.865250559546098E-008
   539740.842771146       -8989898.98989899       1.622658070691696E-007
   539740.842771146       -8787878.78787879       2.532884177505631E-007
   539740.842771146       -8585858.58585859       3.804664657215171E-007
   539740.842771146       -8383838.38383838       5.543986367818701E-007
   539740.842771146       -8181818.18181818       7.875573021480034E-007
   539740.842771146       -7979797.97979798       1.094172988291735E-006
   539740.842771146       -7777777.77777778       1.489949819365118E-006
   539740.842771146       -7575757.57575758       1.991589225227384E-006
   539740.842771146       -7373737.37373737       2.616113867600443E-006
   539740.842771146       -7171717.17171717       3.380002509589883E-006
   539740.842771146       -6969696.96969697       4.298167881503775E-006
   539740.842771146       -6767676.76767677       5.382831648078650E-006
   539740.842771146       -6565656.56565657       6.642371753747436E-006
   539740.842771146       -6363636.36363636       8.080236661038637E-006
   539740.842771146       -6161616.16161616       9.694037628992606E-006
   539740.842771146       -5959595.95959596       1.147494305784843E-005
   539740.842771146       -5757575.75757576       1.340750517130950E-005
   539740.842771146       -5555555.55555556       1.547004348240861E-005
   539740.842771146       -5353535.35353535       1.763568445203846E-005
   539740.842771146       -5151515.15151515       1.987410702936245E-005
   539740.842771146       -4949494.94949495       2.215397103159916E-005
   539740.842771146       -4747474.74747475       2.444592379925411E-005
   539740.842771146       -4545454.54545455       2.672601922324138E-005
   539740.842771146       -4343434.34343434       2.897938260540597E-005
   539740.842771146       -4141414.14141414       3.120405919986731E-005
   539740.842771146       -3939393.93939394       3.341523360064452E-005
   539740.842771146       -3737373.73737374       3.565043238709589E-005
   539740.842771146       -3535353.53535354       3.797694142556107E-005
   539740.842771146       -3333333.33333333       4.050346030168005E-005
   539740.842771146       -3131313.13131313       4.339881887612668E-005
   539740.842771146       -2929292.92929293       4.692085356743861E-005
   539740.842771146       -2727272.72727273       5.145698161777968E-005
   539740.842771146       -2525252.52525253       5.757237028952923E-005
   539740.842771146       -2323232.32323232       6.604967117641805E-005
   539740.842771146       -2121212.12121212       7.788735656827191E-005
   539740.842771146       -1919191.91919192       9.421134219209043E-005
   539740.842771146       -1717171.71717172       1.160641086391561E-004
   539740.842771146       -1515151.51515152       1.440781572413711E-004
   539740.842771146       -1313131.31313131       1.781030551185963E-004
   539740.842771146       -1111111.11111111       2.169027296028012E-004
   539740.842771146       -909090.909090910       2.580443011180877E-004
   539740.842771146       -707070.707070708       2.980599918043539E-004
   539740.842771146       -505050.505050506       3.328944595307377E-004
   539740.842771146       -303030.303030305       3.585689114271643E-004
   539740.842771146       -101010.101010101       3.719208567948099E-004
   539740.842771146        101010.101010101       3.712387323666752E-004
   539740.842771146        303030.303030303       3.566235187175874E-004
   539740.842771146        505050.505050505       3.299771207496845E-004
   539740.842771146        707070.707070706       2.946195005221513E-004
   539740.842771146        909090.909090908       2.546379039373191E-004
   539740.842771146        1111111.11111111       2.141371971439273E-004
   539740.842771146        1313131.31313131       1.765716714717924E-004
   539740.842771146        1515151.51515151       1.442994748224576E-004
   539740.842771146        1717171.71717172       1.184304741271662E-004
   539740.842771146        1919191.91919192       9.895800370335045E-005
   539740.842771146        2121212.12121212       8.509131354075399E-005
   539740.842771146        2323232.32323232       7.565816427955263E-005
   539740.842771146        2525252.52525252       6.944890549711711E-005
   539740.842771146        2727272.72727273       6.542736179863266E-005
   539740.842771146        2929292.92929293       6.280622727647510E-005
   539740.842771146        3131313.13131313       6.103188752716404E-005
   539740.842771146        3333333.33333333       5.973085495494651E-005
   539740.842771146        3535353.53535353       5.865309076014077E-005
   539740.842771146        3737373.73737374       5.762756642701577E-005
   539740.842771146        3939393.93939394       5.653269854611763E-005
   539740.842771146        4141414.14141414       5.527899871234706E-005
   539740.842771146        4343434.34343434       5.380022411451510E-005
   539740.842771146        4545454.54545454       5.204982916537392E-005
   539740.842771146        4747474.74747475       5.000029025545561E-005
   539740.842771146        4949494.94949495       4.764351072981086E-005
   539740.842771146        5151515.15151515       4.499101337681862E-005
   539740.842771146        5353535.35353535       4.207308112174143E-005
   539740.842771146        5555555.55555555       3.893645986506381E-005
   539740.842771146        5757575.75757576       3.564067038442787E-005
   539740.842771146        5959595.95959596       3.225332643923741E-005
   539740.842771146        6161616.16161616       2.884506082344896E-005
   539740.842771146        6363636.36363636       2.548469291401724E-005
   539740.842771146        6565656.56565657       2.223515306046331E-005
   539740.842771146        6767676.76767677       1.915047290450416E-005
   539740.842771146        6969696.96969697       1.627393058150089E-005
   539740.842771146        7171717.17171717       1.363726449249153E-005
   539740.842771146        7373737.37373737       1.126076659444590E-005
   539740.842771146        7575757.57575757       9.154032809937981E-006
   539740.842771146        7777777.77777778       7.317162140003405E-006
   539740.842771146        7979797.97979798       5.742231206638455E-006
   539740.842771146        8181818.18181818       4.414907690667745E-006
   539740.842771146        8383838.38383838       3.316095301830152E-006
   539740.842771146        8585858.58585858       2.423523923376954E-006
   539740.842771146        8787878.78787879       1.713215109018446E-006
   539740.842771146        8989898.98989899       1.160769300388164E-006
   539740.842771146        9191919.19191919       7.424395100586197E-007
   539740.842771146        9393939.39393939       4.359777507245658E-007
   539740.842771146        9595959.59595960       2.212667577931787E-007
   539740.842771146        9797979.79797980       8.078606919747695E-008
   539740.842771146        10000000.0000000       0.000000000000000E+000
   637690.031629426       -10000000.0000000       0.000000000000000E+000
   637690.031629426       -9797979.79797980       9.868868239388762E-009
   637690.031629426       -9595959.59595960       2.756405783678610E-008
   637690.031629426       -9393939.39393939       5.609147499446460E-008
   637690.031629426       -9191919.19191919       9.958362103400164E-008
   637690.031629426       -8989898.98989899       1.635050295303343E-007
   637690.031629426       -8787878.78787879       2.548596855837244E-007
   637690.031629426       -8585858.58585859       3.823712793630595E-007
   637690.031629426       -8383838.38383838       5.566011611813389E-007
   637690.031629426       -8181818.18181818       7.899670035177324E-007
   637690.031629426       -7979797.97979798       1.096625777990021E-006
   637690.031629426       -7777777.77777778       1.492189307478473E-006
   637690.031629426       -7575757.57575758       1.993250248014837E-006
   637690.031629426       -7373737.37373737       2.616710854834881E-006
   637690.031629426       -7171717.17171717       3.378925399874563E-006
   637690.031629426       -6969696.96969697       4.294688086846309E-006
   637690.031629426       -6767676.76767677       5.376119950285238E-006
   637690.031629426       -6565656.56565657       6.631528957262323E-006
   637690.031629426       -6363636.36363636       8.064336345213855E-006
   637690.031629426       -6161616.16161616       9.672178504881976E-006
   637690.031629426       -5959595.95959596       1.144630637515783E-005
   637690.031629426       -5757575.75757576       1.337141055949384E-005
   637690.031629426       -5555555.55555556       1.542599485123272E-005
   637690.031629426       -5353535.35353535       1.758339646422938E-005
   637690.031629426       -5151515.15151515       1.981350244202896E-005
   637690.031629426       -4949494.94949495       2.208513981740977E-005
   637690.031629426       -4747474.74747475       2.436903572087429E-005
   637690.031629426       -4545454.54545455       2.664118081347855E-005
   637690.031629426       -4343434.34343434       2.888642434243596E-005
   637690.031629426       -4141414.14141414       3.110222422020232E-005
   637690.031629426       -3939393.93939394       3.330270780125375E-005
   637690.031629426       -3737373.73737374       3.552359474915964E-005
   637690.031629426       -3535353.53535354       3.782910353226686E-005
   637690.031629426       -3333333.33333333       4.032267991843820E-005
   637690.031629426       -3131313.13131313       4.316409579627134E-005
   637690.031629426       -2929292.92929293       4.659568064249620E-005
   637690.031629426       -2727272.72727273       5.097901456871903E-005
   637690.031629426       -2525252.52525253       5.683835733246584E-005
   637690.031629426       -2323232.32323232       6.489646002332530E-005
   637690.031629426       -2121212.12121212       7.607320839598631E-005
   637690.031629426       -1919191.91919192       9.140598094238068E-005
   637690.031629426       -1717171.71717172       1.118580000872417E-004
   637690.031629426       -1515151.51515152       1.380183702217678E-004
   637690.031629426       -1313131.31313131       1.697549788363996E-004
   637690.031629426       -1111111.11111111       2.059280927939794E-004
   637690.031629426       -909090.909090910       2.442803725628753E-004
   637690.031629426       -707070.707070708       2.815832399580911E-004
   637690.031629426       -505050.505050506       3.140533785097092E-004
   637690.031629426       -303030.303030305       3.379750970947603E-004
   637690.031629426       -101010.101010101       3.503950600050186E-004
   637690.031629426        101010.101010101       3.497185275692207E-004
   637690.031629426        303030.303030303       3.360486860745528E-004
   637690.031629426        505050.505050505       3.111745907677702E-004
   637690.031629426        707070.707070706       2.782096269786910E-004
   637690.031629426        909090.909090908       2.409780352318001E-004
   637690.031629426        1111111.11111111       2.033093504787115E-004
   637690.031629426        1313131.31313131       1.684119032288486E-004
   637690.031629426        1515151.51515151       1.384596643654482E-004
   637690.031629426        1717171.71717172       1.144588435637780E-004
   637690.031629426        1919191.91919192       9.638175904092398E-005
   637690.031629426        2121212.12121212       8.348412932463800E-005
   637690.031629426        2323232.32323232       7.467989614583025E-005
   637690.031629426        2525252.52525252       6.885527306004769E-005
   637690.031629426        2727272.72727273       6.505781955543352E-005
   637690.031629426        2929292.92929293       6.256245465971527E-005
   637690.031629426        3131313.13131313       6.085669926493493E-005
   637690.031629426        3333333.33333333       5.959209494509492E-005
   637690.031629426        3535353.53535353       5.853304660941140E-005
   637690.031629426        3737373.73737374       5.751665783280492E-005
   637690.031629426        3939393.93939394       5.642593754376297E-005
   637690.031629426        4141414.14141414       5.517406704694567E-005
   637690.031629426        4343434.34343434       5.369643129291297E-005
   637690.031629426        4545454.54545454       5.194752578732403E-005
   637690.031629426        4747474.74747475       4.990050455194300E-005
   637690.031629426        4949494.94949495       4.754768758881693E-005
   637690.031629426        5151515.15151515       4.490079818762611E-005
   637690.031629426        5353535.35353535       4.199012675227767E-005
   637690.031629426        5555555.55555555       3.886225514457977E-005
   637690.031629426        5757575.75757576       3.557639803232272E-005
   637690.031629426        5959595.95959596       3.219976049148345E-005
   637690.031629426        6161616.16161616       2.880251067743736E-005
   637690.031629426        6363636.36363636       2.545299552875357E-005
   637690.031629426        6565656.56565657       2.221370883320035E-005
   637690.031629426        6767676.76767677       1.913831597176572E-005
   637690.031629426        6969696.96969697       1.626982163034884E-005
   637690.031629426        7171717.17171717       1.363979369485952E-005
   637690.031629426        7373737.37373737       1.126845552868215E-005
   637690.031629426        7575757.57575757       9.165426529675672E-006
   637690.031629426        7777777.77777778       7.330905259816963E-006
   637690.031629426        7979797.97979798       5.757124544298879E-006
   637690.031629426        8181818.18181818       4.429944374060131E-006
   637690.031629426        8383838.38383838       3.330477186591515E-006
   637690.031629426        8585858.58585858       2.436660618253416E-006
   637690.031629426        8787878.78787879       1.724708840720851E-006
   637690.031629426        8989898.98989899       1.170389242972656E-006
   637690.031629426        9191919.19191919       7.500890051057680E-007
   637690.031629426        9393939.39393939       4.416568752209388E-007
   637690.031629426        9595959.59595960       2.250301409512049E-007
   637690.031629426        9797979.79797980       8.268814226028628E-008
   637690.031629426        10000000.0000000       0.000000000000000E+000
   743801.652892562       -10000000.0000000       0.000000000000000E+000
   743801.652892562       -9797979.79797980       1.012604557814345E-008
   743801.652892562       -9595959.59595960       2.808722615842122E-008
   743801.652892562       -9393939.39393939       5.691410178055116E-008
   743801.652892562       -9191919.19191919       1.007492044145941E-007
   743801.652892562       -8989898.98989899       1.650561245527943E-007
   743801.652892562       -8787878.78787879       2.568257948994630E-007
   743801.652892562       -8585858.58585859       3.847537049407606E-007
   743801.652892562       -8383838.38383838       5.593543557255535E-007
   743801.652892562       -8181818.18181818       7.929768356202542E-007
   743801.652892562       -7979797.97979798       1.099685923586848E-006
   743801.652892562       -7777777.77777778       1.494977764764244E-006
   743801.652892562       -7575757.57575758       1.995308674064029E-006
   743801.652892562       -7373737.37373737       2.617429925846774E-006
   743801.652892562       -7171717.17171717       3.377539578751260E-006
   743801.652892562       -6969696.96969697       4.290282930809193E-006
   743801.652892562       -6767676.76767677       5.367654328235365E-006
   743801.652892562       -6565656.56565657       6.617873236221615E-006
   743801.652892562       -6363636.36363636       8.044325764655241E-006
   743801.652892562       -6161616.16161616       9.644678668563313E-006
   743801.652892562       -5959595.95959596       1.141028521785956E-005
   743801.652892562       -5757575.75757576       1.332600856373552E-005
   743801.652892562       -5555555.55555556       1.537058307992716E-005
   743801.652892562       -5353535.35353535       1.751761057562152E-005
   743801.652892562       -5151515.15151515       1.973724059309621E-005
   743801.652892562       -4949494.94949495       2.199851318880025E-005
   743801.652892562       -4747474.74747475       2.427226151300374E-005
   743801.652892562       -4545454.54545455       2.653440703192666E-005
   743801.652892562       -4343434.34343434       2.876947001199878E-005
   743801.652892562       -4141414.14141414       3.097420219077441E-005
   743801.652892562       -3939393.93939394       3.316146114760973E-005
   743801.652892562       -3737373.73737374       3.536480789755438E-005
   743801.652892562       -3535353.53535354       3.764482432041065E-005
   743801.652892562       -3333333.33333333       4.009878110348081E-005
   743801.652892562       -3131313.13131313       4.287589442939386E-005
   743801.652892562       -2929292.92929293       4.620055831745166E-005
   743801.652892562       -2727272.72727273       5.040464011183121E-005
   743801.652892562       -2525252.52525253       5.596550457421978E-005
   743801.652892562       -2323232.32323232       6.353722303258060E-005
   743801.652892562       -2121212.12121212       7.394918678497389E-005
   743801.652892562       -1919191.91919192       8.813584850510436E-005
   743801.652892562       -1717171.71717172       1.069666735837059E-004
   743801.652892562       -1515151.51515152       1.309770968332808E-004
   743801.652892562       -1313131.31313131       1.600526731965286E-004
   743801.652892562       -1111111.11111111       1.931634417349191E-004
   743801.652892562       -909090.909090910       2.282566465966726E-004
   743801.652892562       -707070.707070708       2.623851858726528E-004
   743801.652892562       -505050.505050506       2.920873184583434E-004
   743801.652892562       -303030.303030305       3.139589735804555E-004
   743801.652892562       -101010.101010101       3.252945766722552E-004
   743801.652892562        101010.101010101       3.246374216005212E-004
   743801.652892562        303030.303030303       3.120923878391646E-004
   743801.652892562        505050.505050505       2.893133356739088E-004
   743801.652892562        707070.707070706       2.591670367868590E-004
   743801.652892562        909090.909090908       2.251644303667555E-004
   743801.652892562        1111111.11111111       1.908082703804877E-004
   743801.652892562        1313131.31313131       1.590172145066519E-004
   743801.652892562        1515151.51515151       1.317518282796310E-004
   743801.652892562        1717171.71717172       1.099027737592914E-004
   743801.652892562        1919191.91919192       9.342492724925773E-005
   743801.652892562        2121212.12121212       8.163395436185954E-005
   743801.652892562        2323232.32323232       7.354686173246608E-005
   743801.652892562        2525252.52525252       6.816123313099678E-005
   743801.652892562        2727272.72727273       6.462035403582563E-005
   743801.652892562        2929292.92929293       6.226968845550869E-005
   743801.652892562        3131313.13131313       6.064327728464405E-005
   743801.652892562        3333333.33333333       5.942102768879750E-005
   743801.652892562        3535353.53535353       5.838380743618776E-005
   743801.652892562        3737373.73737374       5.737806861038942E-005
   743801.652892562        3939393.93939394       5.629215689861980E-005
   743801.652892562        4141414.14141414       5.504239506043379E-005
   743801.652892562        4343434.34343434       5.356610854023834E-005
   743801.652892562        4545454.54545454       5.181904868553379E-005
   743801.652892562        4747474.74747475       4.977519409983942E-005
   743801.652892562        4949494.94949495       4.742737384650397E-005
   743801.652892562        5151515.15151515       4.478755481383930E-005
   743801.652892562        5353535.35353535       4.188603163091537E-005
   743801.652892562        5555555.55555555       3.876917664634474E-005
   743801.652892562        5757575.75757576       3.549581765338162E-005
   743801.652892562        5959595.95959596       3.213264484993388E-005
   743801.652892562        6161616.16161616       2.874924195713416E-005
   743801.652892562        6363636.36363636       2.541336233935719E-005
   743801.652892562        6565656.56565657       2.218695184728630E-005
   743801.652892562        6767676.76767677       1.912321668452829E-005
   743801.652892562        6969696.96969697       1.626481924406492E-005
   743801.652892562        7171717.17171717       1.364311455028567E-005
   743801.652892562        7373737.37373737       1.127824109936409E-005
   743801.652892562        7575757.57575757       9.179848902415982E-006
   743801.652892562        7777777.77777778       7.348262445801760E-006
   743801.652892562        7979797.97979798       5.775911327848007E-006
   743801.652892562        8181818.18181818       4.448897377870500E-006
   743801.652892562        8383838.38383838       3.348595254815213E-006
   743801.652892562        8585858.58585858       2.453203424731639E-006
   743801.652892562        8787878.78787879       1.739177787544253E-006
   743801.652892562        8989898.98989899       1.182495197063625E-006
   743801.652892562        9191919.19191919       7.597111700257348E-007
   743801.652892562        9393939.39393939       4.487959022433539E-007
   743801.652892562        9595959.59595960       2.297554951916083E-007
   743801.652892562        9797979.79797980       8.507079218414845E-008
   743801.652892562        10000000.0000000       0.000000000000000E+000
   858075.706560555       -10000000.0000000       0.000000000000000E+000
   858075.706560555       -9797979.79797980       1.043974455014868E-008
   858075.706560555       -9595959.59595960       2.872719462634013E-008
   858075.706560555       -9393939.39393939       5.792144917565779E-008
   858075.706560555       -9191919.19191919       1.021768771200035E-007
   858075.706560555       -8989898.98989899       1.669556978626835E-007
   858075.706560555       -8787878.78787879       2.592326723551467E-007
   858075.706560555       -8585858.58585859       3.876685645732854E-007
   858075.706560555       -8383838.38383838       5.627203070672553E-007
   858075.706560555       -8181818.18181818       7.966527969571361E-007
   858075.706560555       -7979797.97979798       1.103417697194877E-006
   858075.706560555       -7777777.77777778       1.498369243010615E-006
   858075.706560555       -7575757.57575758       1.997796464955402E-006
   858075.706560555       -7373737.37373737       2.618265304290346E-006
   858075.706560555       -7171717.17171717       3.375781898354990E-006
   858075.706560555       -6969696.96969697       4.284808335424617E-006
   858075.706560555       -6767676.76767677       5.357182685335234E-006
   858075.706560555       -6565656.56565657       6.601014630497098E-006
   858075.706560555       -6363636.36363636       8.019645657644149E-006
   858075.706560555       -6161616.16161616       9.610778043983928E-006
   858075.706560555       -5959595.95959596       1.136588889088116E-005
   858075.706560555       -5757575.75757576       1.327005166706430E-005
   858075.706560555       -5555555.55555556       1.530228302148061E-005
   858075.706560555       -5353535.35353535       1.743651003606770E-005
   858075.706560555       -5151515.15151515       1.964320682423619E-005
   858075.706560555       -4949494.94949495       2.189167996646323E-005
   858075.706560555       -4747474.74747475       2.415290169520093E-005
   858075.706560555       -4545454.54545455       2.640272354958870E-005
   858075.706560555       -4343434.34343434       2.862528727370952E-005
   858075.706560555       -4141414.14141414       3.081652195800567E-005
   858075.706560555       -3939393.93939394       3.298780717196489E-005
   858075.706560555       -3737373.73737374       3.517020699061264E-005
   858075.706560555       -3535353.53535354       3.742013568569081E-005
   858075.706560555       -3333333.33333333       3.982786223258376E-005
   858075.706560555       -3131313.13131313       4.253076114983237E-005
   858075.706560555       -2929292.92929293       4.573329778714485E-005
   858075.706560555       -2727272.72727273       4.973457311005426E-005
   858075.706560555       -2525252.52525253       5.496047775441098E-005
   858075.706560555       -2323232.32323232       6.198976246400694E-005
   858075.706560555       -2121212.12121212       7.155218986092289E-005
   858075.706560555       -1919191.91919192       8.446778166530599E-005
   858075.706560555       -1717171.71717172       1.014997931180384E-004
   858075.706560555       -1515151.51515152       1.231199303057438E-004
   858075.706560555       -1313131.31313131       1.492286609635337E-004
   858075.706560555       -1111111.11111111       1.789151016770614E-004
   858075.706560555       -909090.909090910       2.103547664657933E-004
   858075.706560555       -707070.707070708       2.409185494076171E-004
   858075.706560555       -505050.505050506       2.675103010015299E-004
   858075.706560555       -303030.303030305       2.870812333027410E-004
   858075.706560555       -101010.101010101       2.972083478200905E-004
   858075.706560555        101010.101010101       2.965917880590677E-004
   858075.706560555        303030.303030303       2.853368295966324E-004
   858075.706560555        505050.505050505       2.649406614003335E-004
   858075.706560555        707070.707070706       2.379858434174887E-004
   858075.706560555        909090.909090908       2.076236221388296E-004
   858075.706560555        1111111.11111111       1.769838191877902E-004
   858075.706560555        1313131.31313131       1.486582011375342E-004
   858075.706560555        1515151.51515151       1.243717038205701E-004
   858075.706560555        1717171.71717172       1.048937066300343E-004
   858075.706560555        1919191.91919192       9.016896175680823E-005
   858075.706560555        2121212.12121212       7.958709995381379E-005
   858075.706560555        2323232.32323232       7.228294566799825E-005
   858075.706560555        2525252.52525252       6.737756520545472E-005
   858075.706560555        2727272.72727273       6.411864613094029E-005
   858075.706560555        2929292.92929293       6.192799113887268E-005
   858075.706560555        3131313.13131313       6.038991517235060E-005
   858075.706560555        3333333.33333333       5.921509540710285E-005
   858075.706560555        3535353.53535353       5.820239672909018E-005
   858075.706560555        3737373.73737374       5.720860329480737E-005
   858075.706560555        3939393.93939394       5.612803939953971E-005
   858075.706560555        4141414.14141414       5.488060169197155E-005
   858075.706560555        4343434.34343434       5.340585851647823E-005
   858075.706560555        4545454.54545454       5.166103347755832E-005
   858075.706560555        4747474.74747475       4.962108185798905E-005
   858075.706560555        4949494.94949495       4.727943838100978E-005
   858075.706560555        5151515.15151515       4.464835752622734E-005
   858075.706560555        5353535.35353535       4.175813141002545E-005
   858075.706560555        5555555.55555555       3.865486938140555E-005
   858075.706560555        5757575.75757576       3.539691965399103E-005
   858075.706560555        5959595.95959596       3.205033663990557E-005
   858075.706560555        6161616.16161616       2.868398382390249E-005
   858075.706560555        6363636.36363636       2.536488410743086E-005
   858075.706560555        6565656.56565657       2.215430991075307E-005
   858075.706560555        6767676.76767677       1.910490390623344E-005
   858075.706560555        6969696.96969697       1.625890921918990E-005
   858075.706560555        7171717.17171717       1.364742104225461E-005
   858075.706560555        7373737.37373737       1.129047545186197E-005
   858075.706560555        7575757.57575757       9.197761844155807E-006
   858075.706560555        7777777.77777778       7.369760941064191E-006
   858075.706560555        7979797.97979798       5.799145274329210E-006
   858075.706560555        8181818.18181818       4.472314604275171E-006
   858075.706560555        8383838.38383838       3.370966231984218E-006
   858075.706560555        8585858.58585858       2.473619300133570E-006
   858075.706560555        8787878.78787879       1.757026752363605E-006
   858075.706560555        8989898.98989899       1.197422771628716E-006
   858075.706560555        9191919.19191919       7.715696848949505E-007
   858075.706560555        9393939.39393939       4.575870235092632E-007
   858075.706560555        9595959.59595960       2.355660331877399E-007
   858075.706560555        9797979.79797980       8.799215539510522E-008
   858075.706560555        10000000.0000000       0.000000000000000E+000
   980512.192633405       -10000000.0000000       0.000000000000000E+000
   980512.192633405       -9797979.79797980       1.081448662389850E-008
   980512.192633405       -9595959.59595960       2.949431948305607E-008
   980512.192633405       -9393939.39393939       5.913050110994984E-008
   980512.192633405       -9191919.19191919       1.038909284865088E-007
   980512.192633405       -8989898.98989899       1.692358366406864E-007
   980512.192633405       -8787878.78787879       2.621202797863593E-007
   980512.192633405       -8585858.58585859       3.911630384724270E-007
   980512.192633405       -8383838.38383838       5.667516316423696E-007
   980512.192633405       -8181818.18181818       8.010495753971267E-007
   980512.192633405       -7979797.97979798       1.107872411055160E-006
   980512.192633405       -7777777.77777778       1.502403640338059E-006
   980512.192633405       -7575757.57575758       2.000731001762836E-006
   980512.192633405       -7373737.37373737       2.619197306421180E-006
   980512.192633405       -7171717.17171717       3.373577393495000E-006
   980512.192633405       -6969696.96969697       4.278112167106241E-006
   980512.192633405       -6767676.76767677       5.344450445079684E-006
   980512.192633405       -6565656.56565657       6.580568074086447E-006
   980512.192633405       -6363636.36363636       7.989750623344320E-006
   980512.192633405       -6161616.16161616       9.569740572087711E-006
   980512.192633405       -5959595.95959596       1.131216148620837E-005
   980512.192633405       -5757575.75757576       1.320233784224821E-005
   980512.192633405       -5555555.55555556       1.521962497638634E-005
   980512.192633405       -5353535.35353535       1.733834223469792E-005
   980512.192633405       -5151515.15151515       1.952935787107669E-005
   980512.192633405       -4949494.94949495       2.176230659876339E-005
   980512.192633405       -4747474.74747475       2.400834093185728E-005
   980512.192633405       -4545454.54545455       2.624324959867086E-005
   980512.192633405       -4343434.34343434       2.845075426695080E-005
   980512.192633405       -4141414.14141414       3.062585504716977E-005
   980512.192633405       -3939393.93939394       3.277826270036926E-005
   980512.192633405       -3737373.73737374       3.493624203318487E-005
   980512.192633405       -3535353.53535354       3.715158610337491E-005
   980512.192633405       -3333333.33333333       3.950689913934511E-005
   980512.192633405       -3131313.13131313       4.212676075787008E-005
   980512.192633405       -2929292.92929293       4.519435916847938E-005
   980512.192633405       -2727272.72727273       4.897415220688891E-005
   980512.192633405       -2525252.52525253       5.383796842983688E-005
   980512.192633405       -2323232.32323232       6.028565130910915E-005
   980512.192633405       -2121212.12121212       6.894231705937025E-005
   980512.192633405       -1919191.91919192       8.050669506349391E-005
   980512.192633405       -1717171.71717172       9.562734072708902E-005
   980512.192633405       -1515151.51515152       1.147038633549756E-004
   980512.192633405       -1313131.31313131       1.376470378885660E-004
   980512.192633405       -1111111.11111111       1.636686678812902E-004
   980512.192633405       -909090.909090910       1.911874147510823E-004
   980512.192633405       -707070.707070708       2.179180851873074E-004
   980512.192633405       -505050.505050506       2.411631705131029E-004
   980512.192633405       -303030.303030305       2.582628289699682E-004
   980512.192633405       -101010.101010101       2.671036023349594E-004
   980512.192633405        101010.101010101       2.665565465635272E-004
   980512.192633405        303030.303030303       2.567249649546641E-004
   980512.192633405        505050.505050505       2.389306420628874E-004
   980512.192633405        707070.707070706       2.154406030729665E-004
   980512.192633405        909090.909090908       1.890092356657279E-004
   980512.192633405        1111111.11111111       1.623586077952929E-004
   980512.192633405        1313131.31313131       1.377285366817319E-004
   980512.192633405        1515151.51515151       1.165972074173744E-004
   980512.192633405        1717171.71717172       9.961482973894118E-005
   980512.192633405        1919191.91919192       8.672642144160127E-005
   980512.192633405        2121212.12121212       7.740801263740050E-005
   980512.192633405        2323232.32323232       7.092244300418508E-005
   980512.192633405        2525252.52525252       6.652099858663465E-005
   980512.192633405        2727272.72727273       6.355978872008235E-005
   980512.192633405        2929292.92929293       6.153940411473166E-005
   980512.192633405        3131313.13131313       6.009608122890303E-005
   980512.192633405        3333333.33333333       5.897246702425654E-005
   980512.192633405        3535353.53535353       5.798631755025086E-005
   980512.192633405        3737373.73737374       5.700541172926171E-005
   980512.192633405        3939393.93939394       5.593054208670489E-005
   980512.192633405        4141414.14141414       5.468554424801046E-005
   980512.192633405        4343434.34343434       5.321250554416184E-005
   980512.192633405        4545454.54545454       5.147033058756302E-005
   980512.192633405        4747474.74747475       4.943510296096943E-005
   980512.192633405        4949494.94949495       4.710096033844334E-005
   980512.192633405        5151515.15151515       4.448048747357807E-005
   980512.192633405        5353535.35353535       4.160396242090117E-005
   980512.192633405        5555555.55555555       3.851716936855675E-005
   980512.192633405        5757575.75757576       3.527787218070840E-005
   980512.192633405        5959595.95959596       3.195135417918627E-005
   980512.192633405        6161616.16161616       2.860560746186370E-005
   980512.192633405        6363636.36363636       2.530677271806203E-005
   980512.192633405        6565656.56565657       2.211531033993374E-005
   980512.192633405        6767676.76767677       1.908318470153099E-005
   980512.192633405        6969696.96969697       1.625213548939798E-005
   980512.192633405        7171717.17171717       1.365294723651168E-005
   980512.192633405        7373737.37373737       1.130553531197664E-005
   980512.192633405        7575757.57575757       9.219639199871729E-006
   980512.192633405        7777777.77777778       7.395930172502413E-006
   980512.192633405        7979797.97979798       5.827375290418699E-006
   980512.192633405        8181818.18181818       4.500734584281646E-006
   980512.192633405        8383838.38383838       3.398094923286974E-006
   980512.192633405        8585858.58585858       2.498362277956261E-006
   980512.192633405        8787878.78787879       1.778647699719115E-006
   980512.192633405        8989898.98989899       1.215495509280074E-006
   980512.192633405        9191919.19191919       7.859173102358120E-007
   980512.192633405        9393939.39393939       4.682128528770105E-007
   980512.192633405        9595959.59595960       2.425769713375620E-007
   980512.192633405        9797979.79797980       9.150481909687001E-008
   980512.192633405        10000000.0000000       0.000000000000000E+000
   1111111.11111111       -10000000.0000000       0.000000000000000E+000
   1111111.11111111       -9797979.79797980       1.125341930654374E-008
   1111111.11111111       -9595959.59595960       3.039647872775624E-008
   1111111.11111111       -9393939.39393939       6.055455649183462E-008
   1111111.11111111       -9191919.19191919       1.059104816622399E-007
   1111111.11111111       -8989898.98989899       1.719216338058581E-007
   1111111.11111111       -8787878.78787879       2.655193988515896E-007
   1111111.11111111       -8585858.58585859       3.952726359252037E-007
   1111111.11111111       -8383838.38383838       5.714866098974275E-007
   1111111.11111111       -8181818.18181818       8.062049052301919E-007
   1111111.11111111       -7979797.97979798       1.113082174722402E-006
   1111111.11111111       -7777777.77777778       1.507100188857882E-006
   1111111.11111111       -7575757.57575758       2.004108817789780E-006
   1111111.11111111       -7373737.37373737       2.620187039614617E-006
   1111111.11111111       -7171717.17171717       3.370835879563691E-006
   1111111.11111111       -6969696.96969697       4.270033867053172E-006
   1111111.11111111       -6767676.76767677       5.329204509231674E-006
   1111111.11111111       -6565656.56565657       6.556163076141386E-006
   1111111.11111111       -6363636.36363636       7.954125935513612E-006
   1111111.11111111       -6161616.16161616       9.520879480857406E-006
   1111111.11111111       -5959595.95959596       1.124821674113766E-005
   1111111.11111111       -5757575.75757576       1.312175584349631E-005
   1111111.11111111       -5555555.55555556       1.512125091015046E-005
   1111111.11111111       -5353535.35353535       1.722148596315334E-005
   1111111.11111111       -5151515.15151515       1.939379996179143E-005
   1111111.11111111       -4949494.94949495       2.160822566720826E-005
   1111111.11111111       -4747474.74747475       2.383614647798179E-005
   1111111.11111111       -4545454.54545455       2.605330608377411E-005
   1111111.11111111       -4343434.34343434       2.824297753837201E-005
   1111111.11111111       -4141414.14141414       3.039914411962635E-005
   1111111.11111111       -3939393.93939394       3.252968792321907E-005
   1111111.11111111       -3737373.73737374       3.465982996220077E-005
   1111111.11111111       -3535353.53535354       3.683640135616308E-005
   1111111.11111111       -3333333.33333333       3.913389973487131E-005
   1111111.11111111       -3131313.13131313       4.166358205108446E-005
   1111111.11111111       -2929292.92929293       4.458680313771980E-005
   1111111.11111111       -2727272.72727273       4.813291008337060E-005
   1111111.11111111       -2525252.52525253       5.261943912074381E-005
   1111111.11111111       -2323232.32323232       5.846737862832861E-005
   1111111.11111111       -2121212.12121212       6.619722492535851E-005
   1111111.11111111       -1919191.91919192       7.638558532390490E-005
   1111111.11111111       -1717171.71717172       8.956359314352606E-005
   1111111.11111111       -1515151.51515152       1.060538955955449E-004
   1111111.11111111       -1313131.31313131       1.257721344997555E-004
   1111111.11111111       -1111111.11111111       1.480500625757762E-004
   1111111.11111111       -909090.909090910       1.715528050294817E-004
   1111111.11111111       -707070.707070708       1.943498173551837E-004
   1111111.11111111       -505050.505050506       2.141587578284513E-004
   1111111.11111111       -303030.303030305       2.287269318746711E-004
   1111111.11111111       -101010.101010101       2.362651709678924E-004
   1111111.11111111        101010.101010101       2.358222680498938E-004
   1111111.11111111        303030.303030303       2.274959843186944E-004
   1111111.11111111        505050.505050505       2.124190626963968E-004
   1111111.11111111        707070.707070706       1.925225201794707E-004
   1111111.11111111        909090.909090908       1.701420366180124E-004
   1111111.11111111        1111111.11111111       1.475748663556976E-004
   1111111.11111111        1313131.31313131       1.267012542340032E-004
   1111111.11111111        1515151.51515151       1.087554370333988E-004
   1111111.11111111        1717171.71717172       9.427838945352835E-005
   1111111.11111111        1919191.91919192       8.322677905859909E-005
   1111111.11111111        2121212.12121212       7.517117190600757E-005
   1111111.11111111        2323232.32323232       6.950582222555113E-005
   1111111.11111111        2525252.52525252       6.561218908338431E-005
   1111111.11111111        2727272.72727273       6.295342697257002E-005
   1111111.11111111        2929292.92929293       6.110765717029516E-005
   1111111.11111111        3131313.13131313       5.976238950088091E-005
   1111111.11111111        3333333.33333333       5.869212283621956E-005
   1111111.11111111        3535353.53535353       5.773368403725908E-005
   1111111.11111111        3737373.73737374       5.676613896165435E-005
   1111111.11111111        3939393.93939394       5.569705308045103E-005
   1111111.11111111        4141414.14141414       5.445447763526170E-005
   1111111.11111111        4343434.34343434       5.298325516817154E-005
   1111111.11111111        4545454.54545454       5.124416361051230E-005
   1111111.11111111        4747474.74747475       4.921456019839319E-005
   1111111.11111111        4949494.94949495       4.688937968414847E-005
   1111111.11111111        5151515.15151515       4.428157597106489E-005
   1111111.11111111        5353535.35353535       4.142139525107213E-005
   1111111.11111111        5555555.55555555       3.835422516252545E-005
   1111111.11111111        5757575.75757576       3.513712859345428E-005
   1111111.11111111        5959595.95959596       3.183446891004881E-005
   1111111.11111111        6161616.16161616       2.851320163199510E-005
   1111111.11111111        6363636.36363636       2.523842022852560E-005
   1111111.11111111        6565656.56565657       2.206962307290604E-005
   1111111.11111111        6767676.76767677       1.905797270699536E-005
   1111111.11111111        6969696.96969697       1.624461544439300E-005
   1111111.11111111        7171717.17171717       1.365997158319623E-005
   1111111.11111111        7373737.37373737       1.132381748550840E-005
   1111111.11111111        7575757.57575757       9.245955675777257E-006
   1111111.11111111        7777777.77777778       7.427286235043025E-006
   1111111.11111111        7979797.97979798       5.861127405593485E-006
   1111111.11111111        8181818.18181818       4.534667463433710E-006
   1111111.11111111        8383838.38383838       3.430455526795490E-006
   1111111.11111111        8585858.58585858       2.527856051953972E-006
   1111111.11111111        8787878.78787879       1.804404246952564E-006
   1111111.11111111        8989898.98989899       1.237011658540715E-006
   1111111.11111111        9191919.19191919       8.029851138849500E-007
   1111111.11111111        9393939.39393939       4.808381582053925E-007
   1111111.11111111        9595959.59595960       2.508898021423138E-007
   1111111.11111111        9797979.79797980       9.565280992437955E-008
   1111111.11111111        10000000.0000000       0.000000000000000E+000
   1249872.46199367       -10000000.0000000       0.000000000000000E+000
   1249872.46199367       -9797979.79797980       1.175789416676596E-008
   1249872.46199367       -9595959.59595960       3.143817640259190E-008
   1249872.46199367       -9393939.39393939       6.220181155132487E-008
   1249872.46199367       -9191919.19191919       1.082474675498852E-007
   1249872.46199367       -8989898.98989899       1.750284449372621E-007
   1249872.46199367       -8787878.78787879       2.694480615971106E-007
   1249872.46199367       -8585858.58585859       4.000167130394166E-007
   1249872.46199367       -8383838.38383838       5.769437561576524E-007
   1249872.46199367       -8181818.18181818       8.121332393563848E-007
   1249872.46199367       -7979797.97979798       1.119052842848298E-006
   1249872.46199367       -7777777.77777778       1.512450013271268E-006
   1249872.46199367       -7575757.57575758       2.007898300737277E-006
   1249872.46199367       -7373737.37373737       2.621170005231039E-006
   1249872.46199367       -7171717.17171717       3.367447449676209E-006
   1249872.46199367       -6969696.96969697       4.260403064178466E-006
   1249872.46199367       -6767676.76767677       5.311196402299964E-006
   1249872.46199367       -6565656.56565657       6.527452945904061E-006
   1249872.46199367       -6363636.36363636       7.912304442769217E-006
   1249872.46199367       -6161616.16161616       9.463583394269592E-006
   1249872.46199367       -5959595.95959596       1.117327471079892E-005
   1249872.46199367       -5757575.75757576       1.302733350783234E-005
   1249872.46199367       -5555555.55555556       1.500597507235194E-005
   1249872.46199367       -5353535.35353535       1.708452462062003E-005
   1249872.46199367       -5151515.15151515       1.923487446878635E-005
   1249872.46199367       -4949494.94949495       2.142753351228826E-005
   1249872.46199367       -4747474.74747475       2.363417709666007E-005
   1249872.46199367       -4545454.54545455       2.583053502869903E-005
   1249872.46199367       -4343434.34343434       2.799942122064336E-005
   1249872.46199367       -4141414.14141414       3.013374081627169E-005
   1249872.46199367       -3939393.93939394       3.223943064793997E-005
   1249872.46199367       -3737373.73737374       3.433849941643676E-005
   1249872.46199367       -3535353.53535354       3.647261457209634E-005
   1249872.46199367       -3333333.33333333       3.870798228397572E-005
   1249872.46199367       -3131313.13131313       4.114248008939541E-005
   1249872.46199367       -2929292.92929293       4.391591679453186E-005
   1249872.46199367       -2727272.72727273       4.722351921020268E-005
   1249872.46199367       -2525252.52525253       5.133070137104459E-005
   1249872.46199367       -2323232.32323232       5.658335250678754E-005
   1249872.46199367       -2121212.12121212       6.340261440692406E-005
   1249872.46199367       -1919191.91919192       7.224870670281952E-005
   1249872.46199367       -1717171.71717172       8.353947080468299E-005
   1249872.46199367       -1515151.51515152       9.752083628149540E-005
   1249872.46199367       -1313131.31313131       1.141086481125832E-004
   1249872.46199367       -1111111.11111111       1.327462202665200E-004
   1249872.46199367       -909090.909090910       1.523358561893562E-004
   1249872.46199367       -707070.707070708       1.712942411040926E-004
   1249872.46199367       -505050.505050506       1.877498634647399E-004
   1249872.46199367       -303030.303030305       1.998552652307863E-004
   1249872.46199367       -101010.101010101       2.061442845213442E-004
   1249872.46199367        101010.101010101       2.058409847520900E-004
   1249872.46199367        303030.303030303       1.990330937974292E-004
   1249872.46199367        505050.505050505       1.866584914626939E-004
   1249872.46199367        707070.707070706       1.703072780057248E-004
   1249872.46199367        909090.909090908       1.518955492399425E-004
   1249872.46199367        1111111.11111111       1.333014993116321E-004
   1249872.46199367        1313131.31313131       1.160585214354845E-004
   1249872.46199367        1515151.51515151       1.011736562829705E-004
   1249872.46199367        1717171.71717172       8.909412886831080E-005
   1249872.46199367        1919191.91919192       7.979759797235346E-005
   1249872.46199367        2121212.12121212       7.295061602334044E-005
   1249872.46199367        2323232.32323232       6.807424924594349E-005
   1249872.46199367        2525252.52525252       6.467302597155659E-005
   1249872.46199367        2727272.72727273       6.231052954047938E-005
   1249872.46199367        2929292.92929293       6.063767651878759E-005
   1249872.46199367        3131313.13131313       5.939046566467028E-005
   1249872.46199367        3333333.33333333       5.837388932362446E-005
   1249872.46199367        3535353.53535353       5.744333431231675E-005
   1249872.46199367        3737373.73737374       5.648907381337370E-005
   1249872.46199367        3939393.93939394       5.542555632447004E-005
   1249872.46199367        4141414.14141414       5.418522620959074E-005
   1249872.46199367        4343434.34343434       5.271586846429620E-005
   1249872.46199367        4545454.54545454       5.098030307560817E-005
   1249872.46199367        4747474.74747475       4.895729464760889E-005
   1249872.46199367        4949494.94949495       4.664266207937422E-005
   1249872.46199367        5151515.15151515       4.404976087852770E-005
   1249872.46199367        5353535.35353535       4.120877987804200E-005
   1249872.46199367        5555555.55555555       3.816462919170753E-005
   1249872.46199367        5757575.75757576       3.497354286749713E-005
   1249872.46199367        5959595.95959596       3.169880332699928E-005
   1249872.46199367        6161616.16161616       2.840615231979429E-005
   1249872.46199367        6363636.36363636       2.515946021923859E-005
   1249872.46199367        6565656.56565657       2.201710447488465E-005
   1249872.46199367        6767676.76767677       1.902931581866813E-005
   1249872.46199367        6969696.96969697       1.623655345964512E-005
   1249872.46199367        7171717.17171717       1.366881860531029E-005
   1249872.46199367        7373737.37373737       1.134573119337977E-005
   1249872.46199367        7575757.57575757       9.277172306030447E-006
   1249872.46199367        7777777.77777778       7.464312823695122E-006
   1249872.46199367        7979797.97979798       5.900883239967243E-006
   1249872.46199367        8181818.18181818       4.574572740555380E-006
   1249872.46199367        8383838.38383838       3.468470010381552E-006
   1249872.46199367        8585858.58585858       2.562473993146948E-006
   1249872.46199367        8787878.78787879       1.834613989069893E-006
   1249872.46199367        8989898.98989899       1.262229193367120E-006
   1249872.46199367        9191919.19191919       8.229703613612103E-007
   1249872.46199367        9393939.39393939       4.956006758523531E-007
   1249872.46199367        9595959.59595960       2.605860816950265E-007
   1249872.46199367        9797979.79797980       1.004685115977689E-007
   1249872.46199367        10000000.0000000       0.000000000000000E+000
   1396796.24528109       -10000000.0000000       0.000000000000000E+000
   1396796.24528109       -9797979.79797980       1.232706919441156E-008
   1396796.24528109       -9595959.59595960       3.261963170368784E-008
   1396796.24528109       -9393939.39393939       6.407387798103308E-008
   1396796.24528109       -9191919.19191919       1.109044849702617E-007
   1396796.24528109       -8989898.98989899       1.785589784125306E-007
   1396796.24528109       -8787878.78787879       2.739077541005667E-007
   1396796.24528109       -8585858.58585859       4.053936925538232E-007
   1396796.24528109       -8383838.38383838       5.831160048226246E-007
   1396796.24528109       -8181818.18181818       8.188189336195138E-007
   1396796.24528109       -7979797.97979798       1.125756349493196E-006
   1396796.24528109       -7777777.77777778       1.518407927757330E-006
   1396796.24528109       -7575757.57575758       2.012031464396653E-006
   1396796.24528109       -7373737.37373737       2.622048588872453E-006
   1396796.24528109       -7171717.17171717       3.363276677693427E-006
   1396796.24528109       -6969696.96969697       4.249036735254648E-006
   1396796.24528109       -6767676.76767677       5.290183858331074E-006
   1396796.24528109       -6565656.56565657       6.494122447522689E-006
   1396796.24528109       -6363636.36363636       7.863882022515188E-006
   1396796.24528109       -6161616.16161616       9.397341298993077E-006
   1396796.24528109       -5959595.95959596       1.108669782066059E-005
   1396796.24528109       -5757575.75757576       1.291828620054224E-005
   1396796.24528109       -5555555.55555556       1.487284576645470E-005
   1396796.24528109       -5353535.35353535       1.692632178725298E-005
   1396796.24528109       -5151515.15151515       1.905124728267271E-005
   1396796.24528109       -4949494.94949495       2.121869293934473E-005
   1396796.24528109       -4747474.74747475       2.340069820357000E-005
   1396796.24528109       -4545454.54545455       2.557302584464893E-005
   1396796.24528109       -4343434.34343434       2.771804251985631E-005
   1396796.24528109       -4141414.14141414       2.982754736826428E-005
   1396796.24528109       -3939393.93939394       3.190546819308224E-005
   1396796.24528109       -3737373.73737374       3.397052081613020E-005
   1396796.24528109       -3535353.53535354       3.605915871545104E-005
   1396796.24528109       -3333333.33333333       3.822937591903292E-005
   1396796.24528109       -3131313.13131313       4.056607289172891E-005
   1396796.24528109       -2929292.92929293       4.318858401275894E-005
   1396796.24528109       -2727272.72727273       4.626030929363610E-005
   1396796.24528109       -2525252.52525253       4.999879611232198E-005
   1396796.24528109       -2323232.32323232       5.468177012053860E-005
   1396796.24528109       -2121212.12121212       6.064082609867004E-005
   1396796.24528109       -1919191.91919192       6.823143763897944E-005
   1396796.24528109       -1717171.71717172       7.776892270641079E-005
   1396796.24528109       -1515151.51515152       8.942848516947157E-005
   1396796.24528109       -1313131.31313131       1.031238300688423E-004
   1396796.24528109       -1111111.11111111       1.183977036191899E-004
   1396796.24528109       -909090.909090910       1.343690466376044E-004
   1396796.24528109       -707070.707070708       1.497762500745916E-004
   1396796.24528109       -505050.505050506       1.631321183615094E-004
   1396796.24528109       -303030.303030305       1.729703444772629E-004
   1396796.24528109       -101010.101010101       1.781286069724156E-004
   1396796.24528109        101010.101010101       1.779937412276324E-004
   1396796.24528109        303030.303030303       1.726389226401372E-004
   1396796.24528109        505050.505050505       1.628116448844703E-004
   1396796.24528109        707070.707070706       1.497751101017995E-004
   1396796.24528109        909090.909090908       1.350488925248265E-004
   1396796.24528109        1111111.11111111       1.201218663523136E-004
   1396796.24528109        1313131.31313131       1.062122703266848E-004
   1396796.24528109        1515151.51515151       9.412725739943800E-005
   1396796.24528109        1717171.71717172       8.423749681580662E-005
   1396796.24528109        1919191.91919192       7.654624752382573E-005
   1396796.24528109        2121212.12121212       7.080992200075030E-005
   1396796.24528109        2323232.32323232       6.666430894583331E-005
   1396796.24528109        2525252.52525252       6.372395684353100E-005
   1396796.24528109        2727272.72727273       6.164210160339345E-005
   1396796.24528109        2929292.92929293       6.013502281430794E-005
   1396796.24528109        3131313.13131313       5.898275745068321E-005
   1396796.24528109        3333333.33333333       5.801843837625482E-005
   1396796.24528109        3535353.53535353       5.711492455886265E-005
   1396796.24528109        3737373.73737374       5.617329038846460E-005
   1396796.24528109        3939393.93939394       5.511479668499510E-005
   1396796.24528109        4141414.14141414       5.387636022508765E-005
   1396796.24528109        4343434.34343434       5.240884306612692E-005
   1396796.24528109        4545454.54545454       5.067724767229481E-005
   1396796.24528109        4747474.74747475       4.866186363480974E-005
   1396796.24528109        4949494.94949495       4.635947038967523E-005
   1396796.24528109        5151515.15151515       4.378384855481546E-005
   1396796.24528109        5353535.35353535       4.096509510326027E-005
   1396796.24528109        5555555.55555555       3.794755200428130E-005
   1396796.24528109        5757575.75757576       3.478648648218879E-005
   1396796.24528109        5959595.95959596       3.154392901588915E-005
   1396796.24528109        6161616.16161616       2.828422123239538E-005
   1396796.24528109        6363636.36363636       2.506982690197995E-005
   1396796.24528109        6565656.56565657       2.195783801997869E-005
   1396796.24528109        6767676.76767677       1.899742010995180E-005
   1396796.24528109        6969696.96969697       1.622825024959626E-005
   1396796.24528109        7171717.17171717       1.367985622901369E-005
   1396796.24528109        7373737.37373737       1.137168606382654E-005
   1396796.24528109        7575757.57575757       9.313717751111807E-006
   1396796.24528109        7777777.77777778       7.507438290272097E-006
   1396796.24528109        7979797.97979798       5.947054968841992E-006
   1396796.24528109        8181818.18181818       4.620833920259506E-006
   1396796.24528109        8383838.38383838       3.512483837763522E-006
   1396796.24528109        8585858.58585858       2.602516951009857E-006
   1396796.24528109        8787878.78787879       1.869529031736075E-006
   1396796.24528109        8989898.98989899       1.291349450250535E-006
   1396796.24528109        9191919.19191919       8.460234222630869E-007
   1396796.24528109        9393939.39393939       5.126013390953171E-007
   1396796.24528109        9595959.59595960       2.717210381328588E-007
   1396796.24528109        9797979.79797980       1.059697415111218E-007
   1396796.24528109        10000000.0000000       0.000000000000000E+000
   1551882.46097337       -10000000.0000000       0.000000000000000E+000
   1551882.46097337       -9797979.79797980       1.295757479767487E-008
   1551882.46097337       -9595959.59595960       3.393591868368410E-008
   1551882.46097337       -9393939.39393939       6.616432434412477E-008
   1551882.46097337       -9191919.19191919       1.138726609959644E-007
   1551882.46097337       -8989898.98989899       1.825003664614493E-007
   1551882.46097337       -8787878.78787879       2.788795810815084E-007
   1551882.46097337       -8585858.58585859       4.113762173489583E-007
   1551882.46097337       -8383838.38383838       5.899647866048210E-007
   1551882.46097337       -8181818.18181818       8.262092494943317E-007
   1551882.46097337       -7979797.97979798       1.133122747318433E-006
   1551882.46097337       -7777777.77777778       1.524883767897249E-006
   1551882.46097337       -7575757.57575758       2.016395015942049E-006
   1551882.46097337       -7373737.37373737       2.622683528419243E-006
   1551882.46097337       -7171717.17171717       3.358155402076871E-006
   1551882.46097337       -6969696.96969697       4.235734480745779E-006
   1551882.46097337       -6767676.76767677       5.265930015522257E-006
   1551882.46097337       -6565656.56565657       6.455892553327345E-006
   1551882.46097337       -6363636.36363636       7.808529678100587E-006
   1551882.46097337       -6161616.16161616       9.321763818696717E-006
   1551882.46097337       -5959595.95959596       1.098802307795064E-005
   1551882.46097337       -5757575.75757576       1.279406151572273E-005
   1551882.46097337       -5555555.55555556       1.472120375062117E-005
   1551882.46097337       -5353535.35353535       1.674609408041392E-005
   1551882.46097337       -5151515.15151515       1.884199633726798E-005
   1551882.46097337       -4949494.94949495       2.098063502517072E-005
   1551882.46097337       -4747474.74747475       2.313449690749890E-005
   1551882.46097337       -4545454.54545455       2.527944176077408E-005
   1551882.46097337       -4343434.34343434       2.739742653229038E-005
   1551882.46097337       -4141414.14141414       2.947915475678674E-005
   1551882.46097337       -3939393.93939394       3.152653988587176E-005
   1551882.46097337       -3737373.73737374       3.355501631655127E-005
   1551882.46097337       -3535353.53535354       3.559592166256737E-005
   1551882.46097337       -3333333.33333333       3.769935897998317E-005
   1551882.46097337       -3131313.13131313       3.993804646408977E-005
   1551882.46097337       -2929292.92929293       4.241254227846132E-005
   1551882.46097337       -2727272.72727273       4.525768955053788E-005
   1551882.46097337       -2525252.52525253       4.864890355273160E-005
   1551882.46097337       -2323232.32323232       5.280485498573914E-005
   1551882.46097337       -2121212.12121212       5.798047654762466E-005
   1551882.46097337       -1919191.91919192       6.444225090339415E-005
   1551882.46097337       -1717171.71717172       7.241869122058400E-005
   1551882.46097337       -1515151.51515152       8.202514094900707E-005
   1551882.46097337       -1313131.31313131       9.317376151799471E-005
   1551882.46097337       -1111111.11111111       1.054931685694026E-004
   1551882.46097337       -909090.909090910       1.182906289100829E-004
   1551882.46097337       -707070.707070708       1.305863308458127E-004
   1551882.46097337       -505050.505050506       1.412318553845938E-004
   1551882.46097337       -303030.303030305       1.490980931135074E-004
   1551882.46097337       -101010.101010101       1.532911922469417E-004
   1551882.46097337        101010.101010101       1.533396583818807E-004
   1551882.46097337        303030.303030303       1.492989073530502E-004
   1551882.46097337        505050.505050505       1.417417743420537E-004
   1551882.46097337        707070.707070706       1.316373266331413E-004
   1551882.46097337        909090.909090908       1.201534617080640E-004
   1551882.46097337        1111111.11111111       1.084390400921081E-004
   1551882.46097337        1313131.31313131       9.744192934728075E-005
   1551882.46097337        1515151.51515151       8.780163973941431E-005
   1551882.46097337        1717171.71717172       7.982757528701995E-005
   1551882.46097337        1919191.91919192       7.354756603664736E-005
   1551882.46097337        2121212.12121212       6.879542431554789E-005
   1551882.46097337        2323232.32323232       6.530430894325327E-005
   1551882.46097337        2525252.52525252       6.278200254190065E-005
   1551882.46097337        2727272.72727273       6.095815753465748E-005
   1551882.46097337        2929292.92929293       5.960540286547587E-005
   1551882.46097337        3131313.13131313       5.854234907459801E-005
   1551882.46097337        3333333.33333333       5.762727046011049E-005
   1551882.46097337        3535353.53535353       5.674900545029881E-005
   1551882.46097337        3737373.73737374       5.581877564921813E-005
   1551882.46097337        3939393.93939394       5.476443522515831E-005
   1551882.46097337        4141414.14141414       5.352736550035772E-005
   1551882.46097337        4343434.34343434       5.206158921027743E-005
   1551882.46097337        4545454.54545454       5.033440127858160E-005
   1551882.46097337        4747474.74747475       4.832771455817015E-005
   1551882.46097337        4949494.94949495       4.603933164967213E-005
   1551882.46097337        5151515.15151515       4.348347060225467E-005
   1551882.46097337        5353535.35353535       4.069009200560952E-005
   1551882.46097337        5555555.55555555       3.770286977676617E-005
   1551882.46097337        5757575.75757576       3.457595791690873E-005
   1551882.46097337        5959595.95959596       3.136995681099278E-005
   1551882.46097337        6161616.16161616       2.814761613302659E-005
   1551882.46097337        6363636.36363636       2.496980601523749E-005
   1551882.46097337        6565656.56565657       2.189216694133775E-005
   1551882.46097337        6767676.76767677       1.896266611188656E-005
   1551882.46097337        6969696.96969697       1.622010515419283E-005
   1551882.46097337        7171717.17171717       1.369348674723697E-005
   1551882.46097337        7373737.37373737       1.140207453345619E-005
   1551882.46097337        7575757.57575757       9.355964804072908E-006
   1551882.46097337        7777777.77777778       7.557008685771981E-006
   1551882.46097337        7979797.97979798       5.999956996358725E-006
   1551882.46097337        8181818.18181818       4.673730523769454E-006
   1551882.46097337        8383838.38383838       3.562739620755596E-006
   1551882.46097337        8585858.58585858       2.648189471115614E-006
   1551882.46097337        8787878.78787879       1.909315365184962E-006
   1551882.46097337        8989898.98989899       1.324499982333995E-006
   1551882.46097337        9191919.19191919       8.722342421392289E-007
   1551882.46097337        9393939.39393939       5.318944142512046E-007
   1551882.46097337        9595959.59595960       2.843174241193989E-007
   1551882.46097337        9797979.79797980       1.121572615625558E-007
   1551882.46097337        10000000.0000000       0.000000000000000E+000
   1715131.10907050       -10000000.0000000       0.000000000000000E+000
   1715131.10907050       -9797979.79797980       1.364328536805561E-008
   1715131.10907050       -9595959.59595960       3.537623785251787E-008
   1715131.10907050       -9393939.39393939       6.845735455478743E-008
   1715131.10907050       -9191919.19191919       1.171296618374431E-007
   1715131.10907050       -8989898.98989899       1.868214130317062E-007
   1715131.10907050       -8787878.78787879       2.843206418346865E-007
   1715131.10907050       -8585858.58585859       4.179065486617570E-007
   1715131.10907050       -8383838.38383838       5.974143670207840E-007
   1715131.10907050       -8181818.18181818       8.342076001461261E-007
   1715131.10907050       -7979797.97979798       1.141032408507769E-006
   1715131.10907050       -7777777.77777778       1.531733709187903E-006
   1715131.10907050       -7575757.57575758       2.020821108864502E-006
   1715131.10907050       -7373737.37373737       2.622884611412122E-006
   1715131.10907050       -7171717.17171717       3.351874106289066E-006
   1715131.10907050       -6969696.96969697       4.220271581342703E-006
   1715131.10907050       -6767676.76767677       5.238199406552005E-006
   1715131.10907050       -6565656.56565657       6.412520877119389E-006
   1715131.10907050       -6363636.36363636       7.746000133436805E-006
   1715131.10907050       -6161616.16161616       9.236597822188404E-006
   1715131.10907050       -5959595.95959596       1.087698657110925E-005
   1715131.10907050       -5757575.75757576       1.265437543481519E-005
   1715131.10907050       -5555555.55555556       1.455073156051605E-005
   1715131.10907050       -5353535.35353535       1.654347472787826E-005
   1715131.10907050       -5151515.15151515       1.860668994991548E-005
   1715131.10907050       -4949494.94949495       2.071285202636115E-005
   1715131.10907050       -4747474.74747475       2.283498840186223E-005
   1715131.10907050       -4545454.54545455       2.494913746263210E-005
   1715131.10907050       -4343434.34343434       2.703691123768612E-005
   1715131.10907050       -4141414.14141414       2.908796851514888E-005
   1715131.10907050       -3939393.93939394       3.110226255938145E-005
   1715131.10907050       -3737373.73737374       3.309204582566813E-005
   1715131.10907050       -3535353.53535354       3.508376946108266E-005
   1715131.10907050       -3333333.33333333       3.712016224355003E-005
   1715131.10907050       -3131313.13131313       3.926284146711239E-005
   1715131.10907050       -2929292.92929293       4.159569464068868E-005
   1715131.10907050       -2727272.72727273       4.422883416384789E-005
   1715131.10907050       -2525252.52525253       4.730200879500376E-005
   1715131.10907050       -2323232.32323232       5.098488706487461E-005
   1715131.10907050       -2121212.12121212       5.546986644147053E-005
   1715131.10907050       -1919191.91919192       6.095188321869545E-005
   1715131.10907050       -1717171.71717172       6.759062751080594E-005
   1715131.10907050       -1515151.51515152       7.545511306402596E-005
   1715131.10907050       -1313131.31313131       8.445880350353565E-005
   1715131.10907050       -1111111.11111111       9.430292283897431E-005
   1715131.10907050       -909090.909090910       1.044513998522764E-004
   1715131.10907050       -707070.707070708       1.141584241955284E-004
   1715131.10907050       -505050.505050506       1.225571774390361E-004
   1715131.10907050       -303030.303030305       1.287989467721851E-004
   1715131.10907050       -101010.101010101       1.322124426647128E-004
   1715131.10907050        101010.101010101       1.324417741948543E-004
   1715131.10907050        303030.303030303       1.295237930901908E-004
   1715131.10907050        505050.505050505       1.238817625636007E-004
   1715131.10907050        707070.707070706       1.162370697422025E-004
   1715131.10907050        909090.909090908       1.074648129912576E-004
   1715131.10907050        1111111.11111111       9.843367593572833E-005
   1715131.10907050        1313131.31313131       8.987083169225176E-005
   1715131.10907050        1515151.51515151       8.227994896557989E-005
   1715131.10907050        1717171.71717172       7.592080920908232E-005
   1715131.10907050        1919191.91919192       7.084043008352345E-005
   1715131.10907050        2121212.12121212       6.693411142272277E-005
   1715131.10907050        2323232.32323232       6.401288951783532E-005
   1715131.10907050        2525252.52525252       6.185983891469729E-005
   1715131.10907050        2727272.72727273       6.026715004829966E-005
   1715131.10907050        2929292.92929293       5.905435366264399E-005
   1715131.10907050        3131313.13131313       5.807282371006592E-005
   1715131.10907050        3333333.33333333       5.720269587484407E-005
   1715131.10907050        3535353.53535353       5.634707927004739E-005
   1715131.10907050        3737373.73737374       5.542653343478024E-005
   1715131.10907050        3939393.93939394       5.437518128293852E-005
   1715131.10907050        4141414.14141414       5.313879135402209E-005
   1715131.10907050        4343434.34343434       5.167458535302113E-005
   1715131.10907050        4545454.54545454       4.995223037335807E-005
   1715131.10907050        4747474.74747475       4.795533945912461E-005
   1715131.10907050        4949494.94949495       4.568278485345238E-005
   1715131.10907050        5151515.15151515       4.314922140772506E-005
   1715131.10907050        5353535.35353535       4.038441821417690E-005
   1715131.10907050        5555555.55555555       3.743127283841226E-005
   1715131.10907050        5757575.75757576       3.434267361587791E-005
   1715131.10907050        5959595.95959596       3.117760917448671E-005
   1715131.10907050        6161616.16161616       2.799704445996819E-005
   1715131.10907050        6363636.36363636       2.486007035053884E-005
   1715131.10907050        6565656.56565657       2.182071309152641E-005
   1715131.10907050        6767676.76767677       1.892561304303644E-005
   1715131.10907050        6969696.96969697       1.621260818922913E-005
   1715131.10907050        7171717.17171717       1.371012934785393E-005
   1715131.10907050        7373737.37373737       1.143724751889536E-005
   1715131.10907050        7575757.57575757       9.404201713024810E-006
   1715131.10907050        7777777.77777778       7.613256960031049E-006
   1715131.10907050        7979797.97979798       6.059774902264011E-006
   1715131.10907050        8181818.18181818       4.733408265339859E-006
   1715131.10907050        8383838.38383838       3.619349626513743E-006
   1715131.10907050        8585858.58585858       2.699575387369267E-006
   1715131.10907050        8787878.78787879       1.954032003135565E-006
   1715131.10907050        8989898.98989899       1.361717482557955E-006
   1715131.10907050        9191919.19191919       9.016191411999635E-007
   1715131.10907050        9393939.39393939       5.534782052443978E-007
   1715131.10907050        9595959.59595960       2.983601399509423E-007
   1715131.10907050        9797979.79797980       1.190130130964679E-007
   1715131.10907050        10000000.0000000       0.000000000000000E+000
   1886542.18957249       -10000000.0000000       0.000000000000000E+000
   1886542.18957249       -9797979.79797980       1.437523467504407E-008
   1886542.18957249       -9595959.59595960       3.692341069363837E-008
   1886542.18957249       -9393939.39393939       7.092675948778594E-008
   1886542.18957249       -9191919.19191919       1.206380373172309E-007
   1886542.18957249       -8989898.98989899       1.914702581461277E-007
   1886542.18957249       -8787878.78787879       2.901609250951444E-007
   1886542.18957249       -8585858.58585859       4.248925938706156E-007
   1886542.18957249       -8383838.38383838       6.053469133693615E-007
   1886542.18957249       -8181818.18181818       8.426675825908490E-007
   1886542.18957249       -7979797.97979798       1.149308988548205E-006
   1886542.18957249       -7777777.77777778       1.538752195955785E-006
   1886542.18957249       -7575757.57575758       2.025078370616984E-006
   1886542.18957249       -7373737.37373737       2.622401073969188E-006
   1886542.18957249       -7171717.17171717       3.344172143053637E-006
   1886542.18957249       -6969696.96969697       4.202389725328382E-006
   1886542.18957249       -6767676.76767677       5.206750125801225E-006
   1886542.18957249       -6565656.56565657       6.363796496914812E-006
   1886542.18957249       -6363636.36363636       7.676126800698307E-006
   1886542.18957249       -6161616.16161616       9.141731259754883E-006
   1886542.18957249       -5959595.95959596       1.075353605203480E-005
   1886542.18957249       -5757575.75757576       1.249923456169192E-005
   1886542.18957249       -5555555.55555556       1.436148717029963E-005
   1886542.18957249       -5353535.35353535       1.631856009916634E-005
   1886542.18957249       -5151515.15151515       1.834544712182160E-005
   1886542.18957249       -4949494.94949495       2.041547156335581E-005
   1886542.18957249       -4747474.74747475       2.250230308562029E-005
   1886542.18957249       -4545454.54545455       2.458225677174605E-005
   1886542.18957249       -4343434.34343434       2.663669136160081E-005
   1886542.18957249       -4141414.14141414       2.865431146981818E-005
   1886542.18957249       -3939393.93939394       3.063322041598972E-005
   1886542.18957249       -3737373.73737374       3.258266542748747E-005
   1886542.18957249       -3535353.53535354       3.452454468287119E-005
   1886542.18957249       -3333333.33333333       3.649486481740599E-005
   1886542.18957249       -3131313.13131313       3.854538814286350E-005
   1886542.18957249       -2929292.92929293       4.074561198668747E-005
   1886542.18957249       -2727272.72727273       4.318488187810880E-005
   1886542.18957249       -2525252.52525253       4.597376403735806E-005
   1886542.18957249       -2323232.32323232       4.924277980886031E-005
   1886542.18957249       -2121212.12121212       5.313545715915753E-005
   1886542.18957249       -1919191.91919192       5.779200616584452E-005
   1886542.18957249       -1717171.71717172       6.332078777459245E-005
   1886542.18957249       -1515151.51515152       6.975805397621105E-005
   1886542.18957249       -1313131.31313131       7.702215251835735E-005
   1886542.18957249       -1111111.11111111       8.487474318617574E-005
   1886542.18957249       -909090.909090910       9.290534143651742E-005
   1886542.18957249       -707070.707070708       1.005535470925375E-004
   1886542.18957249       -505050.505050506       1.071745408942996E-004
   1886542.18957249       -303030.303030305       1.121399150544103E-004
   1886542.18957249       -101010.101010101       1.149524147224557E-004
   1886542.18957249        101010.101010101       1.153452812876966E-004
   1886542.18957249        303030.303030303       1.133384985938493E-004
   1886542.18957249        505050.505050505       1.092355927033338E-004
   1886542.18957249        707070.707070706       1.035619083462571E-004
   1886542.18957249        909090.909090908       9.696212589049628E-005
   1886542.18957249        1111111.11111111       9.008509461644946E-005
   1886542.18957249        1313131.31313131       8.348463895576525E-005
   1886542.18957249        1515151.51515151       7.755665725950524E-005
   1886542.18957249        1717171.71717172       7.251959524984915E-005
   1886542.18957249        1919191.91919192       6.843241824633483E-005
   1886542.18957249        2121212.12121212       6.523574924033944E-005
   1886542.18957249        2323232.32323232       6.279976188645772E-005
   1886542.18957249        2525252.52525252       6.096590804190646E-005
   1886542.18957249        2727272.72727273       5.957586907630016E-005
   1886542.18957249        2929292.92929293       5.848711877101083E-005
   1886542.18957249        3131313.13131313       5.757818546094030E-005
   1886542.18957249        3333333.33333333       5.674781475375379E-005
   1886542.18957249        3535353.53535353       5.591162987847356E-005
   1886542.18957249        3737373.73737374       5.499865156705638E-005
   1886542.18957249        3939393.93939394       5.394888486981162E-005
   1886542.18957249        4141414.14141414       5.271235879800894E-005
   1886542.18957249        4343434.34343434       5.124949480099928E-005
   1886542.18957249        4545454.54545454       4.953238331608071E-005
   1886542.18957249        4747474.74747475       4.754639223116199E-005
   1886542.18957249        4949494.94949495       4.529149212401358E-005
   1886542.18957249        5151515.15151515       4.278275991256721E-005
   1886542.18957249        5353535.35353535       4.004970751128785E-005
   1886542.18957249        5555555.55555555       3.713434099158925E-005
   1886542.18957249        5757575.75757576       3.408812764422644E-005
   1886542.18957249        5959595.95959596       3.096826360452699E-005
   1886542.18957249        6161616.16161616       2.783374071535248E-005
   1886542.18957249        6363636.36363636       2.474169211147509E-005
   1886542.18957249        6565656.56565657       2.174437590396908E-005
   1886542.18957249        6767676.76767677       1.888698647771489E-005
   1886542.18957249        6969696.96969697       1.620631879913602E-005
   1886542.18957249        7171717.17171717       1.373019240318469E-005
   1886542.18957249        7373737.37373737       1.147748259498085E-005
   1886542.18957249        7575757.57575757       9.458598366638159E-006
   1886542.18957249        7777777.77777778       7.676268955026199E-006
   1886542.18957249        7979797.97979798       6.126532687224284E-006
   1886542.18957249        8181818.18181818       4.799848638277485E-006
   1886542.18957249        8383838.38383838       3.682268466909418E-006
   1886542.18957249        8585858.58585858       2.756614099614272E-006
   1886542.18957249        8787878.78787879       2.003611115053228E-006
   1886542.18957249        8989898.98989899       1.402931883375355E-006
   1886542.18957249        9191919.19191919       9.341089071925710E-007
   1886542.18957249        9393939.39393939       5.772871354419781E-007
   1886542.18957249        9595959.59595960       3.137922178156008E-007
   1886542.18957249        9797979.79797980       1.264993330631167E-007
   1886542.18957249        10000000.0000000       0.000000000000000E+000
   2066115.70247934       -10000000.0000000       0.000000000000000E+000
   2066115.70247934       -9797979.79797980       1.514170180546714E-008
   2066115.70247934       -9595959.59595960       3.855368752338575E-008
   2066115.70247934       -9393939.39393939       7.353529065983195E-008
   2066115.70247934       -9191919.19191919       1.243441049949107E-007
   2066115.70247934       -8989898.98989899       1.963727306609174E-007
   2066115.70247934       -8787878.78787879       2.963010734564325E-007
   2066115.70247934       -8585858.58585859       4.322050057820026E-007
   2066115.70247934       -8383838.38383838       6.135988323336509E-007
   2066115.70247934       -8181818.18181818       8.513884396322778E-007
   2066115.70247934       -7979797.97979798       1.157713887367452E-006
   2066115.70247934       -7777777.77777778       1.545665278224884E-006
   2066115.70247934       -7575757.57575758       2.028864015660713E-006
   2066115.70247934       -7373737.37373737       2.620912448400915E-006
   2066115.70247934       -7171717.17171717       3.334727379483378E-006
   2066115.70247934       -6969696.96969697       4.181785676164367E-006
   2066115.70247934       -6767676.76767677       5.171321969371438E-006
   2066115.70247934       -6565656.56565657       6.309528301748795E-006
   2066115.70247934       -6363636.36363636       7.598813395373775E-006
   2066115.70247934       -6161616.16161616       9.037185445842246E-006
   2066115.70247934       -5959595.95959596       1.061782758748909E-005
   2066115.70247934       -5757575.75757576       1.232893905055708E-005
   2066115.70247934       -5555555.55555556       1.415391515202456E-005
   2066115.70247934       -5353535.35353535       1.607193087669448E-005
   2066115.70247934       -5151515.15151515       1.805897004957941E-005
   2066115.70247934       -4949494.94949495       2.008930102522719E-005
   2066115.70247934       -4747474.74747475       2.213734226625850E-005
   2066115.70247934       -4545454.54545455       2.417979746418257E-005
   2066115.70247934       -4343434.34343434       2.619788799107304E-005
   2066115.70247934       -4141414.14141414       2.817949099129470E-005
   2066115.70247934       -3939393.93939394       3.012101903921224E-005
   2066115.70247934       -3737373.73737374       3.202895273091837E-005
   2066115.70247934       -3535353.53535354       3.392104304568096E-005
   2066115.70247934       -3333333.33333333       3.582729984981348E-005
   2066115.70247934       -3131313.13131313       3.779092598615991E-005
   2066115.70247934       -2929292.92929293       3.986928203142102E-005
   2066115.70247934       -2727272.72727273       4.213470993947536E-005
   2066115.70247934       -2525252.52525253       4.467455504344383E-005
   2066115.70247934       -2323232.32323232       4.758902457562364E-005
   2066115.70247934       -2121212.12121212       5.098479005378879E-005
   2066115.70247934       -1919191.91919192       5.496192104072481E-005
   2066115.70247934       -1717171.71717172       5.959249066004764E-005
   2066115.70247934       -1515151.51515152       6.489158309474650E-005
   2066115.70247934       -1313131.31313131       7.078535067853871E-005
   2066115.70247934       -1111111.11111111       7.708497531651121E-005
   2066115.70247934       -909090.909090910       8.347772779042530E-005
   2066115.70247934       -707070.707070708       8.954473465961843E-005
   2066115.70247934       -505050.505050506       9.480890261893377E-005
   2066115.70247934       -303030.303030305       9.880718192554531E-005
   2066115.70247934       -101010.101010101       1.011722126079097E-004
   2066115.70247934        101010.101010101       1.017031115533548E-004
   2066115.70247934        303030.303030303       1.004062806828711E-004
   2066115.70247934        505050.505050505       9.749477301897758E-005
   2066115.70247934        707070.707070706       9.334641466020816E-005
   2066115.70247934        909090.909090908       8.843237218827897E-005
   2066115.70247934        1111111.11111111       8.323515787000610E-005
   2066115.70247934        1313131.31313131       7.817598328513925E-005
   2066115.70247934        1515151.51515151       7.356624879705236E-005
   2066115.70247934        1717171.71717172       6.958922755756196E-005
   2066115.70247934        1919191.91919192       6.630900934246118E-005
   2066115.70247934        2121212.12121212       6.369744804338525E-005
   2066115.70247934        2323232.32323232       6.166775125544771E-005
   2066115.70247934        2525252.52525252       6.010520796280164E-005
   2066115.70247934        2727272.72727273       5.888967233239557E-005
   2066115.70247934        2929292.92929293       5.790866564917701E-005
   2066115.70247934        3131313.13131313       5.706281962671406E-005
   2066115.70247934        3333333.33333333       5.626648211025505E-005
   2066115.70247934        3535353.53535353       5.544611150698734E-005
   2066115.70247934        3737373.73737374       5.453831584068529E-005
   2066115.70247934        3939393.93939394       5.348857120990085E-005
   2066115.70247934        4141414.14141414       5.225100955094749E-005
   2066115.70247934        4343434.34343434       5.078922336236105E-005
   2066115.70247934        4545454.54545454       4.907775150162288E-005
   2066115.70247934        4747474.74747475       4.710374890019433E-005
   2066115.70247934        4949494.94949495       4.486829445731306E-005
   2066115.70247934        5151515.15151515       4.238685785063915E-005
   2066115.70247934        5353535.35353535       3.968861829852837E-005
   2066115.70247934        5555555.55555555       3.681457067625194E-005
   2066115.70247934        5757575.75757576       3.381460678658384E-005
   2066115.70247934        5959595.95959596       3.074395566763873E-005
   2066115.70247934        6161616.16161616       2.765945814503131E-005
   2066115.70247934        6363636.36363636       2.461612456256699E-005
   2066115.70247934        6565656.56565657       2.166430578409079E-005
   2066115.70247934        6767676.76767677       1.884764551698298E-005
   2066115.70247934        6969696.96969697       1.620182891692821E-005
   2066115.70247934        7171717.17171717       1.375403442779715E-005
   2066115.70247934        7373737.37373737       1.152294462874963E-005
   2066115.70247934        7575757.57575757       9.519168072907071E-006
   2066115.70247934        7777777.77777778       7.745947458404870E-006
   2066115.70247934        7979797.97979798       6.200059904990436E-006
   2066115.70247934        8181818.18181818       4.872839644225858E-006
   2066115.70247934        8383838.38383838       3.751267713981843E-006
   2066115.70247934        8585858.58585858       2.819079195688777E-006
   2066115.70247934        8787878.78787879       2.057840665643147E-006
   2066115.70247934        8989898.98989899       1.447952967916451E-006
   2066115.70247934        9191919.19191919       9.695393183052727E-007
   2066115.70247934        9393939.39393939       6.031861108124682E-007
   2066115.70247934        9595959.59595960       3.305127502819452E-007
   2066115.70247934        9797979.79797980       1.345593169590273E-007
   2066115.70247934        10000000.0000000       0.000000000000000E+000
   2253851.64779104       -10000000.0000000       0.000000000000000E+000
   2253851.64779104       -9797979.79797980       1.592847502269572E-008
   2253851.64779104       -9595959.59595960       4.023694388026716E-008
   2253851.64779104       -9393939.39393939       7.623460208350409E-008
   2253851.64779104       -9191919.19191919       1.281775863241181E-007
   2253851.64779104       -8989898.98989899       2.014316736517044E-007
   2253851.64779104       -8787878.78787879       3.026113862403700E-007
   2253851.64779104       -8585858.58585859       4.396758222756744E-007
   2253851.64779104       -8383838.38383838       6.219589614103589E-007
   2253851.64779104       -8181818.18181818       8.601126591501912E-007
   2253851.64779104       -7979797.97979798       1.165943041230147E-006
   2253851.64779104       -7777777.77777778       1.552126303607116E-006
   2253851.64779104       -7575757.57575758       2.031798073079713E-006
   2253851.64779104       -7373737.37373737       2.618020913709425E-006
   2253851.64779104       -7171717.17171717       3.323146254007152E-006
   2253851.64779104       -6969696.96969697       4.158098684274097E-006
   2253851.64779104       -6767676.76767677       5.131621004273553E-006
   2253851.64779104       -6565656.56565657       6.249526776177890E-006
   2253851.64779104       -6363636.36363636       7.514013347394217E-006
   2253851.64779104       -6161616.16161616       8.923092935516888E-006
   2253851.64779104       -5959595.95959596       1.047020319291700E-005
   2253851.64779104       -5757575.75757576       1.214406169730514E-005
   2253851.64779104       -5555555.55555556       1.392882919951343E-005
   2253851.64779104       -5353535.35353535       1.580464003351322E-005
   2253851.64779104       -5151515.15151515       1.774853930613307E-005
   2253851.64779104       -4949494.94949495       1.973583103860470E-005
   2253851.64779104       -4747474.74747475       2.174178989114136E-005
   2253851.64779104       -4545454.54545455       2.374362965319608E-005
   2253851.64779104       -4343434.34343434       2.572256993745610E-005
   2253851.64779104       -4141414.14141414       2.766581720189136E-005
   2253851.64779104       -3939393.93939394       2.956829170559832E-005
   2253851.64779104       -3737373.73737374       3.143399056305283E-005
   2253851.64779104       -3535353.53535354       3.327696434497736E-005
   2253851.64779104       -3333333.33333333       3.512197010525672E-005
   2253851.64779104       -3131313.13131313       3.700490500067128E-005
   2253851.64779104       -2929292.92929293       3.897307423238733E-005
   2253851.64779104       -2727272.72727273       4.108516051629678E-005
   2253851.64779104       -2525252.52525253       4.341041537263343E-005
   2253851.64779104       -2323232.32323232       4.602611699789298E-005
   2253851.64779104       -2121212.12121212       4.901188104697073E-005
   2253851.64779104       -1919191.91919192       5.243927753008837E-005
   2253851.64779104       -1717171.71717172       5.635582896995037E-005
   2253851.64779104       -1515151.51515152       6.076417533741801E-005
   2253851.64779104       -1313131.31313131       6.559986079442301E-005
   2253851.64779104       -1111111.11111111       7.071396247264203E-005
   2253851.64779104       -909090.909090910       7.586820422982401E-005
   2253851.64779104       -707070.707070708       8.074894698152982E-005
   2253851.64779104       -505050.505050506       8.500214679553064E-005
   2253851.64779104       -303030.303030305       8.828505932541867E-005
   2253851.64779104       -101010.101010101       9.032432598376179E-005
   2253851.64779104        101010.101010101       9.096655178631684E-005
   2253851.64779104        303030.303030303       9.020822067489151E-005
   2253851.64779104        505050.505050505       8.819685656634114E-005
   2253851.64779104        707070.707070706       8.520310723541776E-005
   2253851.64779104        909090.909090908       8.157123785117888E-005
   2253851.64779104        1111111.11111111       7.766075609868057E-005
   2253851.64779104        1313131.31313131       7.379300613911461E-005
   2253851.64779104        1515151.51515151       7.021357732107333E-005
   2253851.64779104        1717171.71717172       6.707567554558191E-005
   2253851.64779104        1919191.91919192       6.444334526411388E-005
   2253851.64779104        2121212.12121212       6.230868028843927E-005
   2253851.64779104        2323232.32323232       6.061518725857022E-005
   2253851.64779104        2525252.52525252       5.928031932674406E-005
   2253851.64779104        2727272.72727273       5.821285145701182E-005
   2253851.64779104        2929292.92929293       5.732375865728323E-005
   2253851.64779104        3131313.13131313       5.653145265770463E-005
   2253851.64779104        3333333.33333333       5.576323677000477E-005
   2253851.64779104        3535353.53535353       5.495488026167315E-005
   2253851.64779104        3737373.73737374       5.404975511868876E-005
   2253851.64779104        3939393.93939394       5.299840060794468E-005
   2253851.64779104        4141414.14141414       5.175887797795043E-005
   2253851.64779104        4343434.34343434       5.029789944227779E-005
   2253851.64779104        4545454.54545454       4.859245362753100E-005
   2253851.64779104        4747474.74747475       4.663149249579571E-005
   2253851.64779104        4949494.94949495       4.441719425403203E-005
   2253851.64779104        5151515.15151515       4.196537771709785E-005
   2253851.64779104        5353535.35353535       3.930480554293685E-005
   2253851.64779104        5555555.55555555       3.647534020558039E-005
   2253851.64779104        5757575.75757576       3.352514912489680E-005
   2253851.64779104        5959595.95959596       3.050733163573710E-005
   2253851.64779104        6161616.16161616       2.747641669133387E-005
   2253851.64779104        6363636.36363636       2.448514692640769E-005
   2253851.64779104        6565656.56565657       2.158184775788006E-005
   2253851.64779104        6767676.76767677       1.880852697856700E-005
   2253851.64779104        6969696.96969697       1.619970929820468E-005
   2253851.64779104        7171717.17171717       1.378191384986809E-005
   2253851.64779104        7373737.37373737       1.157363990959820E-005
   2253851.64779104        7575757.57575757       9.585726594465742E-006
   2253851.64779104        7777777.77777778       7.821976359628414E-006
   2253851.64779104        7979797.97979798       6.279960898671424E-006
   2253851.64779104        8181818.18181818       4.951949898246606E-006
   2253851.64779104        8383838.38383838       3.825914573915881E-006
   2253851.64779104        8585858.58585858       2.886561374469984E-006
   2253851.64779104        8787878.78787879       2.116351297736352E-006
   2253851.64779104        8989898.98989899       1.496460983874452E-006
   2253851.64779104        9191919.19191919       1.007645320212385E-006
   2253851.64779104        9393939.39393939       6.309680672559632E-007
   2253851.64779104        9595959.59595960       3.483772357660795E-007
   2253851.64779104        9797979.79797980       1.431183451749717E-007
   2253851.64779104        10000000.0000000       0.000000000000000E+000
   2449750.02550760       -10000000.0000000       0.000000000000000E+000
   2449750.02550760       -9797979.79797980       1.671927654885442E-008
   2449750.02550760       -9595959.59595960       4.193730809346418E-008
   2449750.02550760       -9393939.39393939       7.896588131036363E-008
   2449750.02550760       -9191919.19191919       1.320521890885647E-007
   2449750.02550760       -8989898.98989899       2.065275102528984E-007
   2449750.02550760       -8787878.78787879       3.089324124427655E-007
   2449750.02550760       -8585858.58585859       4.470990980524411E-007
   2449750.02550760       -8383838.38383838       6.301691855223581E-007
   2449750.02550760       -8181818.18181818       8.685264218671213E-007
   2449750.02550760       -7979797.97979798       1.173626913941786E-006
   2449750.02550760       -7777777.77777778       1.557715000994280E-006
   2449750.02550760       -7575757.57575758       2.033420932000927E-006
   2449750.02550760       -7373737.37373737       2.613246497191761E-006
   2449750.02550760       -7171717.17171717       3.308955689036059E-006
   2449750.02550760       -6969696.96969697       4.130898097507829E-006
   2449750.02550760       -6767676.76767677       5.087301903958260E-006
   2449750.02550760       -6565656.56565657       6.183580268197172E-006
   2449750.02550760       -6363636.36363636       7.421699543673751E-006
   2449750.02550760       -6161616.16161616       8.799660764147525E-006
   2449750.02550760       -5959595.95959596       1.031114817583800E-005
   2449750.02550760       -5757575.75757576       1.194540060473464E-005
   2449750.02550760       -5555555.55555556       1.368736186591526E-005
   2449750.02550760       -5353535.35353535       1.551816172206141E-005
   2449750.02550760       -5151515.15151515       1.741596395905514E-005
   2449750.02550760       -4949494.94949495       1.935718846148050E-005
   2449750.02550760       -4747474.74747475       2.131806913943525E-005
   2449750.02550760       -4545454.54545455       2.327645529381583E-005
   2449750.02550760       -4343434.34343434       2.521371367951202E-005
   2449750.02550760       -4141414.14141414       2.711655898131091E-005
   2449750.02550760       -3939393.93939394       2.897864564209247E-005
   2449750.02550760       -3737373.73737374       3.080179790851460E-005
   2449750.02550760       -3535353.53535354       3.259682686264548E-005
   2449750.02550760       -3333333.33333333       3.438395782629721E-005
   2449750.02550760       -3131313.13131313       3.619293367906997E-005
   2449750.02550760       -2929292.92929293       3.806283153506849E-005
   2449750.02550760       -2727272.72727273       4.004150066089237E-005
   2449750.02550760       -2525252.52525253       4.218428773705860E-005
   2449750.02550760       -2323232.32323232       4.455139545276273E-005
   2449750.02550760       -2121212.12121212       4.720293472412543E-005
   2449750.02550760       -1919191.91919192       5.019069419307923E-005
   2449750.02550760       -1717171.71717172       5.354614196363329E-005
   2449750.02550760       -1515151.51515152       5.726538914854537E-005
   2449750.02550760       -1313131.31313131       6.129366223680426E-005
   2449750.02550760       -1111111.11111111       6.551365337829977E-005
   2449750.02550760       -909090.909090910       6.974298600949673E-005
   2449750.02550760       -707070.707070708       7.374508048051097E-005
   2449750.02550760       -505050.505050506       7.725471119823317E-005
   2449750.02550760       -303030.303030305       8.001523364331818E-005
   2449750.02550760       -101010.101010101       8.182029297443907E-005
   2449750.02550760        101010.101010101       8.255042433069539E-005
   2449750.02550760        303030.303030303       8.219539190003187E-005
   2449750.02550760        505050.505050505       8.085644093452021E-005
   2449750.02550760        707070.707070706       7.872783374801127E-005
   2449750.02550760        909090.909090908       7.606240817237522E-005
   2449750.02550760        1111111.11111111       7.312971320210355E-005
   2449750.02550760        1313131.31313131       7.017642520145679E-005
   2449750.02550760        1515151.51515151       6.739706959773249E-005
   2449750.02550760        1717171.71717172       6.491934721728560E-005
   2449750.02550760        1919191.91919192       6.280397848783548E-005
   2449750.02550760        2121212.12121212       6.105540672454188E-005
   2449750.02550760        2323232.32323232       5.963795773381443E-005
   2449750.02550760        2525252.52525252       5.849232915869248E-005
   2449750.02550760        2727272.72727273       5.754897006705959E-005
   2449750.02550760        2929292.92929293       5.673701130249569E-005
   2449750.02550760        3131313.13131313       5.598907632451768E-005
   2449750.02550760        3333333.33333333       5.524317629912091E-005
   2449750.02550760        3535353.53535353       5.444305672420720E-005
   2449750.02550760        3737373.73737374       5.353810713135918E-005
   2449750.02550760        3939393.93939394       5.248354250419258E-005
   2449750.02550760        4141414.14141414       5.124117361158153E-005
   2449750.02550760        4343434.34343434       4.978076322602914E-005
   2449750.02550760        4545454.54545454       4.808172914601197E-005
   2449750.02550760        4747474.74747475       4.613480851517272E-005
   2449750.02550760        4949494.94949495       4.394325104867670E-005
   2449750.02550760        5151515.15151515       4.152316770921213E-005
   2449750.02550760        5353535.35353535       3.890281463387373E-005
   2449750.02550760        5555555.55555555       3.612080297709899E-005
   2449750.02550760        5757575.75757576       3.322343767862525E-005
   2449750.02550760        5959595.95959596       3.026154410808249E-005
   2449750.02550760        6161616.16161616       2.728720242234514E-005
   2449750.02550760        6363636.36363636       2.435076948989599E-005
   2449750.02550760        6565656.56565657       2.149845394508331E-005
   2449750.02550760        6767676.76767677       1.877056656011274E-005
   2449750.02550760        6969696.96969697       1.620044020636344E-005
   2449750.02550760        7171717.17171717       1.381392951268747E-005
   2449750.02550760        7373737.37373737       1.162936625484852E-005
   2449750.02550760        7575757.57575757       9.657851232816701E-006
   2449750.02550760        7777777.77777778       7.903787805641264E-006
   2449750.02550760        7979797.97979798       6.365588981247810E-006
   2449750.02550760        8181818.18181818       5.036508778638621E-006
   2449750.02550760        8383838.38383838       3.905557044497762E-006
   2449750.02550760        8585858.58585858       2.958457810809328E-006
   2449750.02550760        8787878.78787879       2.178609296557999E-006
   2449750.02550760        8989898.98989899       1.548002782934096E-006
   2449750.02550760        9191919.19191919       1.048060036195521E-006
   2449750.02550760        9393939.39393939       6.603554596643409E-007
   2449750.02550760        9595959.59595960       3.672005811150877E-007
   2449750.02550760        9797979.79797980       1.520866050089388E-007
   2449750.02550760        10000000.0000000       0.000000000000000E+000
   2653810.83562902       -10000000.0000000       0.000000000000000E+000
   2653810.83562902       -9797979.79797980       1.749630768979631E-008
   2653810.83562902       -9595959.59595960       4.361421408472911E-008
   2653810.83562902       -9393939.39393939       8.166123859414902E-008
   2653810.83562902       -9191919.19191919       1.358672805341269E-007
   2653810.83562902       -8989898.98989899       2.115202645832788E-007
   2653810.83562902       -8787878.78787879       3.150774230799557E-007
   2653810.83562902       -8585858.58585859       4.542339068902114E-007
   2653810.83562902       -8383838.38383838       6.379279688449932E-007
   2653810.83562902       -8181818.18181818       8.762635289739293E-007
   2653810.83562902       -7979797.97979798       1.180334495673429E-006
   2653810.83562902       -7777777.77777778       1.561940980137405E-006
   2653810.83562902       -7575757.57575758       2.033195482188591E-006
   2653810.83562902       -7373737.37373737       2.606026686890883E-006
   2653810.83562902       -7171717.17171717       3.291598712467554E-006
   2653810.83562902       -6969696.96969697       4.099673297825924E-006
   2653810.83562902       -6767676.76767677       5.037950390776757E-006
   2653810.83562902       -6565656.56565657       6.111428179131738E-006
   2653810.83562902       -6363636.36363636       7.321826762737850E-006
   2653810.83562902       -6161616.16161616       8.667121096566904E-006
   2653810.83562902       -5959595.95959596       1.014122963328378E-005
   2653810.83562902       -5757575.75757576       1.173390594701142E-005
   2653810.83562902       -5555555.55555556       1.343088080548089E-005
   2653810.83562902       -5353535.35353535       1.521429885479984E-005
   2653810.83562902       -5151515.15151515       1.706348270669309E-005
   2653810.83562902       -4949494.94949495       1.895603321760596E-005
   2653810.83562902       -4747474.74747475       2.086923652160973E-005
   2653810.83562902       -4545454.54545455       2.278170006317614E-005
   2653810.83562902       -4343434.34343434       2.467509218758548E-005
   2653810.83562902       -4141414.14141414       2.653582763597704E-005
   2653810.83562902       -3939393.93939394       2.835653801256595E-005
   2653810.83562902       -3737373.73737374       3.013719741624741E-005
   2653810.83562902       -3535353.53535354       3.188583180620461E-005
   2653810.83562902       -3333333.33333333       3.361880612564707E-005
   2653810.83562902       -3131313.13131313       3.536072670682198E-005
   2653810.83562902       -2929292.92929293       3.714398741583626E-005
   2653810.83562902       -2727272.72727273       3.900790317926763E-005
   2653810.83562902       -2525252.52525253       4.099720960442712E-005
   2653810.83562902       -2323232.32323232       4.315949303752361E-005
   2653810.83562902       -2121212.12121212       4.554093707573645E-005
   2653810.83562902       -1919191.91919192       4.817977883199681E-005
   2653810.83562902       -1717171.71717172       5.109724343373336E-005
   2653810.83562902       -1515151.51515152       5.428658371248723E-005
   2653810.83562902       -1313131.31313131       5.770209426410151E-005
   2653810.83562902       -1111111.11111111       6.125118284767865E-005
   2653810.83562902       -909090.909090910       6.479312541371709E-005
   2653810.83562902       -707070.707070708       6.814742970215461E-005
   2653810.83562902       -505050.505050506       7.111264734242421E-005
   2653810.83562902       -303030.303030305       7.349349586758471E-005
   2653810.83562902       -101010.101010101       7.513126938040398E-005
   2653810.83562902        101010.101010101       7.593081996299956E-005
   2653810.83562902        303030.303030303       7.587761091573204E-005
   2653810.83562902        505050.505050505       7.504053833336683E-005
   2653810.83562902        707070.707070706       7.355974884288396E-005
   2653810.83562902        909090.909090908       7.162244587354113E-005
   2653810.83562902        1111111.11111111       6.943251008531366E-005
   2653810.83562902        1313131.31313131       6.718083608084716E-005
   2653810.83562902        1515151.51515151       6.502238287682970E-005
   2653810.83562902        1717171.71717172       6.306347670598422E-005
   2653810.83562902        1919191.91919192       6.135980237847380E-005
   2653810.83562902        2121212.12121212       5.992282965360832E-005
   2653810.83562902        2323232.32323232       5.873094054129152E-005
   2653810.83562902        2525252.52525252       5.774148940340809E-005
   2653810.83562902        2727272.72727273       5.690108735196542E-005
   2653810.83562902        2929292.92929293       5.615287605621685E-005
   2653810.83562902        3131313.13131313       5.544081879315094E-005
   2653810.83562902        3333333.33333333       5.471177243328376E-005
   2653810.83562902        3535353.53535353       5.391631873870217E-005
   2653810.83562902        3737373.73737374       5.300920483751374E-005
   2653810.83562902        3939393.93939394       5.194996260373046E-005
   2653810.83562902        4141414.14141414       5.070397161254832E-005
   2653810.83562902        4343434.34343434       4.924396085470011E-005
   2653810.83562902        4545454.54545454       4.755173573144093E-005
   2653810.83562902        4747474.74747475       4.561978523051198E-005
   2653810.83562902        4949494.94949495       4.345238461087562E-005
   2653810.83562902        5151515.15151515       4.106586819697938E-005
   2653810.83562902        5353535.35353535       3.848789247491971E-005
   2653810.83562902        5555555.55555555       3.575570504287947E-005
   2653810.83562902        5757575.75757576       3.291362674264875E-005
   2653810.83562902        5959595.95959596       3.001008959297333E-005
   2653810.83562902        6161616.16161616       2.709461873609445E-005
   2653810.83562902        6363636.36363636       2.421510043070928E-005
   2653810.83562902        6565656.56565657       2.141556739257235E-005
   2653810.83562902        6767676.76767677       1.873460029488497E-005
   2653810.83562902        6969696.96969697       1.620433028782426E-005
   2653810.83562902        7171717.17171717       1.384995600679316E-005
   2653810.83562902        7373737.37373737       1.168966322464794E-005
   2653810.83562902        7575757.57575757       9.734843945948760E-006
   2653810.83562902        7777777.77777778       7.990536060011975E-006
   2653810.83562902        7979797.97979798       6.456028902737356E-006
   2653810.83562902        8181818.18181818       5.125595563744974E-006
   2653810.83562902        8383838.38383838       3.989318090537941E-006
   2653810.83562902        8585858.58585858       3.033970099230214E-006
   2653810.83562902        8787878.78787879       2.243917388036873E-006
   2653810.83562902        8989898.98989899       1.601994853449819E-006
   2653810.83562902        9191919.19191919       1.090319553198335E-006
   2653810.83562902        9393939.39393939       6.910061227098040E-007
   2653810.83562902        9595959.59595960       3.867626557973392E-007
   2653810.83562902        9797979.79797980       1.613622663380455E-007
   2653810.83562902        10000000.0000000       0.000000000000000E+000
   2866034.07815529       -10000000.0000000       0.000000000000000E+000
   2866034.07815529       -9797979.79797980       1.824085874670684E-008
   2866034.07815529       -9595959.59595960       4.522381597854689E-008
   2866034.07815529       -9393939.39393939       8.424584402484938E-008
   2866034.07815529       -9191919.19191919       1.395107094625273E-007
   2866034.07815529       -8989898.98989899       2.162531567076658E-007
   2866034.07815529       -8787878.78787879       3.208369388369624E-007
   2866034.07815529       -8585858.58585859       4.608099556462570E-007
   2866034.07815529       -8383838.38383838       6.448971299631078E-007
   2866034.07815529       -8181818.18181818       8.829132604444291E-007
   2866034.07815529       -7979797.97979798       1.185581934379354E-006
   2866034.07815529       -7777777.77777778       1.564252513464714E-006
   2866034.07815529       -7575757.57575758       2.030515038536545E-006
   2866034.07815529       -7373737.37373737       2.595722055299880E-006
   2866034.07815529       -7171717.17171717       3.270435888082628E-006
   2866034.07815529       -6969696.96969697       4.063828636472217E-006
   2866034.07815529       -6767676.76767677       4.983069069366788E-006
   2866034.07815529       -6565656.56565657       6.032734958455614E-006
   2866034.07815529       -6363636.36363636       7.214291200890882E-006
   2866034.07815529       -6161616.16161616       8.525674038200118E-006
   2866034.07815529       -5959595.95959596       9.961020963691324E-006
   2866034.07815529       -5757575.75757576       1.151058548862527E-005
   2866034.07815529       -5555555.55555556       1.316087561807755E-005
   2866034.07815529       -5353535.35353535       1.489505257222842E-005
   2866034.07815529       -5151515.15151515       1.669361803651390E-005
   2866034.07815529       -4949494.94949495       1.853539960822583E-005
   2866034.07815529       -4747474.74747475       2.039881273390573E-005
   2866034.07815529       -4545454.54545455       2.226333562397801E-005
   2866034.07815529       -4343434.34343434       2.411108968344221E-005
   2866034.07815529       -4141414.14141414       2.592838463717198E-005
   2866034.07815529       -3939393.93939394       2.770707743379599E-005
   2866034.07815529       -3737373.73737374       2.944561392915783E-005
   2866034.07815529       -3535353.53535354       3.114966845782737E-005
   2866034.07815529       -3333333.33333333       3.283235328923982E-005
   2866034.07815529       -3131313.13131313       3.451401398491066E-005
   2866034.07815529       -2929292.92929293       3.622163261414713E-005
   2866034.07815529       -2727272.72727273       3.798781024409805E-005
   2866034.07815529       -2525252.52525253       3.984919096632583E-005
   2866034.07815529       -2323232.32323232       4.184404720292539E-005
   2866034.07815529       -2121212.12121212       4.400863401002840E-005
   2866034.07815529       -1919191.91919192       4.637194338416817E-005
   2866034.07815529       -1717171.71717172       4.894876920456982E-005
   2866034.07815529       -1515151.51515152       5.173159938845025E-005
   2866034.07815529       -1313131.31313131       5.468270766965632E-005
   2866034.07815529       -1111111.11111111       5.772863961938563E-005
   2866034.07815529       -909090.909090910       6.075964158388914E-005
   2866034.07815529       -707070.707070708       6.363607775481272E-005
   2866034.07815529       -505050.505050506       6.620242087217732E-005
   2866034.07815529       -303030.303030305       6.830731337125334E-005
   2866034.07815529       -101010.101010101       6.982615111718632E-005
   2866034.07815529        101010.101010101       7.068139443812121E-005
   2866034.07815529        303030.303030303       7.085588124538053E-005
   2866034.07815529        505050.505050505       7.039587896784880E-005
   2866034.07815529        707070.707070706       6.940306264739277E-005
   2866034.07815529        909090.909090908       6.801731024107921E-005
   2866034.07815529        1111111.11111111       6.639434886277468E-005
   2866034.07815529        1313131.31313131       6.468324419987547E-005
   2866034.07815529        1515151.51515151       6.300826728136309E-005
   2866034.07815529        1717171.71717172       6.145802849887001E-005
   2866034.07815529        1919191.91919192       6.008254819828179E-005
   2866034.07815529        2121212.12121212       5.889689963198980E-005
   2866034.07815529        2323232.32323232       5.788883240212654E-005
   2866034.07815529        2525252.52525252       5.702759794497752E-005
   2866034.07815529        2727272.72727273       5.627185500477411E-005
   2866034.07815529        2929292.92929293       5.557556847573361E-005
   2866034.07815529        3131313.13131313       5.489176783066550E-005
   2866034.07815529        3333333.33333333       5.417463758893160E-005
   2866034.07815529        3535353.53535353       5.338063724399701E-005
   2866034.07815529        3737373.73737374       5.246929629740403E-005
   2866034.07815529        3939393.93939394       5.140413486370080E-005
   2866034.07815529        4141414.14141414       5.015392125945738E-005
   2866034.07815529        4343434.34343434       4.869425195091774E-005
   2866034.07815529        4545454.54545454       4.700925764363344E-005
   2866034.07815529        4747474.74747475       4.509312464275470E-005
   2866034.07815529        4949494.94949495       4.295109058718434E-005
   2866034.07815529        5151515.15151515       4.059963467349996E-005
   2866034.07815529        5353535.35353535       3.806572088899368E-005
   2866034.07815529        5555555.55555555       3.538513249588839E-005
   2866034.07815529        5757575.75757576       3.260010690022858E-005
   2866034.07815529        5959595.95959596       2.975659457671112E-005
   2866034.07815529        6161616.16161616       2.690149634418587E-005
   2866034.07815529        6363636.36363636       2.408018168833529E-005
   2866034.07815529        6565656.56565657       2.133448469900372E-005
   2866034.07815529        6767676.76767677       1.870125360271195E-005
   2866034.07815529        6969696.96969697       1.621143058799851E-005
   2866034.07815529        7171717.17171717       1.388958024663067E-005
   2866034.07815529        7373737.37373737       1.175376819484362E-005
   2866034.07815529        7575757.57575757       9.815703516372548E-006
   2866034.07815529        7777777.77777778       8.081082341756265E-006
   2866034.07815529        7979797.97979798       6.550091174899772E-006
   2866034.07815529        8181818.18181818       5.218040485061119E-006
   2866034.07815529        8383838.38383838       4.076101199484109E-006
   2866034.07815529        8585858.58585858       3.112112639869922E-006
   2866034.07815529        8787878.78787879       2.311424782054399E-006
   2866034.07815529        8989898.98989899       1.657734210675628E-006
   2866034.07815529        9191919.19191919       1.133873952351603E-006
   2866034.07815529        9393939.39393939       7.225234176948227E-007
   2866034.07815529        9595959.59595960       4.068158874100331E-007
   2866034.07815529        9797979.79797980       1.708348656768807E-007
   2866034.07815529        10000000.0000000       0.000000000000000E+000
   3086419.75308642       -10000000.0000000       0.000000000000000E+000
   3086419.75308642       -9797979.79797980       1.893392854948575E-008
   3086419.75308642       -9595959.59595960       4.672064828952011E-008
   3086419.75308642       -9393939.39393939       8.664070474715483E-008
   3086419.75308642       -9191919.19191919       1.428627144492725E-007
   3086419.75308642       -8989898.98989899       2.205577513889150E-007
   3086419.75308642       -8787878.78787879       3.259853238412858E-007
   3086419.75308642       -8585858.58585859       4.665358502136548E-007
   3086419.75308642       -8383838.38383838       6.507119447044898E-007
   3086419.75308642       -8181818.18181818       8.880323278009320E-007
   3086419.75308642       -7979797.97979798       1.188846103254051E-006
   3086419.75308642       -7777777.77777778       1.564051132466188E-006
   3086419.75308642       -7575757.57575758       2.024717930678503E-006
   3086419.75308642       -7373737.37373737       2.581629273414586E-006
   3086419.75308642       -7171717.17171717       3.244754602572335E-006
   3086419.75308642       -6969696.96969697       4.022686262879971E-006
   3086419.75308642       -6767676.76767677       4.922070560346503E-006
   3086419.75308642       -6565656.56565657       5.947069955832873E-006
   3086419.75308642       -6363636.36363636       7.098893348316598E-006
   3086419.75308642       -6161616.16161616       8.375430045484258E-006
   3086419.75308642       -5959595.95959596       9.771020876463129E-006
   3086419.75308642       -5757575.75757576       1.127639814798732E-005
   3086419.75308642       -5555555.55555556       1.287882506849664E-005
   3086419.75308642       -5353535.35353535       1.456246348143820E-005
   3086419.75308642       -5151515.15151515       1.630899303951119E-005
   3086419.75308642       -4949494.94949495       1.809849119771877E-005
   3086419.75308642       -4747474.74747475       1.991055866371525E-005
   3086419.75308642       -4545454.54545455       2.172563995043954E-005
   3086419.75308642       -4343434.34343434       2.352644939848282E-005
   3086419.75308642       -4141414.14141414       2.529937997498129E-005
   3086419.75308642       -3939393.93939394       2.703575692388402E-005
   3086419.75308642       -3737373.73737374       2.873280857038184E-005
   3086419.75308642       -3535353.53535354       3.039426139525026E-005
   3086419.75308642       -3333333.33333333       3.203051486476381E-005
   3086419.75308642       -3131313.13131313       3.365839458491199E-005
   3086419.75308642       -2929292.92929293       3.530049920909284E-005
   3086419.75308642       -2727272.72727273       3.698413164976013E-005
   3086419.75308642       -2525252.52525253       3.873973643672741E-005
   3086419.75308642       -2323232.32323232       4.059867183004130E-005
   3086419.75308642       -2121212.12121212       4.259007466180363E-005
   3086419.75308642       -1919191.91919192       4.473660198018869E-005
   3086419.75308642       -1717171.71717172       4.704903856149576E-005
   3086419.75308642       -1515151.51515152       4.952018766874769E-005
   3086419.75308642       -1313131.31313131       5.211905823653823E-005
   3086419.75308642       -1111111.11111111       5.478692959789461E-005
   3086419.75308642       -909090.909090910       5.743711673516362E-005
   3086419.75308642       -707070.707070708       5.995990348146660E-005
   3086419.75308642       -505050.505050506       6.223308044965398E-005
   3086419.75308642       -303030.303030305       6.413703382143027E-005
   3086419.75308642       -101010.101010101       6.557184343015548E-005
   3086419.75308642        101010.101010101       6.647289814526580E-005
   3086419.75308642        303030.303030303       6.682151095967227E-005
   3086419.75308642        505050.505050505       6.664799955890971E-005
   3086419.75308642        707070.707070706       6.602643629610384E-005
   3086419.75308642        909090.909090908       6.506225928072765E-005
   3086419.75308642        1111111.11111111       6.387558601273233E-005
   3086419.75308642        1313131.31313131       6.258390298605441E-005
   3086419.75308642        1515151.51515151       6.128760289826619E-005
   3086419.75308642        1717171.71717172       6.006072632506511E-005
   3086419.75308642        1919191.91919192       5.894765409648951E-005
   3086419.75308642        2121212.12121212       5.796494856726545E-005
   3086419.75308642        2323232.32323232       5.710653584515060E-005
   3086419.75308642        2525252.52525252       5.635017021678811E-005
   3086419.75308642        2727272.72727273       5.566352064536436E-005
   3086419.75308642        2929292.92929293       5.500894898469929E-005
   3086419.75308642        3131313.13131313       5.434676882889514E-005
   3086419.75308642        3333333.33333333       5.363726665425158E-005
   3086419.75308642        3535353.53535353       5.284198048733854E-005
   3086419.75308642        3737373.73737374       5.192472354093123E-005
   3086419.75308642        3939393.93939394       5.085270309499289E-005
   3086419.75308642        4141414.14141414       4.959789594610060E-005
   3086419.75308642        4343434.34343434       4.813865246577563E-005
   3086419.75308642        4545454.54545454       4.646134546910954E-005
   3086419.75308642        4747474.74747475       4.456178325095135E-005
   3086419.75308642        4949494.94949495       4.244608678889279E-005
   3086419.75308642        5151515.15151515       4.013079448076432E-005
   3086419.75308642        5353535.35353535       3.764208902895428E-005
   3086419.75308642        5555555.55555555       3.501420488640088E-005
   3086419.75308642        5757575.75757576       3.228722447364135E-005
   3086419.75308642        5959595.95959596       2.950456532050266E-005
   3086419.75308642        6161616.16161616       2.671047660155172E-005
   3086419.75308642        6363636.36363636       2.394780756856509E-005
   3086419.75308642        6565656.56565657       2.125621002426246E-005
   3086419.75308642        6767676.76767677       1.867082924183670E-005
   3086419.75308642        6969696.96969697       1.622145359108196E-005
   3086419.75308642        7171717.17171717       1.393204769496509E-005
   3086419.75308642        7373737.37373737       1.182058523596325E-005
   3086419.75308642        7575757.57575757       9.899112359750130E-006
   3086419.75308642        7777777.77777778       8.173995025821863E-006
   3086419.75308642        7979797.97979798       6.646321604920092E-006
   3086419.75308642        8181818.18181818       5.312440198070086E-006
   3086419.75308642        8383838.38383838       4.164609129788133E-006
   3086419.75308642        8585858.58585858       3.191732714046479E-006
   3086419.75308642        8787878.78787879       2.380147214303212E-006
   3086419.75308642        8989898.98989899       1.714417412567514E-006
   3086419.75308642        9191919.19191919       1.178104329421524E-006
   3086419.75308642        9393939.39393939       7.544699310475384E-007
   3086419.75308642        9595959.59595960       4.270940268487680E-007
   3086419.75308642        9797979.79797980       1.803884735668794E-007
   3086419.75308642        10000000.0000000       0.000000000000000E+000
   3314967.86042241       -10000000.0000000       0.000000000000000E+000
   3314967.86042241       -9797979.79797980       1.955681548018080E-008
   3314967.86042241       -9595959.59595960       4.805938426181154E-008
   3314967.86042241       -9393939.39393939       8.876587693207835E-008
   3314967.86042241       -9191919.19191919       1.458007110261730E-007
   3314967.86042241       -8989898.98989899       2.242604646182044E-007
   3314967.86042241       -8787878.78787879       3.302892469625484E-007
   3314967.86042241       -8585858.58585859       4.711097987634811E-007
   3314967.86042241       -8383838.38383838       6.549943477185328E-007
   3314967.86042241       -8181818.18181818       8.911607037115848E-007
   3314967.86042241       -7979797.97979798       1.189582955190816E-006
   3314967.86042241       -7777777.77777778       1.560712055234972E-006
   3314967.86042241       -7575757.57575758       2.015109083589506E-006
   3314967.86042241       -7373737.37373737       2.563002344139138E-006
   3314967.86042241       -7171717.17171717       3.213787783425401E-006
   3314967.86042241       -6969696.96969697       3.975499447447004E-006
   3314967.86042241       -6767676.76767677       4.854281860750631E-006
   3314967.86042241       -6565656.56565657       5.853898675107531E-006
   3314967.86042241       -6363636.36363636       6.975311626465894E-006
   3314967.86042241       -6161616.16161616       8.216361380534610E-006
   3314967.86042241       -5959595.95959596       9.571578430337758E-006
   3314967.86042241       -5757575.75757576       1.103214914129964E-005
   3314967.86042241       -5555555.55555556       1.258606000557701E-005
   3314967.86042241       -5353535.35353535       1.421844145693351E-005
   3314967.86042241       -5151515.15151515       1.591212875769134E-005
   3314967.86042241       -4949494.94949495       1.764844785764851E-005
   3314967.86042241       -4747474.74747475       1.940821552305111E-005
   3314967.86042241       -4545454.54545455       2.117291486938904E-005
   3314967.86042241       -4343434.34343434       2.292597352587189E-005
   3314967.86042241       -4141414.14141414       2.465404023930058E-005
   3314967.86042241       -3939393.93939394       2.634813703897145E-005
   3314967.86042241       -3737373.73737374       2.800456618317908E-005
   3314967.86042241       -3535353.53535354       2.962547556671307E-005
   3314967.86042241       -3333333.33333333       3.121902599963548E-005
   3314967.86042241       -3131313.13131313       3.279914428539665E-005
   3314967.86042241       -2929292.92929293       3.438487002284726E-005
   3314967.86042241       -2727272.72727273       3.599929792253591E-005
   3314967.86042241       -2525252.52525253       3.766807814062841E-005
   3314967.86042241       -2323232.32323232       3.941737837299763E-005
   3314967.86042241       -2121212.12121212       4.127116749924987E-005
   3314967.86042241       -1919191.91919192       4.324770433995600E-005
   3314967.86042241       -1717171.71717172       4.535526381980545E-005
   3314967.86042241       -1515151.51515152       4.758743650026200E-005
   3314967.86042241       -1313131.31313131       4.991875682517207E-005
   3314967.86042241       -1111111.11111111       5.230181538897467E-005
   3314967.86042241       -909090.909090910       5.466718324247500E-005
   3314967.86042241       -707070.707070708       5.692722740864793E-005
   3314967.86042241       -505050.505050506       5.898416122619977E-005
   3314967.86042241       -303030.303030305       6.074159012084604E-005
   3314967.86042241       -101010.101010101       6.211770523234984E-005
   3314967.86042241        101010.101010101       6.305753224135603E-005
   3314967.86042241        303030.303030303       6.354155937819682E-005
   3314967.86042241        505050.505050505       6.358873547237396E-005
   3314967.86042241        707070.707070706       6.325308662596156E-005
   3314967.86042241        909090.909090908       6.261469291940693E-005
   3314967.86042241        1111111.11111111       6.176705828625793E-005
   3314967.86042241        1313131.31313131       6.080362142470766E-005
   3314967.86042241        1515151.51515151       5.980610120540650E-005
   3314967.86042241        1717171.71717172       5.883660521412159E-005
   3314967.86042241        1919191.91919192       5.793424593397402E-005
   3314967.86042241        2121212.12121212       5.711581982014834E-005
   3314967.86042241        2323232.32323232       5.637928289053441E-005
   3314967.86042241        2525252.52525252       5.570848828555538E-005
   3314967.86042241        2727272.72727273       5.507788531509321E-005
   3314967.86042241        2929292.92929293       5.445639581671221E-005
   3314967.86042241        3131313.13131313       5.381022798229565E-005
   3314967.86042241        3333333.33333333       5.310478516596381E-005
   3314967.86042241        3535353.53535353       5.230601933726002E-005
   3314967.86042241        3737373.73737374       5.138159440487051E-005
   3314967.86042241        3939393.93939394       5.030212672201704E-005
   3314967.86042241        4141414.14141414       4.904261914699118E-005
   3314967.86042241        4343434.34343434       4.758404673150682E-005
   3314967.86042241        4545454.54545454       4.591492023206195E-005
   3314967.86042241        4747474.74747475       4.403257456339082E-005
   3314967.86042241        4949494.94949495       4.194392090530893E-005
   3314967.86042241        5151515.15151515       3.966546689797957E-005
   3314967.86042241        5353535.35353535       3.722253312983693E-005
   3314967.86042241        5555555.55555555       3.464774164799625E-005
   3314967.86042241        5757575.75757576       3.197898086771244E-005
   3314967.86042241        5959595.95959596       2.925712509251780E-005
   3314967.86042241        6161616.16161616       2.652378988688111E-005
   3314967.86042241        6363636.36363636       2.381934553653768E-005
   3314967.86042241        6565656.56565657       2.118131749383717E-005
   3314967.86042241        6767676.76767677       1.864320862039225E-005
   3314967.86042241        6969696.96969697       1.623370919645940E-005
   3314967.86042241        7171717.17171717       1.397622772292149E-005
   3314967.86042241        7373737.37373737       1.188867408236893E-005
   3314967.86042241        7575757.57575757       9.983443346103736E-006
   3314967.86042241        7777777.77777778       8.267568991161247E-006
   3314967.86042241        7979797.97979798       6.743028562013394E-006
   3314967.86042241        8181818.18181818       5.407189223760598E-006
   3314967.86042241        8383838.38383838       4.253376668542018E-006
   3314967.86042241        8585858.58585858       3.271542492478414E-006
   3314967.86042241        8787878.78787879       2.448996740398421E-006
   3314967.86042241        8989898.98989899       1.771166982399473E-006
   3314967.86042241        9191919.19191919       1.222344642594914E-006
   3314967.86042241        9393939.39393939       7.863833440021313E-007
   3314967.86042241        9595959.59595960       4.473210221123149E-007
   3314967.86042241        9797979.79797980       1.899043734937883E-007
   3314967.86042241        10000000.0000000       0.000000000000000E+000
   3551678.40016325       -10000000.0000000       0.000000000000000E+000
   3551678.40016325       -9797979.79797980       2.009166805755963E-008
   3551678.40016325       -9595959.59595960       4.919654840939547E-008
   3551678.40016325       -9393939.39393939       9.054383747184796E-008
   3551678.40016325       -9191919.19191919       1.482046087382521E-007
   3551678.40016325       -8989898.98989899       2.271900387064932E-007
   3551678.40016325       -8787878.78787879       3.335175759203622E-007
   3551678.40016325       -8585858.58585859       4.742322504168505E-007
   3551678.40016325       -8383838.38383838       6.573686489325144E-007
   3551678.40016325       -8181818.18181818       8.918406690303250E-007
   3551678.40016325       -7979797.97979798       1.187249968855652E-006
   3551678.40016325       -7777777.77777778       1.553609798298556E-006
   3551678.40016325       -7575757.57575758       2.000988132254611E-006
   3551678.40016325       -7373737.37373737       2.539081996446900E-006
   3551678.40016325       -7171717.17171717       3.176742668365654E-006
   3551678.40016325       -6969696.96969697       3.921478049864649E-006
   3551678.40016325       -6767676.76767677       4.778963024170284E-006
   3551678.40016325       -6565656.56565657       5.752590408823206E-006
   3551678.40016325       -6363636.36363636       6.843094092460803E-006
   3551678.40016325       -6161616.16161616       8.048272635290271E-006
   3551678.40016325       -5959595.95959596       9.362837138996264E-006
   3551678.40016325       -5757575.75757576       1.077840291004915E-005
   3551678.40016325       -5555555.55555556       1.228364133262083E-005
   3551678.40016325       -5353535.35353535       1.386460631666297E-005
   3551678.40016325       -5151515.15151515       1.550524700937101E-005
   3551678.40016325       -4949494.94949495       1.718811212266517E-005
   3551678.40016325       -4747474.74747475       1.889523801374068E-005
   3551678.40016325       -4545454.54545455       2.060919102230779E-005
   3551678.40016325       -4343434.34343434       2.231420645026466E-005
   3551678.40016325       -4141414.14141414       2.399733795795827E-005
   3551678.40016325       -3939393.93939394       2.564951067155976E-005
   3551678.40016325       -3737373.73737374       2.726636692042367E-005
   3551678.40016325       -3535353.53535354       2.884880869545651E-005
   3551678.40016325       -3333333.33333333       3.040317198763969E-005
   3551678.40016325       -3131313.13131313       3.194100462502225E-005
   3551678.40016325       -2929292.92929293       3.347844705781771E-005
   3551678.40016325       -2727272.72727273       3.503522265328222E-005
   3551678.40016325       -2525252.52525253       3.663322625230700E-005
   3551678.40016325       -2323232.32323232       3.829466573655434E-005
   3551678.40016325       -2121212.12121212       4.003968552794961E-005
   3551678.40016325       -1919191.91919192       4.188342125629723E-005
   3551678.40016325       -1717171.71717172       4.383254215011832E-005
   3551678.40016325       -1515151.51515152       4.588155367950688E-005
   3551678.40016325       -1313131.31313131       4.800943107674659E-005
   3551678.40016325       -1111111.11111111       5.017744078839522E-005
   3551678.40016325       -909090.909090910       5.232913462073731E-005
   3551678.40016325       -707070.707070708       5.439332782292036E-005
   3551678.40016325       -505050.505050506       5.629034120947553E-005
   3551678.40016325       -303030.303030305       5.794098713007903E-005
   3551678.40016325       -101010.101010101       5.927693656093341E-005
   3551678.40016325        101010.101010101       6.025050763472799E-005
   3551678.40016325        303030.303030303       6.084180034354544E-005
   3551678.40016325        505050.505050505       6.106155624969092E-005
   3551678.40016325        707070.707070706       6.094904787121990E-005
   3551678.40016325        909090.909090908       6.056544445227385E-005
   3551678.40016325        1111111.11111111       5.998412798063944E-005
   3551678.40016325        1313131.31313131       5.928004619680880E-005
   3551678.40016325        1515151.51515151       5.852021996187682E-005
   3551678.40016325        1717171.71717172       5.775699341116227E-005
   3551678.40016325        1919191.91919192       5.702473344210232E-005
   3551678.40016325        2121212.12121212       5.633976196983030E-005
   3551678.40016325        2323232.32323232       5.570263225412468E-005
   3551678.40016325        2525252.52525252       5.510159844295557E-005
   3551678.40016325        2727272.72727273       5.451625626886154E-005
   3551678.40016325        2929292.92929293       5.392069932509487E-005
   3551678.40016325        3131313.13131313       5.328594882989774E-005
   3551678.40016325        3333333.33333333       5.258173390817342E-005
   3551678.40016325        3535353.53535353       5.177786675586182E-005
   3551678.40016325        3737373.73737374       5.084548338643170E-005
   3551678.40016325        3939393.93939394       4.975834917481572E-005
   3551678.40016325        4141414.14141414       4.849430652194408E-005
   3551678.40016325        4343434.34343434       4.703680985557942E-005
   3551678.40016325        4545454.54545454       4.537638331459843E-005
   3551678.40016325        4747474.74747475       4.351177452161103E-005
   3551678.40016325        4949494.94949495       4.145058004865114E-005
   3551678.40016325        5151515.15151515       3.920918578526800E-005
   3551678.40016325        5353535.35353535       3.681198115270245E-005
   3551678.40016325        5555555.55555555       3.428993700938605E-005
   3551678.40016325        5757575.75757576       3.167874477390505E-005
   3551678.40016325        5959595.95959596       2.901676887325920E-005
   3551678.40016325        6161616.16161616       2.634305577127034E-005
   3551678.40016325        6363636.36363636       2.369558235893780E-005
   3551678.40016325        6565656.56565657       2.110984144192794E-005
   3551678.40016325        6767676.76767677       1.861778221733953E-005
   3551678.40016325        6969696.96969697       1.624706987592763E-005
   3551678.40016325        7171717.17171717       1.402060717628412E-005
   3551678.40016325        7373737.37373737       1.195626552339059E-005
   3551678.40016325        7575757.57575757       1.006679071303016E-005
   3551678.40016325        7777777.77777778       8.359866430414442E-006
   3551678.40016325        7979797.97979798       6.838328969396529E-006
   3551678.40016325        8181818.18181818       5.500527400537719E-006
   3551678.40016325        8383838.38383838       4.340816760625251E-006
   3551678.40016325        8585858.58585858       3.350161837114978E-006
   3551678.40016325        8787878.78787879       2.516819731265810E-006
   3551678.40016325        8989898.98989899       1.827063334762579E-006
   3551678.40016325        9191919.19191919       1.265906303882512E-006
   3551678.40016325        9393939.39393939       8.177926527239668E-007
   3551678.40016325        9595959.59595960       4.672190210255520E-007
   3551678.40016325        9797979.79797980       1.992632078163166E-007
   3551678.40016325        10000000.0000000       0.000000000000000E+000
   3796551.37230895       -10000000.0000000       0.000000000000000E+000
   3796551.37230895       -9797979.79797980       2.052200399801623E-008
   3796551.37230895       -9595959.59595960       5.009207747294278E-008
   3796551.37230895       -9393939.39393939       9.190272511089379E-008
   3796551.37230895       -9191919.19191919       1.499622075827353E-007
   3796551.37230895       -8989898.98989899       2.291854209305162E-007
   3796551.37230895       -8787878.78787879       3.354520375740271E-007
   3796551.37230895       -8585858.58585859       4.756196815625691E-007
   3796551.37230895       -8383838.38383838       6.574788268114761E-007
   3796551.37230895       -8181818.18181818       8.896379706127506E-007
   3796551.37230895       -7979797.97979798       1.181331419316060E-006
   3796551.37230895       -7777777.77777778       1.542147594968211E-006
   3796551.37230895       -7575757.57575758       1.981682689037184E-006
   3796551.37230895       -7373737.37373737       2.509132035981869E-006
   3796551.37230895       -7171717.17171717       3.132838867302597E-006
   3796551.37230895       -6969696.96969697       3.859826183773397E-006
   3796551.37230895       -6767676.76767677       4.695341481463044E-006
   3796551.37230895       -6565656.56565657       5.642445386443757E-006
   3796551.37230895       -6363636.36363636       6.701673750126178E-006
   3796551.37230895       -6161616.16161616       7.870798870684694E-006
   3796551.37230895       -5959595.95959596       9.144710240584806E-006
   3796551.37230895       -5757575.75757576       1.051542990609568E-005
   3796551.37230895       -5555555.55555556       1.197227332926992E-005
   3796551.37230895       -5353535.35353535       1.350216393222450E-005
   3796551.37230895       -5151515.15151515       1.509010731575424E-005
   3796551.37230895       -4949494.94949495       1.671982714480561E-005
   3796551.37230895       -4747474.74747475       1.837455590773920E-005
   3796551.37230895       -4545454.54545455       2.003795804663824E-005
   3796551.37230895       -4343434.34343434       2.169514070923716E-005
   3796551.37230895       -4141414.14141414       2.333368248450326E-005
   3796551.37230895       -3939393.93939394       2.494458977793969E-005
   3796551.37230895       -3737373.73737374       2.652308136992792E-005
   3796551.37230895       -3535353.53535354       2.806910886279675E-005
   3796551.37230895       -3333333.33333333       2.958754337343356E-005
   3796551.37230895       -3131313.13131313       3.108799007158829E-005
   3796551.37230895       -2929292.92929293       3.258422109732468E-005
   3796551.37230895       -2727272.72727273       3.409323339943953E-005
   3796551.37230895       -2525252.52525253       3.563393589434893E-005
   3796551.37230895       -2323232.32323232       3.722545460855840E-005
   3796551.37230895       -2121212.12121212       3.888503175824544E-005
   3796551.37230895       -1919191.91919192       4.062551214620813E-005
   3796551.37230895       -1717171.71717172       4.245248756815299E-005
   3796551.37230895       -1515151.51515152       4.436132376151900E-005
   3796551.37230895       -1313131.31313131       4.633450774941645E-005
   3796551.37230895       -1111111.11111111       4.833996110695647E-005
   3796551.37230895       -909090.909090910       5.033106135793325E-005
   3796551.37230895       -707070.707070708       5.224899274767671E-005
   3796551.37230895       -505050.505050506       5.402765963357431E-005
   3796551.37230895       -303030.303030305       5.560079527301404E-005
   3796551.37230895       -101010.101010101       5.691024703237673E-005
   3796551.37230895        101010.101010101       5.791393279956755E-005
   3796551.37230895        303030.303030303       5.859183205517788E-005
   3796551.37230895        505050.505050505       5.894868368171499E-005
   3796551.37230895        707070.707070706       5.901275371676573E-005
   3796551.37230895        909090.909090908       5.883092381917428E-005
   3796551.37230895        1111111.11111111       5.846117943968011E-005
   3796551.37230895        1313131.31313131       5.796410371824831E-005
   3796551.37230895        1515151.51515151       5.739506271560383E-005
   3796551.37230895        1717171.71717172       5.679840092577876E-005
   3796551.37230895        1919191.91919192       5.620430163331706E-005
   3796551.37230895        2121212.12121212       5.562824243688433E-005
   3796551.37230895        2323232.32323232       5.507242367306122E-005
   3796551.37230895        2525252.52525252       5.452830181712109E-005
   3796551.37230895        2727272.72727273       5.397942111140746E-005
   3796551.37230895        2929292.92929293       5.340399715558631E-005
   3796551.37230895        3131313.13131313       5.277702152826179E-005
   3796551.37230895        3333333.33333333       5.207191231572747E-005
   3796551.37230895        3535353.53535353       5.126187810196226E-005
   3796551.37230895        3737373.73737374       5.032119270262038E-005
   3796551.37230895        3939393.93939394       4.922652427358762E-005
   3796551.37230895        4141414.14141414       4.795836303047409E-005
   3796551.37230895        4343434.34343434       4.650248201826644E-005
   3796551.37230895        4545454.54545454       4.485127555205774E-005
   3796551.37230895        4747474.74747475       4.300477410452370E-005
   3796551.37230895        4949494.94949495       4.097114640974164E-005
   3796551.37230895        5151515.15151515       3.876656820888024E-005
   3796551.37230895        5353535.35353535       3.641444405861760E-005
   3796551.37230895        5555555.55555555       3.394408264969837E-005
   3796551.37230895        5757575.75757576       3.138901328341264E-005
   3796551.37230895        5959595.95959596       2.878516774896333E-005
   3796551.37230895        6161616.16161616       2.616913288370994E-005
   3796551.37230895        6363636.36363636       2.357661892404771E-005
   3796551.37230895        6565656.56565657       2.104121319703247E-005
   3796551.37230895        6767676.76767677       1.859342337838685E-005
   3796551.37230895        6969696.96969697       1.625997522978909E-005
   3796551.37230895        7171717.17171717       1.406331885998444E-005
   3796551.37230895        7373737.37373737       1.202130704629419E-005
   3796551.37230895        7575757.57575757       1.014702665628411E-005
   3796551.37230895        7777777.77777778       8.448779053723765E-006
   3796551.37230895        7979797.97979798       6.930211803925602E-006
   3796551.37230895        8181818.18181818       5.590601367876420E-006
   3796551.37230895        8383838.38383838       4.425277539970166E-006
   3796551.37230895        8585858.58585858       3.426169101973520E-006
   3796551.37230895        8787878.78787879       2.582440059493738E-006
   3796551.37230895        8989898.98989899       1.881179143781997E-006
   3796551.37230895        9191919.19191919       1.308102772911650E-006
   3796551.37230895        9393939.39393939       8.482328843215191E-007
   3796551.37230895        9595959.59595960       4.865148727733465E-007
   3796551.37230895        9797979.79797980       2.083467328719580E-007
   3796551.37230895        10000000.0000000       0.000000000000000E+000
   4049586.77685950       -10000000.0000000       0.000000000000000E+000
   4049586.77685950       -9797979.79797980       2.083320911672660E-008
   4049586.77685950       -9595959.59595960       5.071067931229658E-008
   4049586.77685950       -9393939.39393939       9.277921069188071E-008
   4049586.77685950       -9191919.19191919       1.509742021492853E-007
   4049586.77685950       -8989898.98989899       2.301033712143024E-007
   4049586.77685950       -8787878.78787879       3.358977962060269E-007
   4049586.77685950       -8585858.58585859       4.750185029904112E-007
   4049586.77685950       -8383838.38383838       6.550061602451558E-007
   4049586.77685950       -8181818.18181818       8.841635998993438E-007
   4049586.77685950       -7979797.97979798       1.171364701596501E-006
   4049586.77685950       -7777777.77777778       1.525788564606158E-006
   4049586.77685950       -7575757.57575758       1.956584467097418E-006
   4049586.77685950       -7373737.37373737       2.472480222534433E-006
   4049586.77685950       -7171717.17171717       3.081353348682287E-006
   4049586.77685950       -6969696.96969697       3.789790071205222E-006
   4049586.77685950       -6767676.76767677       4.602660776777570E-006
   4049586.77685950       -6565656.56565657       5.522741534405348E-006
   4049586.77685950       -6363636.36363636       6.550409539692454E-006
   4049586.77685950       -6161616.16161616       7.683436140489052E-006
   4049586.77685950       -5959595.95959596       8.916895337400295E-006
   4049586.77685950       -5757575.75757576       1.024319955487942E-005
   4049586.77685950       -5555555.55555556       1.165226929045652E-005
   4049586.77685950       -5353535.35353535       1.313183968795345E-005
   4049586.77685950       -5151515.15151515       1.466790481107300E-005
   4049586.77685950       -4949494.94949495       1.624529780297927E-005
   4049586.77685950       -4747474.74747475       1.784839967889345E-005
   4049586.77685950       -4545454.54545455       1.946195883425200E-005
   4049586.77685950       -4343434.34343434       2.107198670113812E-005
   4049586.77685950       -4141414.14141414       2.266667440116950E-005
   4049586.77685950       -3939393.93939394       2.423725568498145E-005
   4049586.77685950       -3737373.73737374       2.577872935279459E-005
   4049586.77685950       -3535353.53535354       2.729035500007218E-005
   4049586.77685950       -3333333.33333333       2.877585077649262E-005
   4049586.77685950       -3131313.13131313       3.024324718147246E-005
   4049586.77685950       -2929292.92929293       3.170437883497644E-005
   4049586.77685950       -2727272.72727273       3.317401764551335E-005
   4049586.77685950       -2525252.52525253       3.466865995880817E-005
   4049586.77685950       -2323232.32323232       3.620497827528471E-005
   4049586.77685950       -2121212.12121212       3.779794544824287E-005
   4049586.77685950       -1919191.91919192       3.945865487481814E-005
   4049586.77685950       -1717171.71717172       4.119191594786654E-005
   4049586.77685950       -1515151.51515152       4.299381341923765E-005
   4049586.77685950       -1313131.31313131       4.484957229944856E-005
   4049586.77685950       -1111111.11111111       4.673222155575589E-005
   4049586.77685950       -909090.909090910       4.860262403437281E-005
   4049586.77685950       -707070.707070708       5.041135561734678E-005
   4049586.77685950       -505050.505050506       5.210263020230909E-005
   4049586.77685950       -303030.303030305       5.362001058938444E-005
   4049586.77685950       -101010.101010101       5.491313385655412E-005
   4049586.77685950        101010.101010101       5.594427864571450E-005
   4049586.77685950        303030.303030303       5.669346496316589E-005
   4049586.77685950        505050.505050505       5.716098463070837E-005
   4049586.77685950        707070.707070706       5.736678206112415E-005
   4049586.77685950        909090.909090908       5.734680400718045E-005
   4049586.77685950        1111111.11111111       5.714711309335407E-005
   4049586.77685950        1313131.31313131       5.681701549442150E-005
   4049586.77685950        1515151.51515151       5.640256050045668E-005
   4049586.77685950        1717171.71717172       5.594151695572219E-005
   4049586.77685950        1919191.91919192       5.546042620617915E-005
   4049586.77685950        2121212.12121212       5.497375704970254E-005
   4049586.77685950        2323232.32323232       5.448473076674721E-005
   4049586.77685950        2525252.52525252       5.398715888215041E-005
   4049586.77685950        2727272.72727273       5.346765382663732E-005
   4049586.77685950        2929292.92929293       5.290775733449832E-005
   4049586.77685950        3131313.13131313       5.228577268596224E-005
   4049586.77685950        3333333.33333333       5.157829178354521E-005
   4049586.77685950        3535353.53535353       5.076152794638384E-005
   4049586.77685950        3737373.73737374       4.981259434007985E-005
   4049586.77685950        3939393.93939394       4.871082647803311E-005
   4049586.77685950        4141414.14141414       4.743916561208521E-005
   4049586.77685950        4343434.34343434       4.598552922191759E-005
   4049586.77685950        4545454.54545454       4.434402314194367E-005
   4049586.77685950        4747474.74747475       4.251581879422999E-005
   4049586.77685950        4949494.94949495       4.050953961315609E-005
   4049586.77685950        5151515.15151515       3.834106937047486E-005
   4049586.77685950        5353535.35353535       3.603279260923386E-005
   4049586.77685950        5555555.55555555       3.361237447544213E-005
   4049586.77685950        5757575.75757576       3.111125480665158E-005
   4049586.77685950        5959595.95959596       2.856305164260628E-005
   4049586.77685950        6161616.16161616       2.600204236419852E-005
   4049586.77685950        6363636.36363636       2.346183265742859E-005
   4049586.77685950        6565656.56565657       2.097425844530187E-005
   4049586.77685950        6767676.76767677       1.856851500468525E-005
   4049586.77685950        6969696.96969697       1.627048151741824E-005
   4049586.77685950        7171717.17171717       1.410220727500876E-005
   4049586.77685950        7373737.37373737       1.208153856174074E-005
   4049586.77685950        7575757.57575757       1.022188162244237E-005
   4049586.77685950        7777777.77777778       8.532108506908107E-006
   4049586.77685950        7979797.97979798       7.016615193304110E-006
   4049586.77685950        8181818.18181818       5.675535781465402E-006
   4049586.77685950        8383838.38383838       4.505105795674577E-006
   4049586.77685950        8585858.58585858       3.498155451558280E-006
   4049586.77685950        8787878.78787879       2.644703156112104E-006
   4049586.77685950        8989898.98989899       1.932612319183844E-006
   4049586.77685950        9191919.19191919       1.348271319381311E-006
   4049586.77685950        9393939.39393939       8.772569078447838E-007
   4049586.77685950        9595959.59595960       5.049449765958270E-007
   4049586.77685950        9797979.79797980       2.170393678044812E-007
   4049586.77685950        10000000.0000000       0.000000000000000E+000
   4310784.61381492       -10000000.0000000       0.000000000000000E+000
   4310784.61381492       -9797979.79797980       2.101301106588855E-008
   4310784.61381492       -9595959.59595960       5.102298375565189E-008
   4310784.61381492       -9393939.39393939       9.312085380123763E-008
   4310784.61381492       -9191919.19191919       1.511584010532771E-007
   4310784.61381492       -8989898.98989899       2.298251305687402E-007
   4310784.61381492       -8787878.78787879       3.346930280610644E-007
   4310784.61381492       -8585858.58585859       4.722179252932396E-007
   4310784.61381492       -8383838.38383838       6.496857744147434E-007
   4310784.61381492       -8181818.18181818       8.750944561281537E-007
   4310784.61381492       -7979797.97979798       1.156965597586914E-006
   4310784.61381492       -7777777.77777778       1.504086091337959E-006
   4310784.61381492       -7575757.57575758       1.925185248414521E-006
   4310784.61381492       -7373737.37373737       2.428560195326677E-006
   4310784.61381492       -7171717.17171717       3.021668470429320E-006
   4310784.61381492       -6969696.96969697       3.710711964795690E-006
   4310784.61381492       -6767676.76767677       4.500239631976836E-006
   4310784.61381492       -6565656.56565657       5.392797213943636E-006
   4310784.61381492       -6363636.36363636       6.388650392006609E-006
   4310784.61381492       -6161616.16161616       7.485603509549284E-006
   4310784.61381492       -5959595.95959596       8.678930039865473E-006
   4310784.61381492       -5757575.75757576       9.961424381123096E-006
   4310784.61381492       -5555555.55555556       1.132357857062905E-005
   4310784.61381492       -5353535.35353535       1.275388305090843E-005
   4310784.61381492       -5151515.15151515       1.423924785265389E-005
   4310784.61381492       -4949494.94949495       1.576553854992986E-005
   4310784.61381492       -4747474.74747475       1.731821814028889E-005
   4310784.61381492       -4545454.54545455       1.888307930665549E-005
   4310784.61381492       -4343434.34343434       2.044703984699187E-005
   4310784.61381492       -4141414.14141414       2.199895796728232E-005
   4310784.61381492       -3939393.93939394       2.353040679818925E-005
   4310784.61381492       -3737373.73737374       2.503633408274286E-005
   4310784.61381492       -3535353.53535354       2.651552878402886E-005
   4310784.61381492       -3333333.33333333       2.797082439725166E-005
   4310784.61381492       -3131313.13131313       2.940898801756218E-005
   4310784.61381492       -2929292.92929293       3.084026962738862E-005
   4310784.61381492       -2727272.72727273       3.227761037277830E-005
   4310784.61381492       -2525252.52525253       3.373552567735608E-005
   4310784.61381492       -2323232.32323232       3.522868741180962E-005
   4310784.61381492       -2121212.12121212       3.677023456214555E-005
   4310784.61381492       -1919191.91919192       3.836985656923451E-005
   4310784.61381492       -1717171.71717172       4.003173381828149E-005
   4310784.61381492       -1515151.51515152       4.175249696379280E-005
   4310784.61381492       -1313131.31313131       4.351947604697013E-005
   4310784.61381492       -1111111.11111111       4.530962123110719E-005
   4310784.61381492       -909090.909090910       4.708953419654595E-005
   4310784.61381492       -707070.707070708       4.881699033501532E-005
   4310784.61381492       -505050.505050506       5.044411863485297E-005
   4310784.61381492       -303030.303030305       5.192205526633334E-005
   4310784.61381492       -101010.101010101       5.320648062050985E-005
   4310784.61381492        101010.101010101       5.426311517385573E-005
   4310784.61381492        303030.303030303       5.507211338834503E-005
   4310784.61381492        505050.505050505       5.563043106847554E-005
   4310784.61381492        707070.707070706       5.595163818433712E-005
   4310784.61381492        909090.909090908       5.606320568152201E-005
   4310784.61381492        1111111.11111111       5.600185288974880E-005
   4310784.61381492        1313131.31313131       5.580793836006043E-005
   4310784.61381492        1515151.51515151       5.551999950967003E-005
   4310784.61381492        1717171.71717172       5.517037519110764E-005
   4310784.61381492        1919191.91919192       5.478245812596367E-005
   4310784.61381492        2121212.12121212       5.436966461698331E-005
   4310784.61381492        2323232.32323232       5.393582740887112E-005
   4310784.61381492        2525252.52525252       5.347651271955016E-005
   4310784.61381492        2727272.72727273       5.298075164705663E-005
   4310784.61381492        2929292.92929293       5.243280591692886E-005
   4310784.61381492        3131313.13131313       5.181377284179416E-005
   4310784.61381492        3333333.33333333       5.110299833709886E-005
   4310784.61381492        3535353.53535353       5.027936651103418E-005
   4310784.61381492        3737373.73737374       4.932256062979276E-005
   4310784.61381492        3939393.93939394       4.821435729433957E-005
   4310784.61381492        4141414.14141414       4.693994843884235E-005
   4310784.61381492        4343434.34343434       4.548921182151427E-005
   4310784.61381492        4545454.54545454       4.385779532129487E-005
   4310784.61381492        4747474.74747475       4.204786252820366E-005
   4310784.61381492        4949494.94949495       4.006837491839973E-005
   4310784.61381492        5151515.15151515       3.793485324698140E-005
   4310784.61381492        5353535.35353535       3.566864807487077E-005
   4310784.61381492        5555555.55555555       3.329582966417200E-005
   4310784.61381492        5757575.75757576       3.084585667413137E-005
   4310784.61381492        5959595.95959596       2.835018922049348E-005
   4310784.61381492        6161616.16161616       2.584097927132059E-005
   4310784.61381492        6363636.36363636       2.334991735271065E-005
   4310784.61381492        6565656.56565657       2.090726070227159E-005
   4310784.61381492        6767676.76767677       1.854103090143448E-005
   4310784.61381492        6969696.96969697       1.627635486099180E-005
   4310784.61381492        7171717.17171717       1.413492799698178E-005
   4310784.61381492        7373737.37373737       1.213459302074644E-005
   4310784.61381492        7575757.57575757       1.028904216358793E-005
   4310784.61381492        7777777.77777778       8.607658411053818E-006
   4310784.61381492        7979797.97979798       7.095510419724325E-006
   4310784.61381492        8181818.18181818       5.753507704554005E-006
   4310784.61381492        8383838.38383838       4.578710615393714E-006
   4310784.61381492        8585858.58585858       3.564776908486953E-006
   4310784.61381492        8787878.78787879       2.702515904974507E-006
   4310784.61381492        8989898.98989899       1.980513760236346E-006
   4310784.61381492        9191919.19191919       1.385789755914664E-006
   4310784.61381492        9393939.39393939       9.044437432823399E-007
   4310784.61381492        9595959.59595960       5.222587122079574E-007
   4310784.61381492        9797979.79797980       2.252296140389233E-007
   4310784.61381492        10000000.0000000       0.000000000000000E+000
   4580144.88317519       -10000000.0000000       0.000000000000000E+000
   4580144.88317519       -9797979.79797980       2.105190303382842E-008
   4580144.88317519       -9595959.59595960       5.100649328765287E-008
   4580144.88317519       -9393939.39393939       9.288790580260799E-008
   4580144.88317519       -9191919.19191919       1.504529291142854E-007
   4580144.88317519       -8989898.98989899       2.282616271979370E-007
   4580144.88317519       -8787878.78787879       3.317166570186683E-007
   4580144.88317519       -8585858.58585859       4.670606476484618E-007
   4580144.88317519       -8383838.38383838       6.413206630443869E-007
   4580144.88317519       -8181818.18181818       8.621911146389286E-007
   4580144.88317519       -7979797.97979798       1.137850290450462E-006
   4580144.88317519       -7777777.77777778       1.476710700124412E-006
   4580144.88317519       -7575757.57575758       1.887109354924333E-006
   4580144.88317519       -7373737.37373737       2.376950364558612E-006
   4580144.88317519       -7171717.17171717       2.953318147252221E-006
   4580144.88317519       -6969696.96969697       3.622084368802070E-006
   4580144.88317519       -6767676.76767677       4.387534762952337E-006
   4580144.88317519       -6565656.56565657       5.252042730276431E-006
   4580144.88317519       -6363636.36363636       6.215814845664879E-006
   4580144.88317519       -6161616.16161616       7.276729279554544E-006
   4580144.88317519       -5959595.95959596       8.430282219454024E-006
   4580144.88317519       -5757575.75757576       9.669650592479926E-006
   4580144.88317519       -5555555.55555556       1.098587285665327E-005
   4580144.88317519       -5353535.35353535       1.236814435945843E-005
   4580144.88317519       -5151515.15151515       1.380422026313968E-005
   4580144.88317519       -4949494.94949495       1.528091695198241E-005
   4580144.88317519       -4747474.74747475       1.678470083553299E-005
   4580144.88317519       -4545454.54545455       1.830234956449412E-005
   4580144.88317519       -4343434.34343434       1.982166308360119E-005
   4580144.88317519       -4141414.14141414       2.133219013459867E-005
   4580144.88317519       -3939393.93939394       2.282592139866159E-005
   4580144.88317519       -3737373.73737374       2.429788719153351E-005
   4580144.88317519       -3535353.53535354       2.574659030777358E-005
   4580144.88317519       -3333333.33333333       2.717420717753497E-005
   4580144.88317519       -3131313.13131313       2.858650407716247E-005
   4580144.88317519       -2929292.92929293       2.999243719027394E-005
   4580144.88317519       -2727272.72727273       3.140343045477189E-005
   4580144.88317519       -2525252.52525253       3.283234742179792E-005
   4580144.88317519       -2323232.32323232       3.429218936327142E-005
   4580144.88317519       -2121212.12121212       3.579456326386447E-005
   4580144.88317519       -1919191.91919192       3.734797779841272E-005
   4580144.88317519       -1717171.71717172       3.895605457204151E-005
   4580144.88317519       -1515151.51515152       4.061579556439970E-005
   4580144.88317519       -1313131.31313131       4.231612489118347E-005
   4580144.88317519       -1111111.11111111       4.403700371728517E-005
   4580144.88317519       -909090.909090910       4.574946136560581E-005
   4580144.88317519       -707070.707070708       4.741684476355847E-005
   4580144.88317519       -505050.505050506       4.899742865581284E-005
   4580144.88317519       -303030.303030305       5.044825694960314E-005
   4580144.88317519       -101010.101010101       5.172975969062603E-005
   4580144.88317519        101010.101010101       5.281040905081404E-005
   4580144.88317519        303030.303030303       5.367054571612870E-005
   4580144.88317519        505050.505050505       5.430459226036703E-005
   4580144.88317519        707070.707070706       5.472117298680577E-005
   4580144.88317519        909090.909090908       5.494110673193739E-005
   4580144.88317519        1111111.11111111       5.499370417796750E-005
   4580144.88317519        1313131.31313131       5.491214805532717E-005
   4580144.88317519        1515151.51515151       5.472886471830981E-005
   4580144.88317519        1717171.71717172       5.447168364718766E-005
   4580144.88317519        1919191.91919192       5.416128347933726E-005
   4580144.88317519        2121212.12121212       5.381005226802879E-005
   4580144.88317519        2323232.32323232       5.342216891931623E-005
   4580144.88317519        2525252.52525252       5.299452727789045E-005
   4580144.88317519        2727272.72727273       5.251809504772885E-005
   4580144.88317519        2929292.92929293       5.197938917483949E-005
   4580144.88317519        3131313.13131313       5.136189089464569E-005
   4580144.88317519        3333333.33333333       5.064735469396130E-005
   4580144.88317519        3535353.53535353       4.981704759599017E-005
   4580144.88317519        3737373.73737374       4.885297788151193E-005
   4580144.88317519        3939393.93939394       4.773914560517172E-005
   4580144.88317519        4141414.14141414       4.646279200333680E-005
   4580144.88317519        4343434.34343434       4.501556555212738E-005
   4580144.88317519        4545454.54545454       4.339448161573454E-005
   4580144.88317519        4747474.74747475       4.160254636298145E-005
   4580144.88317519        4949494.94949495       3.964894899914957E-005
   4580144.88317519        5151515.15151515       3.754879110027210E-005
   4580144.88317519        5353535.35353535       3.532239830369816E-005
   4580144.88317519        5555555.55555555       3.299432366370749E-005
   4580144.88317519        5757575.75757576       3.059218448172232E-005
   4580144.88317519        5959595.95959596       2.814546884869899E-005
   4580144.88317519        6161616.16161616       2.568441242036118E-005
   4580144.88317519        6363636.36363636       2.323899763717217E-005
   4580144.88317519        6565656.56565657       2.083808529058683E-005
   4580144.88317519        6767676.76767677       1.850866398935031E-005
   4580144.88317519        6969696.96969697       1.627519883602406E-005
   4580144.88317519        7171717.17171717       1.415907059921205E-005
   4580144.88317519        7373737.37373737       1.217811159074205E-005
   4580144.88317519        7575757.57575757       1.034625622062612E-005
   4580144.88317519        7777777.77777778       8.673328379417379E-006
   4580144.88317519        7979797.97979798       7.164983849525309E-006
   4580144.88317519        8181818.18181818       5.822815970925179E-006
   4580144.88317519        8383838.38383838       4.644619903697257E-006
   4580144.88317519        8585858.58585858       3.624797956731109E-006
   4580144.88317519        8787878.78787879       2.754877690874350E-006
   4580144.88317519        8989898.98989899       2.024107053910517E-006
   4580144.88317519        9191919.19191919       1.420087164491092E-006
   4580144.88317519        9393939.39393939       9.294035940615999E-007
   4580144.88317519        9595959.59595960       5.382208216929867E-007
   4580144.88317519        9797979.79797980       2.328112819317412E-007
   4580144.88317519        10000000.0000000       0.000000000000000E+000
   4857667.58494031       -10000000.0000000       0.000000000000000E+000
   4857667.58494031       -9797979.79797980       2.094348776786366E-008
   4857667.58494031       -9595959.59595960       5.064632882683573E-008
   4857667.58494031       -9393939.39393939       9.205458406273560E-008
   4857667.58494031       -9191919.19191919       1.488183595192963E-007
   4857667.58494031       -8989898.98989899       2.253569503292870E-007
   4857667.58494031       -8787878.78787879       3.268936769474919E-007
   4857667.58494031       -8585858.58585859       4.594504681956837E-007
   4857667.58494031       -8383838.38383838       6.297919589868869E-007
   4857667.58494031       -8181818.18181818       8.453111274983885E-007
   4857667.58494031       -7979797.97979798       1.113852147985836E-006
   4857667.58494031       -7777777.77777778       1.443470936030081E-006
   4857667.58494031       -7575757.57575758       1.842139456392945E-006
   4857667.58494031       -7373737.37373737       2.317405734189881E-006
   4857667.58494031       -7171717.17171717       2.876027027554890E-006
   4857667.58494031       -6969696.96969697       3.523598112895901E-006
   4857667.58494031       -6767676.76767677       4.264199483672395E-006
   4857667.58494031       -6565656.56565657       5.100091004335791E-006
   4857667.58494031       -6363636.36363636       6.031474969351809E-006
   4857667.58494031       -6161616.16161616       7.056348681107708E-006
   4857667.58494031       -5959595.95959596       8.170461012489076E-006
   4857667.58494031       -5757575.75757576       9.367380714628885E-006
   4857667.58494031       -5555555.55555556       1.063867744111732E-005
   4857667.58494031       -5353535.35353535       1.197421057329782E-005
   4857667.58494031       -5151515.15151515       1.336251664660753E-005
   4857667.58494031       -4949494.94949495       1.479128357868550E-005
   4857667.58494031       -4747474.74747475       1.624789823514703E-005
   4857667.58494031       -4545454.54545455       1.772005162719912E-005
   4857667.58494031       -4343434.34343434       1.919638144280729E-005
   4857667.58494031       -4141414.14141414       2.066712350421163E-005
   4857667.58494031       -3939393.93939394       2.212473249072211E-005
   4857667.58494031       -3737373.73737374       2.356442025489936E-005
   4857667.58494031       -3535353.53535354       2.498455128076734E-005
   4857667.58494031       -3333333.33333333       2.638683350405991E-005
   4857667.58494031       -3131313.13131313       2.777625146055839E-005
   4857667.58494031       -2929292.92929293       2.916070717016058E-005
   4857667.58494031       -2727272.72727273       3.055035873964739E-005
   4857667.58494031       -2525252.52525253       3.195667197881166E-005
   4857667.58494031       -2323232.32323232       3.339122163849571E-005
   4857667.58494031       -2121212.12121212       3.486429485466674E-005
   4857667.58494031       -1919191.91919192       3.638336378717552E-005
   4857667.58494031       -1717171.71717172       3.795151548599109E-005
   4857667.58494031       -1515151.51515152       3.956596329996085E-005
   4857667.58494031       -1313131.31313131       4.121681752938661E-005
   4857667.58494031       -1111111.11111111       4.288635125414384E-005
   4857667.58494031       -909090.909090910       4.454903146056221E-005
   4857667.58494031       -707070.707070708       4.617255759980975E-005
   4857667.58494031       -505050.505050506       4.772002976642217E-005
   4857667.58494031       -303030.303030305       4.915315634680783E-005
   4857667.58494031       -101010.101010101       5.043614745391705E-005
   4857667.58494031        101010.101010101       5.153970237671321E-005
   4857667.58494031        303030.303030303       5.244437331647300E-005
   4857667.58494031        505050.505050505       5.314263594534646E-005
   4857667.58494031        707070.707070706       5.363922884591765E-005
   4857667.58494031        909090.909090908       5.394968540718414E-005
   4857667.58494031        1111111.11111111       5.409737245774507E-005
   4857667.58494031        1313131.31313131       5.410965541662012E-005
   4857667.58494031        1515151.51515151       5.401394273995720E-005
   4857667.58494031        1717171.71717172       5.383429441151230E-005
   4857667.58494031        1919191.91919192       5.358904968782423E-005
   4857667.58494031        2121212.12121212       5.328962782988449E-005
   4857667.58494031        2323232.32323232       5.294038388651804E-005
   4857667.58494031        2525252.52525252       5.253923367136666E-005
   4857667.58494031        2727272.72727273       5.207872073041949E-005
   4857667.58494031        2929292.92929293       5.154725750304108E-005
   4857667.58494031        3131313.13131313       5.093038077323717E-005
   4857667.58494031        3333333.33333333       5.021196595291452E-005
   4857667.58494031        3535353.53535353       4.937541195823781E-005
   4857667.58494031        3737373.73737374       4.840482745345342E-005
   4857667.58494031        3939393.93939394       4.728622727358122E-005
   4857667.58494031        4141414.14141414       4.600870277260118E-005
   4857667.58494031        4343434.34343434       4.456548336402199E-005
   4857667.58494031        4545454.54545454       4.295477851221272E-005
   4857667.58494031        4747474.74747475       4.118029295419397E-005
   4857667.58494031        4949494.94949495       3.925134514846179E-005
   4857667.58494031        5151515.15151515       3.718257978716639E-005
   4857667.58494031        5353535.35353535       3.499333046037431E-005
   4857667.58494031        5555555.55555555       3.270673720829024E-005
   4857667.58494031        5757575.75757576       3.034874156618271E-005
   4857667.58494031        5959595.95959596       2.794706715754831E-005
   4857667.58494031        6161616.16161616       2.553025752972376E-005
   4857667.58494031        6363636.36363636       2.312680167618719E-005
   4857667.58494031        6565656.56565657       2.076434673030695E-005
   4857667.58494031        6767676.76767677       1.846898422023334E-005
   4857667.58494031        6969696.96969697       1.626459980639826E-005
   4857667.58494031        7171717.17171717       1.417228945060655E-005
   4857667.58494031        7373737.37373737       1.220985899182493E-005
   4857667.58494031        7575757.57575757       1.039143285517117E-005
   4857667.58494031        7777777.77777778       8.727198489827193E-006
   4857667.58494031        7979797.97979798       7.223306719257164E-006
   4857667.58494031        8181818.18181818       5.881936926256676E-006
   4857667.58494031        8383838.38383838       4.701522782800914E-006
   4857667.58494031        8585858.58585858       3.677121549206333E-006
   4857667.58494031        8787878.78787879       2.800899529804162E-006
   4857667.58494031        8989898.98989899       2.062699074497047E-006
   4857667.58494031        9191919.19191919       1.450648986698786E-006
   4857667.58494031        9393939.39393939       9.517803326358233E-007
   4857667.58494031        9595959.59595960       5.526130251263908E-007
   4857667.58494031        9797979.79797980       2.396844316246471E-007
   4857667.58494031        10000000.0000000       0.000000000000000E+000
   5143352.71911029       -10000000.0000000       0.000000000000000E+000
   5143352.71911029       -9797979.79797980       2.068472537994437E-008
   5143352.71911029       -9595959.59595960       4.993575014238787E-008
   5143352.71911029       -9393939.39393939       9.060985556296864E-008
   5143352.71911029       -9191919.19191919       1.462388528720981E-007
   5143352.71911029       -8989898.98989899       2.210900959634668E-007
   5143352.71911029       -8787878.78787879       3.201978644112984E-007
   5143352.71911029       -8585858.58585859       4.493563394548659E-007
   5143352.71911029       -8383838.38383838       6.150646697048695E-007
   5143352.71911029       -8181818.18181818       8.244167564051569E-007
   5143352.71911029       -7979797.97979798       1.084931824767471E-006
   5143352.71911029       -7777777.77777778       1.404326361319820E-006
   5143352.71911029       -7575757.57575758       1.790233242920900E-006
   5143352.71911029       -7373737.37373737       2.249879372291548E-006
   5143352.71911029       -7171717.17171717       2.789738286676224E-006
   5143352.71911029       -6969696.96969697       3.415178413684240E-006
   5143352.71911029       -6767676.76767677       4.130130356804789E-006
   5143352.71911029       -6565656.56565657       4.936797380975737E-006
   5143352.71911029       -6363636.36363636       5.835431919033002E-006
   5143352.71911029       -6161616.16161616       6.824197473183244E-006
   5143352.71911029       -5959595.95959596       7.899130065001672E-006
   5143352.71911029       -5757575.75757576       9.054206988408674E-006
   5143352.71911029       -5555555.55555556       1.028152384938136E-005
   5143352.71911029       -5353535.35353535       1.157157462180336E-005
   5143352.71911029       -5151515.15151515       1.291362447139423E-005
   5143352.71911029       -4949494.94949495       1.429616176621576E-005
   5143352.71911029       -4747474.74747475       1.570741373094321E-005
   5143352.71911029       -4545454.54545455       1.713590861444995E-005
   5143352.71911029       -4343434.34343434       1.857106452442601E-005
   5143352.71911029       -4141414.14141414       2.000377983464809E-005
   5143352.71911029       -3939393.93939394       2.142699183041879E-005
   5143352.71911029       -3737373.73737374       2.283616023385810E-005
   5143352.71911029       -3535353.53535354       2.422962344374230E-005
   5143352.71911029       -3333333.33333333       2.560877174689408E-005
   5143352.71911029       -3131313.13131313       2.697798688685085E-005
   5143352.71911029       -2929292.92929293       2.834431247156871E-005
   5143352.71911029       -2727272.72727273       2.971684286042597E-005
   5143352.71911029       -2525252.52525253       3.110584475756185E-005
   5143352.71911029       -2323232.32323232       3.252165029257509E-005
   5143352.71911029       -2121212.12121212       3.397337935434844E-005
   5143352.71911029       -1919191.91919192       3.546756312990902E-005
   5143352.71911029       -1717171.71717172       3.700675574623786E-005
   5143352.71911029       -1515151.51515152       3.858824428498356E-005
   5143352.71911029       -1313131.31313131       4.020300316283279E-005
   5143352.71911029       -1111111.11111111       4.183508031380646E-005
   5143352.71911029       -909090.909090910       4.346162915869684E-005
   5143352.71911029       -707070.707070708       4.505378182076821E-005
   5143352.71911029       -505050.505050506       4.657846907233265E-005
   5143352.71911029       -303030.303030305       4.800112602192695E-005
   5143352.71911029       -101010.101010101       4.928900798365933E-005
   5143352.71911029        101010.101010101       5.041463801206512E-005
   5143352.71911029        303030.303030303       5.135878853072178E-005
   5143352.71911029        505050.505050505       5.211242073227782E-005
   5143352.71911029        707070.707070706       5.267718180210040E-005
   5143352.71911029        909090.909090908       5.306435381234676E-005
   5143352.71911029        1111111.11111111       5.329247863071899E-005
   5143352.71911029        1313131.31313131       5.338415382084563E-005
   5143352.71911029        1515151.51515151       5.336262753294186E-005
   5143352.71911029        1717171.71717172       5.324878530521432E-005
   5143352.71911029        1919191.91919192       5.305894539943927E-005
   5143352.71911029        2121212.12121212       5.280363292607309E-005
   5143352.71911029        2323232.32323232       5.248727133895506E-005
   5143352.71911029        2525252.52525252       5.210857757853460E-005
   5143352.71911029        2727272.72727273       5.166139794369885E-005
   5143352.71911029        2929292.92929293       5.113575847503017E-005
   5143352.71911029        3131313.13131313       5.051898504528534E-005
   5143352.71911029        3333333.33333333       4.979683119655884E-005
   5143352.71911029        3535353.53535353       4.895460637340801E-005
   5143352.71911029        3737373.73737374       4.797831280203563E-005
   5143352.71911029        3939393.93939394       4.685578124024793E-005
   5143352.71911029        4141414.14141414       4.557775963286440E-005
   5143352.71911029        4343434.34343434       4.413887356254568E-005
   5143352.71911029        4545454.54545454       4.253836049346202E-005
   5143352.71911029        4747474.74747475       4.078049128358482E-005
   5143352.71911029        4949494.94949495       3.887463177887138E-005
   5143352.71911029        5151515.15151515       3.683495306334707E-005
   5143352.71911029        5353535.35353535       3.467985285620436E-005
   5143352.71911029        5555555.55555555       3.243118501085850E-005
   5143352.71911029        5757575.75757576       3.011339969087703E-005
   5143352.71911029        5959595.95959596       2.775267610035687E-005
   5143352.71911029        6161616.16161616       2.537609492565768E-005
   5143352.71911029        6363636.36363636       2.301086437944014E-005
   5143352.71911029        6565656.56565657       2.068359345173202E-005
   5143352.71911029        6767676.76767677       1.841960227266251E-005
   5143352.71911029        6969696.96969697       1.624226858378957E-005
   5143352.71911029        7171717.17171717       1.417242361044413E-005
   5143352.71911029        7373737.37373737       1.222782282361435E-005
   5143352.71911029        7575757.57575757       1.042272272449274E-005
   5143352.71911029        7777777.77777778       8.767592794653179E-006
   5143352.71911029        7979797.97979798       7.268983518267774E-006
   5143352.71911029        8181818.18181818       5.929559421314214E-006
   5143352.71911029        8383838.38383838       4.748292960427203E-006
   5143352.71911029        8585858.58585858       3.720802881882922E-006
   5143352.71911029        8787878.78787879       2.839810738589628E-006
   5143352.71911029        8989898.98989899       2.095682385011843E-006
   5143352.71911029        9191919.19191919       1.477017780578681E-006
   5143352.71911029        9393939.39393939       9.712522456781327E-007
   5143352.71911029        9595959.59595960       5.652350220713680E-007
   5143352.71911029        9797979.79797980       2.457560369653660E-007
   5143352.71911029        10000000.0000000       0.000000000000000E+000
   5437200.28568513       -10000000.0000000       0.000000000000000E+000
   5437200.28568513       -9797979.79797980       2.027608271070895E-008
   5437200.28568513       -9595959.59595960       4.887642983035325E-008
   5437200.28568513       -9393939.39393939       8.855775223642977E-008
   5437200.28568513       -9191919.19191919       1.427224259079456E-007
   5437200.28568513       -8989898.98989899       2.154751835221286E-007
   5437200.28568513       -8787878.78787879       3.116520574766243E-007
   5437200.28568513       -8585858.58585859       4.368129099567899E-007
   5437200.28568513       -8383838.38383838       5.971887116675409E-007
   5437200.28568513       -8181818.18181818       7.995767348308216E-007
   5437200.28568513       -7979797.97979798       1.051180025296429E-006
   5437200.28568513       -7777777.77777778       1.359391713619768E-006
   5437200.28568513       -7575757.57575758       1.731529602849229E-006
   5437200.28568513       -7373737.37373737       2.174531580889081E-006
   5437200.28568513       -7171717.17171717       2.694627214132232E-006
   5437200.28568513       -6969696.96969697       3.297004835070616E-006
   5437200.28568513       -6767676.76767677       3.985496039958255E-006
   5437200.28568513       -6565656.56565657       4.762300382437091E-006
   5437200.28568513       -6363636.36363636       5.627771979604864E-006
   5437200.28568513       -6161616.16161616       6.580286745960031E-006
   5437200.28568513       -5959595.95959596       7.616204275419284E-006
   5437200.28568513       -5757575.75757576       8.729932461356832E-006
   5437200.28568513       -5555555.55555556       9.914096422767948E-006
   5437200.28568513       -5353535.35353535       1.115980694077506E-005
   5437200.28568513       -5151515.15151515       1.245701812691679E-005
   5437200.28568513       -4949494.94949495       1.379495994901895E-005
   5437200.28568513       -4747474.74747475       1.516262860218634E-005
   5437200.28568513       -4545454.54545455       1.654931600448209E-005
   5437200.28568513       -4343434.34343434       1.794515782403137E-005
   5437200.28568513       -4141414.14141414       1.934167608717138E-005
   5437200.28568513       -3939393.93939394       2.073228669656661E-005
   5437200.28568513       -3737373.73737374       2.211273444095225E-005
   5437200.28568513       -3535353.53535354       2.348141033270433E-005
   5437200.28568513       -3333333.33333333       2.483950182546048E-005
   5437200.28568513       -3131313.13131313       2.619092938067010E-005
   5437200.28568513       -2929292.92929293       2.754203528528343E-005
   5437200.28568513       -2727272.72727273       2.890101200379226E-005
   5437200.28568513       -2525252.52525253       3.027708388984442E-005
   5437200.28568513       -2323232.32323232       3.167948207615943E-005
   5437200.28568513       -2121212.12121212       3.311627282288647E-005
   5437200.28568513       -1919191.91919192       3.459311314074671E-005
   5437200.28568513       -1717171.71717172       3.611201769194981E-005
   5437200.28568513       -1515151.51515152       3.767023472618341E-005
   5437200.28568513       -1313131.31313131       3.925935148111618E-005
   5437200.28568513       -1111111.11111111       4.086477849123719E-005
   5437200.28568513       -909090.909090910       4.246578308997301E-005
   5437200.28568513       -707070.707070708       4.403623097670892E-005
   5437200.28568513       -505050.505050506       4.554612762340327E-005
   5437200.28568513       -303030.303030305       4.696392045234925E-005
   5437200.28568513       -101010.101010101       4.825934704682358E-005
   5437200.28568513        101010.101010101       4.940644064693881E-005
   5437200.28568513        303030.303030303       5.038619230574038E-005
   5437200.28568513        505050.505050505       5.118837041844741E-005
   5437200.28568513        707070.707070706       5.181213155224985E-005
   5437200.28568513        909090.909090908       5.226529593693652E-005
   5437200.28568513        1111111.11111111       5.256244208727591E-005
   5437200.28568513        1313131.31313131       5.272221598026240E-005
   5437200.28568513        1515151.51515151       5.276438146926895E-005
   5437200.28568513        1717171.71717172       5.270712858921308E-005
   5437200.28568513        1919191.91919192       5.256502213330834E-005
   5437200.28568513        2121212.12121212       5.234777084907024E-005
   5437200.28568513        2323232.32323232       5.205979885190722E-005
   5437200.28568513        2525252.52525252       5.170046235000091E-005
   5437200.28568513        2727272.72727273       5.126470051644402E-005
   5437200.28568513        2929292.92929293       5.074392864144986E-005
   5437200.28568513        3131313.13131313       5.012704205342545E-005
   5437200.28568513        3333333.33333333       4.940146450417699E-005
   5437200.28568513        3535353.53535353       4.855421875785075E-005
   5437200.28568513        3737373.73737374       4.757300978102294E-005
   5437200.28568513        3939393.93939394       4.644729633466368E-005
   5437200.28568513        4141414.14141414       4.516929841248608E-005
   5437200.28568513        4343434.34343434       4.373486277936659E-005
   5437200.28568513        4545454.54545454       4.214410142462745E-005
   5437200.28568513        4747474.74747475       4.040173536197838E-005
   5437200.28568513        4949494.94949495       3.851711601878567E-005
   5437200.28568513        5151515.15151515       3.650394617287677E-005
   5437200.28568513        5353535.35353535       3.437976518754417E-005
   5437200.28568513        5555555.55555555       3.216528514924515E-005
   5437200.28568513        5757575.75757576       2.988366047270723E-005
   5437200.28568513        5959595.95959596       2.755974944996443E-005
   5437200.28568513        6161616.16161616       2.521939505764557E-005
   5437200.28568513        6363636.36363636       2.288872745302279E-005
   5437200.28568513        6565656.56565657       2.059347983780902E-005
   5437200.28568513        6767676.76767677       1.835831299996841E-005
   5437200.28568513        6969696.96969697       1.620615638063717E-005
   5437200.28568513        7171717.17171717       1.415758759903609E-005
   5437200.28568513        7373737.37373737       1.223028215160754E-005
   5437200.28568513        7575757.57575757       1.043856770327022E-005
   5437200.28568513        7777777.77777778       8.793113103029809E-006
   5437200.28568513        7979797.97979798       7.300772830520797E-006
   5437200.28568513        8181818.18181818       5.964595429388178E-006
   5437200.28568513        8383838.38383838       4.783991802114223E-006
   5437200.28568513        8585858.58585858       3.755047673076283E-006
   5437200.28568513        8787878.78787879       2.870955143980743E-006
   5437200.28568513        8989898.98989899       2.122531668954882E-006
   5437200.28568513        9191919.19191919       1.498791201821181E-006
   5437200.28568513        9393939.39393939       9.875316661732373E-007
   5437200.28568513        9595959.59595960       5.759049992766579E-007
   5437200.28568513        9797979.79797980       2.509404840977221E-007
   5437200.28568513        10000000.0000000       0.000000000000000E+000
   5739210.28466483       -10000000.0000000       0.000000000000000E+000
   5739210.28466483       -9797979.79797980       1.972158220777005E-008
   5739210.28466483       -9595959.59595960       4.747846996734328E-008
   5739210.28466483       -9393939.39393939       8.591722670648387E-008
   5739210.28466483       -9191919.19191919       1.383004559963521E-007
   5739210.28466483       -8989898.98989899       2.085604082046837E-007
   5739210.28466483       -8787878.78787879       3.013264131253995E-007
   5739210.28466483       -8585858.58585859       4.219180368671059E-007
   5739210.28466483       -8383838.38383838       5.762957109124754E-007
   5739210.28466483       -8181818.18181818       7.709624465910868E-007
   5739210.28466483       -7979797.97979798       1.012813206572693E-006
   5739210.28466483       -7777777.77777778       1.308932376656521E-006
   5739210.28466483       -7575757.57575758       1.666344287675291E-006
   5739210.28466483       -7373737.37373737       2.091726473615971E-006
   5739210.28466483       -7171717.17171717       2.591099835287979E-006
   5739210.28466483       -6969696.96969697       3.169513609356059E-006
   5739210.28466483       -6767676.76767677       3.830745567896291E-006
   5739210.28466483       -6565656.56565657       4.577038847568902E-006
   5739210.28466483       -6363636.36363636       5.408896035610850E-006
   5739210.28466483       -6161616.16161616       6.324948606992611E-006
   5739210.28466483       -5959595.95959596       7.321915685143709E-006
   5739210.28466483       -5757575.75757576       8.394660736161137E-006
   5739210.28466483       -5555555.55555556       9.536348701428534E-006
   5739210.28466483       -5353535.35353535       1.073869982658918E-005
   5739210.28466483       -5151515.15151515       1.199233068133905E-005
   5739210.28466483       -4949494.94949495       1.328716811438756E-005
   5739210.28466483       -4747474.74747475       1.461291842210193E-005
   5739210.28466483       -4545454.54545455       1.595957167262091E-005
   5739210.28466483       -4343434.34343434       1.731791926058370E-005
   5739210.28466483       -4141414.14141414       1.868006034874339E-005
   5739210.28466483       -3939393.93939394       2.003986894226848E-005
   5739210.28466483       -3737373.73737374       2.139338776760842E-005
   5739210.28466483       -3535353.53535354       2.273910911397616E-005
   5739210.28466483       -3333333.33333333       2.407809908346812E-005
   5739210.28466483       -3131313.13131313       2.541392381158476E-005
   5739210.28466483       -2929292.92929293       2.675234694436427E-005
   5739210.28466483       -2727272.72727273       2.810078732447536E-005
   5739210.28466483       -2525252.52525253       2.946755143942831E-005
   5739210.28466483       -2323232.32323232       3.086088111600822E-005
   5739210.28466483       -2121212.12121212       3.228787744572381E-005
   5739210.28466483       -1919191.91919192       3.375337421278476E-005
   5739210.28466483       -1717171.71717172       3.525884036754664E-005
   5739210.28466483       -1515151.51515152       3.680139766900638E-005
   5739210.28466483       -1313131.31313131       3.837305276779256E-005
   5739210.28466483       -1111111.11111111       3.996026296492105E-005
   5739210.28466483       -909090.909090910       4.154397159656703E-005
   5739210.28466483       -707070.707070708       4.310024306738959E-005
   5739210.28466483       -505050.505050506       4.460157811895490E-005
   5739210.28466483       -303030.303030305       4.601888703830140E-005
   5739210.28466483       -101010.101010101       4.732395405413040E-005
   5739210.28466483        101010.101010101       4.849207622589612E-005
   5739210.28466483        303030.303030303       4.950445537985215E-005
   5739210.28466483        505050.505050505       5.034990823964755E-005
   5739210.28466483        707070.707070706       5.102555894968152E-005
   5739210.28466483        909090.909090908       5.153637344142723E-005
   5739210.28466483        1111111.11111111       5.189363518628120E-005
   5739210.28466483        1313131.31313131       5.211267730759633E-005
   5739210.28466483        1515151.51515151       5.221031439734398E-005
   5739210.28466483        1717171.71717172       5.220242660335714E-005
   5739210.28466483        1919191.91919192       5.210204790151712E-005
   5739210.28466483        2121212.12121212       5.191814457916675E-005
   5739210.28466483        2323232.32323232       5.165509862616717E-005
   5739210.28466483        2525252.52525252       5.131278440211109E-005
   5739210.28466483        2727272.72727273       5.088706951832562E-005
   5739210.28466483        2929292.92929293       5.037057664674584E-005
   5739210.28466483        3131313.13131313       4.975358639516402E-005
   5739210.28466483        3333333.33333333       4.902501211178437E-005
   5739210.28466483        3535353.53535353       4.817341271953510E-005
   5739210.28466483        3737373.73737374       4.718801993008678E-005
   5739210.28466483        3939393.93939394       4.605974470502722E-005
   5739210.28466483        4141414.14141414       4.478210643665088E-005
   5739210.28466483        4343434.34343434       4.335201179126121E-005
   5739210.28466483        4545454.54545454       4.177031054934258E-005
   5739210.28466483        4747474.74747475       4.004207777852741E-005
   5739210.28466483        4949494.94949495       3.817661047540164E-005
   5739210.28466483        5151515.15151515       3.618716980424632E-005
   5739210.28466483        5353535.35353535       3.409053229625455E-005
   5739210.28466483        5555555.55555555       3.190642448022300E-005
   5739210.28466483        5757575.75757576       2.965690436924727E-005
   5739210.28466483        5959595.95959596       2.736572825709435E-005
   5739210.28466483        6161616.16161616       2.505771509300122E-005
   5739210.28466483        6363636.36363636       2.275810405473841E-005
   5739210.28466483        6565656.56565657       2.049189822877602E-005
   5739210.28466483        6767676.76767677       1.828319617308908E-005
   5739210.28466483        6969696.96969697       1.615452726013834E-005
   5739210.28466483        7171717.17171717       1.412621948330308E-005
   5739210.28466483        7373737.37373737       1.221583554154920E-005
   5739210.28466483        7575757.57575757       1.043771313666179E-005
   5739210.28466483        7777777.77777778       8.802639440254196E-006
   5739210.28466483        7979797.97979798       7.317679639627257E-006
   5739210.28466483        8181818.18181818       5.986167523508248E-006
   5739210.28466483        8383838.38383838       4.807854016134252E-006
   5739210.28466483        8585858.58585858       3.779198688682461E-006
   5739210.28466483        8787878.78787879       2.893780392014526E-006
   5739210.28466483        8989898.98989899       2.142796744631705E-006
   5739210.28466483        9191919.19191919       1.515618508190854E-006
   5739210.28466483        9393939.39393939       1.000363930678237E-006
   5739210.28466483        9595959.59595960       5.844597996417895E-007
   5739210.28466483        9797979.79797980       2.551600001037586E-007
   5739210.28466483        10000000.0000000       0.000000000000000E+000
   6049382.71604938       -10000000.0000000       0.000000000000000E+000
   6049382.71604938       -9797979.79797980       1.902873993217417E-008
   6049382.71604938       -9595959.59595960       4.576015734746784E-008
   6049382.71604938       -9393939.39393939       8.272155705080637E-008
   6049382.71604938       -9191919.19191919       1.330264955990961E-007
   6049382.71604938       -8989898.98989899       2.004259599068666E-007
   6049382.71604938       -8787878.78787879       2.893351055592889E-007
   6049382.71604938       -8585858.58585859       4.048279779031237E-007
   6049382.71604938       -8383838.38383838       5.525924819289814E-007
   6049382.71604938       -8181818.18181818       7.388395752103484E-007
   6049382.71604938       -7979797.97979798       9.701633710288489E-007
   6049382.71604938       -7777777.77777778       1.253352392636600E-006
   6049382.71604938       -7575757.57575758       1.595156365826252E-006
   6049382.71604938       -7373737.37373737       2.002017314411156E-006
   6049382.71604938       -7171717.17171717       2.479777899849418E-006
   6049382.71604938       -6969696.96969697       3.033383472610333E-006
   6049382.71604938       -6767676.76767677       3.666596769647226E-006
   6049382.71604938       -6565656.56565657       4.381745282810698E-006
   6049382.71604938       -6363636.36363636       5.179520852191983E-006
   6049382.71604938       -6161616.16161616       6.058848973498895E-006
   6049382.71604938       -5959595.95959596       7.016841770792585E-006
   6049382.71604938       -5757575.75757576       8.048843836328834E-006
   6049382.71604938       -5555555.55555556       9.148574554609054E-006
   6049382.71604938       -5353535.35353535       1.030836456892148E-005
   6049382.71604938       -5151515.15151515       1.151947821778544E-005
   6049382.71604938       -4949494.94949495       1.277250854316438E-005
   6049382.71604938       -4747474.74747475       1.405782720303101E-005
   6049382.71604938       -4545454.54545455       1.536606840168348E-005
   6049382.71604938       -4343434.34343434       1.668862350895914E-005
   6049382.71604938       -4141414.14141414       1.801812074599433E-005
   6049382.71604938       -3939393.93939394       1.934886143456767E-005
   6049382.71604938       -3737373.73737374       2.067718050779687E-005
   6049382.71604938       -3535353.53535354       2.200169494646851E-005
   6049382.71604938       -3333333.33333333       2.332340156911639E-005
   6049382.71604938       -3131313.13131313       2.464558816384430E-005
   6049382.71604938       -2929292.92929293       2.597353202660381E-005
   6049382.71604938       -2727272.72727273       2.731397830876704E-005
   6049382.71604938       -2525252.52525253       2.867441474567363E-005
   6049382.71604938       -2323232.32323232       3.006218404822478E-005
   6049382.71604938       -2121212.12121212       3.148349451941972E-005
   6049382.71604938       -1919191.91919192       3.294239983731276E-005
   6049382.71604938       -1717171.71717172       3.443982180522284E-005
   6049382.71604938       -1515151.51515152       3.597269109020375E-005
   6049382.71604938       -1313131.31313131       3.753328729886345E-005
   6049382.71604938       -1111111.11111111       3.910887327844568E-005
   6049382.71604938       -909090.909090910       4.068173239732258E-005
   6049382.71604938       -707070.707070708       4.222971596552582E-005
   6049382.71604938       -505050.505050506       4.372737228479903E-005
   6049382.71604938       -303030.303030305       4.514764807296274E-005
   6049382.71604938       -101010.101010101       4.646403382796215E-005
   6049382.71604938        101010.101010101       4.765289494077728E-005
   6049382.71604938        303030.303030303       4.869563252275171E-005
   6049382.71604938        505050.505050505       4.958029358355776E-005
   6049382.71604938        707070.707070706       5.030232193212387E-005
   6049382.71604938        909090.909090908       5.086430010019460E-005
   6049382.71604938        1111111.11111111       5.127473819966211E-005
   6049382.71604938        1313131.31313131       5.154615886433308E-005
   6049382.71604938        1515151.51515151       5.169285219384031E-005
   6049382.71604938        1717171.71717172       5.172869875314703E-005
   6049382.71604938        1919191.91919192       5.166538527702193E-005
   6049382.71604938        2121212.12121212       5.151120170303184E-005
   6049382.71604938        2323232.32323232       5.127045994162621E-005
   6049382.71604938        2525252.52525252       5.094345925733615E-005
   6049382.71604938        2727272.72727273       5.052686383351197E-005
   6049382.71604938        2929292.92929293       5.001435323300986E-005
   6049382.71604938        3131313.13131313       4.939743614276368E-005
   6049382.71604938        3333333.33333333       4.866635655041571E-005
   6049382.71604938        3535353.53535353       4.781104942212806E-005
   6049382.71604938        3737373.73737374       4.682211131492473E-005
   6049382.71604938        3939393.93939394       4.569174276815423E-005
   6049382.71604938        4141414.14141414       4.441460410457462E-005
   6049382.71604938        4343434.34343434       4.298851716907552E-005
   6049382.71604938        4545454.54545454       4.141495218902205E-005
   6049382.71604938        4747474.74747475       3.969926369267435E-005
   6049382.71604938        4949494.94949495       3.785067596041290E-005
   6049382.71604938        5151515.15151515       3.588205440932138E-005
   6049382.71604938        5353535.35353535       3.380952190113544E-005
   6049382.71604938        5555555.55555555       3.165198138331067E-005
   6049382.71604938        5757575.75757576       2.943059078107593E-005
   6049382.71604938        5959595.95959596       2.716821231266321E-005
   6049382.71604938        6161616.16161616       2.488883804346693E-005
   6049382.71604938        6363636.36363636       2.261698444313295E-005
   6049382.71604938        6565656.56565657       2.037705234086419E-005
   6049382.71604938        6767676.76767677       1.819266081836824E-005
   6049382.71604938        6969696.96969697       1.608597779531201E-005
   6049382.71604938        7171717.17171717       1.407708086387815E-005
   6049382.71604938        7373737.37373737       1.218338645913756E-005
   6049382.71604938        7575757.57575757       1.041918346414108E-005
   6049382.71604938        7777777.77777778       8.795300249520438E-006
   6049382.71604938        7979797.97979798       7.318923924786250E-006
   6049382.71604938        8181818.18181818       5.993579081917279E-006
   6049382.71604938        8383838.38383838       4.819261958487998E-006
   6049382.71604938        8585858.58585858       3.792715716176404E-006
   6049382.71604938        8787878.78787879       2.907824070743416E-006
   6049382.71604938        8989898.98989899       2.156094251520706E-006
   6049382.71604938        9191919.19191919       1.527196483534699E-006
   6049382.71604938        9393939.39393939       1.009525995106710E-006
   6049382.71604938        9595959.59595960       5.907549005375579E-007
   6049382.71604938        9797979.79797980       2.583450168035821E-007
   6049382.71604938        10000000.0000000       0.000000000000000E+000
   6367717.57983879       -10000000.0000000       0.000000000000000E+000
   6367717.57983879       -9797979.79797980       1.820838218957594E-008
   6367717.57983879       -9595959.59595960       4.374745536905534E-008
   6367717.57983879       -9393939.39393939       7.901731591785210E-008
   6367717.57983879       -9191919.19191919       1.269744538359392E-007
   6367717.57983879       -8989898.98989899       1.911810760860775E-007
   6367717.57983879       -8787878.78787879       2.758318450011267E-007
   6367717.57983879       -8585858.58585859       3.857509469496107E-007
   6367717.57983879       -8383838.38383838       5.263522205920476E-007
   6367717.57983879       -8181818.18181818       7.035566086837442E-007
   6367717.57983879       -7979797.97979798       9.236636574439846E-007
   6367717.57983879       -7777777.77777778       1.193177028093812E-006
   6367717.57983879       -7575757.57575758       1.518587785794224E-006
   6367717.57983879       -7373737.37373737       1.906123270523571E-006
   6367717.57983879       -7171717.17171717       2.361473247086195E-006
   6367717.57983879       -6969696.96969697       2.889508374569640E-006
   6367717.57983879       -6767676.76767677       3.494008459147424E-006
   6367717.57983879       -6565656.56565657       4.177419167295461E-006
   6367717.57983879       -6363636.36363636       4.940655701620970E-006
   6367717.57983879       -6161616.16161616       5.782970330779015E-006
   6367717.57983879       -5959595.95959596       6.701897698575392E-006
   6367717.57983879       -5757575.75757576       7.693287707031892E-006
   6367717.57983879       -5555555.55555556       8.751430752773062E-006
   6367717.57983879       -5353535.35353535       9.869274536165472E-006
   6367717.57983879       -5151515.15151515       1.103872593617861E-005
   6367717.57983879       -4949494.94949495       1.225102593671103E-005
   6367717.57983879       -4747474.74747475       1.349718064718354E-005
   6367717.57983879       -4545454.54545455       1.476842730860369E-005
   6367717.57983879       -4343434.34343434       1.605671083453310E-005
   6367717.57983879       -4141414.14141414       1.735514367123429E-005
   6367717.57983879       -3939393.93939394       1.865841919046651E-005
   6367717.57983879       -3737373.73737374       1.996314624205411E-005
   6367717.57983879       -3535353.53535354       2.126807033404208E-005
   6367717.57983879       -3333333.33333333       2.257414663920690E-005
   6367717.57983879       -3131313.13131313       2.388443397986509E-005
   6367717.57983879       -2929292.92929293       2.520378937788169E-005
   6367717.57983879       -2727272.72727273       2.653836035135674E-005
   6367717.57983879       -2525252.52525253       2.789489474187677E-005
   6367717.57983879       -2323232.32323232       2.927991056038584E-005
   6367717.57983879       -2121212.12121212       3.069878539478889E-005
   6367717.57983879       -1919191.91919192       3.215483278277689E-005
   6367717.57983879       -1717171.71717172       3.364843268511671E-005
   6367717.57983879       -1515151.51515152       3.517628038618275E-005
   6367717.57983879       -1313131.31313131       3.673081971100456E-005
   6367717.57983879       -1111111.11111111       3.829993558032721E-005
   6367717.57983879       -909090.909090910       3.986699294760438E-005
   6367717.57983879       -707070.707070708       4.141131106189294E-005
   6367717.57983879       -505050.505050506       4.290913714445007E-005
   6367717.57983879       -303030.303030305       4.433512048782579E-005
   6367717.57983879       -101010.101010101       4.566418946241154E-005
   6367717.57983879        101010.101010101       4.687362124519773E-005
   6367717.57983879        303030.303030303       4.794500286178309E-005
   6367717.57983879        505050.505050505       4.886574975523348E-005
   6367717.57983879        707070.707070706       4.962989780595802E-005
   6367717.57983879        909090.909090908       5.023801346419595E-005
   6367717.57983879        1111111.11111111       5.069624293452606E-005
   6367717.57983879        1313131.31313131       5.101469507519901E-005
   6367717.57983879        1515151.51515151       5.120547335840032E-005
   6367717.57983879        1717171.71717172       5.128070799414160E-005
   6367717.57983879        1919191.91919192       5.125088826572194E-005
   6367717.57983879        2121212.12121212       5.112368409964566E-005
   6367717.57983879        2323232.32323232       5.090331741888185E-005
   6367717.57983879        2525252.52525252       5.059043793823855E-005
   6367717.57983879        2727272.72727273       5.018239780973556E-005
   6367717.57983879        2929292.92929293       4.967380621959536E-005
   6367717.57983879        3131313.13131313       4.905726343266354E-005
   6367717.57983879        3333333.33333333       4.832420259662319E-005
   6367717.57983879        3535353.53535353       4.746578946715642E-005
   6367717.57983879        3737373.73737374       4.647383715931939E-005
   6367717.57983879        3939393.93939394       4.534168714418008E-005
   6367717.57983879        4141414.14141414       4.406499794211240E-005
   6367717.57983879        4343434.34343434       4.264238010290749E-005
   6367717.57983879        4545454.54545454       4.107582750266242E-005
   6367717.57983879        4747474.74747475       3.937092102991675E-005
   6367717.57983879        4949494.94949495       3.753681404227349E-005
   6367717.57983879        5151515.15151515       3.558603783996243E-005
   6367717.57983879        5353535.35353535       3.353417954649214E-005
   6367717.57983879        5555555.55555555       3.139948065002867E-005
   6367717.57983879        5757575.75757576       2.920238684331167E-005
   6367717.57983879        5959595.95959596       2.696505888584240E-005
   6367717.57983879        6161616.16161616       2.471083997386765E-005
   6367717.57983879        6363636.36363636       2.246367263827888E-005
   6367717.57983879        6565656.56565657       2.024746643085269E-005
   6367717.57983879        6767676.76767677       1.808543139702331E-005
   6367717.57983879        6969696.96969697       1.599940556671288E-005
   6367717.57983879        7171717.17171717       1.400921319638190E-005
   6367717.57983879        7373737.37373737       1.213209267952404E-005
   6367717.57983879        7575757.57575757       1.038222945162087E-005
   6367717.57983879        7777777.77777778       8.770421472252519E-006
   6367717.57983879        7979797.97979798       7.303894777598751E-006
   6367717.57983879        8181818.18181818       5.986275668851761E-006
   6367717.57983879        8383838.38383838       4.817715431002972E-006
   6367717.57983879        8585858.58585858       3.795153823336745E-006
   6367717.57983879        8787878.78787879       2.912699496944820E-006
   6367717.57983879        8989898.98989899       2.162099393898918E-006
   6367717.57983879        9191919.19191919       1.533265374706985E-006
   6367717.57983879        9393939.39393939       1.014824975077622E-006
   6367717.57983879        9595959.59595960       5.946642953954002E-007
   6367717.57983879        9797979.79797980       2.604344432080289E-007
   6367717.57983879        10000000.0000000       0.000000000000000E+000
   6694214.87603306       -10000000.0000000       0.000000000000000E+000
   6694214.87603306       -9797979.79797980       1.727434161375571E-008
   6694214.87603306       -9595959.59595960       4.147323859532751E-008
   6694214.87603306       -9393939.39393939       7.486292881591865E-008
   6694214.87603306       -9191919.19191919       1.202362029858792E-007
   6694214.87603306       -8989898.98989899       1.809603538834261E-007
   6694214.87603306       -8787878.78787879       2.610044840973737E-007
   6694214.87603306       -8585858.58585859       3.649395492524862E-007
   6694214.87603306       -8383838.38383838       4.979042836523279E-007
   6694214.87603306       -8181818.18181818       6.655315065764833E-007
   6694214.87603306       -7979797.97979798       8.738315104966753E-007
   6694214.87603306       -7777777.77777778       1.129032163587040E-006
   6694214.87603306       -7575757.57575758       1.437378826609585E-006
   6694214.87603306       -7373737.37373737       1.804900904954265E-006
   6694214.87603306       -7171717.17171717       2.237155487458727E-006
   6694214.87603306       -6969696.96969697       2.738961703474019E-006
   6694214.87603306       -6767676.76767677       3.314141823259185E-006
   6694214.87603306       -6565656.56565657       3.965286465553490E-006
   6694214.87603306       -6363636.36363636       4.693561387934324E-006
   6694214.87603306       -6161616.16161616       5.498572158622186E-006
   6694214.87603306       -5959595.95959596       6.378300588226341E-006
   6694214.87603306       -5757575.75757576       7.329123271746161E-006
   6694214.87603306       -5555555.55555556       8.345918155115834E-006
   6694214.87603306       -5353535.35353535       9.422259938203353E-006
   6694214.87603306       -5151515.15151515       1.055069962417822E-005
   6694214.87603306       -4949494.94949495       1.172311790683153E-005
   6694214.87603306       -4747474.74747475       1.293113664251518E-005
   6694214.87603306       -4545454.54545455       1.416656765282137E-005
   6694214.87603306       -4343434.34343434       1.542187375468204E-005
   6694214.87603306       -4141414.14141414       1.669061331683888E-005
   6694214.87603306       -3939393.93939394       1.796783681352141E-005
   6694214.87603306       -3737373.73737374       1.925040188252842E-005
   6694214.87603306       -3535353.53535354       2.053717276323932E-005
   6694214.87603306       -3333333.33333333       2.182907180061809E-005
   6694214.87603306       -3131313.13131313       2.312895663342398E-005
   6694214.87603306       -2929292.92929293       2.444130829267066E-005
   6694214.87603306       -2727272.72727273       2.577173293062644E-005
   6694214.87603306       -2525252.52525253       2.712630107605048E-005
   6694214.87603306       -2323232.32323232       2.851076859164693E-005
   6694214.87603306       -2121212.12121212       2.992973764972576E-005
   6694214.87603306       -1919191.91919192       3.138582090484053E-005
   6694214.87603306       -1717171.71717172       3.287886881191444E-005
   6694214.87603306       -1515151.51515152       3.440531416235510E-005
   6694214.87603306       -1313131.31313131       3.595768623154969E-005
   6694214.87603306       -1111111.11111111       3.752435316995262E-005
   6694214.87603306       -909090.909090910       3.908956220687112E-005
   6694214.87603306       -707070.707070708       4.063385199080024E-005
   6694214.87603306       -505050.505050506       4.213489508854839E-005
   6694214.87603306       -303030.303030305       4.356877979008277E-005
   6694214.87603306       -101010.101010101       4.491165887096739E-005
   6694214.87603306        101010.101010101       4.614159489560430E-005
   6694214.87603306        303030.303030303       4.724034674069811E-005
   6694214.87603306        505050.505050505       4.819480379472972E-005
   6694214.87603306        707070.707070706       4.899780611624521E-005
   6694214.87603306        909090.909090908       4.964819222767437E-005
   6694214.87603306        1111111.11111111       5.015006725492558E-005
   6694214.87603306        1313131.31313131       5.051144047369797E-005
   6694214.87603306        1515151.51515151       5.074249758390437E-005
   6694214.87603306        1717171.71717172       5.085381785771190E-005
   6694214.87603306        1919191.91919192       5.085481378815883E-005
   6694214.87603306        2121212.12121212       5.075258104740034E-005
   6694214.87603306        2323232.32323232       5.055123518135396E-005
   6694214.87603306        2525252.52525252       5.025171429102559E-005
   6694214.87603306        2727272.72727273       4.985196643135991E-005
   6694214.87603306        2929292.92929293       4.934742039142812E-005
   6694214.87603306        3131313.13131313       4.873164757371110E-005
   6694214.87603306        3333333.33333333       4.799714318375005E-005
   6694214.87603306        3535353.53535353       4.713617173999751E-005
   6694214.87603306        3737373.73737374       4.614162781861364E-005
   6694214.87603306        3939393.93939394       4.500785956290168E-005
   6694214.87603306        4141414.14141414       4.373139745312519E-005
   6694214.87603306        4343434.34343434       4.231153308010311E-005
   6694214.87603306        4545454.54545454       4.075070752675826E-005
   6694214.87603306        4747474.74747475       3.905469505006507E-005
   6694214.87603306        4949494.94949495       3.723259717692886E-005
   6694214.87603306        5151515.15151515       3.529668446314347E-005
   6694214.87603306        5353535.35353535       3.326213026429453E-005
   6694214.87603306        5555555.55555555       3.114667224693472E-005
   6694214.87603306        5757575.75757576       2.897021959174528E-005
   6694214.87603306        5959595.95959596       2.675440682555539E-005
   6694214.87603306        6161616.16161616       2.452208690233531E-005
   6694214.87603306        6363636.36363636       2.229675904444125E-005
   6694214.87603306        6565656.56565657       2.010193809074948E-005
   6694214.87603306        6767676.76767677       1.796048610253251E-005
   6694214.87603306        6969696.96969697       1.589393855804724E-005
   6694214.87603306        7171717.17171717       1.392186364343957E-005
   6694214.87603306        7373737.37373737       1.206129335392662E-005
   6694214.87603306        7575757.57575757       1.032626038914144E-005
   6694214.87603306        7777777.77777778       8.727466794983988E-006
   6694214.87603306        7979797.97979798       7.272100521419185E-006
   6694214.87603306        8181818.18181818       5.963805724222913E-006
   6694214.87603306        8383838.38383838       4.802802584677980E-006
   6694214.87603306        8585858.58585858       3.786143272001809E-006
   6694214.87603306        8787878.78787879       2.908082923412331E-006
   6694214.87603306        8989898.98989899       2.160538583960329E-006
   6694214.87603306        9191919.19191919       1.533605262754216E-006
   6694214.87603306        9393939.39393939       1.016096823724750E-006
   6694214.87603306        9595959.59595960       5.960803568949873E-007
   6694214.87603306        9797979.79797980       2.613758742465133E-007
   6694214.87603306        10000000.0000000       0.000000000000000E+000
   7028874.60463218       -10000000.0000000       0.000000000000000E+000
   7028874.60463218       -9797979.79797980       1.624304471846912E-008
   7028874.60463218       -9595959.59595960       3.897629194810715E-008
   7028874.60463218       -9393939.39393939       7.032686193612033E-008
   7028874.60463218       -9191919.19191919       1.129186799076795E-007
   7028874.60463218       -8989898.98989899       1.699194363235337E-007
   7028874.60463218       -8787878.78787879       2.450689060547643E-007
   7028874.60463218       -8585858.58585859       3.426824387985357E-007
   7028874.60463218       -8383838.38383838       4.676231476342647E-007
   7028874.60463218       -8181818.18181818       6.252374860010182E-007
   7028874.60463218       -7979797.97979798       8.212508497583175E-007
   7028874.60463218       -7777777.77777778       1.061622468370451E-006
   7028874.60463218       -7575757.57575758       1.352361995310893E-006
   7028874.60463218       -7373737.37373737       1.699313625718551E-006
   7028874.60463218       -7171717.17171717       2.107916956190149E-006
   7028874.60463218       -6969696.96969697       2.582956834069145E-006
   7028874.60463218       -6767676.76767677       3.128316817086734E-006
   7028874.60463218       -6565656.56565657       3.746752328829237E-006
   7028874.60463218       -6363636.36363636       4.439699982584577E-006
   7028874.60463218       -6161616.16161616       5.207138780490471E-006
   7028874.60463218       -5959595.95959596       6.047516991280570E-006
   7028874.60463218       -5757575.75757576       6.957755555748592E-006
   7028874.60463218       -5555555.55555556       7.933335000025445E-006
   7028874.60463218       -5353535.35353535       8.968468213750553E-006
   7028874.60463218       -5151515.15151515       1.005635624612082E-005
   7028874.60463218       -4949494.94949495       1.118951867425395E-005
   7028874.60463218       -4747474.74747475       1.236018431971063E-005
   7028874.60463218       -4545454.54545455       1.356072238853035E-005
   7028874.60463218       -4343434.34343434       1.478408879475402E-005
   7028874.60463218       -4141414.14141414       1.602425784517105E-005
   7028874.60463218       -3939393.93939394       1.727660600410657E-005
   7028874.60463218       -3737373.73737374       1.853821260362018E-005
   7028874.60463218       -3535353.53535354       1.980804280278604E-005
   7028874.60463218       -3333333.33333333       2.108698181175048E-005
   7028874.60463218       -3131313.13131313       2.237769752940384E-005
   7028874.60463218       -2929292.92929293       2.368432205939639E-005
   7028874.60463218       -2727272.72727273       2.501196053728152E-005
   7028874.60463218       -2525252.52525253       2.636605575892251E-005
   7028874.60463218       -2323232.32323232       2.775165486636284E-005
   7028874.60463218       -2121212.12121212       2.917263521935950E-005
   7028874.60463218       -1919191.91919192       3.063094816497906E-005
   7028874.60463218       -1717171.71717172       3.212593335272368E-005
   7028874.60463218       -1515151.51515152       3.365374797863241E-005
   7028874.60463218       -1313131.31313131       3.520695150877595E-005
   7028874.60463218       -1111111.11111111       3.677429086559449E-005
   7028874.60463218       -909090.909090910       3.834074144834053E-005
   7028874.60463218       -707070.707070708       3.988786645904840E-005
   7028874.60463218       -505050.505050506       4.139454750736499E-005
   7028874.60463218       -303030.303030305       4.283810209593654E-005
   7028874.60463218       -101010.101010101       4.419573625893290E-005
   7028874.60463218        101010.101010101       4.544619516252777E-005
   7028874.60463218        303030.303030303       4.657139561127140E-005
   7028874.60463218        505050.505050505       4.755778205382935E-005
   7028874.60463218        707070.707070706       4.839716491619774E-005
   7028874.60463218        909090.909090908       4.908688201516886E-005
   7028874.60463218        1111111.11111111       4.962925286945368E-005
   7028874.60463218        1313131.31313131       5.003043642082302E-005
   7028874.60463218        1515151.51515151       5.029891424926816E-005
   7028874.60463218        1717171.71717172       5.044387323560472E-005
   7028874.60463218        1919191.91919192       5.047374463249570E-005
   7028874.60463218        2121212.12121212       5.039508490867826E-005
   7028874.60463218        2323232.32323232       5.021188735885883E-005
   7028874.60463218        2525252.52525252       4.992532427454050E-005
   7028874.60463218        2727272.72727273       4.953385921246274E-005
   7028874.60463218        2929292.92929293       4.903364339446648E-005
   7028874.60463218        3131313.13131313       4.841911152618280E-005
   7028874.60463218        3333333.33333333       4.768370579159826E-005
   7028874.60463218        3535353.53535353       4.682066935074715E-005
   7028874.60463218        3737373.73737374       4.582385581722438E-005
   7028874.60463218        3939393.93939394       4.468850007542509E-005
   7028874.60463218        4141414.14141414       4.341189479794401E-005
   7028874.60463218        4343434.34343434       4.199392331552392E-005
   7028874.60463218        4545454.54545454       4.043741656051730E-005
   7028874.60463218        4747474.74747475       3.874832694109484E-005
   7028874.60463218        4949494.94949495       3.693573718797463E-005
   7028874.60463218        5151515.15151515       3.501173822393337E-005
   7028874.60463218        5353535.35353535       3.299121165888916E-005
   7028874.60463218        5555555.55555555       3.089154130041296E-005
   7028874.60463218        5757575.75757576       2.873226166428635E-005
   7028874.60463218        5959595.95959596       2.653463890930606E-005
   7028874.60463218        6161616.16161616       2.432117666486248E-005
   7028874.60463218        6363636.36363636       2.211504617781744E-005
   7028874.60463218        6565656.56565657       1.993945305677858E-005
   7028874.60463218        6767676.76767677       1.781696621823197E-005
   7028874.60463218        6969696.96969697       1.576884424436368E-005
   7028874.60463218        7171717.17171717       1.381439838890157E-005
   7028874.60463218        7373737.37373737       1.197043009522221E-005
   7028874.60463218        7575757.57575757       1.025077539974119E-005
   7028874.60463218        7777777.77777778       8.665980498881825E-006
   7028874.60463218        7979797.97979798       7.223123339311360E-006
   7028874.60463218        8181818.18181818       5.925786282158106E-006
   7028874.60463218        8383838.38383838       4.774175362827852E-006
   7028874.60463218        8585858.58585858       3.765372947352295E-006
   7028874.60463218        8787878.78787879       2.893703139058228E-006
   7028874.60463218        8989898.98989899       2.151183534524818E-006
   7028874.60463218        9191919.19191919       1.528033209411616E-006
   7028874.60463218        9393939.39393939       1.013205352572736E-006
   7028874.60463218        9595959.59595960       5.949138037937546E-007
   7028874.60463218        9797979.79797980       2.611258139422181E-007
   7028874.60463218        10000000.0000000       0.000000000000000E+000
   7371696.76563616       -10000000.0000000       0.000000000000000E+000
   7371696.76563616       -9797979.79797980       1.513300746245274E-008
   7371696.76563616       -9595959.59595960       3.630011139221882E-008
   7371696.76563616       -9393939.39393939       6.548549958605051E-008
   7371696.76563616       -9191919.19191919       1.051405715367327E-007
   7371696.76563616       -8989898.98989899       1.582301976097890E-007
   7371696.76563616       -8787878.78787879       2.282623654196641E-007
   7371696.76563616       -8585858.58585859       3.192954394689673E-007
   7371696.76563616       -8383838.38383838       4.359169121709276E-007
   7371696.76563616       -8181818.18181818       5.831884987536799E-007
   7371696.76563616       -7979797.97979798       7.665541217984998E-007
   7371696.76563616       -7777777.77777778       9.917096625934678E-007
   7371696.76563616       -7575757.57575758       1.264436192020932E-006
   7371696.76563616       -7373737.37373737       1.590401521878916E-006
   7371696.76563616       -7171717.17171717       1.974938073261853E-006
   7371696.76563616       -6969696.96969697       2.422807953869699E-006
   7371696.76563616       -6767676.76767677       2.937968494026779E-006
   7371696.76563616       -6565656.56565657       3.523353078059586E-006
   7371696.76563616       -6363636.36363636       4.180682756790577E-006
   7371696.76563616       -6161616.16161616       4.910323749760449E-006
   7371696.76563616       -5959595.95959596       5.711204528891967E-006
   7371696.76563616       -5757575.75757576       6.580803764154364E-006
   7371696.76563616       -5555555.55555556       7.515217087512191E-006
   7371696.76563616       -5353535.35353535       8.509306488354457E-006
   7371696.76563616       -5151515.15151515       9.556931287093403E-006
   7371696.76563616       -4949494.94949495       1.065125414639553E-005
   7371696.76563616       -4747474.74747475       1.178510960919748E-005
   7371696.76563616       -4545454.54545455       1.295141641638614E-005
   7371696.76563616       -4343434.34343434       1.414360870049036E-005
   7371696.76563616       -4141414.14141414       1.535605558725905E-005
   7371696.76563616       -3939393.93939394       1.658443445993725E-005
   7371696.76563616       -3737373.73737374       1.782602102288279E-005
   7371696.76563616       -3535353.53535354       1.907986035231594E-005
   7371696.76563616       -3333333.33333333       2.034678837992252E-005
   7371696.76563616       -3131313.13131313       2.162928350375840E-005
   7371696.76563616       -2929292.92929293       2.293114327151720E-005
   7371696.76563616       -2727272.72727273       2.425699993331238E-005
   7371696.76563616       -2525252.52525253       2.561170797114142E-005
   7371696.76563616       -2323232.32323232       2.699965212999174E-005
   7371696.76563616       -2121212.12121212       2.842403204958619E-005
   7371696.76563616       -1919191.91919192       2.988617785087199E-005
   7371696.76563616       -1717171.71717172       3.138494228229602E-005
   7371696.76563616       -1515151.51515152       3.291620485339853E-005
   7371696.76563616       -1313131.31313131       3.447251812973923E-005
   7371696.76563616       -1111111.11111111       3.604292972179874E-005
   7371696.76563616       -909090.909090910       3.761302367977322E-005
   7371696.76563616       -707070.707070708       3.916523402405627E-005
   7371696.76563616       -505050.505050506       4.067947907547038E-005
   7371696.76563616       -303030.303030305       4.213413726171237E-005
   7371696.76563616       -101010.101010101       4.350732964075979E-005
   7371696.76563616        101010.101010101       4.477839991384603E-005
   7371696.76563616        303030.303030303       4.592940962794078E-005
   7371696.76563616        505050.505050505       4.694642116088525E-005
   7371696.76563616        707070.707070706       4.782034638023455E-005
   7371696.76563616        909090.909090908       4.854720245886644E-005
   7371696.76563616        1111111.11111111       4.912772607307600E-005
   7371696.76563616        1313131.31313131       4.956642362156985E-005
   7371696.76563616        1515151.51515151       4.987024175169570E-005
   7371696.76563616        1717171.71717172       5.004709975236014E-005
   7371696.76563616        1919191.91919192       5.010452149282387E-005
   7371696.76563616        2121212.12121212       5.004854884114777E-005
   7371696.76563616        2323232.32323232       4.988303549843239E-005
   7371696.76563616        2525252.52525252       4.960933840673431E-005
   7371696.76563616        2727272.72727273       4.922636432958798E-005
   7371696.76563616        2929292.92929293       4.873089933052990E-005
   7371696.76563616        3131313.13131313       4.811814356157795E-005
   7371696.76563616        3333333.33333333       4.738238125718633E-005
   7371696.76563616        3535353.53535353       4.651772481420479E-005
   7371696.76563616        3737373.73737374       4.551887641536921E-005
   7371696.76563616        3939393.93939394       4.438185153228641E-005
   7371696.76563616        4141414.14141414       4.310461099509869E-005
   7371696.76563616        4343434.34343434       4.168755767311392E-005
   7371696.76563616        4545454.54545454       4.013387204862467E-005
   7371696.76563616        4747474.74747475       3.844968441133990E-005
   7371696.76563616        4949494.94949495       3.664410228409358E-005
   7371696.76563616        5151515.15151515       3.472912237083419E-005
   7371696.76563616        5353535.35353535       3.271945380688553E-005
   7371696.76563616        5555555.55555555       3.063226730464390E-005
   7371696.76563616        5757575.75757576       2.848687083520339E-005
   7371696.76563616        5959595.95959596       2.630430450095108E-005
   7371696.76563616        6161616.16161616       2.410684887945476E-005
   7371696.76563616        6363636.36363636       2.191745093228037E-005
   7371696.76563616        6565656.56565657       1.975908496486702E-005
   7371696.76563616        6767676.76767677       1.765407819135064E-005
   7371696.76563616        6969696.96969697       1.562343803816643E-005
   7371696.76563616        7171717.17171717       1.368622047938181E-005
   7371696.76563616        7373737.37373737       1.185897610728842E-005
   7371696.76563616        7575757.57575757       1.015530464880652E-005
   7371696.76563616        7777777.77777778       8.585540576828047E-006
   7371696.76563616        7979797.97979798       7.156583375260723E-006
   7371696.76563616        8181818.18181818       5.871876639735096E-006
   7371696.76563616        8383838.38383838       4.731531089453932E-006
   7371696.76563616        8585858.58585858       3.732578205702396E-006
   7371696.76563616        8787878.78787879       2.869334046595275E-006
   7371696.76563616        8989898.98989899       2.133847232587081E-006
   7371696.76563616        9191919.19191919       1.516401502062381E-006
   7371696.76563616        9393939.39393939       1.006041829008486E-006
   7371696.76563616        9595959.59595960       5.910939285161330E-007
   7371696.76563616        9797979.79797980       2.596499882523103E-007
   7371696.76563616        10000000.0000000       0.000000000000000E+000
   7722681.35904500       -10000000.0000000       0.000000000000000E+000
   7722681.35904500       -9797979.79797980       1.396425766311391E-008
   7722681.35904500       -9595959.59595960       3.349155172260114E-008
   7722681.35904500       -9393939.39393939       6.042078747417396E-008
   7722681.35904500       -9191919.19191919       9.702869350384999E-008
   7722681.35904500       -8989898.98989899       1.460755707198671E-007
   7722681.35904500       -8787878.78787879       2.108364584256336E-007
   7722681.35904500       -8585858.58585859       2.951123402758633E-007
   7722681.35904500       -8383838.38383838       4.032155995105666E-007
   7722681.35904500       -8181818.18181818       5.399247205364013E-007
   7722681.35904500       -7979797.97979798       7.104046798854795E-007
   7722681.35904500       -7777777.77777778       9.200915139293767E-007
   7722681.35904500       -7575757.57575758       1.174542086463692E-006
   7722681.35904500       -7373737.37373737       1.479252928468039E-006
   7722681.35904500       -7171717.17171717       1.839454955661651E-006
   7722681.35904500       -6969696.96969697       2.259893632106774E-006
   7722681.35904500       -6767676.76767677       2.744606489164054E-006
   7722681.35904500       -6565656.56565657       3.296711609723085E-006
   7722681.35904500       -6363636.36363636       3.918221582492300E-006
   7722681.35904500       -6161616.16161616       4.609897418964776E-006
   7722681.35904500       -5959595.95959596       5.371155966810765E-006
   7722681.35904500       -5757575.75757576       6.200042455501453E-006
   7722681.35904500       -5555555.55555556       7.093277006237882E-006
   7722681.35904500       -5353535.35353535       8.046380266449370E-006
   7722681.35904500       -5151515.15151515       9.053878820007017E-006
   7722681.35904500       -4949494.94949495       1.010958570994766E-005
   7722681.35904500       -4747474.74747475       1.120694535923284E-005
   7722681.35904500       -4545454.54545455       1.233942555421534E-005
   7722681.35904500       -4343434.34343434       1.350093231379978E-005
   7722681.35904500       -4141414.14141414       1.468621701665395E-005
   7722681.35904500       -3939393.93939394       1.589124002343050E-005
   7722681.35904500       -3737373.73737374       1.711345242348397E-005
   7722681.35904500       -3535353.53535354       1.835195881642317E-005
   7722681.35904500       -3333333.33333333       1.960753041721097E-005
   7722681.35904500       -3131313.13131313       2.088244983489465E-005
   7722681.35904500       -2929292.92929293       2.218018600443748E-005
   7722681.35904500       -2727272.72727273       2.350491768532640E-005
   7722681.35904500       -2525252.52525253       2.486094284372819E-005
   7722681.35904500       -2323232.32323232       2.625202463865173E-005
   7722681.35904500       -2121212.12121212       2.768072925297441E-005
   7722681.35904500       -1919191.91919192       2.914780591661990E-005
   7722681.35904500       -1717171.71717172       3.065164825079440E-005
   7722681.35904500       -1515151.51515152       3.218786430773622E-005
   7722681.35904500       -1313131.31313131       3.374897646222388E-005
   7722681.35904500       -1111111.11111111       3.532427503563890E-005
   7722681.35904500       -909090.909090910       3.689985967636202E-005
   7722681.35904500       -707070.707070708       3.845891307775609E-005
   7722681.35904500       -505050.505050506       3.998225189470447E-005
   7722681.35904500       -303030.303030305       4.144917944047774E-005
   7722681.35904500       -101010.101010101       4.283861938847173E-005
   7722681.35904500        101010.101010101       4.413044492892590E-005
   7722681.35904500        303030.303030303       4.530685034329895E-005
   7722681.35904500        505050.505050505       4.635356521231340E-005
   7722681.35904500        707070.707070706       4.726070701350934E-005
   7722681.35904500        909090.909090908       4.802311569882279E-005
   7722681.35904500        1111111.11111111       4.864010642464208E-005
   7722681.35904500        1313131.31313131       4.911468983472062E-005
   7722681.35904500        1515151.51515151       4.945241079009955E-005
   7722681.35904500        1717171.71717172       4.966001774643306E-005
   7722681.35904500        1919191.91919192       4.974418223909369E-005
   7722681.35904500        2121212.12121212       4.971044613841492E-005
   7722681.35904500        2323232.32323232       4.956250343123604E-005
   7722681.35904500        2525252.52525252       4.930184851770077E-005
   7722681.35904500        2727272.72727273       4.892776454252202E-005
   7722681.35904500        2929292.92929293       4.843759191455824E-005
   7722681.35904500        3131313.13131313       4.782720628627537E-005
   7722681.35904500        3333333.33333333       4.709163758645395E-005
   7722681.35904500        3535353.53535353       4.622576758454424E-005
   7722681.35904500        3737373.73737374       4.522504755517857E-005
   7722681.35904500        3939393.93939394       4.408618017180743E-005
   7722681.35904500        4141414.14141414       4.280771479926115E-005
   7722681.35904500        4343434.34343434       4.139051689927471E-005
   7722681.35904500        4545454.54545454       3.983809082045089E-005
   7722681.35904500        4747474.74747475       3.815675651075729E-005
   7722681.35904500        4949494.94949495       3.635569744639735E-005
   7722681.35904500        5151515.15151515       3.444690333455239E-005
   7722681.35904500        5353535.35353535       3.244502594990014E-005
   7722681.35904500        5555555.55555555       3.036715459670576E-005
   7722681.35904500        5757575.75757576       2.823250684798928E-005
   7722681.35904500        5959595.95959596       2.606202659936535E-005
   7722681.35904500        6161616.16161616       2.387788682277645E-005
   7722681.35904500        6363636.36363636       2.170290604409991E-005
   7722681.35904500        6565656.56565657       1.955990075344296E-005
   7722681.35904500        6767676.76767677       1.747100649571323E-005
   7722681.35904500        6969696.96969697       1.545700607131520E-005
   7722681.35904500        7171717.17171717       1.353670387048381E-005
   7722681.35904500        7373737.37373737       1.172638182463368E-005
   7722681.35904500        7575757.57575757       1.003936608869201E-005
   7722681.35904500        7777777.77777778       8.485725523964672E-006
   7722681.35904500        7979797.97979798       7.072114189155176E-006
   7722681.35904500        8181818.18181818       5.801760984663003E-006
   7722681.35904500        8383838.38383838       4.674600819765262E-006
   7722681.35904500        8585858.58585858       3.687533626196885E-006
   7722681.35904500        8787878.78787879       2.834790655817166E-006
   7722681.35904500        8989898.98989899       2.108382181982474E-006
   7722681.35904500        9191919.19191919       1.498597317189081E-006
   7722681.35904500        9393939.39393939       9.945253885727069E-007
   7722681.35904500        9595959.59595960       5.845692309271422E-007
   7722681.35904500        9797979.79797980       2.569238021601350E-007
   7722681.35904500        10000000.0000000       0.000000000000000E+000
   8081828.38485869       -10000000.0000000       0.000000000000000E+000
   8081828.38485869       -9797979.79797980       1.275770664631607E-008
   8081828.38485869       -9595959.59595960       3.059937264157360E-008
   8081828.38485869       -9393939.39393939       5.521772764118684E-008
   8081828.38485869       -9191919.19191919       8.871418490709599E-008
   8081828.38485869       -8989898.98989899       1.336441766733045E-007
   8081828.38485869       -8787878.78787879       1.930499139866714E-007
   8081828.38485869       -8585858.58585859       2.704755782598042E-007
   8081828.38485869       -8383838.38383838       3.699594734456365E-007
   8081828.38485869       -8181818.18181818       4.959982741222511E-007
   8081828.38485869       -7979797.97979798       6.534797114816715E-007
   8081828.38485869       -7777777.77777778       8.475818061799095E-007
   8081828.38485869       -7575757.57575758       1.083639002941447E-006
   8081828.38485869       -7373737.37373737       1.366978140504439E-006
   8081828.38485869       -7171717.17171717       1.702729906426084E-006
   8081828.38485869       -6969696.96969697       2.095624056095409E-006
   8081828.38485869       -6767676.76767677       2.549778992879287E-006
   8081828.38485869       -6565656.56565657       3.068498107223993E-006
   8081828.38485869       -6363636.36363636       3.654086393225569E-006
   8081828.38485869       -6161616.16161616       4.307701188908589E-006
   8081828.38485869       -5959595.95959596       5.029250357597966E-006
   8081828.38485869       -5757575.75757576       5.817349815389631E-006
   8081828.38485869       -5555555.55555556       6.669350004080027E-006
   8081828.38485869       -5353535.35353535       7.581437697925924E-006
   8081828.38485869       -5151515.15151515       8.548815391654438E-006
   8081828.38485869       -4949494.94949495       9.565955418698215E-006
   8081828.38485869       -4747474.74747475       1.062691990140584E-005
   8081828.38485869       -4545454.54545455       1.172573075817295E-005
   8081828.38485869       -4343434.34343434       1.285676662139728E-005
   8081828.38485869       -4141414.14141414       1.401515632328865E-005
   8081828.38485869       -3939393.93939394       1.519713266954701E-005
   8081828.38485869       -3737373.73737374       1.640030702843915E-005
   8081828.38485869       -3535353.53535354       1.762382649486315E-005
   8081828.38485869       -3333333.33333333       1.886838247324781E-005
   8081828.38485869       -3131313.13131313       2.013605297371045E-005
   8081828.38485869       -2929292.92929293       2.142997965010902E-005
   8081828.38485869       -2727272.72727273       2.275390161012231E-005
   8081828.38485869       -2525252.52525253       2.411158677132574E-005
   8081828.38485869       -2323232.32323232       2.550621334020766E-005
   8081828.38485869       -2121212.12121212       2.693975590357866E-005
   8081828.38485869       -1919191.91919192       2.841242296190824E-005
   8081828.38485869       -1717171.71717172       2.992217934557985E-005
   8081828.38485869       -1515151.51515152       3.146437387938477E-005
   8081828.38485869       -1313131.31313131       3.303148572858214E-005
   8081828.38485869       -1111111.11111111       3.461300516263104E-005
   8081828.38485869       -909090.909090910       3.619547461249277E-005
   8081828.38485869       -707070.707070708       3.776272764484031E-005
   8081828.38485869       -505050.505050506       3.929636722686793E-005
   8081828.38485869       -303030.303030305       4.077651074845890E-005
   8081828.38485869       -101010.101010101       4.218279252952556E-005
   8081828.38485869        101010.101010101       4.349555840052428E-005
   8081828.38485869        303030.303030303       4.469712487400495E-005
   8081828.38485869        505050.505050505       4.577292796842302E-005
   8081828.38485869        707070.707070706       4.671237434684052E-005
   8081828.38485869        909090.909090908       4.750924165909265E-005
   8081828.38485869        1111111.11111111       4.816155218452231E-005
   8081828.38485869        1313131.31313131       4.867094479295363E-005
   8081828.38485869        1515151.51515151       4.904166633932064E-005
   8081828.38485869        1717171.71717172       4.927936776649511E-005
   8081828.38485869        1919191.91919192       4.938990694413685E-005
   8081828.38485869        2121212.12121212       4.937833087134051E-005
   8081828.38485869        2323232.32323232       4.924815004971873E-005
   8081828.38485869        2525252.52525252       4.900094980192529E-005
   8081828.38485869        2727272.72727273       4.863632629918461E-005
   8081828.38485869        2929292.92929293       4.815209895146872E-005
   8081828.38485869        3131313.13131313       4.754473518142745E-005
   8081828.38485869        3333333.33333333       4.680992141369058E-005
   8081828.38485869        3535353.53535353       4.594321724404349E-005
   8081828.38485869        3737373.73737374       4.494073335226277E-005
   8081828.38485869        3939393.93939394       4.379977761674181E-005
   8081828.38485869        4141414.14141414       4.251942098969676E-005
   8081828.38485869        4343434.34343434       4.110094765618135E-005
   8081828.38485869        4545454.54545454       3.954817221595250E-005
   8081828.38485869        4747474.74747475       3.786762545425329E-005
   8081828.38485869        4949494.94949495       3.606862324928645E-005
   8081828.38485869        5151515.15151515       3.416323595389475E-005
   8081828.38485869        5353535.35353535       3.216616890735720E-005
   8081828.38485869        5555555.55555555       3.009455414042080E-005
   8081828.38485869        5757575.75757576       2.796764591628073E-005
   8081828.38485869        5959595.95959596       2.580641310557707E-005
   8081828.38485869        6161616.16161616       2.363302964913211E-005
   8081828.38485869        6363636.36363636       2.147027704145238E-005
   8081828.38485869        6565656.56565657       1.934088530497990E-005
   8081828.38485869        6767676.76767677       1.726684789410828E-005
   8081828.38485869        6969696.96969697       1.526874995833506E-005
   8081828.38485869        7171717.17171717       1.336514866434787E-005
   8081828.38485869        7373737.37373737       1.157203992334900E-005
   8081828.38485869        7575757.57575757       9.902439123416058E-006
   8081828.38485869        7777777.77777778       8.366095343488248E-006
   8081828.38485869        7979797.97979798       6.969349765825985E-006
   8081828.38485869        8181818.18181818       5.715140148039779E-006
   8081828.38485869        8383838.38383838       4.603144705392041E-006
   8081828.38485869        8585858.58585858       3.630051001228877E-006
   8081828.38485869        8787878.78787879       2.789928856249754E-006
   8081828.38485869        8989898.98989899       2.074681255240730E-006
   8081828.38485869        9191919.19191919       1.474544081584788E-006
   8081828.38485869        9393939.39393939       9.786044589202169E-007
   8081828.38485869        9595959.59595960       5.753085701699685E-007
   8081828.38485869        9797979.79797980       2.529329860556516E-007
   8081828.38485869        10000000.0000000       0.000000000000000E+000
   8449137.84307724       -10000000.0000000       0.000000000000000E+000
   8449137.84307724       -9797979.79797980       1.153449550319829E-008
   8449137.84307724       -9595959.59595960       2.767273883939763E-008
   8449137.84307724       -9393939.39393939       4.996181617059715E-008
   8449137.84307724       -9191919.19191919       8.032864908156184E-008
   8449137.84307724       -8989898.98989899       1.211249236110779E-007
   8449137.84307724       -8787878.78787879       1.751614065391096E-007
   8449137.84307724       -8585858.58585859       2.457270324894639E-007
   8449137.84307724       -8383838.38383838       3.365876060121308E-007
   8449137.84307724       -8181818.18181818       4.519593959513359E-007
   8449137.84307724       -7979797.97979798       5.964538768740403E-007
   8449137.84307724       -7777777.77777778       7.749913725072219E-007
   8449137.84307724       -7575757.57575758       9.926833217572422E-007
   8449137.84307724       -7373737.37373737       1.254685202594794E-006
   8449137.84307724       -7171717.17171717       1.566024649375022E-006
   8449137.84307724       -6969696.96969697       1.931411791725871E-006
   8449137.84307724       -6767676.76767677       2.355041125857559E-006
   8449137.84307724       -6565656.56565657       2.840396112179692E-006
   8449137.84307724       -6363636.36363636       3.390069015864164E-006
   8449137.84307724       -6161616.16161616       4.005609147204816E-006
   8449137.84307724       -5959595.95959596       4.687412531423273E-006
   8449137.84307724       -5757575.75757576       5.434665084714876E-006
   8449137.84307724       -5555555.55555556       6.245349545936920E-006
   8449137.84307724       -5353535.35353535       7.116323654422423E-006
   8449137.84307724       -5151515.15151515       8.043473300275693E-006
   8449137.84307724       -4949494.94949495       9.021939525042006E-006
   8449137.84307724       -4747474.74747475       1.004641227556815E-005
   8449137.84307724       -4545454.54545455       1.111147678867148E-005
   8449137.84307724       -4343434.34343434       1.221199072566998E-005
   8449137.84307724       -4141414.14141414       1.334346238343870E-005
   8449137.84307724       -3939393.93939394       1.450239367818977E-005
   8449137.84307724       -3737373.73737374       1.568654781635248E-005
   8449137.84307724       -3535353.53535354       1.689510257311135E-005
   8449137.84307724       -3333333.33333333       1.812865753160416E-005
   8449137.84307724       -3131313.13131313       1.938907801445199E-005
   8449137.84307724       -2929292.92929293       2.067917836752554E-005
   8449137.84307724       -2727272.72727273       2.200226913340854E-005
   8449137.84307724       -2525252.52525253       2.336161136378436E-005
   8449137.84307724       -2323232.32323232       2.475983193927354E-005
   8449137.84307724       -2121212.12121212       2.619835363393822E-005
   8449137.84307724       -1919191.91919192       2.767688376868290E-005
   8449137.84307724       -1717171.71717172       2.919299012288999E-005
   8449137.84307724       -1515151.51515152       3.074177859714989E-005
   8449137.84307724       -1313131.31313131       3.231567958754850E-005
   8449137.84307724       -1111111.11111111       3.390435195793917E-005
   8449137.84307724       -909090.909090910       3.549472355734941E-005
   8449137.84307724       -707070.707070708       3.707119983268942E-005
   8449137.84307724       -505050.505050506       3.861607858998725E-005
   8449137.84307724       -303030.303030305       4.011020034479667E-005
   8449137.84307724       -101010.101010101       4.153383439534373E-005
   8449137.84307724        101010.101010101       4.286775237796379E-005
   8449137.84307724        303030.303030303       4.409438427809342E-005
   8449137.84307724        505050.505050505       4.519890449489123E-005
   8449137.84307724        707070.707070706       4.617007676955550E-005
   8449137.84307724        909090.909090908       4.700070923035307E-005
   8449137.84307724        1111111.11111111       4.768763414477414E-005
   8449137.84307724        1313131.31313131       4.823121628721295E-005
   8449137.84307724        1515151.51515151       4.863448427078279E-005
   8449137.84307724        1717171.71717172       4.890204515415114E-005
   8449137.84307724        1919191.91919192       4.903896746866031E-005
   8449137.84307724        2121212.12121212       4.904979952370457E-005
   8449137.84307724        2323232.32323232       4.893784032150621E-005
   8449137.84307724        2525252.52525252       4.870471895465315E-005
   8449137.84307724        2727272.72727273       4.835028317526252E-005
   8449137.84307724        2929292.92929293       4.787275962789079E-005
   8449137.84307724        3131313.13131313       4.726912853903129E-005
   8449137.84307724        3333333.33333333       4.653564946614882E-005
   8449137.84307724        3535353.53535353       4.566847532082281E-005
   8449137.84307724        3737373.73737374       4.466429490672543E-005
   8449137.84307724        3939393.93939394       4.352094906607173E-005
   8449137.84307724        4141414.14141414       4.223797409711990E-005
   8449137.84307724        4343434.34343434       4.081703983596459E-005
   8449137.84307724        4545454.54545454       3.926226718413737E-005
   8449137.84307724        4747474.74747475       3.758042617724581E-005
   8449137.84307724        4949494.94949495       3.578102536645298E-005
   8449137.84307724        5151515.15151515       3.387630350575969E-005
   8449137.84307724        5353535.35353535       3.188112736426183E-005
   8449137.84307724        5555555.55555555       2.981279081439793E-005
   8449137.84307724        5757575.75757576       2.769070639733855E-005
   8449137.84307724        5959595.95959596       2.553598441387123E-005
   8449137.84307724        6161616.16161616       2.337090507623338E-005
   8449137.84307724        6363636.36363636       2.121830245642100E-005
   8449137.84307724        6565656.56565657       1.910089066713120E-005
   8449137.84307724        6767676.76767677       1.704057019983257E-005
   8449137.84307724        6969696.96969697       1.505775483180092E-005
   8449137.84307724        7171717.17171717       1.317075759012817E-005
   8449137.84307724        7373737.37373737       1.139526909878166E-005
   8449137.84307724        7575757.57575757       9.743954415929775E-006
   8449137.84307724        7777777.77777778       8.226186132059827E-006
   8449137.84307724        7979797.97979798       6.847922720308142E-006
   8449137.84307724        8181818.18181818       5.611732399890871E-006
   8449137.84307724        8383838.38383838       4.516954492080028E-006
   8449137.84307724        8585858.58585858       3.559982792319391E-006
   8449137.84307724        8787878.78787879       2.734649229253829E-006
   8449137.84307724        8989898.98989899       2.032681395351198E-006
   8449137.84307724        9191919.19191919       1.444204721561026E-006
   8449137.84307724        9393939.39393939       9.582593247991538E-007
   8449137.84307724        9595959.59595960       5.633029095974987E-007
   8449137.84307724        9797979.79797980       2.476744649295166E-007
   8449137.84307724        10000000.0000000       0.000000000000000E+000
   8824609.73370064       -10000000.0000000       0.000000000000000E+000
   8824609.73370064       -9797979.79797980       1.031534236593198E-008
   8824609.73370064       -9595959.59595960       2.475973199567298E-008
   8824609.73370064       -9393939.39393939       4.473651707785149E-008
   8824609.73370064       -9191919.19191919       7.200037184107449E-008
   8824609.73370064       -8989898.98989899       1.087017452240128E-007
   8824609.73370064       -8787878.78787879       1.574225941703211E-007
   8824609.73370064       -8585858.58585859       2.211991569838254E-007
   8824609.73370064       -8383838.38383838       3.035269283934808E-007
   8824609.73370064       -8181818.18181818       4.083432683234130E-007
   8824609.73370064       -7979797.97979798       5.399838364050059E-007
   8824609.73370064       -7777777.77777778       7.031102891818133E-007
   8824609.73370064       -7575757.57575758       9.026083716024549E-007
   8824609.73370064       -7373737.37373737       1.143457590244301E-006
   8824609.73370064       -7171717.17171717       1.430575939497759E-006
   8824609.73370064       -6969696.96969697       1.768645499223917E-006
   8824609.73370064       -6767676.76767677       2.161926954721535E-006
   8824609.73370064       -6565656.56565657       2.614073032590886E-006
   8824609.73370064       -6363636.36363636       3.127952343255190E-006
   8824609.73370064       -6161616.16161616       3.705496043294209E-006
   8824609.73370064       -5959595.95959596       4.347579975416127E-006
   8824609.73370064       -5757575.75757576       5.053954424854324E-006
   8824609.73370064       -5555555.55555556       5.823232263919300E-006
   8824609.73370064       -5353535.35353535       6.652943943383514E-006
   8824609.73370064       -5151515.15151515       7.539664412048647E-006
   8824609.73370064       -4949494.94949495       8.479212478924820E-006
   8824609.73370064       -4747474.74747475       9.466917288940427E-006
   8824609.73370064       -4545454.54545455       1.049793950213408E-005
   8824609.73370064       -4343434.34343434       1.156762674572451E-005
   8824609.73370064       -4141414.14141414       1.267187466493419E-005
   8824609.73370064       -3939393.93939394       1.380745770134874E-005
   8824609.73370064       -3737373.73737374       1.497228940532272E-005
   8824609.73370064       -3535353.53535354       1.616557277126428E-005
   8824609.73370064       -3333333.33333333       1.738780857950974E-005
   8824609.73370064       -3131313.13131313       1.864064459386235E-005
   8824609.73370064       -2929292.92929293       1.992656911599404E-005
   8824609.73370064       -2727272.72727273       2.124847484106284E-005
   8824609.73370064       -2525252.52525253       2.260913764874165E-005
   8824609.73370064       -2323232.32323232       2.401066476690688E-005
   8824609.73370064       -2121212.12121212       2.545396517290225E-005
   8824609.73370064       -1919191.91919192       2.693828359277585E-005
   8824609.73370064       -1717171.71717172       2.846082294998251E-005
   8824609.73370064       -1515151.51515152       3.001646505512859E-005
   8824609.73370064       -1313131.31313131       3.159759123069060E-005
   8824609.73370064       -1111111.11111111       3.319400604817543E-005
   8824609.73370064       -909090.909090910       3.479297718240399E-005
   8824609.73370064       -707070.707070708       3.637941751988132E-005
   8824609.73370064       -505050.505050506       3.793624431051772E-005
   8824609.73370064       -303030.303030305       3.944494595030434E-005
   8824609.73370064       -101010.101010101       4.088636413039886E-005
   8824609.73370064        101010.101010101       4.224165775804216E-005
   8824609.73370064        303030.303030303       4.349336344647388E-005
   8824609.73370064        505050.505050505       4.462642076391910E-005
   8824609.73370064        707070.707070706       4.562900659907542E-005
   8824609.73370064        909090.909090908       4.649303524412853E-005
   8824609.73370064        1111111.11111111       4.721423155181785E-005
   8824609.73370064        1313131.31313131       4.779176281195052E-005
   8824609.73370064        1515151.51515151       4.822749949223970E-005
   8824609.73370064        1717171.71717172       4.852504179031605E-005
   8824609.73370064        1919191.91919192       4.868868061124848E-005
   8824609.73370064        2121212.12121212       4.872245331683430E-005
   8824609.73370064        2323232.32323232       4.862941473386464E-005
   8824609.73370064        2525252.52525252       4.841118895883542E-005
   8824609.73370064        2727272.72727273       4.806781452109621E-005
   8824609.73370064        2929292.92929293       4.759785578421714E-005
   8824609.73370064        3131313.13131313       4.699873028493596E-005
   8824609.73370064        3333333.33333333       4.626719192046548E-005
   8824609.73370064        3535353.53535353       4.539990811984845E-005
   8824609.73370064        3737373.73737374       4.439407144016303E-005
   8824609.73370064        3939393.93939394       4.324799144551943E-005
   8824609.73370064        4141414.14141414       4.196162221406910E-005
   8824609.73370064        4343434.34343434       4.053699476731043E-005
   8824609.73370064        4545454.54545454       3.897853994070003E-005
   8824609.73370064        4747474.74747475       3.729330108053971E-005
   8824609.73370064        4949494.94949495       3.549104284594598E-005
   8824609.73370064        5151515.15151515       3.358426086521833E-005
   8824609.73370064        5353535.35353535       3.158809010640442E-005
   8824609.73370064        5555555.55555555       2.952010347967502E-005
   8824609.73370064        5757575.75757576       2.739999161132167E-005
   8824609.73370064        5959595.95959596       2.524912162407046E-005
   8824609.73370064        6161616.16161616       2.308998499400088E-005
   8824609.73370064        6363636.36363636       2.094555799814900E-005
   8824609.73370064        6565656.56565657       1.883860910995521E-005
   8824609.73370064        6767676.76767677       1.679099382573261E-005
   8824609.73370064        6969696.96969697       1.482297849168879E-005
   8824609.73370064        7171717.17171717       1.295263158005438E-005
   8824609.73370064        7373737.37373737       1.119531478770429E-005
   8824609.73370064        7575757.57575757       9.563298487601679E-006
   8824609.73370064        7777777.77777778       8.065517370913936E-006
   8824609.73370064        7979797.97979798       6.707473218686926E-006
   8824609.73370064        8181818.18181818       5.491283085793588E-006
   8824609.73370064        8383838.38383838       4.415863120477117E-006
   8824609.73370064        8585858.58585858       3.477231111703149E-006
   8824609.73370064        8787878.78787879       2.668904992027345E-006
   8824609.73370064        8989898.98989899       1.982370256779825E-006
   8824609.73370064        9191919.19191919       1.407586869895188E-006
   8824609.73370064        9393939.39393939       9.335058811682996E-007
   8824609.73370064        9595959.59595960       5.485676820182607E-007
   8824609.73370064        9797979.79797980       2.411574610124748E-007
   8824609.73370064        10000000.0000000       0.000000000000000E+000
   9208244.05672891       -10000000.0000000       0.000000000000000E+000
   9208244.05672891       -9797979.79797980       9.119916895363749E-009
   9208244.05672891       -9595959.59595960       2.190593187876557E-008
   9208244.05672891       -9393939.39393939       3.962086422886733E-008
   9208244.05672891       -9191919.19191919       6.385074576372537E-008
   9208244.05672891       -8989898.98989899       9.654864367490139E-008
   9208244.05672891       -8787878.78787879       1.400715805213089E-007
   9208244.05672891       -8585858.58585859       1.972066769623473E-007
   9208244.05672891       -8383838.38383838       2.711820037637034E-007
   9208244.05672891       -8181818.18181818       3.656577497747381E-007
   9208244.05672891       -7979797.97979798       4.846938687422147E-007
   9208244.05672891       -7777777.77777778       6.326913700796956E-007
   9208244.05672891       -7575757.57575758       8.143058519192767E-007
   9208244.05672891       -7373737.37373737       1.034333676122352E-006
   9208244.05672891       -7171717.17171717       1.297573249617179E-006
   9208244.05672891       -6969696.96969697       1.608666067774798E-006
   9208244.05672891       -6767676.76767677       1.971924338593315E-006
   9208244.05672891       -6565656.56565657       2.391153982801101E-006
   9208244.05672891       -6363636.36363636       2.869483445237119E-006
   9208244.05672891       -6161616.16161616       3.409209923855629E-006
   9208244.05672891       -5959595.95959596       4.011675207063248E-006
   9208244.05672891       -5757575.75757576       4.677183198041993E-006
   9208244.05672891       -5555555.55555556       5.404970280453960E-006
   9208244.05672891       -5353535.35353535       6.193237808232185E-006
   9208244.05672891       -5151515.15151515       7.039253023739530E-006
   9208244.05672891       -4949494.94949495       7.939520455596360E-006
   9208244.05672891       -4747474.74747475       8.890020192163069E-006
   9208244.05672891       -4545454.54545455       9.886502374341195E-006
   9208244.05672891       -4343434.34343434       1.092481908141185E-005
   9208244.05672891       -4141414.14141414       1.200126622121883E-005
   9208244.05672891       -3939393.93939394       1.311290039856304E-005
   9208244.05672891       -3737373.73737374       1.425779094506534E-005
   9208244.05672891       -3535353.53535354       1.543516760563025E-005
   9208244.05672891       -3333333.33333333       1.664543171472446E-005
   9208244.05672891       -3131313.13131313       1.789001365700161E-005
   9208244.05672891       -2929292.92929293       1.917108031426830E-005
   9208244.05672891       -2727272.72727273       2.049111884092853E-005
   9208244.05672891       -2525252.52525253       2.185244169588651E-005
   9208244.05672891       -2323232.32323232       2.325666713501275E-005
   9208244.05672891       -2121212.12121212       2.470422693088246E-005
   9208244.05672891       -1919191.91919192       2.619394061638453E-005
   9208244.05672891       -1717171.71717172       2.772267819918857E-005
   9208244.05672891       -1515151.51515152       2.928511758360250E-005
   9208244.05672891       -1313131.31313131       3.087359427897209E-005
   9208244.05672891       -1111111.11111111       3.247804188960780E-005
   9208244.05672891       -909090.909090910       3.408603127172456E-005
   9208244.05672891       -707070.707070708       3.568292958395971E-005
   9208244.05672891       -505050.505050506       3.725221073851263E-005
   9208244.05672891       -303030.303030305       3.877594823007450E-005
   9208244.05672891       -101010.101010101       4.023550410366394E-005
   9208244.05672891        101010.101010101       4.161239292570634E-005
   9208244.05672891        303030.303030303       4.288925310582954E-005
   9208244.05672891        505050.505050505       4.405081268275393E-005
   9208244.05672891        707070.707070706       4.508470900039410E-005
   9208244.05672891        909090.909090908       4.598202514929880E-005
   9208244.05672891        1111111.11111111       4.673744535735441E-005
   9208244.05672891        1313131.31313131       4.734899925271028E-005
   9208244.05672891        1515151.51515151       4.781744317884604E-005
   9208244.05672891        1717171.71717172       4.814539347430187E-005
   9208244.05672891        1919191.91919192       4.833636399072181E-005
   9208244.05672891        2121212.12121212       4.839386091221898E-005
   9208244.05672891        2323232.32323232       4.832065724083983E-005
   9208244.05672891        2525252.52525252       4.811832088361006E-005
   9208244.05672891        2727272.72727273       4.778701991489615E-005
   9208244.05672891        2929292.92929293       4.732558799180829E-005
   9208244.05672891        3131313.13131313       4.673180675850916E-005
   9208244.05672891        3333333.33333333       4.600284900861912E-005
   9208244.05672891        3535353.53535353       4.513582227175918E-005
   9208244.05672891        3737373.73737374       4.412835387418258E-005
   9208244.05672891        3939393.93939394       4.297916409852851E-005
   9208244.05672891        4141414.14141414       4.168858396385034E-005
   9208244.05672891        4343434.34343434       4.025898785807330E-005
   9208244.05672891        4545454.54545454       3.869512609632158E-005
   9208244.05672891        4747474.74747475       3.700435405031066E-005
   9208244.05672891        4949494.94949495       3.519675912738977E-005
   9208244.05672891        5151515.15151515       3.328518429976373E-005
   9208244.05672891        5353535.35353535       3.128514086327371E-005
   9208244.05672891        5555555.55555555       2.921459932109006E-005
   9208244.05672891        5757575.75757576       2.709364993990737E-005
   9208244.05672891        5959595.95959596       2.494403413958224E-005
   9208244.05672891        6161616.16161616       2.278856158799898E-005
   9208244.05672891        6363636.36363636       2.065044147108735E-005
   9208244.05672891        6565656.56565657       1.855256644729186E-005
   9208244.05672891        6767676.76767677       1.651679262684631E-005
   9208244.05672891        6969696.96969697       1.456325858022994E-005
   9208244.05672891        7171717.17171717       1.270978193456560E-005
   9208244.05672891        7373737.37373737       1.097136494287203E-005
   9208244.05672891        7575757.57575757       9.359831763532788E-006
   9208244.05672891        7777777.77777778       7.883611006005364E-006
   9208244.05672891        7979797.97979798       6.547668007572615E-006
   9208244.05672891        8181818.18181818       5.353582706729933E-006
   9208244.05672891        8383838.38383838       4.299761166395130E-006
   9208244.05672891        8585858.58585858       3.381762048790118E-006
   9208244.05672891        8787878.78787879       2.592713943173270E-006
   9208244.05672891        8989898.98989899       1.923795688384434E-006
   9208244.05672891        9191919.19191919       1.364749958094403E-006
   9208244.05672891        9393939.39393939       9.044005229885057E-007
   9208244.05672891        9595959.59595960       5.311457419623198E-007
   9208244.05672891        9797979.79797980       2.334048132310066E-007
   9208244.05672891        10000000.0000000       0.000000000000000E+000
   9600040.81216202       -10000000.0000000       0.000000000000000E+000
   9600040.81216202       -9797979.79797980       7.966266995634987E-009
   9600040.81216202       -9595959.59595960       1.915312061060340E-008
   9600040.81216202       -9393939.39393939       3.468727777319316E-008
   9600040.81216202       -9191919.19191919       5.599102142207096E-008
   9600040.81216202       -8989898.98989899       8.482519237602456E-008
   9600040.81216202       -8787878.78787879       1.233269878559581E-007
   9600040.81216202       -8585858.58585859       1.740390623266404E-007
   9600040.81216202       -8383838.38383838       2.399257531527970E-007
   9600040.81216202       -8181818.18181818       3.243722381016094E-007
   9600040.81216202       -7979797.97979798       4.311627992811493E-007
   9600040.81216202       -7777777.77777778       5.644351415856204E-007
   9600040.81216202       -7575757.57575758       7.286088957009387E-007
   9600040.81216202       -7373737.37373737       9.282879868671049E-007
   9600040.81216202       -7171717.17171717       1.168138392714243E-006
   9600040.81216202       -6969696.96969697       1.452744836560716E-006
   9600040.81216202       -6767676.76767677       1.786452035092941E-006
   9600040.81216202       -6565656.56565657       2.173198100181772E-006
   9600040.81216202       -6363636.36363636       2.616349443245663E-006
   9600040.81216202       -6161616.16161616       3.118547913180185E-006
   9600040.81216202       -5959595.95959596       3.681581787626051E-006
   9600040.81216202       -5757575.75757576       4.306292503009405E-006
   9600040.81216202       -5555555.55555556       4.992528508422789E-006
   9600040.81216202       -5353535.35353535       5.739156193541047E-006
   9600040.81216202       -5151515.15151515       6.544135274522477E-006
   9600040.81216202       -4949494.94949495       7.404662116770867E-006
   9600040.81216202       -4747474.74747475       8.317379063287517E-006
   9600040.81216202       -4545454.54545455       9.278640895049582E-006
   9600040.81216202       -4343434.34343434       1.028482133528371E-005
   9600040.81216202       -4141414.14141414       1.133263374911427E-005
   9600040.81216202       -3939393.93939394       1.241943222975443E-005
   9600040.81216202       -3737373.73737374       1.354345407974794E-005
   9600040.81216202       -3535353.53535354       1.470396461795132E-005
   9600040.81216202       -3333333.33333333       1.590127225667076E-005
   9600040.81216202       -3131313.13131313       1.713659652076540E-005
   9600040.81216202       -2929292.92929293       1.841179241585356E-005
   9600040.81216202       -2727272.72727273       1.972895701551752E-005
   9600040.81216202       -2525252.52525253       2.108996247947782E-005
   9600040.81216202       -2323232.32323232       2.249596866812146E-005
   9600040.81216202       -2121212.12121212       2.394696571963481E-005
   9600040.81216202       -1919191.91919192       2.544138413448058E-005
   9600040.81216202       -1717171.71717172       2.697579222288009E-005
   9600040.81216202       -1515151.51515152       2.854468466423467E-005
   9600040.81216202       -1313131.31313131       3.014035672222067E-005
   9600040.81216202       -1111111.11111111       3.175285886564866E-005
   9600040.81216202       -909090.909090910       3.337003527520353E-005
   9600040.81216202       -707070.707070708       3.497766295338099E-005
   9600040.81216202       -505050.505050506       3.655971960145353E-005
   9600040.81216202       -303030.303030305       3.809881093522251E-005
   9600040.81216202       -101010.101010101       3.957677582941192E-005
   9600040.81216202        101010.101010101       4.097545868739401E-005
   9600040.81216202        303030.303030303       4.227759693052411E-005
   9600040.81216202        505050.505050505       4.346772817815979E-005
   9600040.81216202        707070.707070706       4.453299121907364E-005
   9600040.81216202        909090.909090908       4.546369080443271E-005
   9600040.81216202        1111111.11111111       4.625352518480667E-005
   9600040.81216202        1313131.31313131       4.689943292201882E-005
   9600040.81216202        1515151.51515151       4.740108720853933E-005
   9600040.81216202        1717171.71717172       4.776013171398158E-005
   9600040.81216202        1919191.91919192       4.797929395826405E-005
   9600040.81216202        2121212.12121212       4.806152117724304E-005
   9600040.81216202        2323232.32323232       4.800926168174603E-005
   9600040.81216202        2525252.52525252       4.782397287433026E-005
   9600040.81216202        2727272.72727273       4.750588977251509E-005
   9600040.81216202        2929292.92929293       4.705404694123104E-005
   9600040.81216202        3131313.13131313       4.646651811599649E-005
   9600040.81216202        3333333.33333333       4.574082171944958E-005
   9600040.81216202        3535353.53535353       4.487443404570006E-005
   9600040.81216202        3737373.73737374       4.386535211034673E-005
   9600040.81216202        3939393.93939394       4.271265348393370E-005
   9600040.81216202        4141414.14141414       4.141701025680722E-005
   9600040.81216202        4343434.34343434       3.998112737009763E-005
   9600040.81216202        4545454.54545454       3.841008886305168E-005
   9600040.81216202        4747474.74747475       3.671160505658340E-005
   9600040.81216202        4949494.94949495       3.489615654652371E-005
   9600040.81216202        5151515.15151515       3.297702783200631E-005
   9600040.81216202        5353535.35353535       3.097021868681076E-005
   9600040.81216202        5555555.55555555       2.889422030460151E-005
   9600040.81216202        5757575.75757576       2.676964903697467E-005
   9600040.81216202        5959595.95959596       2.461874271086482E-005
   9600040.81216202        6161616.16161616       2.246473961812738E-005
   9600040.81216202        6363636.36363636       2.033117405208048E-005
   9600040.81216202        6565656.56565657       1.824113155053509E-005
   9600040.81216202        6767676.76767677       1.621651050504169E-005
   9600040.81216202        6969696.96969697       1.427733488049113E-005
   9600040.81216202        7171717.17171717       1.244115678092892E-005
   9600040.81216202        7373737.37373737       1.072257907954994E-005
   9600040.81216202        7575757.57575757       9.132918685839467E-006
   9600040.81216202        7777777.77777778       7.680021238487610E-006
   9600040.81216202        7979797.97979798       6.368228691696473E-006
   9600040.81216202        8181818.18181818       5.198492742541643E-006
   9600040.81216202        8383838.38383838       4.168619544305621E-006
   9600040.81216202        8585858.58585858       3.273624866200945E-006
   9600040.81216202        8787878.78787879       2.506174023189260E-006
   9600040.81216202        8989898.98989899       1.857077753182316E-006
   9600040.81216202        9191919.19191919       1.315813964702941E-006
   9600040.81216202        9393939.39393939       8.710460117391264E-007
   9600040.81216202        9595959.59595960       5.111108071088720E-007
   9600040.81216202        9797979.79797980       2.244544695656766E-007
   9600040.81216202        10000000.0000000       0.000000000000000E+000
   10000000.0000000       -10000000.0000000       0.000000000000000E+000
   10000000.0000000       -9797979.79797980       6.870320433650009E-009
   10000000.0000000       -9595959.59595960       1.653815891333200E-008
   10000000.0000000       -9393939.39393939       2.999967293020760E-008
   10000000.0000000       -9191919.19191919       4.851949435588906E-008
   10000000.0000000       -8989898.98989899       7.367263889250820E-008
   10000000.0000000       -8787878.78787879       1.073828116592888E-007
   10000000.0000000       -8585858.58585859       1.519539751394103E-007
   10000000.0000000       -8383838.38383838       2.100913510921893E-007
   10000000.0000000       -8181818.18181818       2.849078931929660E-007
   10000000.0000000       -7979797.97979798       3.799124630531413E-007
   10000000.0000000       -7777777.77777778       4.989765023619335E-007
   10000000.0000000       -7575757.57575758       6.462769360108243E-007
   10000000.0000000       -7373737.37373737       8.262143469377665E-007
   10000000.0000000       -7171717.17171717       1.043307079531823E-006
   10000000.0000000       -6969696.96969697       1.302063770231976E-006
   10000000.0000000       -6767676.76767677       1.606838763285920E-006
   10000000.0000000       -6565656.56565657       1.961676823741708E-006
   10000000.0000000       -6363636.36363636       2.370155379372001E-006
   10000000.0000000       -6161616.16161616       2.835234077224062E-006
   10000000.0000000       -5959595.95959596       3.359122594819284E-006
   10000000.0000000       -5757575.75757576       3.943178256693498E-006
   10000000.0000000       -5555555.55555556       4.587844908647641E-006
   10000000.0000000       -5353535.35353535       5.292643497483340E-006
   10000000.0000000       -5151515.15151515       6.056222662493514E-006
   10000000.0000000       -4949494.94949495       6.876474122282441E-006
   10000000.0000000       -4747474.74747475       7.750712533428809E-006
   10000000.0000000       -4545454.54545455       8.675912746379833E-006
   10000000.0000000       -4343434.34343434       9.648989226063712E-006
   10000000.0000000       -4141414.14141414       1.066709355950278E-005
   10000000.0000000       -3939393.93939394       1.172789779714072E-005
   10000000.0000000       -3737373.73737374       1.282982587129296E-005
   10000000.0000000       -3535353.53535354       1.397219485941748E-005
   10000000.0000000       -3333333.33333333       1.515523441761305E-005
   10000000.0000000       -3131313.13131313       1.637996693169616E-005
   10000000.0000000       -2929292.92929293       1.764795112978206E-005
   10000000.0000000       -2727272.72727273       1.896091384264542E-005
   10000000.0000000       -2525252.52525253       2.032031253302444E-005
   10000000.0000000       -2323232.32323232       2.172687997285858E-005
   10000000.0000000       -2121212.12121212       2.318019969212071E-005
   10000000.0000000       -1919191.91919192       2.467834818988954E-005
   10000000.0000000       -1717171.71717172       2.621762234604416E-005
   10000000.0000000       -1515151.51515152       2.779235424006686E-005
   10000000.0000000       -1313131.31313131       2.939480587164311E-005
   10000000.0000000       -1111111.11111111       3.101513565030426E-005
   10000000.0000000       -909090.909090910       3.264143637221416E-005
   10000000.0000000       -707070.707070708       3.425985723598983E-005
   10000000.0000000       -505050.505050506       3.585483464282451E-005
   10000000.0000000       -303030.303030305       3.740946151307727E-005
   10000000.0000000       -101010.101010101       3.890601688580181E-005
   10000000.0000000        101010.101010101       4.032665400437663E-005
   10000000.0000000        303030.303030303       4.165420852610759E-005
   10000000.0000000        505050.505050505       4.287304756042621E-005
   10000000.0000000        707070.707070706       4.396984796534041E-005
   10000000.0000000        909090.909090908       4.493418192470780E-005
   10000000.0000000        1111111.11111111       4.575880727055122E-005
   10000000.0000000        1313131.31313131       4.643960788331962E-005
   10000000.0000000        1515151.51515151       4.697519433874513E-005
   10000000.0000000        1717171.71717172       4.736623895474905E-005
   10000000.0000000        1919191.91919192       4.761466494681103E-005
   10000000.0000000        2121212.12121212       4.772282570095481E-005
   10000000.0000000        2323232.32323232       4.769279655680076E-005
   10000000.0000000        2525252.52525252       4.752586636155163E-005
   10000000.0000000        2727272.72727273       4.722227224769438E-005
   10000000.0000000        2929292.92929293       4.678118036470596E-005
   10000000.0000000        3131313.13131313       4.620088466435418E-005
   10000000.0000000        3333333.33333333       4.547917698447545E-005
   10000000.0000000        3535353.53535353       4.461383289039967E-005
   10000000.0000000        3737373.73737374       4.360315653000693E-005
   10000000.0000000        3939393.93939394       4.244653240618431E-005
   10000000.0000000        4141414.14141414       4.114494128501075E-005
   10000000.0000000        4343434.34343434       3.970140957933137E-005
   10000000.0000000        4545454.54545454       3.812137323251291E-005
   10000000.0000000        4747474.74747475       3.641294468131254E-005
   10000000.0000000        4949494.94949495       3.458707296155422E-005
   10000000.0000000        5151515.15151515       3.265758396687455E-005
   10000000.0000000        5353535.35353535       3.064108479790171E-005
   10000000.0000000        5555555.55555555       2.855671791751797E-005
   10000000.0000000        5757575.75757576       2.642575977544224E-005
   10000000.0000000        5959595.95959596       2.427107331053811E-005
   10000000.0000000        6161616.16161616       2.211644032074651E-005
   10000000.0000000        6363636.36363636       1.998581373952879E-005
   10000000.0000000        6565656.56565657       1.790253837238865E-005
   10000000.0000000        6767676.76767677       1.588859064516168E-005
   10000000.0000000        6969696.96969697       1.396388412194355E-005
   10000000.0000000        7171717.17171717       1.214567963922450E-005
   10000000.0000000        7373737.37373737       1.044812874673166E-005
   10000000.0000000        7575757.57575757       8.881968308062376E-006
   10000000.0000000        7777777.77777778       7.454373642139017E-006
   10000000.0000000        7979797.97979798       6.168968043574490E-006
   10000000.0000000        8181818.18181818       5.025978150856357E-006
   10000000.0000000        8383838.38383838       4.022517546024851E-006
   10000000.0000000        8585858.58585858       3.152975275812581E-006
   10000000.0000000        8787878.78787879       2.409481838544120E-006
   10000000.0000000        8989898.98989899       1.782422769489360E-006
   10000000.0000000        9191919.19191919       1.260969433939059E-006
   10000000.0000000        9393939.39393939       8.335980526714229E-007
   10000000.0000000        9595959.59595960       4.885712288792463E-007
   10000000.0000000        9797979.79797980       2.143610815094650E-007
   10000000.0000000        10000000.0000000       0.000000000000000E+000
   10408121.6202428       -10000000.0000000       0.000000000000000E+000
   10408121.6202428       -9797979.79797980       5.845480650188327E-009
   10408121.6202428       -9595959.59595960       1.409207581693150E-008
   10408121.6202428       -9393939.39393939       2.561192730304503E-008
   10408121.6202428       -9191919.19191919       4.151922053341249E-008
   10408121.6202428       -8989898.98989899       6.321072826458725E-008
   10408121.6202428       -8787878.78787879       9.240420435331588E-008
   10408121.6202428       -8585858.58585859       1.311718641616309E-007
   10408121.6202428       -8383838.38383838       1.819654858542510E-007
   10408121.6202428       -8181818.18181818       2.476294303048109E-007
   10408121.6202428       -7979797.97979798       3.313979200993443E-007
   10408121.6202428       -7777777.77777778       4.368732818747098E-007
   10408121.6202428       -7575757.57575758       5.679825714436029E-007
   10408121.6202428       -7373737.37373737       7.289110680666347E-007
   10408121.6202428       -7171717.17171717       9.240125118208372E-007
   10408121.6202428       -6969696.96969697       1.157697605889637E-006
   10408121.6202428       -6767676.76767677       1.434304128698218E-006
   10408121.6202428       -6565656.56565657       1.757953895773701E-006
   10408121.6202428       -6363636.36363636       2.132403662281965E-006
   10408121.6202428       -6161616.16161616       2.560898739386109E-006
   10408121.6202428       -5959595.95959596       3.046039474991546E-006
   10408121.6202428       -5757575.75757576       3.589671668261371E-006
   10408121.6202428       -5555555.55555556       4.192812264933769E-006
   10408121.6202428       -5353535.35353535       4.855621095819308E-006
   10408121.6202428       -5151515.15151515       5.577427713815888E-006
   10408121.6202428       -4949494.94949495       6.356819277449593E-006
   10408121.6202428       -4747474.74747475       7.191790682684605E-006
   10408121.6202428       -4545454.54545455       8.079951666144901E-006
   10408121.6202428       -4343434.34343434       9.018777601913582E-006
   10408121.6202428       -4141414.14141414       1.000588189313274E-005
   10408121.6202428       -3939393.93939394       1.103927956910771E-005
   10408121.6202428       -3737373.73737374       1.211760593942042E-005
   10408121.6202428       -3535353.53535354       1.324025327779155E-005
   10408121.6202428       -3333333.33333333       1.440739450255265E-005
   10408121.6202428       -3131313.13131313       1.561987631600696E-005
   10408121.6202428       -2929292.92929293       1.687898362219488E-005
   10408121.6202428       -2727272.72727273       1.818609817358893E-005
   10408121.6202428       -2525252.52525253       1.954229176471722E-005
   10408121.6202428       -2323232.32323232       2.094790291874295E-005
   10408121.6202428       -2121212.12121212       2.240214360195281E-005
   10408121.6202428       -1919191.91919192       2.390277049569535E-005
   10408121.6202428       -1717171.71717172       2.544583836307286E-005
   10408121.6202428       -1515151.51515152       2.702553696684063E-005
   10408121.6202428       -1313131.31313131       2.863410285753435E-005
   10408121.6202428       -1111111.11111111       3.026179580663366E-005
   10408121.6202428       -909090.909090910       3.189693643962453E-005
   10408121.6202428       -707070.707070708       3.352601377581838E-005
   10408121.6202428       -505050.505050506       3.513388393640022E-005
   10408121.6202428       -303030.303030305       3.670408824232057E-005
   10408121.6202428       -101010.101010101       3.821931471433998E-005
   10408121.6202428        101010.101010101       3.966200841511613E-005
   10408121.6202428        303030.303030303       4.101510435689449E-005
   10408121.6202428        505050.505050505       4.226281857825993E-005
   10408121.6202428        707070.707070706       4.339139981585831E-005
   10408121.6202428        909090.909090908       4.438972857209828E-005
   10408121.6202428        1111111.11111111       4.524966130587817E-005
   10408121.6202428        1313131.31313131       4.596605599541113E-005
   10408121.6202428        1515151.51515151       4.653647299879853E-005
   10408121.6202428        1717171.71717172       4.696060648024046E-005
   10408121.6202428        1919191.91919192       4.723954976188649E-005
   10408121.6202428        2121212.12121212       4.737502075564637E-005
   10408121.6202428        2323232.32323232       4.736866798255771E-005
   10408121.6202428        2525252.52525252       4.722154939123357E-005
   10408121.6202428        2727272.72727273       4.693383637342159E-005
   10408121.6202428        2929292.92929293       4.650475547247542E-005
   10408121.6202428        3131313.13131313       4.593274812102598E-005
   10408121.6202428        3333333.33333333       4.521580734485236E-005
   10408121.6202428        3535353.53535353       4.435193917841672E-005
   10408121.6202428        3737373.73737374       4.333969362678098E-005
   10408121.6202428        3939393.93939394       4.217871356432763E-005
   10408121.6202428        4141414.14141414       4.087025832242229E-005
   10408121.6202428        4343434.34343434       3.941766955043966E-005
   10408121.6202428        4545454.54545454       3.782675688417968E-005
   10408121.6202428        4747474.74747475       3.610608673874543E-005
   10408121.6202428        4949494.94949495       3.426715798426312E-005
   10408121.6202428        5151515.15151515       3.232444557609891E-005
   10408121.6202428        5353535.35353535       3.029529208866036E-005
   10408121.6202428        5555555.55555555       2.819963195447421E-005
   10408121.6202428        5757575.75757576       2.605954550998047E-005
   10408121.6202428        5959595.95959596       2.389865748771305E-005
   10408121.6202428        6161616.16161616       2.174141285351421E-005
   10408121.6202428        6363636.36363636       1.961227728636745E-005
   10408121.6202428        6565656.56565657       1.753491721805348E-005
   10408121.6202428        6767676.76767677       1.553141451367342E-005
   10408121.6202428        6969696.96969697       1.362156475291043E-005
   10408121.6202428        7171717.17171717       1.182229781593725E-005
   10408121.6202428        7373737.37373737       1.014724734841998E-005
   10408121.6202428        7575757.57575757       8.606483465692921E-006
   10408121.6202428        7777777.77777778       7.206411856016897E-006
   10408121.6202428        7979797.97979798       5.949832745648797E-006
   10408121.6202428        8181818.18181818       4.836145102513730E-006
   10408121.6202428        8383838.38383838       3.861674948491554E-006
   10408121.6202428        8585858.58585858       3.020101712431914E-006
   10408121.6202428        8787878.78787879       2.302953256469352E-006
   10408121.6202428        8989898.98989899       1.700138668988128E-006
   10408121.6202428        9191919.19191919       1.200488240263503E-006
   10408121.6202428        9393939.39393939       7.922722232884387E-007
   10408121.6202428        9595959.59595960       4.636738769707445E-007
   10408121.6202428        9797979.79797980       2.031976056463217E-007
   10408121.6202428        10000000.0000000       0.000000000000000E+000
   10824405.6728905       -10000000.0000000       0.000000000000000E+000
   10824405.6728905       -9797979.79797980       4.902331818374461E-009
   10824405.6728905       -9595959.59595960       1.183940418556008E-008
   10824405.6728905       -9393939.39393939       2.156675851709396E-008
   10824405.6728905       -9191919.19191919       3.505633341009138E-008
   10824405.6728905       -8989898.98989899       5.353534261531061E-008
   10824405.6728905       -8787878.78787879       7.852430757744206E-008
   10824405.6728905       -8585858.58585859       1.118718494299520E-007
   10824405.6728905       -8383838.38383838       1.557831495961837E-007
   10824405.6728905       -8181818.18181818       2.128386687243924E-007
   10824405.6728905       -7979797.97979798       2.859996233756399E-007
   10824405.6728905       -7777777.77777778       3.785969061336245E-007
   10824405.6728905       -7575757.57575758       4.943006380538390E-007
   10824405.6728905       -7373737.37373737       6.370683786250883E-007
   10824405.6728905       -7171717.17171717       8.110711768303649E-007
   10824405.6728905       -6969696.96969697       1.020598089631069E-006
   10824405.6728905       -6767676.76767677       1.269941458773946E-006
   10824405.6728905       -6565656.56565657       1.563267040035848E-006
   10824405.6728905       -6363636.36363636       1.904474920758557E-006
   10824405.6728905       -6161616.16161616       2.297058926294409E-006
   10824405.6728905       -5959595.95959596       2.743973770404665E-006
   10824405.6728905       -5757575.75757576       3.247520390181115E-006
   10824405.6728905       -5555555.55555556       3.809260528372415E-006
   10824405.6728905       -5353535.35353535       4.429971445569480E-006
   10824405.6728905       -5151515.15151515       5.109650376957145E-006
   10824405.6728905       -4949494.94949495       5.847575685567900E-006
   10824405.6728905       -4747474.74747475       6.642427333911888E-006
   10824405.6728905       -4545454.54545455       7.492463170172156E-006
   10824405.6728905       -4343434.34343434       8.395739780781222E-006
   10824405.6728905       -4141414.14141414       9.350357971870828E-006
   10824405.6728905       -3939393.93939394       1.035470463307862E-005
   10824405.6728905       -3737373.73737374       1.140765678256577E-005
   10824405.6728905       -3535353.53535354       1.250871230677564E-005
   10824405.6728905       -3333333.33333333       1.365801724934525E-005
   10824405.6728905       -3131313.13131313       1.485627209376039E-005
   10824405.6728905       -2929292.92929293       1.610451776417102E-005
   10824405.6728905       -2727272.72727273       1.740382215662525E-005
   10824405.6728905       -2525252.52525253       1.875490467287899E-005
   10824405.6728905       -2323232.32323232       2.015774474899457E-005
   10824405.6728905       -2121212.12121212       2.161121850517213E-005
   10824405.6728905       -1919191.91919192       2.311279659276346E-005
   10824405.6728905       -1717171.71717172       2.465832023200595E-005
   10824405.6728905       -1515151.51515152       2.624185677013290E-005
   10824405.6728905       -1313131.31313131       2.785562564686412E-005
   10824405.6728905       -1111111.11111111       2.948998316539008E-005
   10824405.6728905       -909090.909090910       3.113346002904534E-005
   10824405.6728905       -707070.707070708       3.277285682647546E-005
   10824405.6728905       -505050.505050506       3.439341520818897E-005
   10824405.6728905       -303030.303030305       3.597909096310753E-005
   10824405.6728905       -101010.101010101       3.751295422937263E-005
   10824405.6728905        101010.101010101       3.897772807054767E-005
   10824405.6728905        303030.303030303       4.035644967158497E-005
   10824405.6728905        505050.505050505       4.163320346807151E-005
   10824405.6728905        707070.707070706       4.279384227656216E-005
   10824405.6728905        909090.909090908       4.382659272451109E-005
   10824405.6728905        1111111.11111111       4.472244461958314E-005
   10824405.6728905        1313131.31313131       4.547525349674947E-005
   10824405.6728905        1515151.51515151       4.608153584443009E-005
   10824405.6728905        1717171.71717172       4.653999438983431E-005
   10824405.6728905        1919191.91919192       4.685086040535170E-005
   10824405.6728905        2121212.12121212       4.701516841571552E-005
   10824405.6728905        2323232.32323232       4.703408060390786E-005
   10824405.6728905        2525252.52525252       4.690835687721601E-005
   10824405.6728905        2727272.72727273       4.663803124097795E-005
   10824405.6728905        2929292.92929293       4.622231667470592E-005
   10824405.6728905        3131313.13131313       4.565972752867459E-005
   10824405.6728905        3333333.33333333       4.494838476484809E-005
   10824405.6728905        3535353.53535353       4.408645572449074E-005
   10824405.6728905        3737373.73737374       4.307267520188767E-005
   10824405.6728905        3939393.93939394       4.190689664390119E-005
   10824405.6728905        4141414.14141414       4.059062926485044E-005
   10824405.6728905        4343434.34343434       3.912752607550750E-005
   10824405.6728905        4545454.54545454       3.752379589805814E-005
   10824405.6728905        4747474.74747475       3.578851652375332E-005
   10824405.6728905        4949494.94949495       3.393382580169168E-005
   10824405.6728905        5151515.15151515       3.197496543504999E-005
   10824405.6728905        5353535.35353535       2.993015341557603E-005
   10824405.6728905        5555555.55555555       2.782026930542179E-005
   10824405.6728905        5757575.75757576       2.566835262525810E-005
   10824405.6728905        5959595.95959596       2.349893534458365E-005
   10824405.6728905        6161616.16161616       2.133724969760880E-005
   10824405.6728905        6363636.36363636       1.920836733394162E-005
   10824405.6728905        6565656.56565657       1.713633226212276E-005
   10824405.6728905        6767676.76767677       1.514334785134406E-005
   10824405.6728905        6969696.96969697       1.324906909326008E-005
   10824405.6728905        7171717.17171717       1.147003818073958E-005
   10824405.6728905        7373737.37373737       9.819286991637149E-006
   10824405.6728905        7575757.57575757       8.306116318337571E-006
   10824405.6728905        7777777.77777778       6.936049779838242E-006
   10824405.6728905        7979797.97979798       5.710950647178492E-006
   10824405.6728905        8181818.18181818       4.629282216682610E-006
   10824405.6728905        8383838.38383838       3.686486658584497E-006
   10824405.6728905        8585858.58585858       2.875453295154090E-006
   10824405.6728905        8787878.78787879       2.187044991047877E-006
   10824405.6728905        8989898.98989899       1.610650821384654E-006
   10824405.6728905        9191919.19191919       1.134734466647195E-006
   10824405.6728905        9393939.39393939       7.473508198149533E-007
   10824405.6728905        9595959.59595960       4.366078784294698E-007
   10824405.6728905        9797979.79797980       1.910567978942569E-007
   10824405.6728905        10000000.0000000       0.000000000000000E+000
   11248852.1579431       -10000000.0000000       0.000000000000000E+000
   11248852.1579431       -9797979.79797980       4.048463285547733E-009
   11248852.1579431       -9595959.59595960       9.797783884539668E-009
   11248852.1579431       -9393939.39393939       1.789504738894264E-008
   11248852.1579431       -9191919.19191919       2.917901299552153E-008
   11248852.1579431       -8989898.98989899       4.471702453729479E-008
   11248852.1579431       -8787878.78787879       6.584221943330438E-008
   11248852.1579431       -8585858.58585859       9.418900377297608E-008
   11248852.1579431       -8383838.38383838       1.317240869065329E-007
   11248852.1579431       -8181818.18181818       1.807699861794648E-007
   11248852.1579431       -7979797.97979798       2.440177103845239E-007
   11248852.1579431       -7777777.77777778       3.245253599067804E-007
   11248852.1579431       -7575757.57575758       4.256996900297022E-007
   11248852.1579431       -7373737.37373737       5.512583003690076E-007
   11248852.1579431       -7171717.17171717       7.051710446444697E-007
   11248852.1579431       -6969696.96969697       8.915804838240004E-007
   11248852.1579431       -6767676.76767677       1.114702691321837E-006
   11248852.1579431       -6565656.56565657       1.378711398794131E-006
   11248852.1579431       -6363636.36363636       1.687610262444647E-006
   11248852.1579431       -6161616.16161616       2.045099829766674E-006
   11248852.1579431       -5959595.95959596       2.454447468722237E-006
   11248852.1579431       -5757575.75757576       2.918369927414084E-006
   11248852.1579431       -5555555.55555556       3.438939122011308E-006
   11248852.1579431       -5353535.35353535       4.017521952065099E-006
   11248852.1579431       -5151515.15151515       4.654764111917561E-006
   11248852.1579431       -4949494.94949495       5.350625671726822E-006
   11248852.1579431       -4747474.74747475       6.104472338354760E-006
   11248852.1579431       -4545454.54545455       6.915220610855641E-006
   11248852.1579431       -4343434.34343434       7.781527655577376E-006
   11248852.1579431       -4141414.14141414       8.702008274594052E-006
   11248852.1579431       -3939393.93939394       9.675453109120118E-006
   11248852.1579431       -3737373.73737374       1.070101612958122E-005
   11248852.1579431       -3535353.53535354       1.177833777299901E-005
   11248852.1579431       -3333333.33333333       1.290757470316451E-005
   11248852.1579431       -3131313.13131313       1.408931871201302E-005
   11248852.1579431       -2929292.92929293       1.532440430035357E-005
   11248852.1579431       -2727272.72727273       1.661362334572436E-005
   11248852.1579431       -2525252.52525253       1.795738110467680E-005
   11248852.1579431       -2323232.32323232       1.935533620173160E-005
   11248852.1579431       -2121212.12121212       2.080606605178733E-005
   11248852.1579431       -1919191.91919192       2.230678928454451E-005
   11248852.1579431       -1717171.71717172       2.385316183196631E-005
   11248852.1579431       -1515151.51515152       2.543914833272552E-005
   11248852.1579431       -1313131.31313131       2.705695991110466E-005
   11248852.1579431       -1111111.11111111       2.869704598546054E-005
   11248852.1579431       -909090.909090910       3.034813201469265E-005
   11248852.1579431       -707070.707070708       3.199730517768982E-005
   11248852.1579431       -505050.505050506       3.363016222145909E-005
   11248852.1579431       -303030.303030305       3.523104324660760E-005
   11248852.1579431       -101010.101010101       3.678337696228310E-005
   11248852.1579431        101010.101010101       3.827015309073914E-005
   11248852.1579431        303030.303030303       3.967451522385247E-005
   11248852.1579431        505050.505050505       4.098043597691153E-005
   11248852.1579431        707070.707070706       4.217340374029389E-005
   11248852.1579431        909090.909090908       4.324102745479844E-005
   11248852.1579431        1111111.11111111       4.417346253939261E-005
   11248852.1579431        1313131.31313131       4.496358225460476E-005
   11248852.1579431        1515151.51515151       4.560686144166185E-005
   11248852.1579431        1717171.71717172       4.610099320377612E-005
   11248852.1579431        1919191.91919192       4.644530910325468E-005
   11248852.1579431        2121212.12121212       4.664010656638762E-005
   11248852.1579431        2323232.32323232       4.668599620731671E-005
   11248852.1579431        2525252.52525252       4.658336749493617E-005
   11248852.1579431        2727272.72727273       4.633204088232320E-005
   11248852.1579431        2929292.92929293       4.593113818022130E-005
   11248852.1579431        3131313.13131313       4.537916932246954E-005
   11248852.1579431        3333333.33333333       4.467430797281960E-005
   11248852.1579431        3535353.53535353       4.381481231104522E-005
   11248852.1579431        3737373.73737374       4.279954016435615E-005
   11248852.1579431        3939393.93939394       4.162850774726954E-005
   11248852.1579431        4141414.14141414       4.030344639479761E-005
   11248852.1579431        4343434.34343434       3.882831888864289E-005
   11248852.1579431        4545454.54545454       3.720976296383849E-005
   11248852.1579431        4747474.74747475       3.545743194847824E-005
   11248852.1579431        4949494.94949495       3.358420145441367E-005
   11248852.1579431        5151515.15151515       3.160620997447176E-005
   11248852.1579431        5353535.35353535       2.954270507480125E-005
   11248852.1579431        5555555.55555555       2.741567911203505E-005
   11248852.1579431        5757575.75757576       2.524929883889535E-005
   11248852.1579431        5959595.95959596       2.306915779062141E-005
   11248852.1579431        6161616.16161616       2.090140288936989E-005
   11248852.1579431        6363636.36363636       1.877180182180765E-005
   11248852.1579431        6565656.56565657       1.670482255000465E-005
   11248852.1579431        6767676.76767677       1.472279101759383E-005
   11248852.1579431        6969696.96969697       1.284518030804053E-005
   11248852.1579431        7171717.17171717       1.108806783182738E-005
   11248852.1579431        7373737.37373737       9.463779932382511E-006
   11248852.1579431        7575757.57575757       7.980727918961118E-006
   11248852.1579431        7777777.77777778       6.643427042086603E-006
   11248852.1579431        7979797.97979798       5.452680456402997E-006
   11248852.1579431        8181818.18181818       4.405903402256287E-006
   11248852.1579431        8383838.38383838       3.497558217853006E-006
   11248852.1579431        8585858.58585858       2.719668037084256E-006
   11248852.1579431        8787878.78787879       2.062375990032058E-006
   11248852.1579431        8989898.98989899       1.514517383734949E-006
   11248852.1579431        9191919.19191919       1.064174692805418E-006
   11248852.1579431        9393939.39393939       6.991891368419403E-007
   11248852.1579431        9595959.59595960       4.076079193303258E-007
   11248852.1579431        9797979.79797980       1.780524708222691E-007
   11248852.1579431        10000000.0000000       0.000000000000000E+000
   11681461.0754005       -10000000.0000000       0.000000000000000E+000
   11681461.0754005       -9797979.79797980       3.288418119487379E-009
   11681461.0754005       -9595959.59595960       7.977842837913314E-009
   11681461.0754005       -9393939.39393939       1.461562359516223E-008
   11681461.0754005       -9191919.19191919       2.391713227900078E-008
   11681461.0754005       -8989898.98989899       3.680042017037701E-008
   11681461.0754005       -8787878.78787879       5.442214584364417E-008
   11681461.0754005       -8585858.58585859       7.821309670737219E-008
   11681461.0754005       -8383838.38383838       1.099109866796247E-007
   11681461.0754005       -8181818.18181818       1.515877863590482E-007
   11681461.0754005       -7979797.97979798       2.056685505476998E-007
   11681461.0754005       -7777777.77777778       2.749386028965501E-007
   11681461.0754005       -7575757.57575758       3.625360708142771E-007
   11681461.0754005       -7373737.37373737       4.719271744401198E-007
   11681461.0754005       -7171717.17171717       6.068623829493706E-007
   11681461.0754005       -6969696.96969697       7.713125610202966E-007
   11681461.0754005       -6767676.76767677       9.693855176455559E-007
   11681461.0754005       -6565656.56565657       1.205224896563884E-006
   11681461.0754005       -6363636.36363636       1.482895048476484E-006
   11681461.0754005       -6161616.16161616       1.806257312410514E-006
   11681461.0754005       -5959595.95959596       2.178844891353825E-006
   11681461.0754005       -5757575.75757576       2.603745083111891E-006
   11681461.0754005       -5555555.55555556       3.083498820808120E-006
   11681461.0754005       -5353535.35353535       3.620028030449134E-006
   11681461.0754005       -5151515.15151515       4.214600909361195E-006
   11681461.0754005       -4949494.94949495       4.867843516285241E-006
   11681461.0754005       -4747474.74747475       5.579802710474102E-006
   11681461.0754005       -4545454.54545455       6.350060283228631E-006
   11681461.0754005       -4343434.34343434       7.177891184572367E-006
   11681461.0754005       -4141414.14141414       8.062450639395486E-006
   11681461.0754005       -3939393.93939394       9.002966888295427E-006
   11681461.0754005       -3737373.73737374       9.998910126506064E-006
   11681461.0754005       -3535353.53535354       1.105010612728548E-005
   11681461.0754005       -3333333.33333333       1.215676687115636E-005
   11681461.0754005       -3131313.13131313       1.331942089018096E-005
   11681461.0754005       -2929292.92929293       1.453874166152974E-005
   11681461.0754005       -2727272.72727273       1.581528991054194E-005
   11681461.0754005       -2525252.52525253       1.714920061733022E-005
   11681461.0754005       -2323232.32323232       1.853985378552920E-005
   11681461.0754005       -2121212.12121212       1.998556753201527E-005
   11681461.0754005       -1919191.91919192       2.148334346876398E-005
   11681461.0754005       -1717171.71717172       2.302868079303674E-005
   11681461.0754005       -1515151.51515152       2.461546135203781E-005
   11681461.0754005       -1313131.31313131       2.623589736650679E-005
   11681461.0754005       -1111111.11111111       2.788052926782027E-005
   11681461.0754005       -909090.909090910       2.953826401919741E-005
   11681461.0754005       -707070.707070708       3.119645308551814E-005
   11681461.0754005       -505050.505050506       3.284102084844110E-005
   11681461.0754005       -303030.303030305       3.445666445163021E-005
   11681461.0754005       -101010.101010101       3.602715008045171E-005
   11681461.0754005        101010.101010101       3.753572455476571E-005
   11681461.0754005        303030.303030303       3.896564315366463E-005
   11681461.0754005        505050.505050505       4.030078685427248E-005
   11681461.0754005        707070.707070706       4.152631102370147E-005
   11681461.0754005        909090.909090908       4.262924263016746E-005
   11681461.0754005        1111111.11111111       4.359893407871790E-005
   11681461.0754005        1313131.31313131       4.442729504487888E-005
   11681461.0754005        1515151.51515151       4.510875862654685E-005
   11681461.0754005        1717171.71717172       4.563998676995850E-005
   11681461.0754005        1919191.91919192       4.601936928095101E-005
   11681461.0754005        2121212.12121212       4.624640755876211E-005
   11681461.0754005        2323232.32323232       4.632108975732483E-005
   11681461.0754005        2525252.52525252       4.624335686659761E-005
   11681461.0754005        2727272.72727273       4.601273440633412E-005
   11681461.0754005        2929292.92929293       4.562817090139411E-005
   11681461.0754005        3131313.13131313       4.508809083871861E-005
   11681461.0754005        3333333.33333333       4.439064245643158E-005
   11681461.0754005        3535353.53535353       4.353410215852765E-005
   11681461.0754005        3737373.73737374       4.251738765084820E-005
   11681461.0754005        3939393.93939394       4.134062961508315E-005
   11681461.0754005        4141414.14141414       4.000575452312456E-005
   11681461.0754005        4343434.34343434       3.851703597922771E-005
   11681461.0754005        4545454.54545454       3.688157557448259E-005
   11681461.0754005        4747474.74747475       3.510967474932126E-005
   11681461.0754005        4949494.94949495       3.321505751603589E-005
   11681461.0754005        5151515.15151515       3.121490405664592E-005
   11681461.0754005        5353535.35353535       2.912966225189172E-005
   11681461.0754005        5555555.55555555       2.698262117584507E-005
   11681461.0754005        5757575.75757576       2.479925630911243E-005
   11681461.0754005        5959595.95959596       2.260638532234747E-005
   11681461.0754005        6161616.16161616       2.043119851656897E-005
   11681461.0754005        6363636.36363636       1.830024325614614E-005
   11681461.0754005        6565656.56565657       1.623844416251137E-005
   11681461.0754005        6767676.76767677       1.426823141353760E-005
   11681461.0754005        6969696.96969697       1.240883194472167E-005
   11681461.0754005        7171717.17171717       1.067575739552896E-005
   11681461.0754005        7373737.37373737       9.080502376011238E-006
   11681461.0754005        7575757.57575757       7.630449601962703E-006
   11681461.0754005        7777777.77777778       6.328965603759328E-006
   11681461.0754005        7979797.97979798       5.175661843280836E-006
   11681461.0754005        8181818.18181818       4.166790434245907E-006
   11681461.0754005        8383838.38383838       3.295740485575637E-006
   11681461.0754005        8585858.58585858       2.553599839728002E-006
   11681461.0754005        8787878.78787879       1.929747394629591E-006
   11681461.0754005        8989898.98989899       1.412443189621086E-006
   11681461.0754005        9191919.19191919       9.893869476300807E-007
   11681461.0754005        9393939.39393939       6.482206596089772E-007
   11681461.0754005        9595959.59595960       3.769567916340503E-007
   11681461.0754005        9797979.79797980       1.643203713955289E-007
   11681461.0754005        10000000.0000000       0.000000000000000E+000
   12122232.4252627       -10000000.0000000       0.000000000000000E+000
   12122232.4252627       -9797979.79797980       2.623764799539504E-009
   12122232.4252627       -9595959.59595960       6.383354057436354E-009
   12122232.4252627       -9393939.39393939       1.173551155513705E-008
   12122232.4252627       -9191919.19191919       1.928257973490572E-008
   12122232.4252627       -8989898.98989899       2.980464400470293E-008
   12122232.4252627       -8787878.78787879       4.429374468765593E-008
   12122232.4252627       -8585858.58585859       6.398882028299741E-008
   12122232.4252627       -8383838.38383838       9.040945283604693E-008
   12122232.4252627       -8181818.18181818       1.253860364347160E-007
   12122232.4252627       -7979797.97979798       1.710836318047497E-007
   12122232.4252627       -7777777.77777778       2.300165542327840E-007
   12122232.4252627       -7575757.57575758       3.050507223384133E-007
   12122232.4252627       -7373737.37373737       3.993910172497691E-007
   12122232.4252627       -7171717.17171717       5.165513987944048E-007
   12122232.4252627       -6969696.96969697       6.603063145630159E-007
   12122232.4252627       -6767676.76767677       8.346230175644633E-007
   12122232.4252627       -6565656.56565657       1.043575756587112E-006
   12122232.4252627       -6363636.36363636       1.291244375923826E-006
   12122232.4252627       -6161616.16161616       1.581601587934608E-006
   12122232.4252627       -5959595.95959596       1.918394961747417E-006
   12122232.4252627       -5757575.75757576       2.305031362221990E-006
   12122232.4252627       -5555555.55555556       2.744472980535356E-006
   12122232.4252627       -5353535.35353535       3.239154963756129E-006
   12122232.4252627       -5151515.15151515       3.790934653541685E-006
   12122232.4252627       -4949494.94949495       4.401081217186617E-006
   12122232.4252627       -4747474.74747475       5.070311643407472E-006
   12122232.4252627       -4545454.54545455       5.798874445507370E-006
   12122232.4252627       -4343434.34343434       6.586676010734637E-006
   12122232.4252627       -4141414.14141414       7.433436870971892E-006
   12122232.4252627       -3939393.93939394       8.338857380769822E-006
   12122232.4252627       -3737373.73737374       9.302766124767449E-006
   12122232.4252627       -3535353.53535354       1.032522191653701E-005
   12122232.4252627       -3333333.33333333       1.140654327524722E-005
   12122232.4252627       -3131313.13131313       1.254724842512188E-005
   12122232.4252627       -2929292.92929293       1.374790300083372E-005
   12122232.4252627       -2727272.72727273       1.500888873995335E-005
   12122232.4252627       -2525252.52525253       1.633012040994835E-005
   12122232.4252627       -2323232.32323232       1.771074630467364E-005
   12122232.4252627       -2121212.12121212       1.914886784320618E-005
   12122232.4252627       -1919191.91919192       2.064130654200841E-005
   12122232.4252627       -1717171.71717172       2.218343452407009E-005
   12122232.4252627       -1515151.51515152       2.376907158672224E-005
   12122232.4252627       -1313131.31313131       2.539044145282789E-005
   12122232.4252627       -1111111.11111111       2.703817490217335E-005
   12122232.4252627       -909090.909090910       2.870134909174779E-005
   12122232.4252627       -707070.707070708       3.036755977540241E-005
   12122232.4252627       -505050.505050506       3.202303391040096E-005
   12122232.4252627       -303030.303030305       3.365280059758141E-005
   12122232.4252627       -101010.101010101       3.524094410766646E-005
   12122232.4252627        101010.101010101       3.677095990836658E-005
   12122232.4252627        303030.303030303       3.822622083674157E-005
   12122232.4252627        505050.505050505       3.959053670517618E-005
   12122232.4252627        707070.707070706       4.084876151246147E-005
   12122232.4252627        909090.909090908       4.198737633173308E-005
   12122232.4252627        1111111.11111111       4.299496233075521E-005
   12122232.4252627        1313131.31313131       4.386248441451611E-005
   12122232.4252627        1515151.51515151       4.458333322878760E-005
   12122232.4252627        1717171.71717172       4.515311624722417E-005
   12122232.4252627        1919191.91919192       4.556923629047379E-005
   12122232.4252627        2121212.12121212       4.583033529010206E-005
   12122232.4252627        2323232.32323232       4.593570255967136E-005
   12122232.4252627        2525252.52525252       4.588474662587428E-005
   12122232.4252627        2727272.72727273       4.567661083177812E-005
   12122232.4252627        2929292.92929293       4.530998294038669E-005
   12122232.4252627        3131313.13131313       4.478311635378259E-005
   12122232.4252627        3333333.33333333       4.409405199680510E-005
   12122232.4252627        3535353.53535353       4.324100900153087E-005
   12122232.4252627        3737373.73737374       4.222289988155117E-005
   12122232.4252627        3939393.93939394       4.103992079209441E-005
   12122232.4252627        4141414.14141414       3.969416738729382E-005
   12122232.4252627        4343434.34343434       3.819022861723894E-005
   12122232.4252627        4545454.54545454       3.653571158486663E-005
   12122232.4252627        4747474.74747475       3.474164897733017E-005
   12122232.4252627        4949494.94949495       3.282273831385346E-005
   12122232.4252627        5151515.15151515       3.079736395391718E-005
   12122232.4252627        5353535.35353535       2.868736376935860E-005
   12122232.4252627        5555555.55555555       2.651752516862471E-005
   12122232.4252627        5757575.75757576       2.431482736501828E-005
   12122232.4252627        5959595.95959596       2.210748140837267E-005
   12122232.4252627        6161616.16161616       1.992384777614000E-005
   12122232.4252627        6363636.36363636       1.779132628181282E-005
   12122232.4252627        6565656.56565657       1.573531206051013E-005
   12122232.4252627        6767676.76767677       1.377829650375393E-005
   12122232.4252627        6969696.96969697       1.193916850657441E-005
   12122232.4252627        7171717.17171717       1.023274535783812E-005
   12122232.4252627        7373737.37373737       8.669538951270373E-006
   12122232.4252627        7575757.57575757       7.255744448377440E-006
   12122232.4252627        7777777.77777778       5.993425728774950E-006
   12122232.4252627        7979797.97979798       4.880864200750024E-006
   12122232.4252627        8181818.18181818       3.913033579025108E-006
   12122232.4252627        8383838.38383838       3.082161928341995E-006
   12122232.4252627        8585858.58585858       2.378342857898351E-006
   12122232.4252627        8787878.78787879       1.790159850324504E-006
   12122232.4252627        8989898.98989899       1.305291171767778E-006
   12122232.4252627        9191919.19191919       9.110675456567779E-007
   12122232.4252627        9393939.39393939       5.949606130557047E-007
   12122232.4252627        9595959.59595960       3.449868400869634E-007
   12122232.4252627        9797979.79797980       1.500185216038526E-007
   12122232.4252627        10000000.0000000       0.000000000000000E+000
   12571166.2075298       -10000000.0000000       0.000000000000000E+000
   12571166.2075298       -9797979.79797980       2.053285380842049E-009
   12571166.2075298       -9595959.59595960       5.011654431307968E-009
   12571166.2075298       -9393939.39393939       9.250614660426785E-009
   12571166.2075298       -9191919.19191919       1.527022930747081E-008
   12571166.2075298       -8989898.98989899       2.372453229476072E-008
   12571166.2075298       -8787878.78787879       3.545362877851417E-008
   12571166.2075298       -8585858.58585859       5.151746734159393E-008
   12571166.2075298       -8383838.38383838       7.322973536223346E-008
   12571166.2075298       -8181818.18181818       1.021898747071163E-007
   12571166.2075298       -7979797.97979798       1.403108132878417E-007
   12571166.2075298       -7777777.77777778       1.898397065193294E-007
   12571166.2075298       -7575757.57575758       2.533688341902917E-007
   12571166.2075298       -7373737.37373737       3.338338522351242E-007
   12571166.2075298       -7171717.17171717       4.344968972652160E-007
   12571166.2075298       -6969696.96969697       5.589126146247989E-007
   12571166.2075298       -6767676.76767677       7.108760431148673E-007
   12571166.2075298       -6565656.56565657       8.943524380913541E-007
   12571166.2075298       -6363636.36363636       1.113390524675600E-006
   12571166.2075298       -6161616.16161616       1.372022293642376E-006
   12571166.2075298       -5959595.95959596       1.674154200469063E-006
   12571166.2075298       -5757575.75757576       2.023456376018390E-006
   12571166.2075298       -5555555.55555556       2.423258022392664E-006
   12571166.2075298       -5353535.35353535       2.876458299217472E-006
   12571166.2075298       -5151515.15151515       3.385462383344343E-006
   12571166.2075298       -4949494.94949495       3.952151635615429E-006
   12571166.2075298       -4747474.74747475       4.577894559919285E-006
   12571166.2075298       -4545454.54545455       5.263601224726293E-006
   12571166.2075298       -4343434.34343434       6.009818028688561E-006
   12571166.2075298       -4141414.14141414       6.816852569132311E-006
   12571166.2075298       -3939393.93939394       7.684910950391188E-006
   12571166.2075298       -3737373.73737374       8.614223780333395E-006
   12571166.2075298       -3535353.53535354       9.605134310358198E-006
   12571166.2075298       -3333333.33333333       1.065812438356807E-005
   12571166.2075298       -3131313.13131313       1.177376174605437E-005
   12571166.2075298       -2929292.92929293       1.295256487374048E-005
   12571166.2075298       -2727272.72727273       1.419479608677926E-005
   12571166.2075298       -2525252.52525253       1.550020667887699E-005
   12571166.2075298       -2323232.32323232       1.686776565480273E-005
   12571166.2075298       -2121212.12121212       1.829540451777347E-005
   12571166.2075298       -1919191.91919192       1.977980458236898E-005
   12571166.2075298       -1717171.71717172       2.131624265139791E-005
   12571166.2075298       -1515151.51515152       2.289849885858861E-005
   12571166.2075298       -1313131.31313131       2.451882042223802E-005
   12571166.2075298       -1111111.11111111       2.616792958661470E-005
   12571166.2075298       -909090.909090910       2.783506442380096E-005
   12571166.2075298       -707070.707070708       2.950804713918256E-005
   12571166.2075298       -505050.505050506       3.117338424917768E-005
   12571166.2075298       -303030.303030305       3.281641337965890E-005
   12571166.2075298       -101010.101010101       3.442151856876706E-005
   12571166.2075298        101010.101010101       3.597243595363214E-005
   12571166.2075298        303030.303030303       3.745266185888531E-005
   12571166.2075298        505050.505050505       3.884595540570476E-005
   12571166.2075298        707070.707070706       4.013690120666840E-005
   12571166.2075298        909090.909090908       4.131147141040711E-005
   12571166.2075298        1111111.11111111       4.235750912560622E-005
   12571166.2075298        1313131.31313131       4.326505481482012E-005
   12571166.2075298        1515151.51515151       4.402645695159138E-005
   12571166.2075298        1717171.71717172       4.463624501538822E-005
   12571166.2075298        1919191.91919192       4.509078774147570E-005
   12571166.2075298        2121212.12121212       4.538780050278201E-005
   12571166.2075298        2323232.32323232       4.552579223232900E-005
   12571166.2075298        2525252.52525252       4.550354888643440E-005
   12571166.2075298        2727272.72727273       4.531973795013921E-005
   12571166.2075298        2929292.92929293       4.497269277401609E-005
   12571166.2075298        3131313.13131313       4.446040453694344E-005
   12571166.2075298        3333333.33333333       4.378072037839645E-005
   12571166.2075298        3535353.53535353       4.293172315096446E-005
   12571166.2075298        3737373.73737374       4.191225287140832E-005
   12571166.2075298        3939393.93939394       4.072252160077889E-005
   12571166.2075298        4141414.14141414       3.936476993553749E-005
   12571166.2075298        4343434.34343434       3.784391153181146E-005
   12571166.2075298        4545454.54545454       3.616810946418046E-005
   12571166.2075298        4747474.74747475       3.434922409352093E-005
   12571166.2075298        4949494.94949495       3.240306913109929E-005
   12571166.2075298        5151515.15151515       3.034941621811961E-005
   12571166.2075298        5353535.35353535       2.821170417820985E-005
   12571166.2075298        5555555.55555555       2.601643911741056E-005
   12571166.2075298        5757575.75757576       2.379231177250995E-005
   12571166.2075298        5959595.95959596       2.156909979187055E-005
   12571166.2075298        6161616.16161616       1.937645421714367E-005
   12571166.2075298        6363636.36363636       1.724268337669101E-005
   12571166.2075298        6565656.56565657       1.519364149707419E-005
   12571166.2075298        6767676.76767677       1.325180727561381E-005
   12571166.2075298        6969696.96969697       1.143560675752469E-005
   12571166.2075298        7171717.17171717       9.759002915650917E-006
   12571166.2075298        7373737.37373737       8.231347108120336E-006
   12571166.2075298        7575757.57575757       6.857467843441915E-006
   12571166.2075298        7777777.77777778       5.637960132728289E-006
   12571166.2075298        7979797.97979798       4.569632726144412E-006
   12571166.2075298        8181818.18181818       3.646068847985535E-006
   12571166.2075298        8383838.38383838       2.858257087960797E-006
   12571166.2075298        8585858.58585858       2.195251871972357E-006
   12571166.2075298        8787878.78787879       1.644826934938284E-006
   12571166.2075298        8989898.98989899       1.194090264212865E-006
   12571166.2075298        9191919.19191919       8.300349669348500E-007
   12571166.2075298        9393939.39393939       5.400072551970549E-007
   12571166.2075298        9595959.59595960       3.120799222632475E-007
   12571166.2075298        9797979.79797980       1.353268429676740E-007
   12571166.2075298        10000000.0000000       0.000000000000000E+000
   13028262.4222018       -10000000.0000000       0.000000000000000E+000
   13028262.4222018       -9797979.79797980       1.573267957590385E-009
   13028262.4222018       -9595959.59595960       3.854299134454326E-009
   13028262.4222018       -9393939.39393939       7.146796805073076E-009
   13028262.4222018       -9191919.19191919       1.185950220481164E-008
   13028262.4222018       -8989898.98989899       1.853271666411556E-008
   13028262.4222018       -8787878.78787879       2.786795027550562E-008
   13028262.4222018       -8585858.58585859       4.075998161044333E-008
   13028262.4222018       -8383838.38383838       5.833014575851559E-008
   13028262.4222018       -8181818.18181818       8.195922671220788E-008
   13028262.4222018       -7979797.97979798       1.133179073888128E-007
   13028262.4222018       -7777777.77777778       1.543923687449549E-007
   13028262.4222018       -7575757.57575758       2.075023781546997E-007
   13028262.4222018       -7373737.37373737       2.753091169132124E-007
   13028262.4222018       -7171717.17171717       3.608101146337451E-007
   13028262.4222018       -6969696.96969697       4.673190243920011E-007
   13028262.4222018       -6767676.76767677       5.984286154891954E-007
   13028262.4222018       -6565656.56565657       7.579562943391269E-007
   13028262.4222018       -6363636.36363636       9.498726825688753E-007
   13028262.4222018       -6161616.16161616       1.178215254278060E-006
   13028262.4222018       -5959595.95959596       1.446990697725501E-006
   13028262.4222018       -5757575.75757576       1.760071412378548E-006
   13028262.4222018       -5555555.55555556       2.121093214249842E-006
   13028262.4222018       -5353535.35353535       2.533362664196077E-006
   13028262.4222018       -5151515.15151515       2.999783143605342E-006
   13028262.4222018       -4949494.94949495       3.522808507565006E-006
   13028262.4222018       -4747474.74747475       4.104431464086207E-006
   13028262.4222018       -4545454.54545455       4.746210462968481E-006
   13028262.4222018       -4343434.34343434       5.449333769769914E-006
   13028262.4222018       -4141414.14141414       6.214712906145871E-006
   13028262.4222018       -3939393.93939394       7.043090678883255E-006
   13028262.4222018       -3737373.73737374       7.935143092171625E-006
   13028262.4222018       -3535353.53535354       8.891551370343752E-006
   13028262.4222018       -3333333.33333333       9.913021737968532E-006
   13028262.4222018       -3131313.13131313       1.100023722312411E-005
   13028262.4222018       -2929292.92929293       1.215373678915483E-005
   13028262.4222018       -2727272.72727273       1.337373021945992E-005
   13028262.4222018       -2525252.52525253       1.465986909458398E-005
   13028262.4222018       -2323232.32323232       1.601100179514693E-005
   13028262.4222018       -2121212.12121212       1.742494188845300E-005
   13028262.4222018       -1919191.91919192       1.889827450853571E-005
   13028262.4222018       -1717171.71717172       2.042621613523416E-005
   13028262.4222018       -1515151.51515152       2.200253229059244E-005
   13028262.4222018       -1313131.31313131       2.361950808267468E-005
   13028262.4222018       -1111111.11111111       2.526796068588545E-005
   13028262.4222018       -909090.909090910       2.693728215799930E-005
   13028262.4222018       -707070.707070708       2.861550555302318E-005
   13028262.4222018       -505050.505050506       3.028939582274432E-005
   13028262.4222018       -303030.303030305       3.194457699159981E-005
   13028262.4222018       -101010.101010101       3.356571511593981E-005
   13028262.4222018        101010.101010101       3.513677890039995E-005
   13028262.4222018        303030.303030303       3.664139355568152E-005
   13028262.4222018        505050.505050505       3.806328752546204E-005
   13028262.4222018        707070.707070706       3.938680815721895E-005
   13028262.4222018        909090.909090908       4.059745675114529E-005
   13028262.4222018        1111111.11111111       4.168237362402341E-005
   13028262.4222018        1313131.31313131       4.263069778124064E-005
   13028262.4222018        1515151.51515151       4.343373826327907E-005
   13028262.4222018        1717171.71717172       4.408492440493327E-005
   13028262.4222018        1919191.91919192       4.457954330897801E-005
   13028262.4222018        2121212.12121212       4.491431409191174E-005
   13028262.4222018        2323232.32323232       4.508687912983370E-005
   13028262.4222018        2525252.52525252       4.509530556213961E-005
   13028262.4222018        2727272.72727273       4.493768442762480E-005
   13028262.4222018        2929292.92929293       4.461189407938988E-005
   13028262.4222018        3131313.13131313       4.411556597462561E-005
   13028262.4222018        3333333.33333333       4.344626163950634E-005
   13028262.4222018        3535353.53535353       4.260184461700738E-005
   13028262.4222018        3737373.73737374       4.158101279652233E-005
   13028262.4222018        3939393.93939394       4.038394448149036E-005
   13028262.4222018        4141414.14141414       3.901300387413426E-005
   13028262.4222018        4343434.34343434       3.747344553060853E-005
   13028262.4222018        4545454.54545454       3.577405056680753E-005
   13028262.4222018        4747474.74747475       3.392762018740990E-005
   13028262.4222018        4949494.94949495       3.195124827354880E-005
   13028262.4222018        5151515.15151515       2.986630084973789E-005
   13028262.4222018        5353535.35353535       2.769805225278317E-005
   13028262.4222018        5555555.55555555       2.547496693651448E-005
   13028262.4222018        5757575.75757576       2.322766600739327E-005
   13028262.4222018        5959595.95959596       2.098766679050326E-005
   13028262.4222018        6161616.16161616       1.878601870238623E-005
   13028262.4222018        6363636.36363636       1.665197045872042E-005
   13028262.4222018        6565656.56565657       1.461179083365013E-005
   13028262.4222018        6767676.76767677       1.268783381976583E-005
   13028262.4222018        6969696.96969697       1.089789912316842E-005
   13028262.4222018        7171717.17171717       9.254900275045735E-006
   13028262.4222018        7373737.37373737       7.766821865626849E-006
   13028262.4222018        7575757.57575757       6.436927043139602E-006
   13028262.4222018        7777777.77777778       5.264165758030545E-006
   13028262.4222018        7979797.97979798       4.243730883213687E-006
   13028262.4222018        8181818.18181818       3.367710660646751E-006
   13028262.4222018        8383838.38383838       2.625789850728906E-006
   13028262.4222018        8585858.58585858       2.005957253473254E-006
   13028262.4222018        8787878.78787879       1.495183361486032E-006
   13028262.4222018        8989898.98989899       1.080038600548401E-006
   13028262.4222018        9191919.19191919       7.472298165601572E-007
   13028262.4222018        9393939.39393939       4.840402033958011E-007
   13028262.4222018        9595959.59595960       2.786654287638121E-007
   13028262.4222018        9797979.79797980       1.204458544358748E-007
   13028262.4222018        10000000.0000000       0.000000000000000E+000
   13493521.0692786       -10000000.0000000       0.000000000000000E+000
   13493521.0692786       -9797979.79797980       1.177886210741774E-009
   13493521.0692786       -9595959.59595960       2.897914474321045E-009
   13493521.0692786       -9393939.39393939       5.401302167328742E-009
   13493521.0692786       -9191919.19191919       9.016439023403734E-009
   13493521.0692786       -8989898.98989899       1.418241522621397E-008
   13493521.0692786       -8787878.78787879       2.147594611866238E-008
   13493521.0692786       -8585858.58585859       3.164124747287336E-008
   13493521.0692786       -8383838.38383838       4.562202162935879E-008
   13493521.0692786       -8181818.18181818       6.459430253997487E-008
   13493521.0692786       -7979797.97979798       8.999848511824455E-008
   13493521.0692786       -7777777.77777778       1.235684673778096E-007
   13493521.0692786       -7575757.57575758       1.673555070595210E-007
   13493521.0692786       -7373737.37373737       2.237441863846570E-007
   13493521.0692786       -7171717.17171717       2.954578386102247E-007
   13493521.0692786       -6969696.96969697       3.855509646314186E-007
   13493521.0692786       -6767676.76767677       4.973865964423501E-007
   13493521.0692786       -6565656.56565657       6.345972750411639E-007
   13493521.0692786       -6363636.36363636       8.010293153111091E-007
   13493521.0692786       -6161616.16161616       1.000671318745048E-006
   13493521.0692786       -5959595.95959596       1.237569424146220E-006
   13493521.0692786       -5757575.75757576       1.515733470489583E-006
   13493521.0692786       -5555555.55555556       1.839039940670810E-006
   13493521.0692786       -5353535.35353535       2.211139043500920E-006
   13493521.0692786       -5151515.15151515       2.635374278691492E-006
   13493521.0692786       -4949494.94949495       3.114722952780450E-006
   13493521.0692786       -4747474.74747475       3.651764986430035E-006
   13493521.0692786       -4545454.54545455       4.248684655770263E-006
   13493521.0692786       -4343434.34343434       4.907305531451237E-006
   13493521.0692786       -4141414.14141414       5.629153088883297E-006
   13493521.0692786       -3939393.93939394       6.415533058490037E-006
   13493521.0692786       -3737373.73737374       7.267607909814727E-006
   13493521.0692786       -3535353.53535354       8.186450599809384E-006
   13493521.0692786       -3333333.33333333       9.173055401258984E-006
   13493521.0692786       -3131313.13131313       1.022829100899593E-005
   13493521.0692786       -2929292.92929293       1.135279062096177E-005
   13493521.0692786       -2727272.72727273       1.254678531392799E-005
   13493521.0692786       -2525252.52525253       1.380989788951189E-005
   13493521.0692786       -2323232.32323232       1.514092163507552E-005
   13493521.0692786       -2121212.12121212       1.653761035154008E-005
   13493521.0692786       -1919191.91919192       1.799650235956441E-005
   13493521.0692786       -1717171.71717172       1.951279334220782E-005
   13493521.0692786       -1515151.51515152       2.108026313905102E-005
   13493521.0692786       -1313131.31313131       2.269125257926414E-005
   13493521.0692786       -1111111.11111111       2.433668038808963E-005
   13493521.0692786       -909090.909090910       2.600608858582533E-005
   13493521.0692786       -707070.707070708       2.768770801749163E-005
   13493521.0692786       -505050.505050506       2.936854291318168E-005
   13493521.0692786       -303030.303030305       3.103448272453962E-005
   13493521.0692786       -101010.101010101       3.267045798989729E-005
   13493521.0692786        101010.101010101       3.426066123297477E-005
   13493521.0692786        303030.303030303       3.578885079761209E-005
   13493521.0692786        505050.505050505       3.723874339771045E-005
   13493521.0692786        707070.707070706       3.859448093316259E-005
   13493521.0692786        909090.909090908       3.984113292131957E-005
   13493521.0692786        1111111.11111111       4.096517458621073E-005
   13493521.0692786        1313131.31313131       4.195486997021760E-005
   13493521.0692786        1515151.51515151       4.280049517018639E-005
   13493521.0692786        1717171.71717172       4.349436013793943E-005
   13493521.0692786        1919191.91919192       4.403062387485070E-005
   13493521.0692786        2121212.12121212       4.440493817553819E-005
   13493521.0692786        2323232.32323232       4.461398880139912E-005
   13493521.0692786        2525252.52525252       4.465502188242151E-005
   13493521.0692786        2727272.72727273       4.452544420217993E-005
   13493521.0692786        2929292.92929293       4.422257093358913E-005
   13493521.0692786        3131313.13131313       4.374356915836531E-005
   13493521.0692786        3333333.33333333       4.308561691345926E-005
   13493521.0692786        3535353.53535353       4.224627101764345E-005
   13493521.0692786        3737373.73737374       4.122401545530107E-005
   13493521.0692786        3939393.93939394       4.001894592321523E-005
   13493521.0692786        4141414.14141414       3.863353359360967E-005
   13493521.0692786        4343434.34343434       3.707339971799612E-005
   13493521.0692786        4545454.54545454       3.534802081479457E-005
   13493521.0692786        4747474.74747475       3.347127317142646E-005
   13493521.0692786        4949494.94949495       3.146172054555010E-005
   13493521.0692786        5151515.15151515       2.934255821222916E-005
   13493521.0692786        5353535.35353535       2.714115638057685E-005
   13493521.0692786        5555555.55555555       2.488819659641536E-005
   13493521.0692786        5757575.75757576       2.261645716348686E-005
   13493521.0692786        5959595.95959596       2.035936208768847E-005
   13493521.0692786        6161616.16161616       1.814944618530845E-005
   13493521.0692786        6363636.36363636       1.601689678393236E-005
   13493521.0692786        6565656.56565657       1.398831008251815E-005
   13493521.0692786        6767676.76767677       1.208575698351844E-005
   13493521.0692786        6969696.96969697       1.032620251114772E-005
   13493521.0692786        7171717.17171717       8.721276912457481E-006
   13493521.0692786        7373737.37373737       7.277362529658566E-006
   13493521.0692786        7575757.57575757       5.995940473986543E-006
   13493521.0692786        7777777.77777778       4.874133083786979E-006
   13493521.0692786        7979797.97979798       3.905378477853454E-006
   13493521.0692786        8181818.18181818       3.080178654632852E-006
   13493521.0692786        8383838.38383838       2.386869954777309E-006
   13493521.0692786        8585858.58585858       1.812372848669567E-006
   13493521.0692786        8787878.78787879       1.342886333102004E-006
   13493521.0692786        8989898.98989899       9.645005664751092E-007
   13493521.0692786        9191919.19191919       6.637096892784666E-007
   13493521.0692786        9393939.39393939       4.278149300340162E-007
   13493521.0692786        9595959.59595960       2.452158175810848E-007
   13493521.0692786        9797979.79797980       1.055941921369827E-007
   13493521.0692786        10000000.0000000       0.000000000000000E+000
   13966942.1487603       -10000000.0000000       0.000000000000000E+000
   13966942.1487603       -9797979.79797980       8.596445065144312E-010
   13966942.1487603       -9595959.59595960       2.125202359119927E-009
   13966942.1487603       -9393939.39393939       3.984438196150701E-009
   13966942.1487603       -9191919.19191919       6.696177288989551E-009
   13966942.1487603       -8989898.98989899       1.061080670055883E-008
   13966942.1487603       -8787878.78787879       1.619428307496630E-008
   13966942.1487603       -8585858.58585859       2.405543676091574E-008
   13966942.1487603       -8383838.38383838       3.497604539315066E-008
   13966942.1487603       -8181818.18181818       4.994278011164185E-008
   13966942.1487603       -7979797.97979798       7.017972434569242E-008
   13966942.1487603       -7777777.77777778       9.717975734604434E-008
   13966942.1487603       -7575757.57575758       1.327327200222818E-007
   13966942.1487603       -7373737.37373737       1.789479834391522E-007
   13966942.1487603       -7171717.17171717       2.382688690140955E-007
   13966942.1487603       -6969696.96969697       3.134763735145105E-007
   13966942.1487603       -6767676.76767677       4.076798781415657E-007
   13966942.1487603       -6565656.56565657       5.242930090295374E-007
   13966942.1487603       -6363636.36363636       6.669935937592365E-007
   13966942.1487603       -6161616.16161616       8.396677330439865E-007
   13966942.1487603       -5959595.95959596       1.046339357873531E-006
   13966942.1487603       -5757575.75757576       1.291088207997925E-006
   13966942.1487603       -5555555.55555556       1.577960828984096E-006
   13966942.1487603       -5353535.35353535       1.910880751591054E-006
   13966942.1487603       -5151515.15151515       2.293565217245087E-006
   13966942.1487603       -4949494.94949495       2.729456301548373E-006
   13966942.1487603       -4747474.74747475       3.221673682572115E-006
   13966942.1487603       -4545454.54545455       3.772994266614590E-006
   13966942.1487603       -4343434.34343434       4.385860262682554E-006
   13966942.1487603       -4141414.14141414       5.062412270136568E-006
   13966942.1487603       -3939393.93939394       5.804538176826113E-006
   13966942.1487603       -3737373.73737374       6.613923338540308E-006
   13966942.1487603       -3535353.53535354       7.492084146409347E-006
   13966942.1487603       -3333333.33333333       8.440367126152169E-006
   13966942.1487603       -3131313.13131313       9.459899928230320E-006
   13966942.1487603       -2929292.92929293       1.055148858000280E-005
   13966942.1487603       -2727272.72727273       1.171546552586492E-005
   13966942.1487603       -2525252.52525253       1.295150277127317E-005
   13966942.1487603       -2323232.32323232       1.425841133557753E-005
   13966942.1487603       -2121212.12121212       1.563395050617796E-005
   13966942.1487603       -1919191.91919192       1.707466772336773E-005
   13966942.1487603       -1717171.71717172       1.857578330927838E-005
   13966942.1487603       -1515151.51515152       2.013112560915123E-005
   13966942.1487603       -1313131.31313131       2.173311369842535E-005
   13966942.1487603       -1111111.11111111       2.337277868273618E-005
   13966942.1487603       -909090.909090910       2.503981224346482E-005
   13966942.1487603       -707070.707070708       2.672263307283199E-005
   13966942.1487603       -505050.505050506       2.840846781065504E-005
   13966942.1487603       -303030.303030305       3.008345159362779E-005
   13966942.1487603       -101010.101010101       3.173276194408926E-005
   13966942.1487603        101010.101010101       3.334080539679428E-005
   13966942.1487603        303030.303030303       3.489147591370745E-005
   13966942.1487603        505050.505050505       3.636849564258127E-005
   13966942.1487603        707070.707070706       3.775583187087815E-005
   13966942.1487603        909090.909090908       3.903816193698737E-005
   13966942.1487603        1111111.11111111       4.020133606601250E-005
   13966942.1487603        1313131.31313131       4.123277384023599E-005
   13966942.1487603        1515151.51515151       4.212172969315158E-005
   13966942.1487603        1717171.71717172       4.285937930942815E-005
   13966942.1487603        1919191.91919192       4.343870978541867E-005
   13966942.1487603        2121212.12121212       4.385423459086863E-005
   13966942.1487603        2323232.32323232       4.410158994733101E-005
   13966942.1487603        2525252.52525252       4.417709329209794E-005
   13966942.1487603        2727272.72727273       4.407735202642033E-005
   13966942.1487603        2929292.92929293       4.379900185651904E-005
   13966942.1487603        3131313.13131313       4.333863300383607E-005
   13966942.1487603        3333333.33333333       4.269293553214725E-005
   13966942.1487603        3535353.53535353       4.185906758513062E-005
   13966942.1487603        3737373.73737374       4.083522584993050E-005
   13966942.1487603        3939393.93939394       3.962137684106727E-005
   13966942.1487603        4141414.14141414       3.822008933111304E-005
   13966942.1487603        4343434.34343434       3.663739039857447E-005
   13966942.1487603        4545454.54545454       3.488354938859663E-005
   13966942.1487603        4747474.74747475       3.297367837234831E-005
   13966942.1487603        4949494.94949495       3.092803169375221E-005
   13966942.1487603        5151515.15151515       2.877190065011532E-005
   13966942.1487603        5353535.35353535       2.653503936821329E-005
   13966942.1487603        5555555.55555555       2.425062303163146E-005
   13966942.1487603        5757575.75757576       2.195381703165167E-005
   13966942.1487603        5959595.95959596       1.968010467853665E-005
   13966942.1487603        6161616.16161616       1.746356166102578E-005
   13966942.1487603        6363636.36363636       1.533526668704624E-005
   13966942.1487603        6565656.56565657       1.332200240919397E-005
   13966942.1487603        6767676.76767677       1.144534255514579E-005
   13966942.1487603        6969696.96969697       9.721157876876727E-006
   13966942.1487603        7171717.17171717       8.159519768208538E-006
   13966942.1487603        7373737.37373737       6.764943911683551E-006
   13966942.1487603        7575757.57575757       5.536897912807788E-006
   13966942.1487603        7777777.77777778       4.470492898976344E-006
   13966942.1487603        7979797.97979798       3.557284304428005E-006
   13966942.1487603        8181818.18181818       2.786116917252496E-006
   13966942.1487603        8383838.38383838       2.143960624285557E-006
   13966942.1487603        8585858.58585858       1.616694554706712E-006
   13966942.1487603        8787878.78787879       1.189807934457406E-006
   13966942.1487603        8989898.98989899       8.489958644792469E-007
   13966942.1487603        9191919.19191919       5.806374695740786E-007
   13966942.1487603        9393939.39393939       3.721523702857578E-007
   13966942.1487603        9595959.59595960       2.122390084735809E-007
   13966942.1487603        9797979.79797980       9.100465599365241E-008
   13966942.1487603        10000000.0000000       0.000000000000000E+000
   14448525.6606469       -10000000.0000000       0.000000000000000E+000
   14448525.6606469       -9797979.79797980       6.098636812521487E-010
   14448525.6606469       -9595959.59595960       1.516041942785366E-009
   14448525.6606469       -9393939.39393939       2.861433675763984E-009
   14448525.6606469       -9191919.19191919       4.845709696738164E-009
   14448525.6606469       -8989898.98989899       7.742825156501034E-009
   14448525.6606469       -8787878.78787879       1.192200386076164E-008
   14448525.6606469       -8585858.58585859       1.787218254786518E-008
   14448525.6606469       -8383838.38383838       2.622966400242862E-008
   14448525.6606469       -8181818.18181818       3.780841061862791E-008
   14448525.6606469       -7979797.97979798       5.363204276158997E-008
   14448525.6606469       -7777777.77777778       7.496621010682642E-008
   14448525.6606469       -7575757.57575758       1.033496087364545E-007
   14448525.6606469       -7373737.37373737       1.406215601766822E-007
   14448525.6606469       -7171717.17171717       1.889437955628161E-007
   14448525.6606469       -6969696.96969697       2.508139479043514E-007
   14448525.6606469       -6767676.76767677       3.290682984629877E-007
   14448525.6606469       -6565656.56565657       4.268715973042117E-007
   14448525.6606469       -6363636.36363636       5.476923229675922E-007
   14448525.6606469       -6161616.16161616       6.952625867940790E-007
   14448525.6606469       -5959595.95959596       8.735230240179088E-007
   14448525.6606469       -5757575.75757576       1.086554409076335E-006
   14448525.6606469       -5555555.55555556       1.338499296267213E-006
   14448525.6606469       -5353535.35353535       1.633478558786367E-006
   14448525.6606469       -5151515.15151515       1.975509037982716E-006
   14448525.6606469       -4949494.94949495       2.368429300772666E-006
   14448525.6606469       -4747474.74747475       2.815840369344374E-006
   14448525.6606469       -4545454.54545455       3.321066890702600E-006
   14448525.6606469       -4343434.34343434       3.887141354918021E-006
   14448525.6606469       -4141414.14141414       4.516809746610452E-006
   14448525.6606469       -3939393.93939394       5.212551955282359E-006
   14448525.6606469       -3737373.73737374       5.976605387153174E-006
   14448525.6606469       -3535353.53535354       6.810976865612930E-006
   14448525.6606469       -3333333.33333333       7.717427409105047E-006
   14448525.6606469       -3131313.13131313       8.697417629450360E-006
   14448525.6606469       -2929292.92929293       9.752008105019118E-006
   14448525.6606469       -2727272.72727273       1.088171782404933E-005
   14448525.6606469       -2525252.52525253       1.208635252351324E-005
   14448525.6606469       -2323232.32323232       1.336482120637004E-005
   14448525.6606469       -2121212.12121212       1.471496168151798E-005
   14448525.6606469       -1919191.91919192       1.613339414608550E-005
   14448525.6606469       -1717171.71717172       1.761541631930694E-005
   14448525.6606469       -1515151.51515152       1.915494601258084E-005
   14448525.6606469       -1313131.31313131       2.074450923107389E-005
   14448525.6606469       -1111111.11111111       2.237526580851256E-005
   14448525.6606469       -909090.909090910       2.403706160222253E-005
   14448525.6606469       -707070.707070708       2.571849717561587E-005
   14448525.6606469       -505050.505050506       2.740700759969090E-005
   14448525.6606469       -303030.303030305       2.908895551860891E-005
   14448525.6606469       -101010.101010101       3.074974802822608E-005
   14448525.6606469        101010.101010101       3.237399455318729E-005
   14448525.6606469        303030.303030303       3.394572484892618E-005
   14448525.6606469        505050.505050505       3.544868109560792E-005
   14448525.6606469        707070.707070706       3.686668493901531E-005
   14448525.6606469        909090.909090908       3.818406089841692E-005
   14448525.6606469        1111111.11111111       3.938607623850724E-005
   14448525.6606469        1313131.31313131       4.045934067355131E-005
   14448525.6606469        1515151.51515151       4.139210374506332E-005
   14448525.6606469        1717171.71717172       4.217439759204760E-005
   14448525.6606469        1919191.91919192       4.279799784704806E-005
   14448525.6606469        2121212.12121212       4.325621030440944E-005
   14448525.6606469        2323232.32323232       4.354352713930078E-005
   14448525.6606469        2525252.52525252       4.365522468905831E-005
   14448525.6606469        2727272.72727273       4.358698872037920E-005
   14448525.6606469        2929292.92929293       4.333465081751849E-005
   14448525.6606469        3131313.13131313       4.289410355639951E-005
   14448525.6606469        3333333.33333333       4.226143759914684E-005
   14448525.6606469        3535353.53535353       4.143331609209127E-005
   14448525.6606469        3737373.73737374       4.040757444203315E-005
   14448525.6606469        3939393.93939394       3.918400786973673E-005
   14448525.6606469        4141414.14141414       3.776528421121058E-005
   14448525.6606469        4343434.34343434       3.615789381539668E-005
   14448525.6606469        4545454.54545454       3.437302248079299E-005
   14448525.6606469        4747474.74747475       3.242721191007961E-005
   14448525.6606469        4949494.94949495       3.034266495290607E-005
   14448525.6606469        5151515.15151515       2.814707200626782E-005
   14448525.6606469        5353535.35353535       2.587288807389631E-005
   14448525.6606469        5555555.55555555       2.355607334845218E-005
   14448525.6606469        5757575.75757576       2.123440575667623E-005
   14448525.6606469        5959595.95959596       1.894555469968482E-005
   14448525.6606469        6161616.16161616       1.672514666073358E-005
   14448525.6606469        6363636.36363636       1.460504442084919E-005
   14448525.6606469        6565656.56565657       1.261200901103582E-005
   14448525.6606469        6767676.76767677       1.076683694179793E-005
   14448525.6606469        6969696.96969697       9.083987607684211E-006
   14448525.6606469        7171717.17171717       7.571654331249706E-006
   14448525.6606469        7373737.37373737       6.232194882530586E-006
   14448525.6606469        7575757.57575757       5.062822433461225E-006
   14448525.6606469        7777777.77777778       4.056459801000655E-006
   14448525.6606469        7979797.97979798       3.202671410050610E-006
   14448525.6606469        8181818.18181818       2.488602912113601E-006
   14448525.6606469        8383838.38383838       1.899874249870310E-006
   14448525.6606469        8585858.58585858       1.421386512468624E-006
   14448525.6606469        8787878.78787879       1.038015761986627E-006
   14448525.6606469        8989898.98989899       7.351782488397884E-007
   14448525.6606469        9191919.19191919       4.992612676123919E-007
   14448525.6606469        9393939.39393939       3.179223935207446E-007
   14448525.6606469        9595959.59595960       1.802668921478536E-007
   14448525.6606469        9797979.79797980       7.691845880722430E-008
   14448525.6606469        10000000.0000000       0.000000000000000E+000
   14938271.6049383       -10000000.0000000       0.000000000000000E+000
   14938271.6049383       -9797979.79797980       4.191805687126498E-010
   14938271.6049383       -9595959.59595960       1.048628950874634E-009
   14938271.6049383       -9393939.39393939       1.994374552541581E-009
   14938271.6049383       -9191919.19191919       3.406783570291772E-009
   14938271.6049383       -8989898.98989899       5.495191034518067E-009
   14938271.6049383       -8787878.78787879       8.545844862307526E-009
   14938271.6049383       -8585858.58585859       1.294330835701433E-008
   14938271.6049383       -8383838.38383838       1.919530305341489E-008
   14938271.6049383       -8181818.18181818       2.796071615778627E-008
   14938271.6049383       -7979797.97979798       4.008017882692348E-008
   14938271.6049383       -7777777.77777778       5.660825656181913E-008
   14938271.6049383       -7575757.57575758       7.884590222162172E-008
   14938271.6049383       -7373737.37373737       1.083714359035440E-007
   14938271.6049383       -7171717.17171717       1.470679729589868E-007
   14938271.6049383       -6969696.96969697       1.971449675477986E-007
   14938271.6049383       -6767676.76767677       2.611514249537920E-007
   14938271.6049383       -6565656.56565657       3.419784134012389E-007
   14938271.6049383       -6363636.36363636       4.428488240300383E-007
   14938271.6049383       -6161616.16161616       5.672929247254533E-007
   14938271.6049383       -5959595.95959596       7.191091489862576E-007
   14938271.6049383       -5757575.75757576       9.023107421497264E-007
   14938271.6049383       -5555555.55555556       1.121060293182991E-006
   14938271.6049383       -5353535.35353535       1.379595684634092E-006
   14938271.6049383       -5151515.15151515       1.682152390796257E-006
   14938271.6049383       -4949494.94949495       2.032888058589106E-006
   14938271.6049383       -4747474.74747475       2.435815573500425E-006
   14938271.6049383       -4545454.54545455       2.894750004025141E-006
   14938271.6049383       -4343434.34343434       3.413272701332205E-006
   14938271.6049383       -4141414.14141414       3.994712423908919E-006
   14938271.6049383       -3939393.93939394       4.642139059197545E-006
   14938271.6049383       -3737373.73737374       5.358361163572575E-006
   14938271.6049383       -3535353.53535354       6.145915312671825E-006
   14938271.6049383       -3333333.33333333       7.007034355206534E-006
   14938271.6049383       -3131313.13131313       7.943583893526995E-006
   14938271.6049383       -2929292.92929293       8.956961644269601E-006
   14938271.6049383       -2727272.72727273       1.004796173942332E-005
   14938271.6049383       -2525252.52525253       1.121661372088659E-005
   14938271.6049383       -2323232.32323232       1.246201196376994E-005
   14938271.6049383       -2121212.12121212       1.378215399621166E-005
   14938271.6049383       -1919191.91919192       1.517380505848105E-005
   14938271.6049383       -1717171.71717172       1.663240170042287E-005
   14938271.6049383       -1515151.51515152       1.815200051451729E-005
   14938271.6049383       -1313131.31313131       1.972527091673196E-005
   14938271.6049383       -1111111.11111111       2.134352489453118E-005
   14938271.6049383       -909090.909090910       2.299677320217769E-005
   14938271.6049383       -707070.707070708       2.467379743537180E-005
   14938271.6049383       -505050.505050506       2.636223092723916E-005
   14938271.6049383       -303030.303030305       2.804864785786467E-005
   14938271.6049383       -101010.101010101       2.971866789929967E-005
   14938271.6049383        101010.101010101       3.135709089914327E-005
   14938271.6049383        303030.303030303       3.294807985506226E-005
   14938271.6049383        505050.505050505       3.447540823570948E-005
   14938271.6049383        707070.707070706       3.592277811852016E-005
   14938271.6049383        909090.909090908       3.727419922857988E-005
   14938271.6049383        1111111.11111111       3.851439897055426E-005
   14938271.6049383        1313131.31313131       3.962921546632211E-005
   14938271.6049383        1515151.51515151       4.060591588414068E-005
   14938271.6049383        1717171.71717172       4.143338608725955E-005
   14938271.6049383        1919191.91919192       4.210215639770759E-005
   14938271.6049383        2121212.12121212       4.260425892069717E-005
   14938271.6049383        2323232.32323232       4.293294724290611E-005
   14938271.6049383        2525252.52525252       4.308234059045505E-005
   14938271.6049383        2727272.72727273       4.304707428537175E-005
   14938271.6049383        2929292.92929293       4.282204285371584E-005
   14938271.6049383        3131313.13131313       4.240231200635533E-005
   14938271.6049383        3333333.33333333       4.178325466462225E-005
   14938271.6049383        3535353.53535353       4.096093894018293E-005
   14938271.6049383        3737373.73737374       3.993276611913182E-005
   14938271.6049383        3939393.93939394       3.869832568049122E-005
   14938271.6049383        4141414.14141414       3.726040172409780E-005
   14938271.6049383        4343434.34343434       3.562603021333565E-005
   14938271.6049383        4545454.54545454       3.380747108939693E-005
   14938271.6049383        4747474.74747475       3.182293090217951E-005
   14938271.6049383        4949494.94949495       2.969686330769947E-005
   14938271.6049383        5151515.15151515       2.745970157875997E-005
   14938271.6049383        5353535.35353535       2.514694742368688E-005
   14938271.6049383        5555555.55555555       2.279764667079009E-005
   14938271.6049383        5757575.75757576       2.045239961688203E-005
   14938271.6049383        5959595.95959596       1.815114703397188E-005
   14938271.6049383        6161616.16161616       1.593101248729722E-005
   14938271.6049383        6363636.36363636       1.382445752084924E-005
   14938271.6049383        6565656.56565657       1.185793105227025E-005
   14938271.6049383        6767676.76767677       1.005109552108779E-005
   14938271.6049383        6969696.96969697       8.416618947699038E-006
   14938271.6049383        7171717.17171717       6.960453743684177E-006
   14938271.6049383        7373737.37373737       5.682486459919343E-006
   14938271.6049383        7575757.57575757       4.577433795165177E-006
   14938271.6049383        7777777.77777778       3.635870136460756E-006
   14938271.6049383        7979797.97979798       2.845291374529874E-006
   14938271.6049383        8181818.18181818       2.191141807828786E-006
   14938271.6049383        8383838.38383838       1.657751683547592E-006
   14938271.6049383        8585858.58585858       1.229150777229276E-006
   14938271.6049383        8787878.78787879       8.897382370286486E-007
   14938271.6049383        8989898.98989899       6.248011092821177E-007
   14938271.6049383        9191919.19191919       4.208839344133053E-007
   14938271.6049383        9393939.39393939       2.660197871316185E-007
   14938271.6049383        9595959.59595960       1.498391924211639E-007
   14938271.6049383        9797979.79797980       6.357736549739059E-008
   14938271.6049383        10000000.0000000       0.000000000000000E+000
   15436179.9816345       -10000000.0000000       0.000000000000000E+000
   15436179.9816345       -9797979.79797980       2.780337335841352E-010
   15436179.9816345       -9595959.59595960       7.005912803902618E-010
   15436179.9816345       -9393939.39393939       1.344115880246054E-009
   15436179.9816345       -9191919.19191919       2.318793814232364E-009
   15436179.9816345       -8989898.98989899       3.780480044953877E-009
   15436179.9816345       -8787878.78787879       5.945673922685133E-009
   15436179.9816345       -8585858.58585859       9.109808789985975E-009
   15436179.9816345       -8383838.38383838       1.366902362204821E-008
   15436179.9816345       -8181818.18181818       2.014539007068222E-008
   15436179.9816345       -7979797.97979798       2.921530892022748E-008
   15436179.9816345       -7777777.77777778       4.174047219473183E-008
   15436179.9816345       -7575757.57575758       5.880042363181444E-008
   15436179.9816345       -7373737.37373737       8.172536269063544E-008
   15436179.9816345       -7171717.17171717       1.121274566808952E-007
   15436179.9816345       -6969696.96969697       1.519285917942417E-007
   15436179.9816345       -6767676.76767677       2.033822540980884E-007
   15436179.9816345       -6565656.56565657       2.690871383004680E-007
   15436179.9816345       -6363636.36363636       3.519901888770194E-007
   15436179.9816345       -6161616.16161616       4.553771337694324E-007
   15436179.9816345       -5959595.95959596       5.828492106398152E-007
   15436179.9816345       -5757575.75757576       7.382857192704768E-007
   15436179.9816345       -5555555.55555556       9.257932294843874E-007
   15436179.9816345       -5353535.35353535       1.149643641232466E-006
   15436179.9816345       -5151515.15151515       1.414204666856514E-006
   15436179.9816345       -4949494.94949495       1.723867439106877E-006
   15436179.9816345       -4747474.74747475       2.082976531369020E-006
   15436179.9816345       -4545454.54545455       2.495767382169574E-006
   15436179.9816345       -4343434.34343434       2.966314693068712E-006
   15436179.9816345       -4141414.14141414       3.498492766498979E-006
   15436179.9816345       -3939393.93939394       4.095945243506868E-006
   15436179.9816345       -3737373.73737374       4.762057958756683E-006
   15436179.9816345       -3535353.53535354       5.499925645368819E-006
   15436179.9816345       -3333333.33333333       6.312302072818693E-006
   15436179.9816345       -3131313.13131313       7.201524669973162E-006
   15436179.9816345       -2929292.92929293       8.169408883198403E-006
   15436179.9816345       -2727272.72727273       9.217113699701953E-006
   15436179.9816345       -2525252.52525253       1.034498646424968E-005
   15436179.9816345       -2323232.32323232       1.155240059437709E-005
   15436179.9816345       -2121212.12121212       1.283760261005308E-005
   15436179.9816345       -1919191.91919192       1.419758433765358E-005
   15436179.9816345       -1717171.71717172       1.562799243498099E-005
   15436179.9816345       -1515151.51515152       1.712308149838015E-005
   15436179.9816345       -1313131.31313131       1.867571038516615E-005
   15436179.9816345       -1111111.11111111       2.027737552361412E-005
   15436179.9816345       -909090.909090910       2.191827118060870E-005
   15436179.9816345       -707070.707070708       2.358736579252940E-005
   15436179.9816345       -505050.505050506       2.527248587261992E-005
   15436179.9816345       -303030.303030305       2.696040436963829E-005
   15436179.9816345       -101010.101010101       2.863693761051408E-005
   15436179.9816345        101010.101010101       3.028706231279847E-005
   15436179.9816345        303030.303030303       3.189506923380949E-005
   15436179.9816345        505050.505050505       3.344477035556358E-005
   15436179.9816345        707070.707070706       3.491977025477051E-005
   15436179.9816345        909090.909090908       3.630379920093621E-005
   15436179.9816345        1111111.11111111       3.758108758725189E-005
   15436179.9816345        1313131.31313131       3.873674295594341E-005
   15436179.9816345        1515151.51515151       3.975707807248745E-005
   15436179.9816345        1717171.71717172       4.062983683590187E-005
   15436179.9816345        1919191.91919192       4.134427733682920E-005
   15436179.9816345        2121212.12121212       4.189109698610704E-005
   15436179.9816345        2323232.32323232       4.226221796318459E-005
   15436179.9816345        2525252.52525252       4.245048426472897E-005
   15436179.9816345        2727272.72727273       4.244934643151146E-005
   15436179.9816345        2929292.92929293       4.225262129794155E-005
   15436179.9816345        3131313.13131313       4.185441044276843E-005
   15436179.9816345        3333333.33333333       4.124924442557053E-005
   15436179.9816345        3535353.53535353       4.043249399174416E-005
   15436179.9816345        3737373.73737374       3.940105738956445E-005
   15436179.9816345        3939393.93939394       3.815429619162374E-005
   15436179.9816345        4141414.14141414       3.669515041929002E-005
   15436179.9816345        4343434.34343434       3.503131759613885E-005
   15436179.9816345        4545454.54545454       3.317633357081245E-005
   15436179.9816345        4747474.74747475       3.115035631649145E-005
   15436179.9816345        4949494.94949495       2.898044500893936E-005
   15436179.9816345        5151515.15151515       2.670016410338073E-005
   15436179.9816345        5353535.35353535       2.434843436819902E-005
   15436179.9816345        5555555.55555555       2.196768759559561E-005
   15436179.9816345        5757575.75757576       1.960152429714643E-005
   15436179.9816345        5959595.95959596       1.729217909651215E-005
   15436179.9816345        6161616.16161616       1.507813210735974E-005
   15436179.9816345        6363636.36363636       1.299215864342619E-005
   15436179.9816345        6565656.56565657       1.106000541113945E-005
   15436179.9816345        6767676.76767677       9.299756400509695E-006
   15436179.9816345        6969696.96969697       7.721841815045846E-006
   15436179.9816345        7171717.17171717       6.329569995573539E-006
   15436179.9816345        7373737.37373737       5.120029712893339E-006
   15436179.9816345        7575757.57575757       4.085210539946152E-006
   15436179.9816345        7777777.77777778       3.213209552342253E-006
   15436179.9816345        7979797.97979798       2.489421605605102E-006
   15436179.9816345        8181818.18181818       1.897639876472182E-006
   15436179.9816345        8383838.38383838       1.421019150479482E-006
   15436179.9816345        8585858.58585858       1.042875261468622E-006
   15436179.9816345        8787878.78787879       7.473104335274910E-007
   15436179.9816345        8989898.98989899       5.196668296980453E-007
   15436179.9816345        9191919.19191919       3.468200912386726E-007
   15436179.9816345        9393939.39393939       2.173315188378289E-007
   15436179.9816345        9595959.59595960       1.214820612136761E-007
   15436179.9816345        9797979.79797980       5.121350236696969E-008
   15436179.9816345        10000000.0000000       0.000000000000000E+000
   15942250.7907356       -10000000.0000000       0.000000000000000E+000
   15942250.7907356       -9797979.79797980       1.771089453696488E-010
   15942250.7907356       -9595959.59595960       4.500211417265977E-010
   15942250.7907356       -9393939.39393939       8.720696129862620E-010
   15942250.7907356       -9191919.19191919       1.521521279369154E-009
   15942250.7907356       -8989898.98989899       2.511027474278329E-009
   15942250.7907356       -8787878.78787879       3.999786353592914E-009
   15942250.7907356       -8585858.58585859       6.208758070409984E-009
   15942250.7907356       -8383838.38383838       9.439238275407696E-009
   15942250.7907356       -8181818.18181818       1.409496314157983E-008
   15942250.7907356       -7979797.97979798       2.070772352151751E-008
   15942250.7907356       -7777777.77777778       2.996620692234103E-008
   15942250.7907356       -7575757.57575758       4.274746844300873E-008
   15942250.7907356       -7373737.37373737       6.015006861465674E-008
   15942250.7907356       -7171717.17171717       8.352752933160782E-008
   15942250.7907356       -6969696.96969697       1.145203805005608E-007
   15942250.7907356       -6767676.76767677       1.550847407407081E-007
   15942250.7907356       -6565656.56565657       2.075151444836339E-007
   15942250.7907356       -6363636.36363636       2.744592493551345E-007
   15942250.7907356       -6161616.16161616       3.589221862980878E-007
   15942250.7907356       -5959595.95959596       4.642586977520304E-007
   15942250.7907356       -5757575.75757576       5.941518751778305E-007
   15942250.7907356       -5555555.55555556       7.525782518796441E-007
   15942250.7907356       -5353535.35353535       9.437601751437982E-007
   15942250.7907356       -5151515.15151515       1.172107650063413E-006
   15942250.7907356       -4949494.94949495       1.442153015475955E-006
   15942250.7907356       -4747474.74747475       1.758482610188881E-006
   15942250.7907356       -4545454.54545455       2.125669713181168E-006
   15942250.7907356       -4343434.34343434       2.548212236337318E-006
   15942250.7907356       -4141414.14141414       3.030476806852076E-006
   15942250.7907356       -3939393.93939394       3.576648162790776E-006
   15942250.7907356       -3737373.73737374       4.190679706190511E-006
   15942250.7907356       -3535353.53535354       4.876238428169348E-006
   15942250.7907356       -3333333.33333333       5.636636176893631E-006
   15942250.7907356       -3131313.13131313       6.474740127791257E-006
   15942250.7907356       -2929292.92929293       7.392858555612991E-006
   15942250.7907356       -2727272.72727273       8.392603095107016E-006
   15942250.7907356       -2525252.52525253       9.474734446520065E-006
   15942250.7907356       -2323232.32323232       1.063900344346522E-005
   15942250.7907356       -2121212.12121212       1.188400221390353E-005
   15942250.7907356       -1919191.91919192       1.320704006210733E-005
   15942250.7907356       -1717171.71717172       1.460405569230265E-005
   15942250.7907356       -1515151.51515152       1.606957222003302E-005
   15942250.7907356       -1313131.31313131       1.759669528528561E-005
   15942250.7907356       -1111111.11111111       1.917714885187527E-005
   15942250.7907356       -909090.909090910       2.080133917633455E-005
   15942250.7907356       -707070.707070708       2.245843585469471E-005
   15942250.7907356       -505050.505050506       2.413646025692996E-005
   15942250.7907356       -303030.303030305       2.582237594521867E-005
   15942250.7907356       -101010.101010101       2.750218212254765E-005
   15942250.7907356        101010.101010101       2.916101837002437E-005
   15942250.7907356        303030.303030303       3.078329489260102E-005
   15942250.7907356        505050.505050505       3.235286488337672E-005
   15942250.7907356        707070.707070706       3.385325239833836E-005
   15942250.7907356        909090.909090908       3.526793937133110E-005
   15942250.7907356        1111111.11111111       3.658070007065962E-005
   15942250.7907356        1313131.31313131       3.777595369188468E-005
   15942250.7907356        1515151.51515151       3.883909107389724E-005
   15942250.7907356        1717171.71717172       3.975672539541282E-005
   15942250.7907356        1919191.91919192       4.051682330715451E-005
   15942250.7907356        2121212.12121212       4.110869303623188E-005
   15942250.7907356        2323232.32323232       4.152283614163937E-005
   15942250.7907356        2525252.52525252       4.175070303660507E-005
   15942250.7907356        2727272.72727273       4.178442120461649E-005
   15942250.7907356        2929292.92929293       4.161658271697899E-005
   15942250.7907356        3131313.13131313       4.124018087121646E-005
   15942250.7907356        3333333.33333333       4.064877451939147E-005
   15942250.7907356        3535353.53535353       3.983693501467226E-005
   15942250.7907356        3737373.73737374       3.880099690831723E-005
   15942250.7907356        3939393.93939394       3.754009062663080E-005
   15942250.7907356        4141414.14141414       3.605738342959238E-005
   15942250.7907356        4343434.34343434       3.436139541427473E-005
   15942250.7907356        4545454.54545454       3.246719683941040E-005
   15942250.7907356        4747474.74747475       3.039724695622294E-005
   15942250.7907356        4949494.94949495       2.818162610067132E-005
   15942250.7907356        5151515.15151515       2.585746499034787E-005
   15942250.7907356        5353535.35353535       2.346749604879230E-005
   15942250.7907356        5555555.55555555       2.105782145309774E-005
   15942250.7907356        5757575.75757576       1.867516406599591E-005
   15942250.7907356        5959595.95959596       1.636398333928841E-005
   15942250.7907356        6161616.16161616       1.416385919956667E-005
   15942250.7907356        6363636.36363636       1.210747041784775E-005
   15942250.7907356        6565656.56565657       1.021935340314617E-005
   15942250.7907356        6767676.76767677       8.515472618569154E-006
   15942250.7907356        6969696.96969697       7.003507862200241E-006
   15942250.7907356        7171717.17171717       5.683688451401826E-006
   15942250.7907356        7373737.37373737       4.549980158881460E-006
   15942250.7907356        7575757.57575757       3.591444223918667E-006
   15942250.7907356        7777777.77777778       2.793621712536379E-006
   15942250.7907356        7979797.97979798       2.139836605027500E-006
   15942250.7907356        8181818.18181818       1.612348348134201E-006
   15942250.7907356        8383838.38383838       1.193315312620866E-006
   15942250.7907356        8585858.58585858       8.655540241803805E-007
   15942250.7907356        8787878.78787879       6.130961286782165E-007
   15942250.7907356        8989898.98989899       4.215571283909200E-007
   15942250.7907356        9191919.19191919       2.783390920372762E-007
   15942250.7907356        9393939.39393939       1.726945553384276E-007
   15942250.7907356        9595959.59595960       9.568119291794814E-008
   15942250.7907356        9797979.79797980       4.003683580557628E-008
   15942250.7907356        10000000.0000000       0.000000000000000E+000
   16456484.0322416       -10000000.0000000       0.000000000000000E+000
   16456484.0322416       -9797979.79797980       1.077207379036444E-010
   16456484.0322416       -9595959.59595960       2.763695231299793E-010
   16456484.0322416       -9393939.39393939       5.417756025955678E-010
   16456484.0322416       -9191919.19191919       9.575770148624253E-010
   16456484.0322416       -8989898.98989899       1.602473020402073E-009
   16456484.0322416       -8787878.78787879       2.589801317403785E-009
   16456484.0322416       -8585858.58585859       4.079820020643677E-009
   16456484.0322416       -8383838.38383838       6.295088827752004E-009
   16456484.0322416       -8181818.18181818       9.539269790439519E-009
   16456484.0322416       -7979797.97979798       1.421953700086873E-008
   16456484.0322416       -7777777.77777778       2.087259119589345E-008
   16456484.0322416       -7575757.57575758       3.019401763549454E-008
   16456484.0322416       -7373737.37373737       4.307040826853847E-008
   16456484.0322416       -7171717.17171717       6.061330504778094E-008
   16456484.0322416       -6969696.96969697       8.419363266365228E-008
   16456484.0322416       -6767676.76767677       1.154749084389425E-007
   16456484.0322416       -6565656.56565657       1.564431870653075E-007
   16456484.0322416       -6363636.36363636       2.094314689963159E-007
   16456484.0322416       -6161616.16161616       2.771362292229253E-007
   16456484.0322416       -5959595.95959596       3.626238621487051E-007
   16456484.0322416       -5757575.75757576       4.693252317946899E-007
   16456484.0322416       -5555555.55555556       6.010171836892896E-007
   16456484.0322416       -5353535.35353535       7.617907934608771E-007
   16456484.0322416       -5151515.15151515       9.560072165406770E-007
   16456484.0322416       -4949494.94949495       1.188243111255871E-006
   16456484.0322416       -4747474.74747475       1.463228511413578E-006
   16456484.0322416       -4545454.54545455       1.785780457448232E-006
   16456484.0322416       -4343434.34343434       2.160735405952092E-006
   16456484.0322416       -4141414.14141414       2.592882282320278E-006
   16456484.0322416       -3939393.93939394       3.086896089969157E-006
   16456484.0322416       -3737373.73737374       3.647269601699144E-006
   16456484.0322416       -3535353.53535354       4.278238476222876E-006
   16456484.0322416       -3333333.33333333       4.983693956461819E-006
   16456484.0322416       -3131313.13131313       5.767077803918113E-006
   16456484.0322416       -2929292.92929293       6.631256599303641E-006
   16456484.0322416       -2727272.72727273       7.578376691823178E-006
   16456484.0322416       -2525252.52525253       8.609706012371170E-006
   16456484.0322416       -2323232.32323232       9.725473425668970E-006
   16456484.0322416       -2121212.12121212       1.092471905889552E-005
   16456484.0322416       -1919191.91919192       1.220516930062648E-005
   16456484.0322416       -1717171.71717172       1.356314775703831E-005
   16456484.0322416       -1515151.51515152       1.499352889547210E-005
   16456484.0322416       -1313131.31313131       1.648973540554637E-005
   16456484.0322416       -1111111.11111111       1.804377468856248E-005
   16456484.0322416       -909090.909090910       1.964630551418327E-005
   16456484.0322416       -707070.707070708       2.128672366966419E-005
   16456484.0322416       -505050.505050506       2.295325590403975E-005
   16456484.0322416       -303030.303030305       2.463305471457918E-005
   16456484.0322416       -101010.101010101       2.631229208211642E-005
   16456484.0322416        101010.101010101       2.797625708357494E-005
   16456484.0322416        303030.303030303       2.960946874378347E-005
   16456484.0322416        505050.505050505       3.119581945573619E-005
   16456484.0322416        707070.707070706       3.271876371978332E-005
   16456484.0322416        909090.909090908       3.416156043786179E-005
   16456484.0322416        1111111.11111111       3.550756464799084E-005
   16456484.0322416        1313131.31313131       3.674054857557051E-005
   16456484.0322416        1515151.51515151       3.784501644697493E-005
   16456484.0322416        1717171.71717172       3.880646803736852E-005
   16456484.0322416        1919191.91919192       3.961156722598084E-005
   16456484.0322416        2121212.12121212       4.024818623329219E-005
   16456484.0322416        2323232.32323232       4.070532225905069E-005
   16456484.0322416        2525252.52525252       4.097291575291957E-005
   16456484.0322416        2727272.72727273       4.104163115880204E-005
   16456484.0322416        2929292.92929293       4.090268443450173E-005
   16456484.0322416        3131313.13131313       4.054781186505135E-005
   16456484.0322416        3333333.33333333       3.996946949444647E-005
   16456484.0322416        3535353.53535353       3.916133195913397E-005
   16456484.0322416        3737373.73737374       3.811912435093517E-005
   16456484.0322416        3939393.93939394       3.684177116273666E-005
   16456484.0322416        4141414.14141414       3.533278246673185E-005
   16456484.0322416        4343434.34343434       3.360172206697412E-005
   16456484.0322416        4545454.54545454       3.166552569710690E-005
   16456484.0322416        4747474.74747475       2.954938079729733E-005
   16456484.0322416        4949494.94949495       2.728687354171377E-005
   16456484.0322416        5151515.15151515       2.491918160701692E-005
   16456484.0322416        5353535.35353535       2.249324906499178E-005
   16456484.0322416        5555555.55555555       2.005909231233224E-005
   16456484.0322416        5757575.75757576       1.766658907340200E-005
   16456484.0322416        5959595.95959596       1.536222486951791E-005
   16456484.0322416        6161616.16161616       1.318626998878965E-005
   16456484.0322416        6363636.36363636       1.117074183218023E-005
   16456484.0322416        6565656.56565657       9.338322461545804E-006
   16456484.0322416        6767676.76767677       7.702213848651254E-006
   16456484.0322416        6969696.96969697       6.266773532348821E-006
   16456484.0322416        7171717.17171717       5.028701553476642E-006
   16456484.0322416        7373737.37373737       3.978539485618437E-006
   16456484.0322416        7575757.57575757       3.102273669417325E-006
   16456484.0322416        7777777.77777778       2.382885072095137E-006
   16456484.0322416        7979797.97979798       1.801740715392323E-006
   16456484.0322416        8181818.18181818       1.339766990913907E-006
   16456484.0322416        8383838.38383838       9.783801444949813E-007
   16456484.0322416        8585858.58585858       7.001741174099257E-007
   16456484.0322416        8787878.78787879       4.893826210444971E-007
   16456484.0322416        8989898.98989899       3.321427912459457E-007
   16456484.0322416        9191919.19191919       2.165936115513501E-007
   16456484.0322416        9393939.39393939       1.328446227145873E-007
   16456484.0322416        9595959.59595960       7.285003212385843E-008
   16456484.0322416        9797979.79797980       3.022071482919057E-008
   16456484.0322416        10000000.0000000       0.000000000000000E+000
   16978879.7061524       -10000000.0000000       0.000000000000000E+000
   16978879.7061524       -9797979.79797980       6.211090539448948E-011
   16978879.7061524       -9595959.59595960       1.611580865534390E-010
   16978879.7061524       -9393939.39393939       3.201771576367429E-010
   16978879.7061524       -9191919.19191919       5.744307669111952E-010
   16978879.7061524       -8989898.98989899       9.767714678060267E-010
   16978879.7061524       -8787878.78787879       1.604920717295319E-009
   16978879.7061524       -8585858.58585859       2.571049309646639E-009
   16978879.7061524       -8383838.38383838       4.034096655821086E-009
   16978879.7061524       -8181818.18181818       6.215243423852571E-009
   16978879.7061524       -7979797.97979798       9.416881858857139E-009
   16978879.7061524       -7777777.77777778       1.404530205068129E-008
   16978879.7061524       -7575757.57575758       2.063712303334655E-008
   16978879.7061524       -7373737.37373737       2.988924229839646E-008
   16978879.7061524       -7171717.17171717       4.269176016327486E-008
   16978879.7061524       -6969696.96969697       6.016296897888129E-008
   16978879.7061524       -6767676.76767677       8.368510381465887E-008
   16978879.7061524       -6565656.56565657       1.149391641552503E-007
   16978879.7061524       -6363636.36363636       1.559367788259620E-007
   16978879.7061524       -6161616.16161616       2.090468508412584E-007
   16978879.7061524       -5959595.95959596       2.770146412257537E-007
   16978879.7061524       -5757575.75757576       3.629710835999380E-007
   16978879.7061524       -5555555.55555556       4.704305018211680E-007
   16978879.7061524       -5353535.35353535       6.032755381169349E-007
   16978879.7061524       -5151515.15151515       7.657289480663754E-007
   16978879.7061524       -4949494.94949495       9.623128780293325E-007
   16978879.7061524       -4747474.74747475       1.197797139470602E-006
   16978879.7061524       -4545454.54545455       1.477138610423441E-006
   16978879.7061524       -4343434.34343434       1.805413996763736E-006
   16978879.7061524       -4141414.14141414       2.187747611886924E-006
   16978879.7061524       -3939393.93939394       2.629234578870151E-006
   16978879.7061524       -3737373.73737374       3.134858155949871E-006
   16978879.7061524       -3535353.53535354       3.709398215632875E-006
   16978879.7061524       -3333333.33333333       4.357326913302881E-006
   16978879.7061524       -3131313.13131313       5.082687874266675E-006
   16978879.7061524       -2929292.92929293       5.888957142658785E-006
   16978879.7061524       -2727272.72727273       6.778887530629532E-006
   16978879.7061524       -2525252.52525253       7.754342220048930E-006
   16978879.7061524       -2323232.32323232       8.816127469158008E-006
   16978879.7061524       -2121212.12121212       9.963836963376649E-006
   16978879.7061524       -1919191.91919192       1.119572089802141E-005
   16978879.7061524       -1717171.71717172       1.250859099410504E-005
   16978879.7061524       -1515151.51515152       1.389776863705851E-005
   16978879.7061524       -1313131.31313131       1.535707800691788E-005
   16978879.7061524       -1111111.11111111       1.687888053068553E-005
   16978879.7061524       -909090.909090910       1.845414234783277E-005
   16978879.7061524       -707070.707070708       2.007252366289310E-005
   16978879.7061524       -505050.505050506       2.172247846648384E-005
   16978879.7061524       -303030.303030305       2.339135534331620E-005
   16978879.7061524       -101010.101010101       2.506549470604847E-005
   16978879.7061524        101010.101010101       2.673032403691224E-005
   16978879.7061524        303030.303030303       2.837045927424795E-005
   16978879.7061524        505050.505050505       2.996982555878358E-005
   16978879.7061524        707070.707070706       3.151181216569960E-005
   16978879.7061524        909090.909090908       3.297947294372967E-005
   16978879.7061524        1111111.11111111       3.435577437985670E-005
   16978879.7061524        1313131.31313131       3.562387967849380E-005
   16978879.7061524        1515151.51515151       3.676744219326382E-005
   16978879.7061524        1717171.71717172       3.777086995677823E-005
   16978879.7061524        1919191.91919192       3.861951997157509E-005
   16978879.7061524        2121212.12121212       3.929978987075915E-005
   16978879.7061524        2323232.32323232       3.979909591064498E-005
   16978879.7061524        2525252.52525252       4.010575665297720E-005
   16978879.7061524        2727272.72727273       4.020883478791325E-005
   16978879.7061524        2929292.92929293       4.009801787595609E-005
   16978879.7061524        3131313.13131313       3.976363580152318E-005
   16978879.7061524        3333333.33333333       3.919691402704562E-005
   16978879.7061524        3535353.53535353       3.839054494518360E-005
   16978879.7061524        3737373.73737374       3.733962335782873E-005
   16978879.7061524        3939393.93939394       3.604293512627351E-005
   16978879.7061524        4141414.14141414       3.450451017548004E-005
   16978879.7061524        4343434.34343434       3.273525688598272E-005
   16978879.7061524        4545454.54545454       3.075439947565293E-005
   16978879.7061524        4747474.74747475       2.859037261759862E-005
   16978879.7061524        4949494.94949495       2.628082794728707E-005
   16978879.7061524        5151515.15151515       2.387150878731025E-005
   16978879.7061524        5353535.35353535       2.141395484638214E-005
   16978879.7061524        5555555.55555555       1.896226198503490E-005
   16978879.7061524        5757575.75757576       1.656935792983488E-005
   16978879.7061524        5959595.95959596       1.428337581897565E-005
   16978879.7061524        6161616.16161616       1.214467018297665E-005
   16978879.7061524        6363636.36363636       1.018384657171779E-005
   16978879.7061524        6565656.56565657       8.420938263021321E-006
   16978879.7061524        6767676.76767677       6.865642696075907E-006
   16978879.7061524        6969696.96969697       5.518381656396466E-006
   16978879.7061524        7171717.17171717       4.371888442721479E-006
   16978879.7061524        7373737.37373737       3.413036662886552E-006
   16978879.7061524        7575757.57575757       2.624679664934520E-006
   16978879.7061524        7777777.77777778       1.987339064371314E-006
   16978879.7061524        7979797.97979798       1.480646485473794E-006
   16978879.7061524        8181818.18181818       1.084495387928363E-006
   16978879.7061524        8383838.38383838       7.798977159819893E-007
   16978879.7061524        8585858.58585858       5.495648762865355E-007
   16978879.7061524        8787878.78787879       3.782472375062687E-007
   16978879.7061524        8989898.98989899       2.528737853158873E-007
   16978879.7061524        9191919.19191919       1.625359222372881E-007
   16978879.7061524        9393939.39393939       9.835818205399853E-008
   16978879.7061524        9595959.59595960       5.329490901028927E-008
   16978879.7061524        9797979.79797980       2.188647416888561E-008
   16978879.7061524        10000000.0000000       0.000000000000000E+000
   17509437.8124681       -10000000.0000000       0.000000000000000E+000
   17509437.8124681       -9797979.79797980       3.365080849818545E-011
   17509437.8124681       -9595959.59595960       8.847642736343420E-011
   17509437.8124681       -9393939.39393939       1.785425039090755E-010
   17509437.8124681       -9191919.19191919       3.259289652516339E-010
   17509437.8124681       -8989898.98989899       5.645272080481014E-010
   17509437.8124681       -8787878.78787879       9.453491381332411E-010
   17509437.8124681       -8585858.58585859       1.543710657379023E-009
   17509437.8124681       -8383838.38383838       2.468729182906552E-009
   17509437.8124681       -8181818.18181818       3.875593192826704E-009
   17509437.8124681       -7979797.97979798       5.981045062831844E-009
   17509437.8124681       -7777777.77777778       9.082456252153352E-009
   17509437.8124681       -7575757.57575758       1.358075521112042E-008
   17509437.8124681       -7373737.37373737       2.000728501238514E-008
   17509437.8124681       -7171717.17171717       2.905441606808685E-008
   17509437.8124681       -6969696.96969697       4.160942247707643E-008
   17509437.8124681       -6767676.76767677       5.879076033604318E-008
   17509437.8124681       -6565656.56565657       8.198548488662492E-008
   17509437.8124681       -6363636.36363636       1.128861440497302E-007
   17509437.8124681       -6161616.16161616       1.535251329379522E-007
   17509437.8124681       -5959595.95959596       2.063042398930918E-007
   17509437.8124681       -5757575.75757576       2.740170149258010E-007
   17509437.8124681       -5555555.55555556       3.598616953204911E-007
   17509437.8124681       -5353535.35353535       4.674427603537795E-007
   17509437.8124681       -5151515.15151515       6.007597517737812E-007
   17509437.8124681       -4949494.94949495       7.641827318663017E-007
   17509437.8124681       -4747474.74747475       9.624145391238129E-007
   17509437.8124681       -4545454.54545455       1.200440670820256E-006
   17509437.8124681       -4343434.34343434       1.483467975655327E-006
   17509437.8124681       -4141414.14141414       1.816853214286924E-006
   17509437.8124681       -3939393.93939394       2.206021886901558E-006
   17509437.8124681       -3737373.73737374       2.656376662679622E-006
   17509437.8124681       -3535353.53535354       3.173193615154099E-006
   17509437.8124681       -3333333.33333333       3.761503770616650E-006
   17509437.8124681       -3131313.13131313       4.425957734773830E-006
   17509437.8124681       -2929292.92929293       5.170672716832915E-006
   17509437.8124681       -2727272.72727273       5.999064097498997E-006
   17509437.8124681       -2525252.52525253       6.913667322018955E-006
   17509437.8124681       -2323232.32323232       7.915959510689907E-006
   17509437.8124681       -2121212.12121212       9.006192796369967E-006
   17509437.8124681       -1919191.91919192       1.018325220400253E-005
   17509437.8124681       -1717171.71717172       1.144454947179170E-005
   17509437.8124681       -1515151.51515152       1.278596070443877E-005
   17509437.8124681       -1313131.31313131       1.420181077488518E-005
   17509437.8124681       -1111111.11111111       1.568490191465080E-005
   17509437.8124681       -909090.909090910       1.722657901630931E-005
   17509437.8124681       -707070.707070708       1.881682075774182E-005
   17509437.8124681       -505050.505050506       2.044434441647299E-005
   17509437.8124681       -303030.303030305       2.209671348815890E-005
   17509437.8124681       -101010.101010101       2.376044087139409E-005
   17509437.8124681        101010.101010101       2.542108590455222E-005
   17509437.8124681        303030.303030303       2.706334992665883E-005
   17509437.8124681        505050.505050505       2.867118079448359E-005
   17509437.8124681        707070.707070706       3.022790011493435E-005
   17509437.8124681        909090.909090908       3.171636610702976E-005
   17509437.8124681        1111111.11111111       3.311917893500903E-005
   17509437.8124681        1313131.31313131       3.441892437404272E-005
   17509437.8124681        1515151.51515151       3.559843796440570E-005
   17509437.8124681        1717171.71717172       3.664105934693611E-005
   17509437.8124681        1919191.91919192       3.753084014637462E-005
   17509437.8124681        2121212.12121212       3.825267285998794E-005
   17509437.8124681        2323232.32323232       3.879232467439422E-005
   17509437.8124681        2525252.52525252       3.913638747463733E-005
   17509437.8124681        2727272.72727273       3.927218859096943E-005
   17509437.8124681        2929292.92929293       3.918773888856919E-005
   17509437.8124681        3131313.13131313       3.887181804613323E-005
   17509437.8124681        3333333.33333333       3.831430469828323E-005
   17509437.8124681        3535353.53535353       3.750684637362947E-005
   17509437.8124681        3737373.73737374       3.644392668381703E-005
   17509437.8124681        3939393.93939394       3.512432168355786E-005
   17509437.8124681        4141414.14141414       3.355284304249412E-005
   17509437.8124681        4343434.34343434       3.174214953504875E-005
   17509437.8124681        4545454.54545454       2.971429174873859E-005
   17509437.8124681        4747474.74747475       2.750157758862758E-005
   17509437.8124681        4949494.94949495       2.514635904029754E-005
   17509437.8124681        5151515.15151515       2.269948260242886E-005
   17509437.8124681        5353535.35353535       2.021741164825173E-005
   17509437.8124681        5555555.55555555       1.775835106623382E-005
   17509437.8124681        5757575.75757576       1.537797055891364E-005
   17509437.8124681        5959595.95959596       1.312542935971362E-005
   17509437.8124681        6161616.16161616       1.104031330419278E-005
   17509437.8124681        6363636.36363636       9.150850725748443E-006
   17509437.8124681        6565656.56565657       7.473476018095631E-006
   17509437.8124681        6767676.76767677       6.013557989027349E-006
   17509437.8124681        6969696.96969697       4.766961641591038E-006
   17509437.8124681        7171717.17171717       3.722072973280085E-006
   17509437.8124681        7373737.37373737       2.861958136698482E-006
   17509437.8124681        7575757.57575757       2.166411171419433E-006
   17509437.8124681        7777777.77777778       1.613735195527109E-006
   17509437.8124681        7979797.97979798       1.182180381507737E-006
   17509437.8124681        8181818.18181818       8.510204283891068E-007
   17509437.8124681        8383838.38383838       6.012877108233360E-007
   17509437.8124681        8585858.58585858       4.162095902020377E-007
   17509437.8124681        8787878.78787879       2.813989913654095E-007
   17509437.8124681        8989898.98989899       1.848550901883381E-007
   17509437.8124681        9191919.19191919       1.168276044206330E-007
   17509437.8124681        9393939.39393939       6.959264218949545E-008
   17509437.8124681        9595959.59595960       3.718067588759904E-008
   17509437.8124681        9797979.79797980       1.508888888377237E-008
   17509437.8124681        10000000.0000000       0.000000000000000E+000
   18048158.3511887       -10000000.0000000       0.000000000000000E+000
   18048158.3511887       -9797979.79797980       1.694161199841420E-011
   18048158.3511887       -9595959.59595960       4.524835694380529E-011
   18048158.3511887       -9393939.39393939       9.299857894241859E-011
   18048158.3511887       -9191919.19191919       1.732422259515075E-010
   18048158.3511887       -8989898.98989899       3.065546236580941E-010
   18048158.3511887       -8787878.78787879       5.247251073378813E-010
   18048158.3511887       -8585858.58585859       8.758993467473092E-010
   18048158.3511887       -8383838.38383838       1.431583541429200E-009
   18048158.3511887       -8181818.18181818       2.295966842116822E-009
   18048158.3511887       -7979797.97979798       3.618044487577549E-009
   18048158.3511887       -7777777.77777778       5.607017757439969E-009
   18048158.3511887       -7575757.57575758       8.551395357982009E-009
   18048158.3511887       -7373737.37373737       1.284211244833778E-008
   18048158.3511887       -7171717.17171717       1.899980870209998E-008
   18048158.3511887       -6969696.96969697       2.770616050860398E-008
   18048158.3511887       -6767676.76767677       3.983884624897835E-008
   18048158.3511887       -6565656.56565657       5.650934805002242E-008
   18048158.3511887       -6363636.36363636       7.910237981415166E-008
   18048158.3511887       -6161616.16161616       1.093153126791663E-007
   18048158.3511887       -5959595.95959596       1.491955895331164E-007
   18048158.3511887       -5757575.75757576       2.011738319905280E-007
   18048158.3511887       -5555555.55555556       2.680902001032316E-007
   18048158.3511887       -5353535.35353535       3.532116119899434E-007
   18048158.3511887       -5151515.15151515       4.602376896984109E-007
   18048158.3511887       -4949494.94949495       5.932937530052277E-007
   18048158.3511887       -4747474.74747475       7.569097683842813E-007
   18048158.3511887       -4545454.54545455       9.559847581972806E-007
   18048158.3511887       -4343434.34343434       1.195736632733421E-006
   18048158.3511887       -4141414.14141414       1.481637578411370E-006
   18048158.3511887       -3939393.93939394       1.819334939291276E-006
   18048158.3511887       -3737373.73737374       2.214557016964417E-006
   18048158.3511887       -3535353.53535354       2.673002606017999E-006
   18048158.3511887       -3333333.33333333       3.200212747882464E-006
   18048158.3511887       -3131313.13131313       3.801423547685805E-006
   18048158.3511887       -2929292.92929293       4.481400277147949E-006
   18048158.3511887       -2727272.72727273       5.244255436237148E-006
   18048158.3511887       -2525252.52525253       6.093256657123281E-006
   18048158.3511887       -2323232.32323232       7.030633652900884E-006
   18048158.3511887       -2121212.12121212       8.057395998635714E-006
   18048158.3511887       -1919191.91919192       9.173174593020678E-006
   18048158.3511887       -1717171.71717172       1.037609869025659E-005
   18048158.3511887       -1515151.51515152       1.166271737613487E-005
   18048158.3511887       -1313131.31313131       1.302796973709250E-005
   18048158.3511887       -1111111.11111111       1.446520256007419E-005
   18048158.3511887       -909090.909090910       1.596622920595669E-005
   18048158.3511887       -707070.707070708       1.752141928059609E-005
   18048158.3511887       -505050.505050506       1.911980662856549E-005
   18048158.3511887       -303030.303030305       2.074920341678928E-005
   18048158.3511887       -101010.101010101       2.239631071192195E-005
   18048158.3511887        101010.101010101       2.404682064631771E-005
   18048158.3511887        303030.303030303       2.568551124829732E-005
   18048158.3511887        505050.505050505       2.729634107790983E-005
   18048158.3511887        707070.707070706       2.886255538471947E-005
   18048158.3511887        909090.909090908       3.036681689613151E-005
   18048158.3511887        1111111.11111111       3.179137121938845E-005
   18048158.3511887        1313131.31313131       3.311824886031037E-005
   18048158.3511887        1515151.51515151       3.432949427352921E-005
   18048158.3511887        1717171.71717172       3.540740021324733E-005
   18048158.3511887        1919191.91919192       3.633471736750321E-005
   18048158.3511887        2121212.12121212       3.709480944011044E-005
   18048158.3511887        2323232.32323232       3.767173566318149E-005
   18048158.3511887        2525252.52525252       3.805026644400096E-005
   18048158.3511887        2727272.72727273       3.821587017608560E-005
   18048158.3511887        2929292.92929293       3.815474377724872E-005
   18048158.3511887        3131313.13131313       3.785398804944063E-005
   18048158.3511887        3333333.33333333       3.730204285830521E-005
   18048158.3511887        3535353.53535353       3.648948817236701E-005
   18048158.3511887        3737373.73737374       3.541027761440887E-005
   18048158.3511887        3939393.93939394       3.406339527653094E-005
   18048158.3511887        4141414.14141414       3.245481273674882E-005
   18048158.3511887        4343434.34343434       3.059948154274424E-005
   18048158.3511887        4545454.54545454       2.852295688520396E-005
   18048158.3511887        4747474.74747475       2.626216396930311E-005
   18048158.3511887        4949494.94949495       2.386485396071920E-005
   18048158.3511887        5151515.15151515       2.138749417778550E-005
   18048158.3511887        5353535.35353535       1.889167856482143E-005
   18048158.3511887        5555555.55555555       1.643953143504778E-005
   18048158.3511887        5757575.75757576       1.408886527438333E-005
   18048158.3511887        5959595.95959596       1.188892414171178E-005
   18048158.3511887        6161616.16161616       9.877373461776477E-006
   18048158.3511887        6363636.36363636       8.078864427580771E-006
   18048158.3511887        6565656.56565657       6.505139899025435E-006
   18048158.3511887        6767676.76767677       5.156374161802855E-006
   18048158.3511887        6969696.96969697       4.023304803296286E-006
   18048158.3511887        7171717.17171717       3.089711753242243E-006
   18048158.3511887        7373737.37373737       2.334880607289274E-006
   18048158.3511887        7575757.57575757       1.735803554192849E-006
   18048158.3511887        7777777.77777778       1.268983701183729E-006
   18048158.3511887        7979797.97979798       9.117977178947478E-007
   18048158.3511887        8181818.18181818       6.434324564048048E-007
   18048158.3511887        8383838.38383838       4.454468076280367E-007
   18048158.3511887        8585858.58585858       3.020268018103084E-007
   18048158.3511887        8787878.78787879       2.000060453858840E-007
   18048158.3511887        8989898.98989899       1.287198619808433E-007
   18048158.3511887        9191919.19191919       7.975335386695832E-008
   18048158.3511887        9393939.39393939       4.663326040865044E-008
   18048158.3511887        9595959.59595960       2.450245377203165E-008
   18048158.3511887        9797979.79797980       9.805147011341814E-009
   18048158.3511887        10000000.0000000       0.000000000000000E+000
   18595041.3223140       -10000000.0000000       0.000000000000000E+000
   18595041.3223140       -9797979.79797980       7.814671145911324E-012
   18595041.3223140       -9595959.59595960       2.126870111059502E-011
   18595041.3223140       -9393939.39393939       4.467255870170325E-011
   18595041.3223140       -9191919.19191919       8.522341311693333E-011
   18595041.3223140       -8989898.98989899       1.546195965114321E-010
   18595041.3223140       -8787878.78787879       2.714785868486746E-010
   18595041.3223140       -8585858.58585859       4.648203241432631E-010
   18595041.3223140       -8383838.38383838       7.789680130851437E-010
   18595041.3223140       -8181818.18181818       1.280284267640369E-009
   18595041.3223140       -7979797.97979798       2.066216682112503E-009
   18595041.3223140       -7777777.77777778       3.277164511827720E-009
   18595041.3223140       -7575757.57575758       5.111684891420166E-009
   18595041.3223140       -7373737.37373737       7.845519638359849E-009
   18595041.3223140       -7171717.17171717       1.185482905974665E-008
   18595041.3223140       -6969696.96969697       1.764385607617783E-008
   18595041.3223140       -6767676.76767677       2.587700526767393E-008
   18595041.3223140       -6565656.56565657       3.741500657070758E-008
   18595041.3223140       -6363636.36363636       5.335445080066239E-008
   18595041.3223140       -6161616.16161616       7.506955355586896E-008
   18595041.3223140       -5959595.95959596       1.042545571732506E-007
   18595041.3223140       -5757575.75757576       1.429647604341107E-007
   18595041.3223140       -5555555.55555556       1.936538236409631E-007
   18595041.3223140       -5353535.35353535       2.592047840678337E-007
   18595041.3223140       -5151515.15151515       3.429521747505751E-007
   18595041.3223140       -4949494.94949495       4.486927851224298E-007
   18595041.3223140       -4747474.74747475       5.806829148739940E-007
   18595041.3223140       -4545454.54545455       7.436203882634772E-007
   18595041.3223140       -4343434.34343434       9.426100128141724E-007
   18595041.3223140       -4141414.14141414       1.183111469454610E-006
   18595041.3223140       -3939393.93939394       1.470868728307475E-006
   18595041.3223140       -3737373.73737374       1.811819998515039E-006
   18595041.3223140       -3535353.53535354       2.211987070772768E-006
   18595041.3223140       -3333333.33333333       2.677342953812224E-006
   18595041.3223140       -3131313.13131313       3.213657265950537E-006
   18595041.3223140       -2929292.92929293       3.826320199215397E-006
   18595041.3223140       -2727272.72727273       4.520148122003242E-006
   18595041.3223140       -2525252.52525253       5.299176832858447E-006
   18595041.3223140       -2323232.32323232       6.166451620055698E-006
   18595041.3223140       -2121212.12121212       7.123825900461362E-006
   18595041.3223140       -1919191.91919192       8.171781558291674E-006
   18595041.3223140       -1717171.71717172       9.309283623507403E-006
   18595041.3223140       -1515151.51515152       1.053367943750627E-005
   18595041.3223140       -1313131.31313131       1.184064821946250E-005
   18595041.3223140       -1111111.11111111       1.322420164349914E-005
   18595041.3223140       -909090.909090910       1.467673058869775E-005
   18595041.3223140       -707070.707070708       1.618908859921131E-005
   18595041.3223140       -505050.505050506       1.775069961002771E-005
   18595041.3223140       -303030.303030305       1.934967669141466E-005
   18595041.3223140       -101010.101010101       2.097294012960227E-005
   18595041.3223140        101010.101010101       2.260632691217315E-005
   18595041.3223140        303030.303030303       2.423468906297428E-005
   18595041.3223140        505050.505050505       2.584198431713126E-005
   18595041.3223140        707070.707070706       2.741136801368059E-005
   18595041.3223140        909090.909090908       2.892529825495344E-005
   18595041.3223140        1111111.11111111       3.036566589506248E-005
   18595041.3223140        1313131.31313131       3.171395598269396E-005
   18595041.3223140        1515151.51515151       3.295143835876645E-005
   18595041.3223140        1717171.71717172       3.405937432930430E-005
   18595041.3223140        1919191.91919192       3.501921742028415E-005
   18595041.3223140        2121212.12121212       3.581278371304236E-005
   18595041.3223140        2323232.32323232       3.642237511417819E-005
   18595041.3223140        2525252.52525252       3.683085890570278E-005
   18595041.3223140        2727272.72727273       3.702173744050055E-005
   18595041.3223140        2929292.92929293       3.697927758951078E-005
   18595041.3223140        3131313.13131313       3.668880209999162E-005
   18595041.3223140        3333333.33333333       3.613726392814840E-005
   18595041.3223140        3535353.53535353       3.531421835246178E-005
   18595041.3223140        3737373.73737374       3.421326470058797E-005
   18595041.3223140        3939393.93939394       3.283394039981678E-005
   18595041.3223140        4141414.14141414       3.118391274166641E-005
   18595041.3223140        4343434.34343434       2.928114290717108E-005
   18595041.3223140        4545454.54545454       2.715553410506843E-005
   18595041.3223140        4747474.74747475       2.484949145487072E-005
   18595041.3223140        4949494.94949495       2.241689467259846E-005
   18595041.3223140        5151515.15151515       1.992025890528040E-005
   18595041.3223140        5353535.35353535       1.742629225202023E-005
   18595041.3223140        5555555.55555555       1.500051153688392E-005
   18595041.3223140        5757575.75757576       1.270186912231353E-005
   18595041.3223140        5959595.95959596       1.057834728585884E-005
   18595041.3223140        6161616.16161616       8.664196964240496E-006
   18595041.3223140        6363636.36363636       6.979061264781688E-006
   18595041.3223140        6565656.56565657       5.528802042032472E-006
   18595041.3223140        6767676.76767677       4.307567047283099E-006
   18595041.3223140        6969696.96969697       3.300536267033134E-006
   18595041.3223140        7171717.17171717       2.486835941426448E-006
   18595041.3223140        7373737.37373737       1.842241118320696E-006
   18595041.3223140        7575757.57575757       1.341439988555793E-006
   18595041.3223140        7777777.77777778       9.597653903894464E-007
   18595041.3223140        7979797.97979798       6.743940509490465E-007
   18595041.3223140        8181818.18181818       4.650719667049374E-007
   18595041.3223140        8383838.38383838       3.144523085163939E-007
   18595041.3223140        8585858.58585858       2.081396765804153E-007
   18595041.3223140        8787878.78787879       1.345294584154030E-007
   18595041.3223140        8989898.98989899       8.451929278175621E-008
   18595041.3223140        9191919.19191919       5.115504462754152E-008
   18595041.3223140        9393939.39393939       2.925862877823727E-008
   18595041.3223140        9595959.59595960       1.507092278506890E-008
   18595041.3223140        9797979.79797980       5.930699120704133E-009
   18595041.3223140        10000000.0000000       0.000000000000000E+000
   19150086.7258443       -10000000.0000000       0.000000000000000E+000
   19150086.7258443       -9797979.79797980       3.242763612911286E-012
   19150086.7258443       -9595959.59595960       9.031079841027514E-012
   19150086.7258443       -9393939.39393939       1.946785224347670E-011
   19150086.7258443       -9191919.19191919       3.820248883538886E-011
   19150086.7258443       -8989898.98989899       7.137724936069835E-011
   19150086.7258443       -8787878.78787879       1.291039539594579E-010
   19150086.7258443       -8585858.58585859       2.276705851905410E-010
   19150086.7258443       -8383838.38383838       3.927593655199476E-010
   19150086.7258443       -8181818.18181818       6.640293097918380E-010
   19150086.7258443       -7979797.97979798       1.101488890933161E-009
   19150086.7258443       -7777777.77777778       1.794151602291293E-009
   19150086.7258443       -7575757.57575758       2.871518651725983E-009
   19150086.7258443       -7373737.37373737       4.518456232173308E-009
   19150086.7258443       -7171717.17171717       6.994015508635234E-009
   19150086.7258443       -6969696.96969697       1.065466685929195E-008
   19150086.7258443       -6767676.76767677       1.598227250833507E-008
   19150086.7258443       -6565656.56565657       2.361689358742417E-008
   19150086.7258443       -6363636.36363636       3.439421524263998E-008
   19150086.7258443       -6161616.16161616       4.938698209403036E-008
   19150086.7258443       -5959595.95959596       6.994938298803398E-008
   19150086.7258443       -5757575.75757576       9.776283802504550E-008
   19150086.7258443       -5555555.55555556       1.348811635809348E-007
   19150086.7258443       -5353535.35353535       1.837726717568678E-007
   19150086.7258443       -5151515.15151515       2.473564491925281E-007
   19150086.7258443       -4949494.94949495       3.290298959276161E-007
   19150086.7258443       -4747474.74747475       4.326846047620159E-007
   19150086.7258443       -4545454.54545455       5.627078095740330E-007
   19150086.7258443       -4343434.34343434       7.239668774334378E-007
   19150086.7258443       -4141414.14141414       9.217745925755064E-007
   19150086.7258443       -3939393.93939394       1.161833216101749E-006
   19150086.7258443       -3737373.73737374       1.450155486983250E-006
   19150086.7258443       -3535353.53535354       1.792960926106835E-006
   19150086.7258443       -3333333.33333333       2.196546183067098E-006
   19150086.7258443       -3131313.13131313       2.667128961538520E-006
   19150086.7258443       -2929292.92929293       3.210666500134928E-006
   19150086.7258443       -2727272.72727273       3.832651778939164E-006
   19150086.7258443       -2525252.52525253       4.537893453321984E-006
   19150086.7258443       -2323232.32323232       5.330288604641894E-006
   19150086.7258443       -2121212.12121212       6.212600135810823E-006
   19150086.7258443       -1919191.91919192       7.186252332321914E-006
   19150086.7258443       -1717171.71717172       8.251158160407666E-006
   19150086.7258443       -1515151.51515152       9.405589974042736E-006
   19150086.7258443       -1313131.31313131       1.064610154637831E-005
   19150086.7258443       -1111111.11111111       1.196750423777643E-005
   19150086.7258443       -909090.909090910       1.336289448314059E-005
   19150086.7258443       -707070.707070708       1.482372458054971E-005
   19150086.7258443       -505050.505050506       1.633990488051752E-005
   19150086.7258443       -303030.303030305       1.789992357009568E-005
   19150086.7258443       -101010.101010101       1.949097065162038E-005
   19150086.7258443        101010.101010101       2.109905540582812E-005
   19150086.7258443        303030.303030303       2.270911121728971E-005
   19150086.7258443        505050.505050505       2.430508738250473E-005
   19150086.7258443        707070.707070706       2.587003332402351E-005
   19150086.7258443        909090.909090908       2.738618512812688E-005
   19150086.7258443        1111111.11111111       2.883506608635605E-005
   19150086.7258443        1313131.31313131       3.019761089607080E-005
   19150086.7258443        1515151.51515151       3.145431722959144E-005
   19150086.7258443        1717171.71717172       3.258541981703982E-005
   19150086.7258443        1919191.91919192       3.357107392966157E-005
   19150086.7258443        2121212.12121212       3.439153135312914E-005
   19150086.7258443        2323232.32323232       3.502729691509501E-005
   19150086.7258443        2525252.52525252       3.545927028498257E-005
   19150086.7258443        2727272.72727273       3.566890603119603E-005
   19150086.7258443        2929292.92929293       3.563846072256614E-005
   19150086.7258443        3131313.13131313       3.535143086598556E-005
   19150086.7258443        3333333.33333333       3.479330755873044E-005
   19150086.7258443        3535353.53535353       3.395276794616848E-005
   19150086.7258443        3737373.73737374       3.282337389579331E-005
   19150086.7258443        3939393.93939394       3.140574160240580E-005
   19150086.7258443        4141414.14141414       2.970998005495999E-005
   19150086.7258443        4343434.34343434       2.775799315098387E-005
   19150086.7258443        4545454.54545454       2.558505734187237E-005
   19150086.7258443        4747474.74747475       2.324001559569297E-005
   19150086.7258443        4949494.94949495       2.078356332929942E-005
   19150086.7258443        5151515.15151515       1.828447883775649E-005
   19150086.7258443        5353535.35353535       1.581419058083776E-005
   19150086.7258443        5555555.55555555       1.344058383095526E-005
   19150086.7258443        5757575.75757576       1.122221031166263E-005
   19150086.7258443        5959595.95959596       9.203957178108765E-006
   19150086.7258443        6161616.16161616       7.414809239170337E-006
   19150086.7258443        6363636.36363636       5.867788670665794E-006
   19150086.7258443        6565656.56565657       4.561688516385817E-006
   19150086.7258443        6767676.76767677       3.483957411320715E-006
   19150086.7258443        6969696.96969697       2.614057304210198E-006
   19150086.7258443        7171717.17171717       1.926737940854766E-006
   19150086.7258443        7373737.37373737       1.394862272957162E-006
   19150086.7258443        7575757.57575757       9.916042790357155E-007
   19150086.7258443        7777777.77777778       6.919861355044356E-007
   19150086.7258443        7979797.97979798       4.738148912999081E-007
   19150086.7258443        8181818.18181818       3.181262633837210E-007
   19150086.7258443        8383838.38383838       2.092576665141638E-007
   19150086.7258443        8585858.58585858       1.346667237367405E-007
   19150086.7258443        8787878.78787879       8.459500833806427E-008
   19150086.7258443        8989898.98989899       5.165615101853290E-008
   19150086.7258443        9191919.19191919       3.040663141760050E-008
   19150086.7258443        9393939.39393939       1.693872502962453E-008
   19150086.7258443        9595959.59595960       8.519255469627953E-009
   19150086.7258443        9797979.79797980       3.285394937795083E-009
   19150086.7258443        10000000.0000000       0.000000000000000E+000
   19713294.5617794       -10000000.0000000       0.000000000000000E+000
   19713294.5617794       -9797979.79797980       1.181107473803716E-012
   19713294.5617794       -9595959.59595960       3.385984233537505E-012
   19713294.5617794       -9393939.39393939       7.533138889270793E-012
   19713294.5617794       -9191919.19191919       1.529131557430825E-011
   19713294.5617794       -8989898.98989899       2.958454537280649E-011
   19713294.5617794       -8787878.78787879       5.541832279375592E-011
   19713294.5617794       -8585858.58585859       1.011663812011704E-010
   19713294.5617794       -8383838.38383838       1.805248479031084E-010
   19713294.5617794       -8181818.18181818       3.154075197989944E-010
   19713294.5617794       -7979797.97979798       5.401319009201797E-010
   19713294.5617794       -7777777.77777778       9.073268375137195E-010
   19713294.5617794       -7575757.57575758       1.496072121551551E-009
   19713294.5617794       -7373737.37373737       2.422848364503179E-009
   19713294.5617794       -7171717.17171717       3.855918829979738E-009
   19713294.5617794       -6969696.96969697       6.033768330523859E-009
   19713294.5617794       -6767676.76767677       9.288170940488023E-009
   19713294.5617794       -6565656.56565657       1.407233175152717E-008
   19713294.5617794       -6363636.36363636       2.099433461269142E-008
   19713294.5617794       -6161616.16161616       3.085581990711994E-008
   19713294.5617794       -5959595.95959596       4.469541493606834E-008
   19713294.5617794       -5757575.75757576       6.383595705180545E-008
   19713294.5617794       -5555555.55555556       8.993401219544963E-008
   19713294.5617794       -5353535.35353535       1.250296375783172E-007
   19713294.5617794       -5151515.15151515       1.715938146621899E-007
   19713294.5617794       -4949494.94949495       2.325705371470033E-007
   19713294.5617794       -4747474.74747475       3.114102202703767E-007
   19713294.5617794       -4545454.54545455       4.120909260347723E-007
   19713294.5617794       -4343434.34343434       5.391238729405835E-007
   19713294.5617794       -4141414.14141414       6.975397950706594E-007
   19713294.5617794       -3939393.93939394       8.928529034174024E-007
   19713294.5617794       -3737373.73737374       1.130999471233143E-006
   19713294.5617794       -3535353.53535354       1.418248453769515E-006
   19713294.5617794       -3333333.33333333       1.761082168131317E-006
   19713294.5617794       -3131313.13131313       2.166046066000434E-006
   19713294.5617794       -2929292.92929293       2.639568204058805E-006
   19713294.5617794       -2727272.72727273       3.187751253547209E-006
   19713294.5617794       -2525252.52525253       3.816142726909242E-006
   19713294.5617794       -2323232.32323232       4.529492246973188E-006
   19713294.5617794       -2121212.12121212       5.331507634995385E-006
   19713294.5617794       -1919191.91919192       6.224623709050177E-006
   19713294.5617794       -1717171.71717172       7.209798347346288E-006
   19713294.5617794       -1515151.51515152       8.286349165925626E-006
   19713294.5617794       -1313131.31313131       9.451841014296265E-006
   19713294.5617794       -1111111.11111111       1.070202973682508E-005
   19713294.5617794       -909090.909090910       1.203086197086913E-005
   19713294.5617794       -707070.707070708       1.343052506249455E-005
   19713294.5617794       -505050.505050506       1.489153641499571E-005
   19713294.5617794       -303030.303030305       1.640285852719422E-005
   19713294.5617794       -101010.101010101       1.795202512163495E-005
   19713294.5617794        101010.101010101       1.952526524876161E-005
   19713294.5617794        303030.303030303       2.110761586454885E-005
   19713294.5617794        505050.505050505       2.268301855692975E-005
   19713294.5617794        707070.707070706       2.423440195842920E-005
   19713294.5617794        909090.909090908       2.574375676385924E-005
   19713294.5617794        1111111.11111111       2.719221385896776E-005
   19713294.5617794        1313131.31313131       2.856013669749991E-005
   19713294.5617794        1515151.51515151       2.982723620644090E-005
   19713294.5617794        1717171.71717172       3.097271077553253E-005
   19713294.5617794        1919191.91919192       3.197540743462393E-005
   19713294.5617794        2121212.12121212       3.281399670777802E-005
   19713294.5617794        2323232.32323232       3.346715712525952E-005
   19713294.5617794        2525252.52525252       3.391377956385132E-005
   19713294.5617794        2727272.72727273       3.413322761907246E-005
   19713294.5617794        2929292.92929293       3.410572512444200E-005
   19713294.5617794        3131313.13131313       3.381297752451109E-005
   19713294.5617794        3333333.33333333       3.323915632693804E-005
   19713294.5617794        3535353.53535353       3.237236673247262E-005
   19713294.5617794        3737373.73737374       3.120665700192607E-005
   19713294.5617794        3939393.93939394       2.974449753052494E-005
   19713294.5617794        4141414.14141414       2.799945754432029E-005
   19713294.5617794        4343434.34343434       2.599857060128859E-005
   19713294.5617794        4545454.54545454       2.378368585740852E-005
   19713294.5617794        4747474.74747475       2.141106700912649E-005
   19713294.5617794        4949494.94949495       1.894873066654029E-005
   19713294.5617794        5151515.15151515       1.647152561616622E-005
   19713294.5617794        5353535.35353535       1.405460826903425E-005
   19713294.5617794        5555555.55555555       1.176650929397404E-005
   19713294.5617794        5757575.75757576       9.663162473974413E-006
   19713294.5617794        5959595.95959596       7.783991608685076E-006
   19713294.5617794        6161616.16161616       6.150554540504699E-006
   19713294.5617794        6363636.36363636       4.767585920525581E-006
   19713294.5617794        6565656.56565657       3.625800318733938E-006
   19713294.5617794        6767676.76767677       2.705622923582605E-006
   19713294.5617794        6969696.96969697       1.981076602440976E-006
   19713294.5617794        7171717.17171717       1.423265523511283E-006
   19713294.5617794        7373737.37373737       1.003145703191831E-006
   19713294.5617794        7575757.57575757       6.934868134789122E-007
   19713294.5617794        7777777.77777778       4.700760941840531E-007
   19713294.5617794        7979797.97979798       3.122945418503719E-007
   19713294.5617794        8181818.18181818       2.032232367952932E-007
   19713294.5617794        8383838.38383838       1.294324219802114E-007
   19713294.5617794        8585858.58585858       8.058342424063727E-008
   19713294.5617794        8787878.78787879       4.894454820659034E-008
   19713294.5617794        8989898.98989899       2.889318341628642E-008
   19713294.5617794        9191919.19191919       1.645093637119045E-008
   19713294.5617794        9393939.39393939       8.878048165366165E-009
   19713294.5617794        9595959.59595960       4.337943170364422E-009
   19713294.5617794        9797979.79797980       1.632126688491503E-009
   19713294.5617794        10000000.0000000       0.000000000000000E+000
   20284664.8301194       -10000000.0000000       0.000000000000000E+000
   20284664.8301194       -9797979.79797980       3.641640600230863E-013
   20284664.8301194       -9595959.59595960       1.085288733215702E-012
   20284664.8301194       -9393939.39393939       2.512627330605163E-012
   20284664.8301194       -9191919.19191919       5.316941094878809E-012
   20284664.8301194       -8989898.98989899       1.072995497419009E-011
   20284664.8301194       -8787878.78787879       2.095825983678180E-011
   20284664.8301194       -8585858.58585859       3.985943233031031E-011
   20284664.8301194       -8383838.38383838       7.401758907066345E-011
   20284664.8301194       -8181818.18181818       1.344106969599057E-010
   20284664.8301194       -7979797.97979798       2.389300847101223E-010
   20284664.8301194       -7777777.77777778       4.160931763093446E-010
   20284664.8301194       -7575757.57575758       7.103803516462482E-010
   20284664.8301194       -7373737.37373737       1.189719999549227E-009
   20284664.8301194       -7171717.17171717       1.955732776027435E-009
   20284664.8301194       -6969696.96969697       3.157413635280757E-009
   20284664.8301194       -6767676.76767677       5.008961742341825E-009
   20284664.8301194       -6565656.56565657       7.812444743006841E-009
   20284664.8301194       -6363636.36363636       1.198588503132436E-008
   20284664.8301194       -6161616.16161616       1.809716321144273E-008
   20284664.8301194       -5959595.95959596       2.690383431774220E-008
   20284664.8301194       -5757575.75757576       3.939854038442122E-008
   20284664.8301194       -5555555.55555556       5.685918535001155E-008
   20284664.8301194       -5353535.35353535       8.090243598642070E-008
   20284664.8301194       -5151515.15151515       1.135384610157492E-007
   20284664.8301194       -4949494.94949495       1.572241670481568E-007
   20284664.8301194       -4747474.74747475       2.149115873464872E-007
   20284664.8301194       -4545454.54545455       2.900875777926799E-007
   20284664.8301194       -4343434.34343434       3.868006127763703E-007
   20284664.8301194       -4141414.14141414       5.096702757711563E-007
   20284664.8301194       -3939393.93939394       6.638750175970123E-007
   20284664.8301194       -3737373.73737374       8.551139248129331E-007
   20284664.8301194       -3535353.53535354       1.089538639007976E-006
   20284664.8301194       -3333333.33333333       1.373652272186537E-006
   20284664.8301194       -3131313.13131313       1.714173291042509E-006
   20284664.8301194       -2929292.92929293       2.117864022757769E-006
   20284664.8301194       -2727272.72727273       2.591325750325943E-006
   20284664.8301194       -2525252.52525253       3.140765279347208E-006
   20284664.8301194       -2323232.32323232       3.771741150008718E-006
   20284664.8301194       -2121212.12121212       4.488900913024832E-006
   20284664.8301194       -1919191.91919192       5.295723505694947E-006
   20284664.8301194       -1717171.71717172       6.194282132609777E-006
   20284664.8301194       -1515151.51515152       7.185042671941868E-006
   20284664.8301194       -1313131.31313131       8.266710262794326E-006
   20284664.8301194       -1111111.11111111       9.436132524643878E-006
   20284664.8301194       -909090.909090910       1.068826234123510E-005
   20284664.8301194       -707070.707070708       1.201617712630250E-005
   20284664.8301194       -505050.505050506       1.341114592604735E-005
   20284664.8301194       -303030.303030305       1.486273149301037E-005
   20284664.8301194       -101010.101010101       1.635891225158965E-005
   20284664.8301194        101010.101010101       1.788620919935548E-005
   20284664.8301194        303030.303030303       1.942980521778503E-005
   20284664.8301194        505050.505050505       2.097364862119935E-005
   20284664.8301194        707070.707070706       2.250053836246003E-005
   20284664.8301194        909090.909090908       2.399219417633172E-005
   20284664.8301194        1111111.11111111       2.542931992448312E-005
   20284664.8301194        1313131.31313131       2.679167136825894E-005
   20284664.8301194        1515151.51515151       2.805813977885733E-005
   20284664.8301194        1717171.71717172       2.920686032302402E-005
   20284664.8301194        1919191.91919192       3.021535048173299E-005
   20284664.8301194        2121212.12121212       3.106068176511450E-005
   20284664.8301194        2323232.32323232       3.171969159274058E-005
   20284664.8301194        2525252.52525252       3.216925520450776E-005
   20284664.8301194        2727272.72727273       3.238666170958727E-005
   20284664.8301194        2929292.92929293       3.235017162265838E-005
   20284664.8301194        3131313.13131313       3.203986713788710E-005
   20284664.8301194        3333333.33333333       3.143892533356024E-005
   20284664.8301194        3535353.53535353       3.053542606994589E-005
   20284664.8301194        3737373.73737374       2.932472508179173E-005
   20284664.8301194        3939393.93939394       2.781225971282295E-005
   20284664.8301194        4141414.14141414       2.601641464265941E-005
   20284664.8301194        4343434.34343434       2.397080799073552E-005
   20284664.8301194        4545454.54545454       2.172517210844056E-005
   20284664.8301194        4747474.74747475       1.934404176827897E-005
   20284664.8301194        4949494.94949495       1.690283223987646E-005
   20284664.8301194        5151515.15151515       1.448156137345274E-005
   20284664.8301194        5353535.35353535       1.215722615756966E-005
   20284664.8301194        5555555.55555555       9.996355205942734E-006
   20284664.8301194        5757575.75757576       8.049267722729022E-006
   20284664.8301194        5959595.95959596       6.347061571446326E-006
   20284664.8301194        6161616.16161616       4.901565274826839E-006
   20284664.8301194        6363636.36363636       3.707756795477080E-006
   20284664.8301194        6565656.56565657       2.747719886429396E-006
   20284664.8301194        6767676.76767677       1.995135938352138E-006
   20284664.8301194        6969696.96969697       1.419502771061025E-006
   20284664.8301194        7171717.17171717       9.895816712671795E-007
   20284664.8301194        7373737.37373737       6.758740299734291E-007
   20284664.8301194        7575757.57575757       4.521509237082344E-007
   20284664.8301194        7777777.77777778       2.961872982998460E-007
   20284664.8301194        7979797.97979798       1.899024958430833E-007
   20284664.8301194        8181818.18181818       1.191067810613695E-007
   20284664.8301194        8383838.38383838       7.302352037551026E-008
   20284664.8301194        8585858.58585858       4.371632098660148E-008
   20284664.8301194        8787878.78787879       2.551040551531026E-008
   20284664.8301194        8989898.98989899       1.446314794106911E-008
   20284664.8301194        9191919.19191919       7.911985961807338E-009
   20284664.8301194        9393939.39393939       4.108873401506518E-009
   20284664.8301194        9595959.59595960       1.938088827825662E-009
   20284664.8301194        9797979.79797980       7.072802800863053E-010
   20284664.8301194        10000000.0000000       0.000000000000000E+000
   20864197.5308642       -10000000.0000000       0.000000000000000E+000
   20864197.5308642       -9797979.79797980       8.863661738677637E-014
   20864197.5308642       -9595959.59595960       2.811005203803482E-013
   20864197.5308642       -9393939.39393939       6.886382592487933E-013
   20864197.5308642       -9191919.19191919       1.540284719273275E-012
   20864197.5308642       -8989898.98989899       3.280421013800501E-012
   20864197.5308642       -8787878.78787879       6.748771167117548E-012
   20864197.5308642       -8585858.58585859       1.349120567684339E-011
   20864197.5308642       -8383838.38383838       2.628158293242433E-011
   20864197.5308642       -8181818.18181818       4.997434184351105E-011
   20864197.5308642       -7979797.97979798       9.286047092298157E-011
   20864197.5308642       -7777777.77777778       1.687676914253216E-010
   20864197.5308642       -7575757.57575758       3.002296092175113E-010
   20864197.5308642       -7373737.37373737       5.231465228147840E-010
   20864197.5308642       -7171717.17171717       8.934678253600359E-010
   20864197.5308642       -6969696.96969697       1.496533947629254E-009
   20864197.5308642       -6767676.76767677       2.459811524834407E-009
   20864197.5308642       -6565656.56565657       3.969821267003111E-009
   20864197.5308642       -6363636.36363636       6.294072106808833E-009
   20864197.5308642       -6161616.16161616       9.808753168606697E-009
   20864197.5308642       -5959595.95959596       1.503277236043144E-008
   20864197.5308642       -5757575.75757576       2.266844570699314E-008
   20864197.5308642       -5555555.55555556       3.364872133862199E-008
   20864197.5308642       -5353535.35353535       4.919026487332454E-008
   20864197.5308642       -5151515.15151515       7.085105314626484E-008
   20864197.5308642       -4949494.94949495       1.005903528191888E-007
   20864197.5308642       -4747474.74747475       1.408281477043597E-007
   20864197.5308642       -4545454.54545455       1.945002838870608E-007
   20864197.5308642       -4343434.34343434       2.651048900375957E-007
   20864197.5308642       -4141414.14141414       3.567350646684191E-007
   20864197.5308642       -3939393.93939394       4.740924598019006E-007
   20864197.5308642       -3737373.73737374       6.224762857935398E-007
   20864197.5308642       -3535353.53535354       8.077424750347616E-007
   20864197.5308642       -3333333.33333333       1.036228349695787E-006
   20864197.5308642       -3131313.13131313       1.314639237326696E-006
   20864197.5308642       -2929292.92929293       1.649895170375121E-006
   20864197.5308642       -2727272.72727273       2.048938161234128E-006
   20864197.5308642       -2525252.52525253       2.518503542765164E-006
   20864197.5308642       -2323232.32323232       3.064862334914971E-006
   20864197.5308642       -2121212.12121212       3.693545185897303E-006
   20864197.5308642       -1919191.91919192       4.409061617553917E-006
   20864197.5308642       -1717171.71717172       5.214630465806330E-006
   20864197.5308642       -1515151.51515152       6.111937978987619E-006
   20864197.5308642       -1313131.31313131       7.100938646268599E-006
   20864197.5308642       -1111111.11111111       8.179710425760999E-006
   20864197.5308642       -909090.909090910       9.344370959169126E-006
   20864197.5308642       -707070.707070708       1.058905527696353E-005
   20864197.5308642       -505050.505050506       1.190594932230221E-005
   20864197.5308642       -303030.303030305       1.328536831196568E-005
   20864197.5308642       -101010.101010101       1.471586533311318E-005
   20864197.5308642        101010.101010101       1.618435418895151E-005
   20864197.5308642        303030.303030303       1.767623153773104E-005
   20864197.5308642        505050.505050505       1.917548663588015E-005
   20864197.5308642        707070.707070706       2.066479199392922E-005
   20864197.5308642        909090.909090908       2.212557421664662E-005
   20864197.5308642        1111111.11111111       2.353807026516460E-005
   20864197.5308642        1313131.31313131       2.488137931996477E-005
   20864197.5308642        1515151.51515151       2.613352350999146E-005
   20864197.5308642        1717171.71717172       2.727153180285309E-005
   20864197.5308642        1919191.91919192       2.827156121657680E-005
   20864197.5308642        2121212.12121212       2.910907045538199E-005
   20864197.5308642        2323232.32323232       2.975906644071300E-005
   20864197.5308642        2525252.52525252       3.019645751578745E-005
   20864197.5308642        2727272.72727273       3.039657024197884E-005
   20864197.5308642        2929292.92929293       3.033591743393016E-005
   20864197.5308642        3131313.13131313       2.999333423685201E-005
   20864197.5308642        3333333.33333333       2.935160856177383E-005
   20864197.5308642        3535353.53535353       2.839969555506113E-005
   20864197.5308642        3737373.73737374       2.713549362175246E-005
   20864197.5308642        3939393.93939394       2.556895360157330E-005
   20864197.5308642        4141414.14141414       2.372500942824014E-005
   20864197.5308642        4343434.34343434       2.164553484953152E-005
   20864197.5308642        4545454.54545454       1.938939005494398E-005
   20864197.5308642        4747474.74747475       1.702979064747548E-005
   20864197.5308642        4949494.94949495       1.464879458815864E-005
   20864197.5308642        5151515.15151515       1.232955081638935E-005
   20864197.5308642        5353535.35353535       1.014776231466499E-005
   20864197.5308642        5555555.55555555       8.164195337299025E-006
   20864197.5308642        5757575.75757576       6.419800724367502E-006
   20864197.5308642        5959595.95959596       4.934216378387253E-006
   20864197.5308642        6161616.16161616       3.707461631809559E-006
   20864197.5308642        6363636.36363636       2.723905313165775E-006
   20864197.5308642        6565656.56565657       1.957295486488947E-006
   20864197.5308642        6767676.76767677       1.375752148202098E-006
   20864197.5308642        6969696.96969697       9.459738139108260E-007
   20864197.5308642        7171717.17171717       6.363072129820478E-007
   20864197.5308642        7373737.37373737       4.186511065696539E-007
   20864197.5308642        7575757.57575757       2.693639164194244E-007
   20864197.5308642        7777777.77777778       1.694295513961337E-007
   20864197.5308642        7979797.97979798       1.041404390900522E-007
   20864197.5308642        8181818.18181818       6.251740244215463E-008
   20864197.5308642        8383838.38383838       3.663029187511717E-008
   20864197.5308642        8585858.58585858       2.092821255297782E-008
   20864197.5308642        8787878.78787879       1.164213964726743E-008
   20864197.5308642        8989898.98989899       6.288369315163210E-009
   20864197.5308642        9191919.19191919       3.278133517076451E-009
   20864197.5308642        9393939.39393939       1.624903882024419E-009
   20864197.5308642        9595959.59595960       7.340890296792245E-010
   20864197.5308642        9797979.79797980       2.578334644296470E-010
   20864197.5308642        10000000.0000000       0.000000000000000E+000
   21451892.6640139       -10000000.0000000       0.000000000000000E+000
   21451892.6640139       -9797979.79797980       1.293651515826300E-014
   21451892.6640139       -9595959.59595960       4.930990373444866E-014
   21451892.6640139       -9393939.39393939       1.371255529581980E-013
   21451892.6640139       -9191919.19191919       3.397149144742075E-013
   21451892.6640139       -8989898.98989899       7.883955863829055E-013
   21451892.6640139       -8787878.78787879       1.747596021429897E-012
   21451892.6640139       -8585858.58585859       3.734855534075307E-012
   21451892.6640139       -8383838.38383838       7.735498359271909E-012
   21451892.6640139       -8181818.18181818       1.557574847733010E-011
   21451892.6640139       -7979797.97979798       3.055295550174992E-011
   21451892.6640139       -7777777.77777778       5.847057710027901E-011
   21451892.6640139       -7575757.57575758       1.092914634709743E-010
   21451892.6640139       -7373737.37373737       1.997078049159756E-010
   21451892.6640139       -7171717.17171717       3.570300370155046E-010
   21451892.6640139       -6969696.96969697       6.249173353425273E-010
   21451892.6640139       -6767676.76767677       1.071602218858844E-009
   21451892.6640139       -6565656.56565657       1.801389091143677E-009
   21451892.6640139       -6363636.36363636       2.970313108301206E-009
   21451892.6640139       -6161616.16161616       4.806907270354068E-009
   21451892.6640139       -5959595.95959596       7.639012626851997E-009
   21451892.6640139       -5757575.75757576       1.192744667455871E-008
   21451892.6640139       -5555555.55555556       1.830708713552453E-008
   21451892.6640139       -5353535.35353535       2.763550733271003E-008
   21451892.6640139       -5151515.15151515       4.104870265491523E-008
   21451892.6640139       -4949494.94949495       6.002268062420836E-008
   21451892.6640139       -4747474.74747475       8.643877772563408E-008
   21451892.6640139       -4545454.54545455       1.226495658644953E-007
   21451892.6640139       -4343434.34343434       1.715411924814562E-007
   21451892.6640139       -4141414.14141414       2.365870485193299E-007
   21451892.6640139       -3939393.93939394       3.218868732208280E-007
   21451892.6640139       -3737373.73737374       4.321848824412596E-007
   21451892.6640139       -3535353.53535354       5.728603471442761E-007
   21451892.6640139       -3333333.33333333       7.498843530466585E-007
   21451892.6640139       -3131313.13131313       9.697373459831982E-007
   21451892.6640139       -2929292.92929293       1.239283609718794E-006
   21451892.6640139       -2727272.72727273       1.565601102227135E-006
   21451892.6640139       -2525252.52525253       1.955768088256596E-006
   21451892.6640139       -2323232.32323232       2.416611621017106E-006
   21451892.6640139       -2121212.12121212       2.954426848982414E-006
   21451892.6640139       -1919191.91919192       3.574679887759729E-006
   21451892.6640139       -1717171.71717172       4.281710008995713E-006
   21451892.6640139       -1515151.51515152       5.078448543288381E-006
   21451892.6640139       -1313131.31313131       5.966171674943021E-006
   21451892.6640139       -1111111.11111111       6.944301984503383E-006
   21451892.6640139       -909090.909090910       8.010269287667909E-006
   21451892.6640139       -707070.707070708       9.159435520585700E-006
   21451892.6640139       -505050.505050506       1.038508193444512E-005
   21451892.6640139       -303030.303030305       1.167845065524707E-005
   21451892.6640139       -101010.101010101       1.302882768894784E-005
   21451892.6640139        101010.101010101       1.442365146422555E-005
   21451892.6640139        303030.303030303       1.584863043777157E-005
   21451892.6640139        505050.505050505       1.728785519703577E-005
   21451892.6640139        707070.707070706       1.872389458883858E-005
   21451892.6640139        909090.909090908       2.013787110948452E-005
   21451892.6640139        1111111.11111111       2.150951735535646E-005
   21451892.6640139        1313131.31313131       2.281722190561216E-005
   21451892.6640139        1515151.51515151       2.403807882450737E-005
   21451892.6640139        1717171.71717172       2.514795966332302E-005
   21451892.6640139        1919191.91919192       2.612163087995728E-005
   21451892.6640139        2121212.12121212       2.693294460909603E-005
   21451892.6640139        2323232.32323232       2.755513936394732E-005
   21451892.6640139        2525252.52525252       2.796130231619707E-005
   21451892.6640139        2727272.72727273       2.812506737816084E-005
   21451892.6640139        2929292.92929293       2.802165004339648E-005
   21451892.6640139        3131313.13131313       2.762933969758995E-005
   21451892.6640139        3333333.33333333       2.693156147461065E-005
   21451892.6640139        3535353.53535353       2.591955212620187E-005
   21451892.6640139        3737373.73737374       2.459553683548221E-005
   21451892.6640139        3939393.93939394       2.297603524904583E-005
   21451892.6640139        4141414.14141414       2.109460424513711E-005
   21451892.6640139        4343434.34343434       1.900305771147883E-005
   21451892.6640139        4545454.54545454       1.677017257534258E-005
   21451892.6640139        4747474.74747475       1.447726659889538E-005
   21451892.6640139        4949494.94949495       1.221083821549844E-005
   21451892.6640139        5151515.15151515       1.005345534363222E-005
   21451892.6640139        5353535.35353535       8.074825799395199E-006
   21451892.6640139        5555555.55555555       6.325071143390516E-006
   21451892.6640139        5757575.75757576       4.831569273813290E-006
   21451892.6640139        5959595.95959596       3.599633675790210E-006
   21451892.6640139        6161616.16161616       2.616259010473624E-006
   21451892.6640139        6363636.36363636       1.855572386037886E-006
   21451892.6640139        6565656.56565657       1.284586972115866E-006
   21451892.6640139        6767676.76767677       8.682067543236536E-007
   21451892.6640139        6969696.96969697       5.729302187127900E-007
   21451892.6640139        7171717.17171717       3.691450370497469E-007
   21451892.6640139        7373737.37373737       2.321979745215112E-007
   21451892.6640139        7575757.57575757       1.425571494472575E-007
   21451892.6640139        7777777.77777778       8.539842882102432E-008
   21451892.6640139        7979797.97979798       4.989588727326190E-008
   21451892.6640139        8181818.18181818       2.841984471484536E-008
   21451892.6640139        8383838.38383838       1.577124433931524E-008
   21451892.6640139        8585858.58585858       8.520552318910042E-009
   21451892.6640139        8787878.78787879       4.476346041027142E-009
   21451892.6640139        8989898.98989899       2.281798144511644E-009
   21451892.6640139        9191919.19191919       1.122863516102746E-009
   21451892.6640139        9393939.39393939       5.263304628941360E-010
   21451892.6640139        9595959.59595960       2.256862851323170E-010
   21451892.6640139        9797979.79797980       7.548292446208766E-011
   21451892.6640139        10000000.0000000       0.000000000000000E+000
   22047750.2295684       -10000000.0000000       0.000000000000000E+000
   22047750.2295684       -9797979.79797980      -2.921572836556203E-015
   22047750.2295684       -9595959.59595960      -2.856838545259924E-015
   22047750.2295684       -9393939.39393939       5.057087630292910E-015
   22047750.2295684       -9191919.19191919       3.383822294582095E-014
   22047750.2295684       -8989898.98989899       1.131465229139113E-013
   22047750.2295684       -8787878.78787879       3.078264852781605E-013
   22047750.2295684       -8585858.58585859       7.547359814885652E-013
   22047750.2295684       -8383838.38383838       1.733692958290773E-012
   22047750.2295684       -8181818.18181818       3.800106587220824E-012
   22047750.2295684       -7979797.97979798       8.025597991288550E-012
   22047750.2295684       -7777777.77777778       1.642173156184991E-011
   22047750.2295684       -7575757.57575758       3.266453097950708E-011
   22047750.2295684       -7373737.37373737       6.329773416734978E-011
   22047750.2295684       -7171717.17171717       1.196744910403252E-010
   22047750.2295684       -6969696.96969697       2.210029944491099E-010
   22047750.2295684       -6767676.76767677       3.989914491538251E-010
   22047750.2295684       -6565656.56565657       7.047378178980701E-010
   22047750.2295684       -6363636.36363636       1.218670045931775E-009
   22047750.2295684       -6161616.16161616       2.064495527937503E-009
   22047750.2295684       -5959595.95959596       3.428238399206718E-009
   22047750.2295684       -5757575.75757576       5.583495193790615E-009
   22047750.2295684       -5555555.55555556       8.923982122772476E-009
   22047750.2295684       -5353535.35353535       1.400423652981473E-008
   22047750.2295684       -5151515.15151515       2.158893047256149E-008
   22047750.2295684       -4949494.94949495       3.271062737632576E-008
   22047750.2295684       -4747474.74747475       4.873495599594464E-008
   22047750.2295684       -4545454.54545455       7.143111136421631E-008
   22047750.2295684       -4343434.34343434       1.030443757642367E-007
   22047750.2295684       -4141414.14141414       1.463660735234741E-007
   22047750.2295684       -3939393.93939394       2.047951494672754E-007
   22047750.2295684       -3737373.73737374       2.823845294865168E-007
   22047750.2295684       -3535353.53535354       3.838647296380168E-007
   22047750.2295684       -3333333.33333333       5.146369750377204E-007
   22047750.2295684       -3131313.13131313       6.807285121432913E-007
   22047750.2295684       -2929292.92929293       8.887039713114220E-007
   22047750.2295684       -2727272.72727273       1.145528648431757E-006
   22047750.2295684       -2525252.52525253       1.458382445617230E-006
   22047750.2295684       -2323232.32323232       1.834426853107335E-006
   22047750.2295684       -2121212.12121212       2.280531529553854E-006
   22047750.2295684       -1919191.91919192       2.802971336889291E-006
   22047750.2295684       -1717171.71717172       3.407108549581782E-006
   22047750.2295684       -1515151.51515152       4.097077748675176E-006
   22047750.2295684       -1313131.31313131       4.875492032161221E-006
   22047750.2295684       -1111111.11111111       5.743188210563011E-006
   22047750.2295684       -909090.909090910       6.699025502154622E-006
   22047750.2295684       -707070.707070708       7.739747163616923E-006
   22047750.2295684       -505050.505050506       8.859908121267237E-006
   22047750.2295684       -303030.303030305       1.005186490766965E-005
   22047750.2295684       -101010.101010101       1.130581807327571E-005
   22047750.2295684        101010.101010101       1.260989267493147E-005
   22047750.2295684        303030.303030303       1.395024014299068E-005
   22047750.2295684        505050.505050505       1.531114514344031E-005
   22047750.2295684        707070.707070706       1.667512394935707E-005
   22047750.2295684        909090.909090908       1.802300596968664E-005
   22047750.2295684        1111111.11111111       1.933399690601318E-005
   22047750.2295684        1313131.31313131       2.058572989563572E-005
   22047750.2295684        1515151.51515151       2.175431936798225E-005
   22047750.2295684        1717171.71717172       2.281444082496969E-005
   22047750.2295684        1919191.91919192       2.373946851051790E-005
   22047750.2295684        2121212.12121212       2.450171295628821E-005
   22047750.2295684        2323232.32323232       2.507281344727286E-005
   22047750.2295684        2525252.52525252       2.542435812497581E-005
   22047750.2295684        2727272.72727273       2.552882604663484E-005
   22047750.2295684        2929292.92929293       2.536096501848708E-005
   22047750.2295684        3131313.13131313       2.489972163162078E-005
   22047750.2295684        3333333.33333333       2.413080002381361E-005
   22047750.2295684        3535353.53535353       2.304981015597204E-005
   22047750.2295684        3737373.73737374       2.166574785130561E-005
   22047750.2295684        3939393.93939394       2.000423511864023E-005
   22047750.2295684        4141414.14141414       1.810961827894008E-005
   22047750.2295684        4343434.34343434       1.604483899492908E-005
   22047750.2295684        4545454.54545454       1.388817132527694E-005
   22047750.2295684        4747474.74747475       1.172658791260907E-005
   22047750.2295684        4949494.94949495       9.646570601204533E-006
   22047750.2295684        5151515.15151515       7.724208184745599E-006
   22047750.2295684        5353535.35353535       6.016895739748977E-006
   22047750.2295684        5555555.55555555       4.558552860934761E-006
   22047750.2295684        5757575.75757576       3.359161673703972E-006
   22047750.2295684        5959595.95959596       2.408121958060986E-006
   22047750.2295684        6161616.16161616       1.679997471464014E-006
   22047750.2295684        6363636.36363636       1.140963354166235E-006
   22047750.2295684        6565656.56565657       7.545750972578146E-007
   22047750.2295684        6767676.76767677       4.860724651500468E-007
   22047750.2295684        6969696.96969697       3.050151942910860E-007
   22047750.2295684        7171717.17171717       1.864523707965120E-007
   22047750.2295684        7373737.37373737       1.110187178594612E-007
   22047750.2295684        7575757.57575757       6.437548479227783E-008
   22047750.2295684        7777777.77777778       3.634318355192179E-008
   22047750.2295684        7979797.97979798       1.996940307720341E-008
   22047750.2295684        8181818.18181818       1.067574102916694E-008
   22047750.2295684        8383838.38383838       5.550931096504676E-009
   22047750.2295684        8585858.58585858       2.805992152875842E-009
   22047750.2295684        8787878.78787879       1.378068240193637E-009
   22047750.2295684        8989898.98989899       6.565497739907645E-010
   22047750.2295684        9191919.19191919       3.022063549265090E-010
   22047750.2295684        9393939.39393939       1.327752771344235E-010
   22047750.2295684        9595959.59595960       5.351792123068149E-011
   22047750.2295684        9797979.79797980       1.674819332548139E-011
   22047750.2295684        10000000.0000000       0.000000000000000E+000
   22651770.2275278       -10000000.0000000       0.000000000000000E+000
   22651770.2275278       -9797979.79797980      -5.334807710415335E-015
   22651770.2275278       -9595959.59595960      -1.157803238315359E-014
   22651770.2275278       -9393939.39393939      -1.863677409680486E-014
   22651770.2275278       -9191919.19191919      -2.518837334620995E-014
   22651770.2275278       -8989898.98989899      -2.708849618865112E-014
   22651770.2275278       -8787878.78787879      -1.347808176029952E-014
   22651770.2275278       -8585858.58585859       4.162912740411679E-014
   22651770.2275278       -8383838.38383838       1.969425319981590E-013
   22651770.2275278       -8181818.18181818       5.796113078016600E-013
   22651770.2275278       -7979797.97979798       1.455596014509386E-012
   22651770.2275278       -7777777.77777778       3.364221059358941E-012
   22651770.2275278       -7575757.57575758       7.367755289130017E-012
   22651770.2275278       -7373737.37373737       1.550043125961330E-011
   22651770.2275278       -7171717.17171717       3.155194708011721E-011
   22651770.2275278       -6969696.96969697       6.239359754545285E-011
   22651770.2275278       -6767676.76767677       1.201559594001232E-010
   22651770.2275278       -6565656.56565657       2.256992141703284E-010
   22651770.2275278       -6363636.36363636       4.139810205970424E-010
   22651770.2275278       -6161616.16161616       7.421167512851805E-010
   22651770.2275278       -5959595.95959596       1.301128620416223E-009
   22651770.2275278       -5757575.75757576       2.232568223280167E-009
   22651770.2275278       -5555555.55555556       3.751332877063549E-009
   22651770.2275278       -5353535.35353535       6.176029013155475E-009
   22651770.2275278       -5151515.15151515       9.968105886735164E-009
   22651770.2275278       -4949494.94949495       1.578062868592613E-008
   22651770.2275278       -4747474.74747475       2.451693023171044E-008
   22651770.2275278       -4545454.54545455       3.739844722461478E-008
   22651770.2275278       -4343434.34343434       5.603982068060633E-008
   22651770.2275278       -4141414.14141414       8.252787940851459E-008
   22651770.2275278       -3939393.93939394       1.194995405033064E-007
   22651770.2275278       -3737373.73737374       1.702121087694882E-007
   22651770.2275278       -3535353.53535354       2.385981280231140E-007
   22651770.2275278       -3333333.33333333       3.292960370294354E-007
   22651770.2275278       -3131313.13131313       4.476476131739066E-007
   22651770.2275278       -2929292.92929293       5.996537264907317E-007
   22651770.2275278       -2727272.72727273       7.918814101695401E-007
   22651770.2275278       -2525252.52525253       1.031317745953030E-006
   22651770.2275278       -2323232.32323232       1.325169525386795E-006
   22651770.2275278       -2121212.12121212       1.680611902249403E-006
   22651770.2275278       -1919191.91919192       2.104493952176279E-006
   22651770.2275278       -1717171.71717172       2.603013690248941E-006
   22651770.2275278       -1515151.51515152       3.181379031201094E-006
   22651770.2275278       -1313131.31313131       3.843473745109276E-006
   22651770.2275278       -1111111.11111111       4.591548098748726E-006
   22651770.2275278       -909090.909090910       5.425952250352870E-006
   22651770.2275278       -707070.707070708       6.344926597714464E-006
   22651770.2275278       -505050.505050506       7.344457567901114E-006
   22651770.2275278       -303030.303030305       8.418200533648263E-006
   22651770.2275278       -101010.101010101       9.557464637561392E-006
   22651770.2275278        101010.101010101       1.075124836428881E-005
   22651770.2275278        303030.303030303       1.198631067509032E-005
   22651770.2275278        505050.505050505       1.324726108750129E-005
   22651770.2275278        707070.707070706       1.451665355341378E-005
   22651770.2275278        909090.909090908       1.577507330354916E-005
   22651770.2275278        1111111.11111111       1.700121267045385E-005
   22651770.2275278        1313131.31313131       1.817194087541592E-005
   22651770.2275278        1515151.51515151       1.926238352625544E-005
   22651770.2275278        1717171.71717172       2.024603991348514E-005
   22651770.2275278        1919191.91919192       2.109498008354229E-005
   22651770.2275278        2121212.12121212       2.178017934156966E-005
   22651770.2275278        2323232.32323232       2.227206566627645E-005
   22651770.2275278        2525252.52525252       2.254137506433275E-005
   22651770.2275278        2727272.72727273       2.256042749289088E-005
   22651770.2275278        2929292.92929293       2.230494119615263E-005
   22651770.2275278        3131313.13131313       2.175647582420486E-005
   22651770.2275278        3333333.33333333       2.090550466718499E-005
   22651770.2275278        3535353.53535353       1.975493258711484E-005
   22651770.2275278        3737373.73737374       1.832358809204686E-005
   22651770.2275278        3939393.93939394       1.664887123123492E-005
   22651770.2275278        4141414.14141414       1.478746912205962E-005
   22651770.2275278        4343434.34343434       1.281307328820429E-005
   22651770.2275278        4545454.54545454       1.081054583980467E-005
   22651770.2275278        4747474.74747475       8.866991984596567E-006
   22651770.2275278        4949494.94949495       7.061384079576587E-006
   22651770.2275278        5151515.15151515       5.455173290589667E-006
   22651770.2275278        5353535.35353535       4.086223034672328E-006
   22651770.2275278        5555555.55555555       2.967359480889184E-006
   22651770.2275278        5757575.75757576       2.089345583587487E-006
   22651770.2275278        5959595.95959596       1.426849743246486E-006
   22651770.2275278        6161616.16161616       9.454722785990987E-007
   22651770.2275278        6363636.36363636       6.081367778442557E-007
   22651770.2275278        6565656.56565657       3.798337419378368E-007
   22651770.2275278        6767676.76767677       2.304336880556713E-007
   22651770.2275278        6969696.96969697       1.358110831083324E-007
   22651770.2275278        7171717.17171717       7.776735493938769E-008
   22651770.2275278        7373737.37373737       4.326522128013993E-008
   22651770.2275278        7575757.57575757       2.338593876847858E-008
   22651770.2275278        7777777.77777778       1.228144994732567E-008
   22651770.2275278        7979797.97979798       6.266997775225217E-009
   22651770.2275278        8181818.18181818       3.107887245420685E-009
   22651770.2275278        8383838.38383838       1.498240308674266E-009
   22651770.2275278        8585858.58585858       7.022522235824074E-010
   22651770.2275278        8787878.78787879       3.199508672272597E-010
   22651770.2275278        8989898.98989899       1.414604628195566E-010
   22651770.2275278        9191919.19191919       6.037994725454415E-011
   22651770.2275278        9393939.39393939       2.451825591735020E-011
   22651770.2275278        9595959.59595960       9.048826575000906E-012
   22651770.2275278        9797979.79797980       2.479756483728327E-012
   22651770.2275278        10000000.0000000       0.000000000000000E+000
   23263952.6578921       -10000000.0000000       0.000000000000000E+000
   23263952.6578921       -9797979.79797980      -6.238876991629350E-015
   23263952.6578921       -9595959.59595960      -1.386219262743126E-014
   23263952.6578921       -9393939.39393939      -2.334548231159893E-014
   23263952.6578921       -9191919.19191919      -3.522550491834795E-014
   23263952.6578921       -8989898.98989899      -4.995774205767563E-014
   23263952.6578921       -8787878.78787879      -6.739721488227452E-014
   23263952.6578921       -8585858.58585859      -8.547732198696555E-014
   23263952.6578921       -8383838.38383838      -9.713368770636905E-014
   23263952.6578921       -8181818.18181818      -8.348928824175708E-014
   23263952.6578921       -7979797.97979798       7.433974924955011E-016
   23263952.6578921       -7777777.77777778       2.576772098669057E-013
   23263952.6578921       -7575757.57575758       9.079480118603316E-013
   23263952.6578921       -7373737.37373737       2.412436329130983E-012
   23263952.6578921       -7171717.17171717       5.705451497598095E-012
   23263952.6578921       -6969696.96969697       1.262792245500630E-011
   23263952.6578921       -6767676.76767677       2.670707928932436E-011
   23263952.6578921       -6565656.56565657       5.451539925588608E-011
   23263952.6578921       -6363636.36363636       1.079638585128759E-010
   23263952.6578921       -6161616.16161616       2.080486731962569E-010
   23263952.6578921       -5959595.95959596       3.907780089560608E-010
   23263952.6578921       -5757575.75757576       7.162483371478912E-010
   23263952.6578921       -5555555.55555556       1.282098887682320E-009
   23263952.6578921       -5353535.35353535       2.242809285701146E-009
   23263952.6578921       -5151515.15151515       3.836462357649896E-009
   23263952.6578921       -4949494.94949495       6.420595020853010E-009
   23263952.6578921       -4747474.74747475       1.051851737974894E-008
   23263952.6578921       -4545454.54545455       1.687690854029424E-008
   23263952.6578921       -4343434.34343434       2.653453530625481E-008
   23263952.6578921       -4141414.14141414       4.090057162664101E-008
   23263952.6578921       -3939393.93939394       6.183927451468065E-008
   23263952.6578921       -3737373.73737374       9.175582642241719E-008
   23263952.6578921       -3535353.53535354       1.336761893008551E-007
   23263952.6578921       -3333333.33333333       1.913120912668029E-007
   23263952.6578921       -3131313.13131313       2.691010663089346E-007
   23263952.6578921       -2929292.92929293       3.722110621464782E-007
   23263952.6578921       -2727272.72727273       5.064997452722256E-007
   23263952.6578921       -2525252.52525253       6.784204095413516E-007
   23263952.6578921       -2323232.32323232       8.948693684506345E-007
   23263952.6578921       -2121212.12121212       1.162973772736566E-006
   23263952.6578921       -1919191.91919192       1.489823667765705E-006
   23263952.6578921       -1717171.71717172       1.882157335908400E-006
   23263952.6578921       -1515151.51515152       2.346013949060085E-006
   23263952.6578921       -1313131.31313131       2.886371587293218E-006
   23263952.6578921       -1111111.11111111       3.506791081408059E-006
   23263952.6578921       -909090.909090910       4.209086382952157E-006
   23263952.6578921       -707070.707070708       4.993040010783756E-006
   23263952.6578921       -505050.505050506       5.856177696725942E-006
   23263952.6578921       -303030.303030305       6.793610178229105E-006
   23263952.6578921       -101010.101010101       7.797943029205016E-006
   23263952.6578921        101010.101010101       8.859248568045756E-006
   23263952.6578921        303030.303030303       9.965088375468641E-006
   23263952.6578921        505050.505050505       1.110057180827030E-005
   23263952.6578921        707070.707070706       1.224843583467732E-005
   23263952.6578921        909090.909090908       1.338913488897631E-005
   23263952.6578921        1111111.11111111       1.450093623982947E-005
   23263952.6578921        1313131.31313131       1.556002638689721E-005
   23263952.6578921        1515151.51515151       1.654064706638902E-005
   23263952.6578921        1717171.71717172       1.741529549987013E-005
   23263952.6578921        1919191.91919192       1.815504243204603E-005
   23263952.6578921        2121212.12121212       1.873004259078078E-005
   23263952.6578921        2323232.32323232       1.911033356662447E-005
   23263952.6578921        2525252.52525252       1.926703658204330E-005
   23263952.6578921        2727272.72727273       1.917407767124614E-005
   23263952.6578921        2929292.92929293       1.881052427687064E-005
   23263952.6578921        3131313.13131313       1.816355446922432E-005
   23263952.6578921        3333333.33333333       1.723191355397991E-005
   23263952.6578921        3535353.53535353       1.602944871911254E-005
   23263952.6578921        3737373.73737374       1.458797507667555E-005
   23263952.6578921        3939393.93939394       1.295842584504652E-005
   23263952.6578921        4141414.14141414       1.120917511381536E-005
   23263952.6578921        4343434.34343434       9.420816063460950E-006
   23263952.6578921        4545454.54545454       7.677613162024399E-006
   23263952.6578921        4747474.74747475       6.057088296287113E-006
   23263952.6578921        4949494.94949495       4.620185370502235E-006
   23263952.6578921        5151515.15151515       3.404581371216605E-006
   23263952.6578921        5353535.35353535       2.422767708767067E-006
   23263952.6578921        5555555.55555555       1.664925435751377E-006
   23263952.6578921        5757575.75757576       1.105149311803407E-006
   23263952.6578921        5959595.95959596       7.088796433641331E-007
   23263952.6578921        6161616.16161616       4.396089007514426E-007
   23263952.6578921        6363636.36363636       2.637090762010388E-007
   23263952.6578921        6565656.56565657       1.530943623001359E-007
   23263952.6578921        6767676.76767677       8.605318687281758E-008
   23263952.6578921        6969696.96969697       4.685408546716734E-008
   23263952.6578921        7171717.17171717       2.472453894094404E-008
   23263952.6578921        7373737.37373737       1.265322932806926E-008
   23263952.6578921        7575757.57575757       6.285771015443234E-009
   23263952.6578921        7777777.77777778       3.034602277336643E-009
   23263952.6578921        7979797.97979798       1.425582558199503E-009
   23263952.6578921        8181818.18181818       6.523459131503924E-010
   23263952.6578921        8383838.38383838       2.907526939983621E-010
   23263952.6578921        8585858.58585858       1.258858265772460E-010
   23263952.6578921        8787878.78787879       5.255229022256135E-011
   23263952.6578921        8989898.98989899       2.082189216223824E-011
   23263952.6578921        9191919.19191919       7.592756144083734E-012
   23263952.6578921        9393939.39393939       2.388360367157335E-012
   23263952.6578921        9595959.59595960       5.357561878394613E-013
   23263952.6578921        9797979.79797980      -9.757623148927281E-015
   23263952.6578921        10000000.0000000       0.000000000000000E+000
   23884297.5206612       -10000000.0000000       0.000000000000000E+000
   23884297.5206612       -9797979.79797980      -7.840250151866417E-015
   23884297.5206612       -9595959.59595960      -1.725790927143908E-014
   23884297.5206612       -9393939.39393939      -2.862686191582656E-014
   23884297.5206612       -9191919.19191919      -4.247460774887182E-014
   23884297.5206612       -8989898.98989899      -5.956446233212112E-014
   23884297.5206612       -8787878.78787879      -8.096757379128756E-014
   23884297.5206612       -8585858.58585859      -1.080568843418526E-013
   23884297.5206612       -8383838.38383838      -1.422610526268593E-013
   23884297.5206612       -8181818.18181818      -1.842398260695446E-013
   23884297.5206612       -7979797.97979798      -2.317906208567534E-013
   23884297.5206612       -7777777.77777778      -2.750726969231228E-013
   23884297.5206612       -7575757.57575758      -2.862291203161185E-013
   23884297.5206612       -7373737.37373737      -1.973876939432128E-013
   23884297.5206612       -7171717.17171717       1.451609993475003E-013
   23884297.5206612       -6969696.96969697       1.074639780458313E-012
   23884297.5206612       -6767676.76767677       3.290928384054750E-012
   23884297.5206612       -6565656.56565657       8.224237877565111E-012
   23884297.5206612       -6363636.36363636       1.872010809738477E-011
   23884297.5206612       -6161616.16161616       4.028702861352224E-011
   23884297.5206612       -5959595.95959596       8.329076618628187E-011
   23884297.5206612       -5757575.75757576       1.666785361253729E-010
   23884297.5206612       -5555555.55555556       3.240756784897364E-010
   23884297.5206612       -5353535.35353535       6.134096480567655E-010
   23884297.5206612       -5151515.15151515       1.131553383564573E-009
   23884297.5206612       -4949494.94949495       2.035787892467747E-009
   23884297.5206612       -4747474.74747475       3.574076217970586E-009
   23884297.5206612       -4545454.54545455       6.126103305812178E-009
   23884297.5206612       -4343434.34343434       1.025663922553064E-008
   23884297.5206612       -4141414.14141414       1.678190881118987E-008
   23884297.5206612       -3939393.93939394       2.684822927522540E-008
   23884297.5206612       -3737373.73737374       4.202022567428864E-008
   23884297.5206612       -3535353.53535354       6.437358418822029E-008
   23884297.5206612       -3333333.33333333       9.658480730629890E-008
   23884297.5206612       -3131313.13131313       1.420081420361729E-007
   23884297.5206612       -2929292.92929293       2.047281577962925E-007
   23884297.5206612       -2727272.72727273       2.895757334273313E-007
   23884297.5206612       -2525252.52525253       4.020957714676931E-007
   23884297.5206612       -2323232.32323232       5.484569594055235E-007
   23884297.5206612       -2121212.12121212       7.352973404153131E-007
   23884297.5206612       -1919191.91919192       9.695041477109824E-007
   23884297.5206612       -1717171.71717172       1.257931907284820E-006
   23884297.5206612       -1515151.51515152       1.607068651441824E-006
   23884297.5206612       -1313131.31313131       2.022665502935729E-006
   23884297.5206612       -1111111.11111111       2.509349129605384E-006
   23884297.5206612       -909090.909090910       3.070238944923453E-006
   23884297.5206612       -707070.707070708       3.706590958138425E-006
   23884297.5206612       -505050.505050506       4.417487700687530E-006
   23884297.5206612       -303030.303030305       5.199588914048486E-006
   23884297.5206612       -101010.101010101       6.046951325523641E-006
   23884297.5206612        101010.101010101       6.950918854836668E-006
   23884297.5206612        303030.303030303       7.900078203964281E-006
   23884297.5206612        505050.505050505       8.880270270993082E-006
   23884297.5206612        707070.707070706       9.874646368637627E-006
   23884297.5206612        909090.909090908       1.086376069891142E-005
   23884297.5206612        1111111.11111111       1.182569739165869E-005
   23884297.5206612        1313131.31313131       1.273624167473580E-005
   23884297.5206612        1515151.51515151       1.356912013635820E-005
   23884297.5206612        1717171.71717172       1.429635417499847E-005
   23884297.5206612        1919191.91919192       1.488879291921339E-005
   23884297.5206612        2121212.12121212       1.531691518414196E-005
   23884297.5206612        2323232.32323232       1.555200940465169E-005
   23884297.5206612        2525252.52525252       1.556784591589333E-005
   23884297.5206612        2727272.72727273       1.534293117966334E-005
   23884297.5206612        2929292.92929293       1.486335641105838E-005
   23884297.5206612        3131313.13131313       1.412609907394440E-005
   23884297.5206612        3333333.33333333       1.314239019840744E-005
   23884297.5206612        3535353.53535353       1.194044554715244E-005
   23884297.5206612        3737373.73737374       1.056657021634235E-005
   23884297.5206612        3939393.93939394       9.083569624847875E-006
   23884297.5206612        4141414.14141414       7.565754009271542E-006
   23884297.5206612        4343434.34343434       6.090710276410303E-006
   23884297.5206612        4545454.54545454       4.729237791476964E-006
   23884297.5206612        4747474.74747475       3.535863972321363E-006
   23884297.5206612        4949494.94949495       2.542534458660572E-006
   23884297.5206612        5151515.15151515       1.757133985740075E-006
   23884297.5206612        5353535.35353535       1.166820474401909E-006
   23884297.5206612        5555555.55555555       7.445931759951852E-007
   23884297.5206612        5757575.75757576       4.567998981614249E-007
   23884297.5206612        5959595.95959596       2.695811168336125E-007
   23884297.5206612        6161616.16161616       1.531600702429224E-007
   23884297.5206612        6363636.36363636       8.385104817627428E-008
   23884297.5206612        6565656.56565657       4.428996587673851E-008
   23884297.5206612        6767676.76767677       2.260669037568710E-008
   23884297.5206612        6969696.96969697       1.117507288048224E-008
   23884297.5206612        7171717.17171717       5.365131108761051E-009
   23884297.5206612        7373737.37373737       2.510008401907066E-009
   23884297.5206612        7575757.57575757       1.147804119549484E-009
   23884297.5206612        7777777.77777778       5.136114545996536E-010
   23884297.5206612        7979797.97979798       2.240481649705762E-010
   23884297.5206612        8181818.18181818       9.406262301110843E-011
   23884297.5206612        8383838.38383838       3.693463184696474E-011
   23884297.5206612        8585858.58585858       1.275810452300843E-011
   23884297.5206612        8787878.78787879       3.272176136963391E-012
   23884297.5206612        8989898.98989899       1.021006946684884E-013
   23884297.5206612        9191919.19191919      -5.777513321641397E-013
   23884297.5206612        9393939.39393939      -4.579938105722660E-013
   23884297.5206612        9595959.59595960      -2.165842396280978E-013
   23884297.5206612        9797979.79797980      -6.421863842410687E-014
   23884297.5206612        10000000.0000000       0.000000000000000E+000
   24512804.8158351       -10000000.0000000       0.000000000000000E+000
   24512804.8158351       -9797979.79797980      -1.008689171334100E-014
   24512804.8158351       -9595959.59595960      -2.223754451165916E-014
   24512804.8158351       -9393939.39393939      -3.678954265695457E-014
   24512804.8158351       -9191919.19191919      -5.413798280758525E-014
   24512804.8158351       -8989898.98989899      -7.478191768820735E-014
   24512804.8158351       -8787878.78787879      -9.941963573501749E-014
   24512804.8158351       -8585858.58585859      -1.291073988270405E-013
   24512804.8158351       -8383838.38383838      -1.654809601654467E-013
   24512804.8158351       -8181818.18181818      -2.109946914785614E-013
   24512804.8158351       -7979797.97979798      -2.690458936483602E-013
   24512804.8158351       -7777777.77777778      -3.437023571100817E-013
   24512804.8158351       -7575757.57575758      -4.385058603816621E-013
   24512804.8158351       -7373737.37373737      -5.534018347461478E-013
   24512804.8158351       -7171717.17171717      -6.780332556668613E-013
   24512804.8158351       -6969696.96969697      -7.779169413105432E-013
   24512804.8158351       -6767676.76767677      -7.662553580078771E-013
   24512804.8158351       -6565656.56565657      -4.460682034492737E-013
   24512804.8158351       -6363636.36363636       6.091305159822195E-013
   24512804.8158351       -6161616.16161616       3.299498094173049E-012
   24512804.8158351       -5959595.95959596       9.488272142718085E-012
   24512804.8158351       -5757575.75757576       2.295328575153343E-011
   24512804.8158351       -5555555.55555556       5.117040268589282E-011
   24512804.8158351       -5353535.35353535       1.085252662646614E-010
   24512804.8158351       -5151515.15151515       2.218612671112935E-010
   24512804.8158351       -4949494.94949495       4.396639745321250E-010
   24512804.8158351       -4747474.74747475       8.466232679057347E-010
   24512804.8158351       -4545454.54545455       1.585730611907503E-009
   24512804.8158351       -4343434.34343434       2.890337168483712E-009
   24512804.8158351       -4141414.14141414       5.128549538429455E-009
   24512804.8158351       -3939393.93939394       8.861782075496197E-009
   24512804.8158351       -3737373.73737374       1.491804983108806E-008
   24512804.8158351       -3535353.53535354       2.447859328128396E-008
   24512804.8158351       -3333333.33333333       3.917374438426462E-008
   24512804.8158351       -3131313.13131313       6.118083101425599E-008
   24512804.8158351       -2929292.92929293       9.331381056743526E-008
   24512804.8158351       -2727272.72727273       1.390917762532793E-007
   24512804.8158351       -2525252.52525253       2.027720547434365E-007
   24512804.8158351       -2323232.32323232       2.893337691522293E-007
   24512804.8158351       -2121212.12121212       4.043997315659059E-007
   24512804.8158351       -1919191.91919192       5.540883484636388E-007
   24512804.8158351       -1717171.71717172       7.447925892033450E-007
   24512804.8158351       -1515151.51515152       9.828894501969805E-007
   24512804.8158351       -1313131.31313131       1.274390018949392E-006
   24512804.8158351       -1111111.11111111       1.624546367567538E-006
   24512804.8158351       -909090.909090910       2.037436253375381E-006
   24512804.8158351       -707070.707070708       2.515549278695037E-006
   24512804.8158351       -505050.505050506       3.059398332954765E-006
   24512804.8158351       -303030.303030305       3.667177750679364E-006
   24512804.8158351       -101010.101010101       4.334485039735408E-006
   24512804.8158351        101010.101010101       5.054117059495661E-006
   24512804.8158351        303030.303030303       5.815945312557168E-006
   24512804.8158351        505050.505050505       6.606869964235719E-006
   24512804.8158351        707070.707070706       7.410849837880362E-006
   24512804.8158351        909090.909090908       8.209007376250868E-006
   24512804.8158351        1111111.11111111       8.979814464440486E-006
   24512804.8158351        1313131.31313131       9.699377421531439E-006
   24512804.8158351        1515151.51515151       1.034185671412075E-005
   24512804.8158351        1717171.71717172       1.088007718184677E-005
   24512804.8158351        1919191.91919192       1.128640466602504E-005
   24512804.8158351        2121212.12121212       1.153397986439928E-005
   24512804.8158351        2323232.32323232       1.159840121934533E-005
   24512804.8158351        2525252.52525252       1.145992045365362E-005
   24512804.8158351        2727272.72727273       1.110613463032275E-005
   24512804.8158351        2929292.92929293       1.053500425923522E-005
   24512804.8158351        3131313.13131313       9.757791487456110E-006
   24512804.8158351        3333333.33333333       8.801231472562449E-006
   24512804.8158351        3535353.53535353       7.708024849619088E-006
   24512804.8158351        3737373.73737374       6.534737617920578E-006
   24512804.8158351        3939393.93939394       5.346599411834960E-006
   24512804.8158351        4141414.14141414       4.209569027585135E-006
   24512804.8158351        4343434.34343434       3.181172050698418E-006
   24512804.8158351        4545454.54545454       2.302471316281999E-006
   24512804.8158351        4747474.74747475       1.593504118832779E-006
   24512804.8158351        4949494.94949495       1.053416238459253E-006
   24512804.8158351        5151515.15151515       6.648280909637646E-007
   24512804.8158351        5353535.35353535       4.005758364464281E-007
   24512804.8158351        5555555.55555555       2.305466491098077E-007
   24512804.8158351        5757575.75757576       1.268892564825375E-007
   24512804.8158351        5959595.95959596       6.691453730864432E-008
   24512804.8158351        6161616.16161616       3.391370069202084E-008
   24512804.8158351        6363636.36363636       1.659586767695687E-008
   24512804.8158351        6565656.56565657       7.892469233280599E-009
   24512804.8158351        6767676.76767677       3.676557011669079E-009
   24512804.8158351        6969696.96969697       1.689623145228204E-009
   24512804.8158351        7171717.17171717       7.674625111608447E-010
   24512804.8158351        7373737.37373737       3.410838701091129E-010
   24512804.8158351        7575757.57575757       1.438860761740494E-010
   24512804.8158351        7777777.77777778       5.381089685445350E-011
   24512804.8158351        7979797.97979798       1.470296595483556E-011
   24512804.8158351        8181818.18181818      -1.524500528649406E-013
   24512804.8158351        8383838.38383838      -4.011387962027475E-012
   24512804.8158351        8585858.58585858      -3.547305511332359E-012
   24512804.8158351        8787878.78787879      -1.964662778601123E-012
   24512804.8158351        8989898.98989899      -5.909976011923488E-013
   24512804.8158351        9191919.19191919       2.090054772960226E-013
   24512804.8158351        9393939.39393939       4.935904449100012E-013
   24512804.8158351        9595959.59595960       4.470160266684190E-013
   24512804.8158351        9797979.79797980       2.418176456836630E-013
   24512804.8158351        10000000.0000000       0.000000000000000E+000
   25149474.5434139       -10000000.0000000       0.000000000000000E+000
   25149474.5434139       -9797979.79797980      -1.253877968949277E-014
   25149474.5434139       -9595959.59595960      -2.783124288603029E-014
   25149474.5434139       -9393939.39393939      -4.634266953181942E-014
   25149474.5434139       -9191919.19191919      -6.856626488191641E-014
   25149474.5434139       -8989898.98989899      -9.500929764667329E-014
   25149474.5434139       -8787878.78787879      -1.261892111311678E-013
   25149474.5434139       -8585858.58585859      -1.626612406536279E-013
   25149474.5434139       -8383838.38383838      -2.051176568206266E-013
   25149474.5434139       -8181818.18181818      -2.546155913634597E-013
   25149474.5434139       -7979797.97979798      -3.129938270587508E-013
   25149474.5434139       -7777777.77777778      -3.835067078463800E-013
   25149474.5434139       -7575757.57575758      -4.716054772353124E-013
   25149474.5434139       -7373737.37373737      -5.856042295826818E-013
   25149474.5434139       -7171717.17171717      -7.366640079550354E-013
   25149474.5434139       -6969696.96969697      -9.371259600135280E-013
   25149474.5434139       -6767676.76767677      -1.195748845674593E-012
   25149474.5434139       -6565656.56565657      -1.507813398347216E-012
   25149474.5434139       -6363636.36363636      -1.836996736641425E-012
   25149474.5434139       -6161616.16161616      -2.083248105946000E-012
   25149474.5434139       -5959595.95959596      -2.023811196234638E-012
   25149474.5434139       -5757575.75757576      -1.197299472340721E-012
   25149474.5434139       -5555555.55555556       1.336936340558606E-012
   25149474.5434139       -5353535.35353535       7.506314154287612E-012
   25149474.5434139       -5151515.15151515       2.127552857050254E-011
   25149474.5434139       -4949494.94949495       5.073699823423842E-011
   25149474.5434139       -4747474.74747475       1.120710562370295E-010
   25149474.5434139       -4545454.54545455       2.366609161812253E-010
   25149474.5434139       -4343434.34343434       4.832009545014730E-010
   25149474.5434139       -4141414.14141414       9.572070419243568E-010
   25149474.5434139       -3939393.93939394       1.840766735792160E-009
   25149474.5434139       -3737373.73737374       3.435420060608924E-009
   25149474.5434139       -3535353.53535354       6.220457398250036E-009
   25149474.5434139       -3333333.33333333       1.092740479094581E-008
   25149474.5434139       -3131313.13131313       1.862891412765468E-008
   25149474.5434139       -2929292.92929293       3.083679771391384E-008
   25149474.5434139       -2727272.72727273       4.959995204226224E-008
   25149474.5434139       -2525252.52525253       7.758908380375331E-008
   25149474.5434139       -2323232.32323232       1.181523089819316E-007
   25149474.5434139       -2121212.12121212       1.753246250766834E-007
   25149474.5434139       -1919191.91919192       2.537754957705962E-007
   25149474.5434139       -1717171.71717172       3.586824899851982E-007
   25149474.5434139       -1515151.51515152       4.955248020025122E-007
   25149474.5434139       -1313131.31313131       6.697978762198309E-007
   25149474.5434139       -1111111.11111111       8.866583291849453E-007
   25149474.5434139       -909090.909090910       1.150515853154282E-006
   25149474.5434139       -707070.707070708       1.464594814233065E-006
   25149474.5434139       -505050.505050506       1.830492068174508E-006
   25149474.5434139       -303030.303030305       2.247758716319137E-006
   25149474.5434139       -101010.101010101       2.713532170403344E-006
   25149474.5434139        101010.101010101       3.222241516174624E-006
   25149474.5434139        303030.303030303       3.765404719174986E-006
   25149474.5434139        505050.505050505       4.331532000666791E-006
   25149474.5434139        707070.707070706       4.906147251775193E-006
   25149474.5434139        909090.909090908       5.471940234939954E-006
   25149474.5434139        1111111.11111111       6.009067888528623E-006
   25149474.5434139        1313131.31313131       6.495633819248142E-006
   25149474.5434139        1515151.51515151       6.908389755438895E-006
   25149474.5434139        1717171.71717172       7.223717067518988E-006
   25149474.5434139        1919191.91919192       7.418952305013999E-006
   25149474.5434139        2121212.12121212       7.474106269342211E-006
   25149474.5434139        2323232.32323232       7.373977685921395E-006
   25149474.5434139        2525252.52525252       7.110567257071776E-006
   25149474.5434139        2727272.72727273       6.685548448729576E-006
   25149474.5434139        2929292.92929293       6.112355378201266E-006
   25149474.5434139        3131313.13131313       5.417247322306427E-006
   25149474.5434139        3333333.33333333       4.638603480733375E-006
   25149474.5434139        3535353.53535353       3.823846683655990E-006
   25149474.5434139        3737373.73737374       3.023926624418885E-006
   25149474.5434139        3939393.93939394       2.286172670201694E-006
   25149474.5434139        4141414.14141414       1.647216246194498E-006
   25149474.5434139        4343434.34343434       1.128042966534457E-006
   25149474.5434139        4545454.54545454       7.326832219617931E-007
   25149474.5434139        4747474.74747475       4.507355456758542E-007
   25149474.5434139        4949494.94949495       2.625160348553714E-007
   25149474.5434139        5151515.15151515       1.448848083966463E-007
   25149474.5434139        5353535.35353535       7.600485559278506E-008
   25149474.5434139        5555555.55555555       3.813857003815075E-008
   25149474.5434139        5757575.75757576       1.851015616198767E-008
   25149474.5434139        5959595.95959596       8.832410270307542E-009
   25149474.5434139        6161616.16161616       4.220276007278132E-009
   25149474.5434139        6363636.36363636       2.041036702547334E-009
   25149474.5434139        6565656.56565657       9.891886445569693E-010
   25149474.5434139        6767676.76767677       4.616307226143918E-010
   25149474.5434139        6969696.96969697       1.909456898662510E-010
   25149474.5434139        7171717.17171717       5.609553800903274E-011
   25149474.5434139        7373737.37373737      -3.595663130661519E-012
   25149474.5434139        7575757.57575757      -2.282028967429227E-011
   25149474.5434139        7777777.77777778      -2.273168797969053E-011
   25149474.5434139        7979797.97979798      -1.574258787213880E-011
   25149474.5434139        8181818.18181818      -8.233956920425143E-012
   25149474.5434139        8383838.38383838      -2.710999556296073E-012
   25149474.5434139        8585858.58585858       4.530682986159670E-013
   25149474.5434139        8787878.78787879       1.787640739330995E-012
   25149474.5434139        8989898.98989899       2.007275556781505E-012
   25149474.5434139        9191919.19191919       1.690126665511630E-012
   25149474.5434139        9393939.39393939       1.199321625722474E-012
   25149474.5434139        9595959.59595960       7.178432065867201E-013
   25149474.5434139        9797979.79797980       3.141009939417948E-013
   25149474.5434139        10000000.0000000       0.000000000000000E+000
   25794306.7033976       -10000000.0000000       0.000000000000000E+000
   25794306.7033976       -9797979.79797980      -1.492875997335620E-014
   25794306.7033976       -9595959.59595960      -3.333828603959714E-014
   25794306.7033976       -9393939.39393939      -5.586815006232877E-014
   25794306.7033976       -9191919.19191919      -8.321868613216590E-014
   25794306.7033976       -8989898.98989899      -1.161380918113906E-013
   25794306.7033976       -8787878.78787879      -1.553960288755442E-013
   25794306.7033976       -8585858.58585859      -2.017388081767931E-013
   25794306.7033976       -8383838.38383838      -2.558259985908040E-013
   25794306.7033976       -8181818.18181818      -3.181649640645744E-013
   25794306.7033976       -7979797.97979798      -3.890944267343504E-013
   25794306.7033976       -7777777.77777778      -4.689237781528446E-013
   25794306.7033976       -7575757.57575758      -5.584037210547289E-013
   25794306.7033976       -7373737.37373737      -6.597569569988111E-013
   25794306.7033976       -7171717.17171717      -7.784754140413676E-013
   25794306.7033976       -6969696.96969697      -9.259014701169032E-013
   25794306.7033976       -6767676.76767677      -1.122149995491846E-012
   25794306.7033976       -6565656.56565657      -1.398127590155469E-012
   25794306.7033976       -6363636.36363636      -1.794317521426193E-012
   25794306.7033976       -6161616.16161616      -2.352892609170762E-012
   25794306.7033976       -5959595.95959596      -3.099117325813469E-012
   25794306.7033976       -5757575.75757576      -4.008521733375537E-012
   25794306.7033976       -5555555.55555556      -4.958101799700084E-012
   25794306.7033976       -5353535.35353535      -5.661187908561265E-012
   25794306.7033976       -5151515.15151515      -5.581048455010883E-012
   25794306.7033976       -4949494.94949495      -3.795229256398288E-012
   25794306.7033976       -4747474.74747475       1.281533792699528E-012
   25794306.7033976       -4545454.54545455       1.254741476076546E-011
   25794306.7033976       -4343434.34343434       3.572540067513138E-011
   25794306.7033976       -4141414.14141414       8.263986745990439E-011
   25794306.7033976       -3939393.93939394       1.777437623197295E-010
   25794306.7033976       -3737373.73737374       3.700847733924616E-010
   25794306.7033976       -3535353.53535354       7.535718608905116E-010
   25794306.7033976       -3333333.33333333       1.498777229149714E-009
   25794306.7033976       -3131313.13131313       2.899212386476602E-009
   25794306.7033976       -2929292.92929293       5.433662206501146E-009
   25794306.7033976       -2727272.72727273       9.843489429574362E-009
   25794306.7033976       -2525252.52525253       1.721987714448035E-008
   25794306.7033976       -2323232.32323232       2.909122693700546E-008
   25794306.7033976       -2121212.12121212       4.749626505107555E-008
   25794306.7033976       -1919191.91919192       7.502496966676221E-008
   25794306.7033976       -1717171.71717172       1.148083169292039E-007
   25794306.7033976       -1515151.51515152       1.704397852375928E-007
   25794306.7033976       -1313131.31313131       2.458166995349495E-007
   25794306.7033976       -1111111.11111111       3.448973349458375E-007
   25794306.7033976       -909090.909090910       4.713791969245050E-007
   25794306.7033976       -707070.707070708       6.283137310140098E-007
   25794306.7033976       -505050.505050506       8.176815751506660E-007
   25794306.7033976       -303030.303030305       1.039959318751145E-006
   25794306.7033976       -101010.101010101       1.293713019208469E-006
   25794306.7033976        101010.101010101       1.575255441702904E-006
   25794306.7033976        303030.303030303       1.878403614363906E-006
   25794306.7033976        505050.505050505       2.194371615039704E-006
   25794306.7033976        707070.707070706       2.511831364423885E-006
   25794306.7033976        909090.909090908       2.817172208115861E-006
   25794306.7033976        1111111.11111111       3.094988356870641E-006
   25794306.7033976        1313131.31313131       3.328821108678314E-006
   25794306.7033976        1515151.51515151       3.502177963221704E-006
   25794306.7033976        1717171.71717172       3.599838289346662E-006
   25794306.7033976        1919191.91919192       3.609426066127797E-006
   25794306.7033976        2121212.12121212       3.523171530748693E-006
   25794306.7033976        2323232.32323232       3.339683969012446E-006
   25794306.7033976        2525252.52525252       3.065420937988146E-006
   25794306.7033976        2727272.72727273       2.715402689771444E-006
   25794306.7033976        2929292.92929293       2.312667971325605E-006
   25794306.7033976        3131313.13131313       1.886107868069737E-006
   25794306.7033976        3333333.33333333       1.466715046189540E-006
   25794306.7033976        3535353.53535353       1.082878989042411E-006
   25794306.7033976        3737373.73737374       7.558986519807132E-007
   25794306.7033976        3939393.93939394       4.970406845284312E-007
   25794306.7033976        4141414.14141414       3.070437197134281E-007
   25794306.7033976        4343434.34343434       1.780854867451981E-007
   25794306.7033976        4545454.54545454       9.732718898799265E-008
   25794306.7033976        4747474.74747475       5.070099251687237E-008
   25794306.7033976        4949494.94949495       2.579497643436009E-008
   25794306.7033976        5151515.15151515       1.331070530307320E-008
   25794306.7033976        5353535.35353535       7.220898621599342E-009
   25794306.7033976        5555555.55555555       4.131389857896107E-009
   25794306.7033976        5757575.75757576       2.388773132977206E-009
   25794306.7033976        5959595.95959596       1.298682727960301E-009
   25794306.7033976        6161616.16161616       5.994894325785827E-010
   25794306.7033976        6363636.36363636       1.803160592767812E-010
   25794306.7033976        6565656.56565657      -3.429265162577582E-011
   25794306.7033976        6767676.76767677      -1.132335379715979E-010
   25794306.7033976        6969696.96969697      -1.162106576916157E-010
   25794306.7033976        7171717.17171717      -8.717637297270382E-011
   25794306.7033976        7373737.37373737      -5.271500069740798E-011
   25794306.7033976        7575757.57575757      -2.515269019458660E-011
   25794306.7033976        7777777.77777778      -7.591728540574381E-012
   25794306.7033976        7979797.97979798       1.451779451068368E-012
   25794306.7033976        8181818.18181818       4.863494909412014E-012
   25794306.7033976        8383838.38383838       5.261041253947420E-012
   25794306.7033976        8585858.58585858       4.421597876351168E-012
   25794306.7033976        8787878.78787879       3.309701772600170E-012
   25794306.7033976        8989898.98989899       2.326846400634205E-012
   25794306.7033976        9191919.19191919       1.568622254908309E-012
   25794306.7033976        9393939.39393939       1.005941403532941E-012
   25794306.7033976        9595959.59595960       5.831661385184363E-013
   25794306.7033976        9797979.79797980       2.568006815832968E-013
   25794306.7033976        10000000.0000000       0.000000000000000E+000
   26447301.2957861       -10000000.0000000       0.000000000000000E+000
   26447301.2957861       -9797979.79797980      -1.710208689961696E-014
   26447301.2957861       -9595959.59595960      -3.840769716889559E-014
   26447301.2957861       -9393939.39393939      -6.472995834517090E-014
   26447301.2957861       -9191919.19191919      -9.696403149070026E-014
   26447301.2957861       -8989898.98989899      -1.360790488031251E-013
   26447301.2957861       -8787878.78787879      -1.831093574540892E-013
   26447301.2957861       -8585858.58585859      -2.391432258232709E-013
   26447301.2957861       -8383838.38383838      -3.053005078654580E-013
   26447301.2957861       -8181818.18181818      -3.826798128796439E-013
   26447301.2957861       -7979797.97979798      -4.722436155605196E-013
   26447301.2957861       -7777777.77777778      -5.746059105232063E-013
   26447301.2957861       -7575757.57575758      -6.897099035987844E-013
   26447301.2957861       -7373737.37373737      -8.164600128668480E-013
   26447301.2957861       -7171717.17171717      -9.525320618608327E-013
   26447301.2957861       -6969696.96969697      -1.094840613762274E-012
   26447301.2957861       -6767676.76767677      -1.241457480010345E-012
   26447301.2957861       -6565656.56565657      -1.396024809172363E-012
   26447301.2957861       -6363636.36363636      -1.575635404123317E-012
   26447301.2957861       -6161616.16161616      -1.822374309174858E-012
   26447301.2957861       -5959595.95959596      -2.216783050243005E-012
   26447301.2957861       -5757575.75757576      -2.888121657950454E-012
   26447301.2957861       -5555555.55555556      -4.011674767215957E-012
   26447301.2957861       -5353535.35353535      -5.778677152910320E-012
   26447301.2957861       -5151515.15151515      -8.322321463386190E-012
   26447301.2957861       -4949494.94949495      -1.158771237440998E-011
   26447301.2957861       -4747474.74747475      -1.514876023156676E-011
   26447301.2957861       -4545454.54545455      -1.800250754264527E-011
   26447301.2957861       -4343434.34343434      -1.840539406060529E-011
   26447301.2957861       -4141414.14141414      -1.383668272216180E-011
   26447301.2957861       -3939393.93939394      -1.142408490110839E-012
   26447301.2957861       -3737373.73737374       2.322972243136321E-011
   26447301.2957861       -3535353.53535354       6.331300687508829E-011
   26447301.2957861       -3333333.33333333       1.249657349416736E-010
   26447301.2957861       -3131313.13131313       2.201382210583105E-010
   26447301.2957861       -2929292.92929293       3.764643318793741E-010
   26447301.2957861       -2727272.72727273       6.550225827698159E-010
   26447301.2957861       -2525252.52525253       1.178818073594034E-009
   26447301.2957861       -2323232.32323232       2.173064245747917E-009
   26447301.2957861       -2121212.12121212       4.015454870831444E-009
   26447301.2957861       -1919191.91919192       7.290493235289027E-009
   26447301.2957861       -1717171.71717172       1.283730878231191E-008
   26447301.2957861       -1515151.51515152       2.177643180735836E-008
   26447301.2957861       -1313131.31313131       3.549908609094157E-008
   26447301.2957861       -1111111.11111111       5.560383302968047E-008
   26447301.2957861       -909090.909090910       8.377037075478516E-008
   26447301.2957861       -707070.707070708       1.215686491027733E-007
   26447301.2957861       -505050.505050506       1.702121447512336E-007
   26447301.2957861       -303030.303030305       2.302756290072992E-007
   26447301.2957861       -101010.101010101       3.014084606964941E-007
   26447301.2957861        101010.101010101       3.820830101613424E-007
   26447301.2957861        303030.303030303       4.694233148989813E-007
   26447301.2957861        505050.505050505       5.591607747846213E-007
   26447301.2957861        707070.707070706       6.457607465289605E-007
   26447301.2957861        909090.909090908       7.227547265121525E-007
   26447301.2957861        1111111.11111111       7.832947957211427E-007
   26447301.2957861        1313131.31313131       8.209167944237922E-007
   26447301.2957861        1515151.51515151       8.304538557694093E-007
   26447301.2957861        1717171.71717172       8.089841655223564E-007
   26447301.2957861        1919191.91919192       7.566362452391498E-007
   26447301.2957861        2121212.12121212       6.770332285649861E-007
   26447301.2957861        2323232.32323232       5.771654109553250E-007
   26447301.2957861        2525252.52525252       4.665669699452739E-007
   26447301.2957861        2727272.72727273       3.558455121219528E-007
   26447301.2957861        2929292.92929293       2.548364847512186E-007
   26447301.2957861        3131313.13131313       1.708448147912076E-007
   26447301.2957861        3333333.33333333       1.074884859661021E-007
   26447301.2957861        3535353.53535353       6.450554601848975E-008
   26447301.2957861        3737373.73737374       3.855682837359709E-008
   26447301.2957861        3939393.93939394       2.468990879215503E-008
   26447301.2957861        4141414.14141414       1.790724721846390E-008
   26447301.2957861        4343434.34343434       1.431578392209142E-008
   26447301.2957861        4545454.54545454       1.159255556486537E-008
   26447301.2957861        4747474.74747475       8.824199980548953E-009
   26447301.2957861        4949494.94949495       5.996676370683174E-009
   26447301.2957861        5151515.15151515       3.447008189080454E-009
   26447301.2957861        5353535.35353535       1.481251694678689E-009
   26447301.2957861        5555555.55555555       2.130136071176635E-010
   26447301.2957861        5757575.75757576      -4.308257528215309E-010
   26447301.2957861        5959595.95959596      -6.270634137562469E-010
   26447301.2957861        6161616.16161616      -5.687634464125970E-010
   26447301.2957861        6363636.36363636      -4.096680055864072E-010
   26447301.2957861        6565656.56565657      -2.452887188910762E-010
   26447301.2957861        6767676.76767677      -1.192696216618791E-010
   26447301.2957861        6969696.96969697      -4.050976842903775E-011
   26447301.2957861        7171717.17171717      -4.533265237074693E-013
   26447301.2957861        7373737.37373737       1.450967287955153E-011
   26447301.2957861        7575757.57575757       1.635932554898918E-011
   26447301.2957861        7777777.77777778       1.313531940537782E-011
   26447301.2957861        7979797.97979798       9.120844050472098E-012
   26447301.2957861        8181818.18181818       5.990035394215395E-012
   26447301.2957861        8383838.38383838       4.002724029740929E-012
   26447301.2957861        8585858.58585858       2.863649334128237E-012
   26447301.2957861        8787878.78787879       2.196520384191077E-012
   26447301.2957861        8989898.98989899       1.731193572336373E-012
   26447301.2957861        9191919.19191919       1.329662269076074E-012
   26447301.2957861        9393939.39393939       9.478208518417865E-013
   26447301.2957861        9595959.59595960       5.884838399172130E-013
   26447301.2957861        9797979.79797980       2.680172725852896E-013
   26447301.2957861        10000000.0000000       0.000000000000000E+000
   27108458.3205795       -10000000.0000000       0.000000000000000E+000
   27108458.3205795       -9797979.79797980      -1.886791233015194E-014
   27108458.3205795       -9595959.59595960      -4.261459190118675E-014
   27108458.3205795       -9393939.39393939      -7.225723746938824E-014
   27108458.3205795       -9191919.19191919      -1.089237873860833E-013
   27108458.3205795       -8989898.98989899      -1.538302028392906E-013
   27108458.3205795       -8787878.78787879      -2.082492216125594E-013
   27108458.3205795       -8585858.58585859      -2.734760667774162E-013
   27108458.3205795       -8383838.38383838      -3.508020044857888E-013
   27108458.3205795       -8181818.18181818      -4.415102732919460E-013
   27108458.3205795       -7979797.97979798      -5.469056915746200E-013
   27108458.3205795       -7777777.77777778      -6.683712280226910E-013
   27108458.3205795       -7575757.57575758      -8.074033920713250E-013
   27108458.3205795       -7373737.37373737      -9.655099027733390E-013
   27108458.3205795       -7171717.17171717      -1.143769458497451E-012
   27108458.3205795       -6969696.96969697      -1.341795695072522E-012
   27108458.3205795       -6767676.76767677      -1.555899792190992E-012
   27108458.3205795       -6565656.56565657      -1.776539595972098E-012
   27108458.3205795       -6363636.36363636      -1.985833587794959E-012
   27108458.3205795       -6161616.16161616      -2.157121183968553E-012
   27108458.3205795       -5959595.95959596      -2.260218218841045E-012
   27108458.3205795       -5757575.75757576      -2.277756636403360E-012
   27108458.3205795       -5555555.55555556      -2.238881630163974E-012
   27108458.3205795       -5353535.35353535      -2.275025890285056E-012
   27108458.3205795       -5151515.15151515      -2.696373568643507E-012
   27108458.3205795       -4949494.94949495      -4.074866824287030E-012
   27108458.3205795       -4747474.74747475      -7.299257524636768E-012
   27108458.3205795       -4545454.54545455      -1.354172445703649E-011
   27108458.3205795       -4343434.34343434      -2.405078335626008E-011
   27108458.3205795       -4141414.14141414      -3.967460935757636E-011
   27108458.3205795       -3939393.93939394      -6.004087327770305E-011
   27108458.3205795       -3737373.73737374      -8.239309894281610E-011
   27108458.3205795       -3535353.53535354      -1.002204822165033E-010
   27108458.3205795       -3333333.33333333      -1.020081263716335E-010
   27108458.3205795       -3131313.13131313      -7.063460676136622E-011
   27108458.3205795       -2929292.92929293       1.592624251575169E-011
   27108458.3205795       -2727272.72727273       1.819850572231870E-010
   27108458.3205795       -2525252.52525253       4.492876529976242E-010
   27108458.3205795       -2323232.32323232       8.302115713121504E-010
   27108458.3205795       -2121212.12121212       1.320053224030597E-009
   27108458.3205795       -1919191.91919192       1.890176215575101E-009
   27108458.3205795       -1717171.71717172       2.484163323350829E-009
   27108458.3205795       -1515151.51515152       3.018858871786241E-009
   27108458.3205795       -1313131.31313131       3.391215140817934E-009
   27108458.3205795       -1111111.11111111       3.490369121310296E-009
   27108458.3205795       -909090.909090910       3.212866977439079E-009
   27108458.3205795       -707070.707070708       2.478055094626839E-009
   27108458.3205795       -505050.505050506       1.240876361985461E-009
   27108458.3205795       -303030.303030305      -4.992482118774756E-010
   27108458.3205795       -101010.101010101      -2.692580313576102E-009
   27108458.3205795        101010.101010101      -5.233454703208894E-009
   27108458.3205795        303030.303030303      -7.951636688518803E-009
   27108458.3205795        505050.505050505      -1.059940596844558E-008
   27108458.3205795        707070.707070706      -1.283777041269306E-008
   27108458.3205795        909090.909090908      -1.423135162090076E-008
   27108458.3205795        1111111.11111111      -1.426660527060304E-008
   27108458.3205795        1313131.31313131      -1.240871444762129E-008
   27108458.3205795        1515151.51515151      -8.205534407396012E-009
   27108458.3205795        1717171.71717172      -1.431167209048880E-009
   27108458.3205795        1919191.91919192       7.760287374272357E-009
   27108458.3205795        2121212.12121212       1.872114685951026E-008
   27108458.3205795        2323232.32323232       3.029580931679182E-008
   27108458.3205795        2525252.52525252       4.095074857007598E-008
   27108458.3205795        2727272.72727273       4.905337266007216E-008
   27108458.3205795        2929292.92929293       5.324604124692032E-008
   27108458.3205795        3131313.13131313       5.280816462062707E-008
   27108458.3205795        3333333.33333333       4.787941567139997E-008
   27108458.3205795        3535353.53535353       3.945009358215613E-008
   27108458.3205795        3737373.73737374       2.910556805846568E-008
   27108458.3205795        3939393.93939394       1.860739566764173E-008
   27108458.3205795        4141414.14141414       9.457629697044961E-009
   27108458.3205795        4343434.34343434       2.592055569832141E-009
   27108458.3205795        4545454.54545454      -1.715627344190808E-009
   27108458.3205795        4747474.74747475      -3.747548005431087E-009
   27108458.3205795        4949494.94949495      -4.113770929251741E-009
   27108458.3205795        5151515.15151515      -3.506374057898410E-009
   27108458.3205795        5353535.35353535      -2.515286112710725E-009
   27108458.3205795        5555555.55555555      -1.538699297599586E-009
   27108458.3205795        5757575.75757576      -7.779818768173817E-010
   27108458.3205795        5959595.95959596      -2.839997370539747E-010
   27108458.3205795        6161616.16161616      -1.965315536450153E-011
   27108458.3205795        6363636.36363636       8.587659027175123E-011
   27108458.3205795        6565656.56565657       1.018263969602893E-010
   27108458.3205795        6767676.76767677       7.948210441895264E-011
   27108458.3205795        6969696.96969697       4.930931638697658E-011
   27108458.3205795        7171717.17171717       2.513542337395583E-011
   27108458.3205795        7373737.37373737       1.037617376211301E-011
   27108458.3205795        7575757.57575757       3.453252810968928E-012
   27108458.3205795        7777777.77777778       1.367093333606777E-012
   27108458.3205795        7979797.97979798       1.501201845017258E-012
   27108458.3205795        8181818.18181818       2.196644970029185E-012
   27108458.3205795        8383838.38383838       2.674925802663634E-012
   27108458.3205795        8585858.58585858       2.733653118682141E-012
   27108458.3205795        8787878.78787879       2.450162249913574E-012
   27108458.3205795        8989898.98989899       1.981439049961849E-012
   27108458.3205795        9191919.19191919       1.463856590761011E-012
   27108458.3205795        9393939.39393939       9.823052972608532E-013
   27108458.3205795        9595959.59595960       5.749862544397489E-013
   27108458.3205795        9797979.79797980       2.497638321867863E-013
   27108458.3205795        10000000.0000000       0.000000000000000E+000
   27777777.7777778       -10000000.0000000       0.000000000000000E+000
   27777777.7777778       -9797979.79797980      -2.011462918607261E-014
   27777777.7777778       -9595959.59595960      -4.565696657426420E-014
   27777777.7777778       -9393939.39393939      -7.784604658515640E-014
   27777777.7777778       -9191919.19191919      -1.180647741419914E-013
   27777777.7777778       -8989898.98989899      -1.678431361995783E-013
   27777777.7777778       -8787878.78787879      -2.288222799066183E-013
   27777777.7777778       -8585858.58585859      -3.026941840282656E-013
   27777777.7777778       -8383838.38383838      -3.911129128387799E-013
   27777777.7777778       -8181818.18181818      -4.955802252706229E-013
   27777777.7777778       -7979797.97979798      -6.173231860542322E-013
   27777777.7777778       -7777777.77777778      -7.572062014622947E-013
   27777777.7777778       -7575757.57575758      -9.157518175790124E-013
   27777777.7777778       -7373737.37373737      -1.093371420885465E-012
   27777777.7777778       -7171717.17171717      -1.290901715020097E-012
   27777777.7777778       -6969696.96969697      -1.510461419296023E-012
   27777777.7777778       -6767676.76767677      -1.756429482640806E-012
   27777777.7777778       -6565656.56565657      -2.035955023313363E-012
   27777777.7777778       -6363636.36363636      -2.357845823600629E-012
   27777777.7777778       -6161616.16161616      -2.728069703460706E-012
   27777777.7777778       -5959595.95959596      -3.139761004088037E-012
   27777777.7777778       -5757575.75757576      -3.556131394523393E-012
   27777777.7777778       -5555555.55555556      -3.886871560834248E-012
   27777777.7777778       -5353535.35353535      -3.963432087845270E-012
   27777777.7777778       -5151515.15151515      -3.526654571443835E-012
   27777777.7777778       -4949494.94949495      -2.251355127263833E-012
   27777777.7777778       -4747474.74747475       1.553290115287374E-013
   27777777.7777778       -4545454.54545455       3.736273464741991E-012
   27777777.7777778       -4343434.34343434       7.904051768585497E-012
   27777777.7777778       -4141414.14141414       1.087768937074072E-011
   27777777.7777778       -3939393.93939394       8.969974619379747E-012
   27777777.7777778       -3737373.73737374      -4.150997130245207E-012
   27777777.7777778       -3535353.53535354      -3.798011134649044E-011
   27777777.7777778       -3333333.33333333      -1.050933540368953E-010
   27777777.7777778       -3131313.13131313      -2.199792625470538E-010
   27777777.7777778       -2929292.92929293      -3.962738939057732E-010
   27777777.7777778       -2727272.72727273      -6.420097277249938E-010
   27777777.7777778       -2525252.52525253      -9.527975767924873E-010
   27777777.7777778       -2323232.32323232      -1.303362378848062E-009
   27777777.7777778       -2121212.12121212      -1.638492628235036E-009
   27777777.7777778       -1919191.91919192      -1.865116500818934E-009
   27777777.7777778       -1717171.71717172      -1.847713390921302E-009
   27777777.7777778       -1515151.51515152      -1.409427259479556E-009
   27777777.7777778       -1313131.31313131      -3.409339933236086E-010
   27777777.7777778       -1111111.11111111       1.581709307691825E-009
   27777777.7777778       -909090.909090910       4.570259827799261E-009
   27777777.7777778       -707070.707070708       8.790061261823483E-009
   27777777.7777778       -505050.505050506       1.432145504942722E-008
   27777777.7777778       -303030.303030305       2.112124458702844E-008
   27777777.7777778       -101010.101010101       2.898966391886354E-008
   27777777.7777778        101010.101010101       3.754895422198822E-008
   27777777.7777778        303030.303030303       4.623984786846828E-008
   27777777.7777778        505050.505050505       5.434184023852383E-008
   27777777.7777778        707070.707070706       6.102177557930291E-008
   27777777.7777778        909090.909090908       6.541253896582384E-008
   27777777.7777778        1111111.11111111       6.671913201371707E-008
   27777777.7777778        1313131.31313131       6.434307399389727E-008
   27777777.7777778        1515151.51515151       5.800859329403800E-008
   27777777.7777778        1717171.71717172       4.786711131624590E-008
   27777777.7777778        1919191.91919192       3.455263363180017E-008
   27777777.7777778        2121212.12121212       1.916276651240268E-008
   27777777.7777778        2323232.32323232       3.150368857922462E-009
   27777777.7777778        2525252.52525252      -1.187055913312114E-008
   27777777.7777778        2727272.72727273      -2.437739330776953E-008
   27777777.7777778        2929292.92929293      -3.320012678635248E-008
   27777777.7777778        3131313.13131313      -3.772940956479233E-008
   27777777.7777778        3333333.33333333      -3.801482923858525E-008
   27777777.7777778        3535353.53535353      -3.472219837324898E-008
   27777777.7777778        3737373.73737374      -2.895809433574179E-008
   27777777.7777778        3939393.93939394      -2.201011825676245E-008
   27777777.7777778        4141414.14141414      -1.507631358002203E-008
   27777777.7777778        4343434.34343434      -9.056147784602512E-009
   27777777.7777778        4545454.54545454      -4.449016105849124E-009
   27777777.7777778        4747474.74747475      -1.366533878943151E-009
   27777777.7777778        4949494.94949495       3.707876915094761E-010
   27777777.7777778        5151515.15151515       1.100265517162368E-009
   27777777.7777778        5353535.35353535       1.192697359289567E-009
   27777777.7777778        5555555.55555555       9.657788572690024E-010
   27777777.7777778        5757575.75757576       6.434258911444607E-010
   27777777.7777778        5959595.95959596       3.531710193825436E-010
   27777777.7777778        6161616.16161616       1.463577073334492E-010
   27777777.7777778        6363636.36363636       2.607655848487702E-011
   27777777.7777778        6565656.56565657      -2.761740711084779E-011
   27777777.7777778        6767676.76767677      -4.009556449687402E-011
   27777777.7777778        6969696.96969697      -3.268032509166921E-011
   27777777.7777778        7171717.17171717      -1.942946951376577E-011
   27777777.7777778        7373737.37373737      -7.625236108951438E-012
   27777777.7777778        7575757.57575757       2.121466485805856E-013
   27777777.7777778        7777777.77777778       4.188077181106961E-012
   27777777.7777778        7979797.97979798       5.429188642845241E-012
   27777777.7777778        8181818.18181818       5.147499285416230E-012
   27777777.7777778        8383838.38383838       4.243355273579650E-012
   27777777.7777778        8585858.58585858       3.239622973209236E-012
   27777777.7777778        8787878.78787879       2.366464416041935E-012
   27777777.7777778        8989898.98989899       1.679859927892475E-012
   27777777.7777778        9191919.19191919       1.157602164209463E-012
   27777777.7777778        9393939.39393939       7.576458197663952E-013
   27777777.7777778        9595959.59595960       4.445524115739692E-013
   27777777.7777778        9797979.79797980       1.960958239228957E-013
   27777777.7777778        10000000.0000000       0.000000000000000E+000
   28455259.6673809       -10000000.0000000       0.000000000000000E+000
   28455259.6673809       -9797979.79797980      -2.084034057341701E-014
   28455259.6673809       -9595959.59595960      -4.751864955659354E-014
   28455259.6673809       -9393939.39393939      -8.142652874576478E-014
   28455259.6673809       -9191919.19191919      -1.241628776551189E-013
   28455259.6673809       -8989898.98989899      -1.775250009053929E-013
   28455259.6673809       -8787878.78787879      -2.434878343053575E-013
   28455259.6673809       -8585858.58585859      -3.241686473795990E-013
   28455259.6673809       -8383838.38383838      -4.217709679421280E-013
   28455259.6673809       -8181818.18181818      -5.384949627758991E-013
   28455259.6673809       -7979797.97979798      -6.763924090135886E-013
   28455259.6673809       -7777777.77777778      -8.371362782162460E-013
   28455259.6673809       -7575757.57575758      -1.021676598045702E-012
   28455259.6673809       -7373737.37373737      -1.229781052800137E-012
   28455259.6673809       -7171717.17171717      -1.459531676991608E-012
   28455259.6673809       -6969696.96969697      -1.706988127650382E-012
   28455259.6673809       -6767676.76767677      -1.966438192012641E-012
   28455259.6673809       -6565656.56565657      -2.231902519120748E-012
   28455259.6673809       -6363636.36363636      -2.500736630160242E-012
   28455259.6673809       -6161616.16161616      -2.780071061285747E-012
   28455259.6673809       -5959595.95959596      -3.096131578607828E-012
   28455259.6673809       -5757575.75757576      -3.504798850021356E-012
   28455259.6673809       -5555555.55555556      -4.098773214417240E-012
   28455259.6673809       -5353535.35353535      -5.002377909105107E-012
   28455259.6673809       -5151515.15151515      -6.339985516702626E-012
   28455259.6673809       -4949494.94949495      -8.159950312186155E-012
   28455259.6673809       -4747474.74747475      -1.029575232168514E-011
   28455259.6673809       -4545454.54545455      -1.215400721288660E-011
   28455259.6673809       -4343434.34343434      -1.243972036536330E-011
   28455259.6673809       -4141414.14141414      -8.866079684385610E-012
   28455259.6673809       -3939393.93939394       2.051205928035660E-012
   28455259.6673809       -3737373.73737374       2.495367658765445E-011
   28455259.6673809       -3535353.53535354       6.513885334094960E-011
   28455259.6673809       -3333333.33333333       1.273615383735910E-010
   28455259.6673809       -3131313.13131313       2.137423230078348E-010
   28455259.6673809       -2929292.92929293       3.207167939234078E-010
   28455259.6673809       -2727272.72727273       4.351843693899485E-010
   28455259.6673809       -2525252.52525253       5.303170189103816E-010
   28455259.6673809       -2323232.32323232       5.618079140145307E-010
   28455259.6673809       -2121212.12121212       4.655885928004918E-010
   28455259.6673809       -1919191.91919192       1.581180774459944E-010
   28455259.6673809       -1717171.71717172      -4.598335079906292E-010
   28455259.6673809       -1515151.51515152      -1.495445437666602E-009
   28455259.6673809       -1313131.31313131      -3.052371924112301E-009
   28455259.6673809       -1111111.11111111      -5.216514967031564E-009
   28455259.6673809       -909090.909090910      -8.040677450376089E-009
   28455259.6673809       -707070.707070708      -1.153009477994572E-008
   28455259.6673809       -505050.505050506      -1.563083071662191E-008
   28455259.6673809       -303030.303030305      -2.022266229523860E-008
   28455259.6673809       -101010.101010101      -2.511751356377256E-008
   28455259.6673809        101010.101010101      -3.006392647435689E-008
   28455259.6673809        303030.303030303      -3.475764519634013E-008
   28455259.6673809        505050.505050505      -3.885819445639412E-008
   28455259.6673809        707070.707070706      -4.201127166062002E-008
   28455259.6673809        909090.909090908      -4.387665600192257E-008
   28455259.6673809        1111111.11111111      -4.416094212343807E-008
   28455259.6673809        1313131.31313131      -4.265356534236815E-008
   28455259.6673809        1515151.51515151      -3.926326492173839E-008
   28455259.6673809        1717171.71717172      -3.405047114387379E-008
   28455259.6673809        1919191.91919192      -2.724944036433178E-008
   28455259.6673809        2121212.12121212      -1.927285781058456E-008
   28455259.6673809        2323232.32323232      -1.069184866921383E-008
   28455259.6673809        2525252.52525252      -2.186743101488320E-009
   28455259.6673809        2727272.72727273       5.530861481923092E-009
   28455259.6673809        2929292.92929293       1.181643823628750E-008
   28455259.6673809        3131313.13131313       1.619432347774539E-008
   28455259.6673809        3333333.33333333       1.843972434548955E-008
   28455259.6673809        3535353.53535353       1.861759021157694E-008
   28455259.6673809        3737373.73737374       1.706347399678449E-008
   28455259.6673809        3939393.93939394       1.430739961699986E-008
   28455259.6673809        4141414.14141414       1.095966615302198E-008
   28455259.6673809        4343434.34343434       7.589881596913219E-009
   28455259.6673809        4545454.54545454       4.631553460151303E-009
   28455259.6673809        4747474.74747475       2.333763148131716E-009
   28455259.6673809        4949494.94949495       7.640094666323774E-010
   28455259.6673809        5151515.15151515      -1.499017597841221E-010
   28455259.6673809        5353535.35353535      -5.598210175893987E-010
   28455259.6673809        5555555.55555555      -6.395880980084640E-010
   28455259.6673809        5757575.75757576      -5.432820162408836E-010
   28455259.6673809        5959595.95959596      -3.838958479693370E-010
   28455259.6673809        6161616.16161616      -2.296923979436349E-010
   28455259.6673809        6363636.36363636      -1.118252003575673E-010
   28455259.6673809        6565656.56565657      -3.650808505191730E-011
   28455259.6673809        6767676.76767677       3.226230250667710E-012
   28455259.6673809        6969696.96969697       1.876641318949068E-011
   28455259.6673809        7171717.17171717       2.075798701323251E-011
   28455259.6673809        7373737.37373737       1.692716397203017E-011
   28455259.6673809        7575757.57575757       1.183788417344826E-011
   28455259.6673809        7777777.77777778       7.586620036790243E-012
   28455259.6673809        7979797.97979798       4.732892252884808E-012
   28455259.6673809        8181818.18181818       3.087955471881727E-012
   28455259.6673809        8383838.38383838       2.233590187797555E-012
   28455259.6673809        8585858.58585858       1.788876434538000E-012
   28455259.6673809        8787878.78787879       1.501563677641793E-012
   28455259.6673809        8989898.98989899       1.244451583979082E-012
   28455259.6673809        9191919.19191919       9.761371926312408E-013
   28455259.6673809        9393939.39393939       6.998772121636942E-013
   28455259.6673809        9595959.59595960       4.342086328459502E-013
   28455259.6673809        9797979.79797980       1.970138966395838E-013
   28455259.6673809        10000000.0000000       0.000000000000000E+000
   29140903.9893888       -10000000.0000000       0.000000000000000E+000
   29140903.9893888       -9797979.79797980      -2.102729612022201E-014
   29140903.9893888       -9595959.59595960      -4.816951376301061E-014
   29140903.9893888       -9393939.39393939      -8.298770486512131E-014
   29140903.9893888       -9191919.19191919      -1.272956596301538E-013
   29140903.9893888       -8989898.98989899      -1.831465136233014E-013
   29140903.9893888       -8787878.78787879      -2.528002744847105E-013
   29140903.9893888       -8585858.58585859      -3.386727902059391E-013
   29140903.9893888       -8383838.38383838      -4.432709779905905E-013
   29140903.9893888       -8181818.18181818      -5.691242988435393E-013
   29140903.9893888       -7979797.97979798      -7.187254444787767E-013
   29140903.9893888       -7777777.77777778      -8.944885864708375E-013
   29140903.9893888       -7575757.57575758      -1.098713357543661E-012
   29140903.9893888       -7373737.37373737      -1.333498272018640E-012
   29140903.9893888       -7171717.17171717      -1.600473940329605E-012
   29140903.9893888       -6969696.96969697      -1.900132629070964E-012
   29140903.9893888       -6767676.76767677      -2.230450722469617E-012
   29140903.9893888       -6565656.56565657      -2.584508346216655E-012
   29140903.9893888       -6363636.36363636      -2.947027329577815E-012
   29140903.9893888       -6161616.16161616      -3.290334359131991E-012
   29140903.9893888       -5959595.95959596      -3.571365576215492E-012
   29140903.9893888       -5757575.75757576      -3.733021918167003E-012
   29140903.9893888       -5555555.55555556      -3.715283285748466E-012
   29140903.9893888       -5353535.35353535      -3.483403052499114E-012
   29140903.9893888       -5151515.15151515      -3.081080819915654E-012
   29140903.9893888       -4949494.94949495      -2.714029463228181E-012
   29140903.9893888       -4747474.74747475      -2.861801567925335E-012
   29140903.9893888       -4545454.54545455      -4.401529745138672E-012
   29140903.9893888       -4343434.34343434      -8.706370168709593E-012
   29140903.9893888       -4141414.14141414      -1.765695950195052E-011
   29140903.9893888       -3939393.93939394      -3.348333533425677E-011
   29140903.9893888       -3737373.73737374      -5.834895659851124E-011
   29140903.9893888       -3535353.53535354      -9.361121688871947E-011
   29140903.9893888       -3333333.33333333      -1.387551083740065E-010
   29140903.9893888       -3131313.13131313      -1.901001754029097E-010
   29140903.9893888       -2929292.92929293      -2.395115986784006E-010
   29140903.9893888       -2727272.72727273      -2.734715275431087E-010
   29140903.9893888       -2525252.52525253      -2.729393087285469E-010
   29140903.9893888       -2323232.32323232      -2.143995181968912E-010
   29140903.9893888       -2121212.12121212      -7.233199937352617E-011
   29140903.9893888       -1919191.91919192       1.769577276927991E-010
   29140903.9893888       -1717171.71717172       5.505842637622356E-010
   29140903.9893888       -1515151.51515152       1.054199120003499E-009
   29140903.9893888       -1313131.31313131       1.677999017371457E-009
   29140903.9893888       -1111111.11111111       2.394642490130484E-009
   29140903.9893888       -909090.909090910       3.159820263792771E-009
   29140903.9893888       -707070.707070708       3.915730264013499E-009
   29140903.9893888       -505050.505050506       4.597110094812191E-009
   29140903.9893888       -303030.303030305       5.138934950090488E-009
   29140903.9893888       -101010.101010101       5.484534120062794E-009
   29140903.9893888        101010.101010101       5.592783747909454E-009
   29140903.9893888        303030.303030303       5.443182664475445E-009
   29140903.9893888        505050.505050505       5.037937790937305E-009
   29140903.9893888        707070.707070706       4.400593656490398E-009
   29140903.9893888        909090.909090908       3.571196779562725E-009
   29140903.9893888        1111111.11111111       2.598507908467881E-009
   29140903.9893888        1313131.31313131       1.530404703878238E-009
   29140903.9893888        1515151.51515151       4.043405872304914E-010
   29140903.9893888        1717171.71717172      -7.596140757294161E-010
   29140903.9893888        1919191.91919192      -1.960363955976194E-009
   29140903.9893888        2121212.12121212      -3.209829233347269E-009
   29140903.9893888        2323232.32323232      -4.519069545743154E-009
   29140903.9893888        2525252.52525252      -5.879106606033876E-009
   29140903.9893888        2727272.72727273      -7.242418388535794E-009
   29140903.9893888        2929292.92929293      -8.513278580631708E-009
   29140903.9893888        3131313.13131313      -9.554374396105034E-009
   29140903.9893888        3333333.33333333      -1.021246373407402E-008
   29140903.9893888        3535353.53535353      -1.035815374906314E-008
   29140903.9893888        3737373.73737374      -9.927346703173720E-009
   29140903.9893888        3939393.93939394      -8.948659985553203E-009
   29140903.9893888        4141414.14141414      -7.544880315363292E-009
   29140903.9893888        4343434.34343434      -5.906328548224085E-009
   29140903.9893888        4545454.54545454      -4.245305079011308E-009
   29140903.9893888        4747474.74747475      -2.747866189637633E-009
   29140903.9893888        4949494.94949495      -1.538742695522430E-009
   29140903.9893888        5151515.15151515      -6.682102124595769E-010
   29140903.9893888        5353535.35353535      -1.203704806909898E-010
   29140903.9893888        5555555.55555555       1.647973815366424E-010
   29140903.9893888        5757575.75757576       2.656611791776630E-010
   29140903.9893888        5959595.95959596       2.575684374630441E-010
   29140903.9893888        6161616.16161616       1.999378496745624E-010
   29140903.9893888        6363636.36363636       1.319058721377021E-010
   29140903.9893888        6565656.56565657       7.416951630068311E-011
   29140903.9893888        6767676.76767677       3.394457559278973E-011
   29140903.9893888        6969696.96969697       1.046645388864916E-011
   29140903.9893888        7171717.17171717      -5.137873819351510E-013
   29140903.9893888        7373737.37373737      -3.799583949949145E-012
   29140903.9893888        7575757.57575757      -3.277703848298748E-012
   29140903.9893888        7777777.77777778      -1.487286824446238E-012
   29140903.9893888        7979797.97979798       2.321283524398870E-013
   29140903.9893888        8181818.18181818       1.373955791187566E-012
   29140903.9893888        8383838.38383838       1.897660886677006E-012
   29140903.9893888        8585858.58585858       1.957477472185072E-012
   29140903.9893888        8787878.78787879       1.742513158568117E-012
   29140903.9893888        8989898.98989899       1.404898534757116E-012
   29140903.9893888        9191919.19191919       1.042354189409826E-012
   29140903.9893888        9393939.39393939       7.065751208513991E-013
   29140903.9893888        9595959.59595960       4.189246530681296E-013
   29140903.9893888        9797979.79797980       1.842552942053331E-013
   29140903.9893888        10000000.0000000       0.000000000000000E+000
   29834710.7438017       -10000000.0000000       0.000000000000000E+000
   29834710.7438017       -9797979.79797980      -2.067803033761543E-014
   29834710.7438017       -9595959.59595960      -4.758870716851187E-014
   29834710.7438017       -9393939.39393939      -8.244258568544568E-014
   29834710.7438017       -9191919.19191919      -1.272638976717559E-013
   29834710.7438017       -8989898.98989899      -1.843886611149899E-013
   29834710.7438017       -8787878.78787879      -2.564372145630397E-013
   29834710.7438017       -8585858.58585859      -3.462534513578636E-013
   29834710.7438017       -8383838.38383838      -4.568022772919305E-013
   29834710.7438017       -8181818.18181818      -5.910197866312837E-013
   29834710.7438017       -7979797.97979798      -7.516194428462436E-013
   29834710.7438017       -7777777.77777778      -9.408755591991854E-013
   29834710.7438017       -7575757.57575758      -1.160435121208847E-012
   29834710.7438017       -7373737.37373737      -1.411248981661651E-012
   29834710.7438017       -7171717.17171717      -1.693753286213767E-012
   29834710.7438017       -6969696.96969697      -2.008446350360430E-012
   29834710.7438017       -6767676.76767677      -2.356950056230606E-012
   29834710.7438017       -6565656.56565657      -2.743454053774061E-012
   29834710.7438017       -6363636.36363636      -3.176045156804100E-012
   29834710.7438017       -6161616.16161616      -3.666778507481116E-012
   29834710.7438017       -5959595.95959596      -4.228488263634493E-012
   29834710.7438017       -5757575.75757576      -4.865458665261683E-012
   29834710.7438017       -5555555.55555556      -5.554610390532224E-012
   29834710.7438017       -5353535.35353535      -6.214496977386982E-012
   29834710.7438017       -5151515.15151515      -6.662031000373980E-012
   29834710.7438017       -4949494.94949495      -6.562260415873853E-012
   29834710.7438017       -4747474.74747475      -5.384883161879065E-012
   29834710.7438017       -4545454.54545455      -2.391417731000236E-012
   29834710.7438017       -4343434.34343434       3.314013795191816E-012
   29834710.7438017       -4141414.14141414       1.263465212132889E-011
   29834710.7438017       -3939393.93939394       2.620625107293671E-011
   29834710.7438017       -3737373.73737374       4.399996909005850E-011
   29834710.7438017       -3535353.53535354       6.485234056215593E-011
   29834710.7438017       -3333333.33333333       8.602937031226173E-011
   29834710.7438017       -3131313.13131313       1.029827342525457E-010
   29834710.7438017       -2929292.92929293       1.094753292174868E-010
   29834710.7438017       -2727272.72727273       9.821692156138998E-011
   29834710.7438017       -2525252.52525253       6.204691949464688E-011
   29834710.7438017       -2323232.32323232      -4.457701159675013E-012
   29834710.7438017       -2121212.12121212      -1.032462370461510E-010
   29834710.7438017       -1919191.91919192      -2.313584811544638E-010
   29834710.7438017       -1717171.71717172      -3.802461623597208E-010
   29834710.7438017       -1515151.51515152      -5.361965137247930E-010
   29834710.7438017       -1313131.31313131      -6.819583848927491E-010
   29834710.7438017       -1111111.11111111      -7.993524507143775E-010
   29834710.7438017       -909090.909090910      -8.723491384796409E-010
   29834710.7438017       -707070.707070708      -8.899218199365624E-010
   29834710.7438017       -505050.505050506      -8.479967552126377E-010
   29834710.7438017       -303030.303030305      -7.500315912138211E-010
   29834710.7438017       -101010.101010101      -6.060998335955616E-010
   29834710.7438017        101010.101010101      -4.307330008035646E-010
   29834710.7438017        303030.303030303      -2.400629991591824E-010
   29834710.7438017        505050.505050505      -4.893667732820836E-011
   29834710.7438017        707070.707070706       1.313796140353543E-010
   29834710.7438017        909090.909090908       2.944948719105230E-010
   29834710.7438017        1111111.11111111       4.390748822436780E-010
   29834710.7438017        1313131.31313131       5.681121274288402E-010
   29834710.7438017        1515151.51515151       6.877411582855148E-010
   29834710.7438017        1717171.71717172       8.061686029063477E-010
   29834710.7438017        1919191.91919192       9.331687788810554E-010
   29834710.7438017        2121212.12121212       1.080192518306577E-009
   29834710.7438017        2323232.32323232       1.260506908119272E-009
   29834710.7438017        2525252.52525252       1.488186532839684E-009
   29834710.7438017        2727272.72727273       1.774670773052147E-009
   29834710.7438017        2929292.92929293       2.122444397864609E-009
   29834710.7438017        3131313.13131313       2.517245534186151E-009
   29834710.7438017        3333333.33333333       2.922330270248755E-009
   29834710.7438017        3535353.53535353       3.279282721976538E-009
   29834710.7438017        3737373.73737374       3.518286762546480E-009
   29834710.7438017        3939393.93939394       3.576605066272220E-009
   29834710.7438017        4141414.14141414       3.419148062006730E-009
   29834710.7438017        4343434.34343434       3.052515665194243E-009
   29834710.7438017        4545454.54545454       2.525857544734992E-009
   29834710.7438017        4747474.74747475       1.917662998456013E-009
   29834710.7438017        4949494.94949495       1.313924216033348E-009
   29834710.7438017        5151515.15151515       7.864267703654613E-010
   29834710.7438017        5353535.35353535       3.787143361605164E-010
   29834710.7438017        5555555.55555555       1.028756046101444E-010
   29834710.7438017        5757575.75757576      -5.446753237055446E-011
   29834710.7438017        5959595.95959596      -1.214173430162442E-010
   29834710.7438017        6161616.16161616      -1.299711565286787E-010
   29834710.7438017        6363636.36363636      -1.081834081681878E-010
   29834710.7438017        6565656.56565657      -7.630720471177428E-011
   29834710.7438017        6767676.76767677      -4.631387679258959E-011
   29834710.7438017        6969696.96969697      -2.346643616325940E-011
   29834710.7438017        7171717.17171717      -8.634146813170972E-012
   29834710.7438017        7373737.37373737      -4.379769492945130E-013
   29834710.7438017        7575757.57575757       3.205298913487011E-012
   29834710.7438017        7777777.77777778       4.204414646933453E-012
   29834710.7438017        7979797.97979798       3.942027242243791E-012
   29834710.7438017        8181818.18181818       3.250254034539684E-012
   29834710.7438017        8383838.38383838       2.537299322844092E-012
   29834710.7438017        8585858.58585858       1.947016693728221E-012
   29834710.7438017        8787878.78787879       1.490956290246126E-012
   29834710.7438017        8989898.98989899       1.134239206690636E-012
   29834710.7438017        9191919.19191919       8.398108233231961E-013
   29834710.7438017        9393939.39393939       5.842812794811124E-013
   29834710.7438017        9595959.59595960       3.585419693067527E-013
   29834710.7438017        9797979.79797980       1.626459979713033E-013
   29834710.7438017        10000000.0000000       0.000000000000000E+000
   30536679.9306193       -10000000.0000000       0.000000000000000E+000
   30536679.9306193       -9797979.79797980      -1.985036428874038E-014
   30536679.9306193       -9595959.59595960      -4.590350815620185E-014
   30536679.9306193       -9393939.39393939      -7.998519737502842E-014
   30536679.9306193       -9191919.19191919      -1.242862930334699E-013
   30536679.9306193       -8989898.98989899      -1.813712800403665E-013
   30536679.9306193       -8787878.78787879      -2.541658191949884E-013
   30536679.9306193       -8585858.58585859      -3.459190540281958E-013
   30536679.9306193       -8383838.38383838      -4.601350091511638E-013
   30536679.9306193       -8181818.18181818      -6.004643144437308E-013
   30536679.9306193       -7979797.97979798      -7.705408595223745E-013
   30536679.9306193       -7777777.77777778      -9.737373881980392E-013
   30536679.9306193       -7575757.57575758      -1.212801780600458E-012
   30536679.9306193       -7373737.37373737      -1.489329352062567E-012
   30536679.9306193       -7171717.17171717      -1.803041230858234E-012
   30536679.9306193       -6969696.96969697      -2.150899023485865E-012
   30536679.9306193       -6767676.76767677      -2.526221939029078E-012
   30536679.9306193       -6565656.56565657      -2.918210761003855E-012
   30536679.9306193       -6363636.36363636      -3.312625554089820E-012
   30536679.9306193       -6161616.16161616      -3.694757042007308E-012
   30536679.9306193       -5959595.95959596      -4.056128794794898E-012
   30536679.9306193       -5757575.75757576      -4.406302510400302E-012
   30536679.9306193       -5555555.55555556      -4.790356323174511E-012
   30536679.9306193       -5353535.35353535      -5.310668021093216E-012
   30536679.9306193       -5151515.15151515      -6.148338101033761E-012
   30536679.9306193       -4949494.94949495      -7.575196670805336E-012
   30536679.9306193       -4747474.74747475      -9.942965333250044E-012
   30536679.9306193       -4545454.54545455      -1.363397112571068E-011
   30536679.9306193       -4343434.34343434      -1.896087367462403E-011
   30536679.9306193       -4141414.14141414      -2.601411744594932E-011
   30536679.9306193       -3939393.93939394      -3.447633600465865E-011
   30536679.9306193       -3737373.73737374      -4.344973984942117E-011
   30536679.9306193       -3535353.53535354      -5.136713046253864E-011
   30536679.9306193       -3333333.33333333      -5.606645124559158E-011
   30536679.9306193       -3131313.13131313      -5.508918748269191E-011
   30536679.9306193       -2929292.92929293      -4.620781364908976E-011
   30536679.9306193       -2727272.72727273      -2.810440241165979E-011
   30536679.9306193       -2525252.52525253      -1.036022816451768E-012
   30536679.9306193       -2323232.32323232       3.273121183949658E-011
   30536679.9306193       -2121212.12121212       6.892478691686107E-011
   30536679.9306193       -1919191.91919192       1.018166799280825E-010
   30536679.9306193       -1717171.71717172       1.252763765716596E-010
   30536679.9306193       -1515151.51515152       1.341063344459642E-010
   30536679.9306193       -1313131.31313131       1.253145870084647E-010
   30536679.9306193       -1111111.11111111       9.895596128346667E-011
   30536679.9306193       -909090.909090910       5.827339645871105E-011
   30536679.9306193       -707070.707070708       9.068680678313030E-012
   30536679.9306193       -505050.505050506      -4.153777803957777E-011
   30536679.9306193       -303030.303030305      -8.661690725749893E-011
   30536679.9306193       -101010.101010101      -1.208009995537368E-010
   30536679.9306193        101010.101010101      -1.411705558812950E-010
   30536679.9306193        303030.303030303      -1.474864547578622E-010
   30536679.9306193        505050.505050505      -1.418063698410135E-010
   30536679.9306193        707070.707070706      -1.276977508001139E-010
   30536679.9306193        909090.909090908      -1.093409872355291E-010
   30536679.9306193        1111111.11111111      -9.078927011145069E-011
   30536679.9306193        1313131.31313131      -7.554022312998702E-011
   30536679.9306193        1515151.51515151      -6.643108815928009E-011
   30536679.9306193        1717171.71717172      -6.575579799599162E-011
   30536679.9306193        1919191.91919192      -7.546733004183621E-011
   30536679.9306193        2121212.12121212      -9.738404244920507E-011
   30536679.9306193        2323232.32323232      -1.334183702723932E-010
   30536679.9306193        2525252.52525252      -1.858874200610236E-010
   30536679.9306193        2727272.72727273      -2.578381612945250E-010
   30536679.9306193        2929292.92929293      -3.530181848799252E-010
   30536679.9306193        3131313.13131313      -4.748509482744525E-010
   30536679.9306193        3333333.33333333      -6.239182260149897E-010
   30536679.9306193        3535353.53535353      -7.942972274366625E-010
   30536679.9306193        3737373.73737374      -9.704044863725142E-010
   30536679.9306193        3939393.93939394      -1.126843771906989E-009
   30536679.9306193        4141414.14141414      -1.233072370711183E-009
   30536679.9306193        4343434.34343434      -1.262299536833897E-009
   30536679.9306193        4545454.54545454      -1.201196108016507E-009
   30536679.9306193        4747474.74747475      -1.055776383795178E-009
   30536679.9306193        4949494.94949495      -8.503672702210604E-010
   30536679.9306193        5151515.15151515      -6.200559822233963E-010
   30536679.9306193        5353535.35353535      -4.001539932722231E-010
   30536679.9306193        5555555.55555555      -2.171569370839878E-010
   30536679.9306193        5757575.75757576      -8.422581288200254E-011
   30536679.9306193        5959595.95959596      -1.664945826581766E-012
   30536679.9306193        6161616.16161616       3.918728571676449E-011
   30536679.9306193        6363636.36363636       5.097947006852142E-011
   30536679.9306193        6565656.56565657       4.615954378312281E-011
   30536679.9306193        6767676.76767677       3.447642285031712E-011
   30536679.9306193        6969696.96969697       2.216890482827673E-011
   30536679.9306193        7171717.17171717       1.233013539346719E-011
   30536679.9306193        7373737.37373737       5.823158450204173E-012
   30536679.9306193        7575757.57575757       2.258340988653223E-012
   30536679.9306193        7777777.77777778       7.611171666180741E-013
   30536679.9306193        7979797.97979798       4.481102597670182E-013
   30536679.9306193        8181818.18181818       6.471414043943960E-013
   30536679.9306193        8383838.38383838       9.440591914566228E-013
   30536679.9306193        8585858.58585858       1.139513692154790E-012
   30536679.9306193        8787878.78787879       1.176675287598066E-012
   30536679.9306193        8989898.98989899       1.074582630081018E-012
   30536679.9306193        9191919.19191919       8.808182150199983E-013
   30536679.9306193        9393939.39393939       6.443575139243163E-013
   30536679.9306193        9595959.59595960       4.036794640722436E-013
   30536679.9306193        9797979.79797980       1.841257418135699E-013
   30536679.9306193        10000000.0000000       0.000000000000000E+000
   31246811.5498419       -10000000.0000000       0.000000000000000E+000
   31246811.5498419       -9797979.79797980      -1.856922426237874E-014
   31246811.5498419       -9595959.59595960      -4.317709427519137E-014
   31246811.5498419       -9393939.39393939      -7.575231627578831E-014
   31246811.5498419       -9191919.19191919      -1.186453970880131E-013
   31246811.5498419       -8989898.98989899      -1.746429278372928E-013
   31246811.5498419       -8787878.78787879      -2.469521489323719E-013
   31246811.5498419       -8585858.58585859      -3.391494075376130E-013
   31246811.5498419       -8383838.38383838      -4.550889683128286E-013
   31246811.5498419       -8181818.18181818      -5.987754314978452E-013
   31246811.5498419       -7979797.97979798      -7.742126406124911E-013
   31246811.5498419       -7777777.77777778      -9.852521900441373E-013
   31246811.5498419       -7575757.57575758      -1.235470127329395E-012
   31246811.5498419       -7373737.37373737      -1.528091719663524E-012
   31246811.5498419       -7171717.17171717      -1.865947827809570E-012
   31246811.5498419       -6969696.96969697      -2.251367933775168E-012
   31246811.5498419       -6767676.76767677      -2.685785335389784E-012
   31246811.5498419       -6565656.56565657      -3.168658377651507E-012
   31246811.5498419       -6363636.36363636      -3.695141110290529E-012
   31246811.5498419       -6161616.16161616      -4.251861692100095E-012
   31246811.5498419       -5959595.95959596      -4.810339230690830E-012
   31246811.5498419       -5757575.75757576      -5.318180240943584E-012
   31246811.5498419       -5555555.55555556      -5.689409313457662E-012
   31246811.5498419       -5353535.35353535      -5.797119806209132E-012
   31246811.5498419       -5151515.15151515      -5.473770145525856E-012
   31246811.5498419       -4949494.94949495      -4.526097803047116E-012
   31246811.5498419       -4747474.74747475      -2.771441105262152E-012
   31246811.5498419       -4545454.54545455      -9.864302476570546E-014
   31246811.5498419       -4343434.34343434       3.451496897125775E-012
   31246811.5498419       -4141414.14141414       7.603621353593982E-012
   31246811.5498419       -3939393.93939394       1.179378841783936E-011
   31246811.5498419       -3737373.73737374       1.518271952548733E-011
   31246811.5498419       -3535353.53535354       1.676972076495535E-011
   31246811.5498419       -3333333.33333333       1.561631494256168E-011
   31246811.5498419       -3131313.13131313       1.114661960032882E-011
   31246811.5498419       -2929292.92929293       3.443997757784263E-012
   31246811.5498419       -2727272.72727273      -6.568153427647498E-012
   31246811.5498419       -2525252.52525253      -1.716708237690198E-011
   31246811.5498419       -2323232.32323232      -2.614289582238333E-011
   31246811.5498419       -2121212.12121212      -3.133871015679422E-011
   31246811.5498419       -1919191.91919192      -3.127655082927390E-011
   31246811.5498419       -1717171.71717172      -2.566671952875773E-011
   31246811.5498419       -1515151.51515152      -1.561030412705554E-011
   31246811.5498419       -1313131.31313131      -3.393929063613368E-012
   31246811.5498419       -1111111.11111111       8.086096919387653E-012
   31246811.5498419       -909090.909090910       1.609926975035972E-011
   31246811.5498419       -707070.707070708       1.880996588283121E-011
   31246811.5498419       -505050.505050506       1.572940745034549E-011
   31246811.5498419       -303030.303030305       7.759927957631318E-012
   31246811.5498419       -101010.101010101      -3.154977964351598E-012
   31246811.5498419        101010.101010101      -1.463093850754701E-011
   31246811.5498419        303030.303030303      -2.448169966782810E-011
   31246811.5498419        505050.505050505      -3.119999189345922E-011
   31246811.5498419        707070.707070706      -3.416541726462708E-011
   31246811.5498419        909090.909090908      -3.357327338451159E-011
   31246811.5498419        1111111.11111111      -3.016824785285464E-011
   31246811.5498419        1313131.31313131      -2.490732149691842E-011
   31246811.5498419        1515151.51515151      -1.866172083380060E-011
   31246811.5498419        1717171.71717172      -1.201719814519232E-011
   31246811.5498419        1919191.91919192      -5.176315438859201E-012
   31246811.5498419        2121212.12121212       2.067950074012588E-012
   31246811.5498419        2323232.32323232       1.032367040473447E-011
   31246811.5498419        2525252.52525252       2.058353883910835E-011
   31246811.5498419        2727272.72727273       3.422121789218417E-011
   31246811.5498419        2929292.92929293       5.301179828458466E-011
   31246811.5498419        3131313.13131313       7.913499030915632E-011
   31246811.5498419        3333333.33333333       1.149941633675635E-010
   31246811.5498419        3535353.53535353       1.625594245064475E-010
   31246811.5498419        3737373.73737374       2.220261488509330E-010
   31246811.5498419        3939393.93939394       2.900498640199246E-010
   31246811.5498419        4141414.14141414       3.585153199877577E-010
   31246811.5498419        4343434.34343434       4.151251749832431E-010
   31246811.5498419        4545454.54545454       4.464525809784278E-010
   31246811.5498419        4747474.74747475       4.426087809745263E-010
   31246811.5498419        4949494.94949495       4.013511540248307E-010
   31246811.5498419        5151515.15151515       3.294320284851970E-010
   31246811.5498419        5353535.35353535       2.404304206164238E-010
   31246811.5498419        5555555.55555555       1.502056675363908E-010
   31246811.5498419        5757575.75757576       7.217015069895225E-011
   31246811.5498419        5959595.95959596       1.427505808700150E-011
   31246811.5498419        6161616.16161616      -2.158448106855558E-011
   31246811.5498419        6363636.36363636      -3.822527010187883E-011
   31246811.5498419        6565656.56565657      -4.096209615316091E-011
   31246811.5498419        6767676.76767677      -3.552498890449430E-011
   31246811.5498419        6969696.96969697      -2.667585947233020E-011
   31246811.5498419        7171717.17171717      -1.763095726457725E-011
   31246811.5498419        7373737.37373737      -1.009951767200959E-011
   31246811.5498419        7575757.57575757      -4.651476257627223E-012
   31246811.5498419        7777777.77777778      -1.167083267273779E-012
   31246811.5498419        7979797.97979798       7.826077439988586E-013
   31246811.5498419        8181818.18181818       1.682380211746397E-012
   31246811.5498419        8383838.38383838       1.942026035298088E-012
   31246811.5498419        8585858.58585858       1.854317493344193E-012
   31246811.5498419        8787878.78787879       1.603340603630457E-012
   31246811.5498419        8989898.98989899       1.292854697922038E-012
   31246811.5498419        9191919.19191919       9.761138296381273E-013
   31246811.5498419        9393939.39393939       6.787776659711697E-013
   31246811.5498419        9595959.59595960       4.132273889506212E-013
   31246811.5498419        9797979.79797980       1.859049408320251E-013
   31246811.5498419        10000000.0000000       0.000000000000000E+000
   31965105.6014692       -10000000.0000000       0.000000000000000E+000
   31965105.6014692       -9797979.79797980      -1.688096851556068E-014
   31965105.6014692       -9595959.59595960      -3.948994056855421E-014
   31965105.6014692       -9393939.39393939      -6.982319940329823E-014
   31965105.6014692       -9191919.19191919      -1.103634858295796E-013
   31965105.6014692       -8989898.98989899      -1.641164895099747E-013
   31965105.6014692       -8787878.78787879      -2.346175018513380E-013
   31965105.6014692       -8585858.58585859      -3.258958685019886E-013
   31965105.6014692       -8383838.38383838      -4.423814408876021E-013
   31965105.6014692       -8181818.18181818      -5.887358768124904E-013
   31965105.6014692       -7979797.97979798      -7.695929776528665E-013
   31965105.6014692       -7777777.77777778      -9.891993829529602E-013
   31965105.6014692       -7575757.57575758      -1.250964727528528E-012
   31965105.6014692       -7373737.37373737      -1.556964858633373E-012
   31965105.6014692       -7171717.17171717      -1.907498238833446E-012
   31965105.6014692       -6969696.96969697      -2.300874722698049E-012
   31965105.6014692       -6767676.76767677      -2.733706608774749E-012
   31965105.6014692       -6565656.56565657      -3.202043816128751E-012
   31965105.6014692       -6363636.36363636      -3.703691445695912E-012
   31965105.6014692       -6161616.16161616      -4.241886038935454E-012
   31965105.6014692       -5959595.95959596      -4.830093735272497E-012
   31965105.6014692       -5757575.75757576      -5.496967740025542E-012
   31965105.6014692       -5555555.55555556      -6.289505038895660E-012
   31965105.6014692       -5353535.35353535      -7.271407984613658E-012
   31965105.6014692       -5151515.15151515      -8.513088363251649E-012
   31965105.6014692       -4949494.94949495      -1.007040595111868E-011
   31965105.6014692       -4747474.74747475      -1.195191681123764E-011
   31965105.6014692       -4545454.54545455      -1.407951229030996E-011
   31965105.6014692       -4343434.34343434      -1.625416578664919E-011
   31965105.6014692       -4141414.14141414      -1.814469945459070E-011
   31965105.6014692       -3939393.93939394      -1.931902955872815E-011
   31965105.6014692       -3737373.73737374      -1.932989936930108E-011
   31965105.6014692       -3535353.53535354      -1.784866924592403E-011
   31965105.6014692       -3333333.33333333      -1.481480581951571E-011
   31965105.6014692       -3131313.13131313      -1.054568221182140E-011
   31965105.6014692       -2929292.92929293      -5.745679605740864E-012
   31965105.6014692       -2727272.72727273      -1.376575452948286E-012
   31965105.6014692       -2525252.52525253       1.598238953709291E-012
   31965105.6014692       -2323232.32323232       2.522783424266800E-012
   31965105.6014692       -2121212.12121212       1.296755953155424E-012
   31965105.6014692       -1919191.91919192      -1.546647951933579E-012
   31965105.6014692       -1717171.71717172      -4.986530269041244E-012
   31965105.6014692       -1515151.51515152      -7.847998433700473E-012
   31965105.6014692       -1313131.31313131      -9.206094920332939E-012
   31965105.6014692       -1111111.11111111      -8.706520124829926E-012
   31965105.6014692       -909090.909090910      -6.679212555895255E-012
   31965105.6014692       -707070.707070708      -4.003790062783396E-012
   31965105.6014692       -505050.505050506      -1.785221139305311E-012
   31965105.6014692       -303030.303030305      -9.698811808193866E-013
   31965105.6014692       -101010.101010101      -2.046578490087119E-012
   31965105.6014692        101010.101010101      -4.931952843804058E-012
   31965105.6014692        303030.303030303      -9.059270030319534E-012
   31965105.6014692        505050.505050505      -1.361155819799986E-011
   31965105.6014692        707070.707070706      -1.779631814292829E-011
   31965105.6014692        909090.909090908      -2.106245675145357E-011
   31965105.6014692        1111111.11111111      -2.320111991251968E-011
   31965105.6014692        1313131.31313131      -2.432677772117557E-011
   31965105.6014692        1515151.51515151      -2.477814094087702E-011
   31965105.6014692        1717171.71717172      -2.499555204840307E-011
   31965105.6014692        1919191.91919192      -2.542258743300558E-011
   31965105.6014692        2121212.12121212      -2.645624397052116E-011
   31965105.6014692        2323232.32323232      -2.844653073615625E-011
   31965105.6014692        2525252.52525252      -3.173157643270886E-011
   31965105.6014692        2727272.72727273      -3.668980647781081E-011
   31965105.6014692        2929292.92929293      -4.379317571591561E-011
   31965105.6014692        3131313.13131313      -5.364999128804803E-011
   31965105.6014692        3333333.33333333      -6.702236115199917E-011
   31965105.6014692        3535353.53535353      -8.477494589983180E-011
   31965105.6014692        3737373.73737374      -1.076582983853346E-010
   31965105.6014692        3939393.93939394      -1.358119426693613E-010
   31965105.6014692        4141414.14141414      -1.680023858498399E-010
   31965105.6014692        4343434.34343434      -2.009217955955373E-010
   31965105.6014692        4545454.54545454      -2.291545770963036E-010
   31965105.6014692        4747474.74747475      -2.463008000861831E-010
   31965105.6014692        4949494.94949495      -2.470931968039452E-010
   31965105.6014692        5151515.15151515      -2.295633707618256E-010
   31965105.6014692        5353535.35353535      -1.960749915032206E-010
   31965105.6014692        5555555.55555555      -1.526248413214246E-010
   31965105.6014692        5757575.75757576      -1.067945400318563E-010
   31965105.6014692        5959595.95959596      -6.539807292627364E-011
   31965105.6014692        6161616.16161616      -3.283427075079691E-011
   31965105.6014692        6363636.36363636      -1.059992541178932E-011
   31965105.6014692        6565656.56565657       2.196142868799882E-012
   31965105.6014692        6767676.76767677       7.816893075878291E-012
   31965105.6014692        6969696.96969697       8.881130911767015E-012
   31965105.6014692        7171717.17171717       7.653370050884008E-012
   31965105.6014692        7373737.37373737       5.717547722174538E-012
   31965105.6014692        7575757.57575757       3.958532356791255E-012
   31965105.6014692        7777777.77777778       2.717593958663739E-012
   31965105.6014692        7979797.97979798       2.000351980643388E-012
   31965105.6014692        8181818.18181818       1.659300253006286E-012
   31965105.6014692        8383838.38383838       1.518061515897533E-012
   31965105.6014692        8585858.58585858       1.436342338262014E-012
   31965105.6014692        8787878.78787879       1.330450491767444E-012
   31965105.6014692        8989898.98989899       1.167882352302679E-012
   31965105.6014692        9191919.19191919       9.512922626789923E-013
   31965105.6014692        9393939.39393939       7.016340215089813E-013
   31965105.6014692        9595959.59595960       4.451667641726917E-013
   31965105.6014692        9797979.79797980       2.054876094796141E-013
   31965105.6014692        10000000.0000000       0.000000000000000E+000
   32691562.0855015       -10000000.0000000       0.000000000000000E+000
   32691562.0855015       -9797979.79797980      -1.487463015510783E-014
   32691562.0855015       -9595959.59595960      -3.504558732291444E-014
   32691562.0855015       -9393939.39393939      -6.253747838267928E-014
   32691562.0855015       -9191919.19191919      -9.991366934337736E-014
   32691562.0855015       -8989898.98989899      -1.503292719199612E-013
   32691562.0855015       -8787878.78787879      -2.175565014686876E-013
   32691562.0855015       -8585858.58585859      -3.059728131720550E-013
   32691562.0855015       -8383838.38383838      -4.205021510119423E-013
   32691562.0855015       -8181818.18181818      -5.665013341422158E-013
   32691562.0855015       -7979797.97979798      -7.495845508080803E-013
   32691562.0855015       -7777777.77777778      -9.753765030221712E-013
   32691562.0855015       -7575757.57575758      -1.249175577773845E-012
   32691562.0855015       -7373737.37373737      -1.575489551770473E-012
   32691562.0855015       -7171717.17171717      -1.957377622927046E-012
   32691562.0855015       -6969696.96969697      -2.395500324558450E-012
   32691562.0855015       -6767676.76767677      -2.886760134941035E-012
   32691562.0855015       -6565656.56565657      -3.422441067522255E-012
   32691562.0855015       -6363636.36363636      -3.985868148629199E-012
   32691562.0855015       -6161616.16161616      -4.549852045344918E-012
   32691562.0855015       -5959595.95959596      -5.074582261781439E-012
   32691562.0855015       -5757575.75757576      -5.507144608790374E-012
   32691562.0855015       -5555555.55555556      -5.784316370726953E-012
   32691562.0855015       -5353535.35353535      -5.840444487838543E-012
   32691562.0855015       -5151515.15151515      -5.621625287095603E-012
   32691562.0855015       -4949494.94949495      -5.105672712195275E-012
   32691562.0855015       -4747474.74747475      -4.324358677864160E-012
   32691562.0855015       -4545454.54545455      -3.380666818197409E-012
   32691562.0855015       -4343434.34343434      -2.450823456259779E-012
   32691562.0855015       -4141414.14141414      -1.761036554482805E-012
   32691562.0855015       -3939393.93939394      -1.534563181449033E-012
   32691562.0855015       -3737373.73737374      -1.916588194345734E-012
   32691562.0855015       -3535353.53535354      -2.899437465032036E-012
   32691562.0855015       -3333333.33333333      -4.281645728055175E-012
   32691562.0855015       -3131313.13131313      -5.692287956734301E-012
   32691562.0855015       -2929292.92929293      -6.691388675616756E-012
   32691562.0855015       -2727272.72727273      -6.922453591327956E-012
   32691562.0855015       -2525252.52525253      -6.259807216481139E-012
   32691562.0855015       -2323232.32323232      -4.881940114145611E-012
   32691562.0855015       -2121212.12121212      -3.225272285729537E-012
   32691562.0855015       -1919191.91919192      -1.824876182022641E-012
   32691562.0855015       -1717171.71717172      -1.105115351121228E-012
   32691562.0855015       -1515151.51515152      -1.212913057669302E-012
   32691562.0855015       -1313131.31313131      -1.970791119415342E-012
   32691562.0855015       -1111111.11111111      -2.971715937183878E-012
   32691562.0855015       -909090.909090910      -3.771008920763453E-012
   32691562.0855015       -707070.707070708      -4.086355949983450E-012
   32691562.0855015       -505050.505050506      -3.916864659567200E-012
   32691562.0855015       -303030.303030305      -3.534040891778252E-012
   32691562.0855015       -101010.101010101      -3.358295108562940E-012
   32691562.0855015        101010.101010101      -3.783577424566767E-012
   32691562.0855015        303030.303030303      -5.028245737357476E-012
   32691562.0855015        505050.505050505      -7.069239260202360E-012
   32691562.0855015        707070.707070706      -9.673761073349642E-012
   32691562.0855015        909090.909090908      -1.250068430169492E-011
   32691562.0855015        1111111.11111111      -1.522126250058517E-011
   32691562.0855015        1313131.31313131      -1.761157140771371E-011
   32691562.0855015        1515151.51515151      -1.959065378815988E-011
   32691562.0855015        1717171.71717172      -2.120478432260627E-011
   32691562.0855015        1919191.91919192      -2.257693211351265E-011
   32691562.0855015        2121212.12121212      -2.384559326282272E-011
   32691562.0855015        2323232.32323232      -2.511080817138489E-011
   32691562.0855015        2525252.52525252      -2.639414778497784E-011
   32691562.0855015        2727272.72727273      -2.761055299311916E-011
   32691562.0855015        2929292.92929293      -2.854683713508083E-011
   32691562.0855015        3131313.13131313      -2.884450533743400E-011
   32691562.0855015        3333333.33333333      -2.799125978972192E-011
   32691562.0855015        3535353.53535353      -2.533462446717572E-011
   32691562.0855015        3737373.73737374      -2.014379965220580E-011
   32691562.0855015        3939393.93939394      -1.176157768218219E-011
   32691562.0855015        4141414.14141414       1.119110010756418E-013
   32691562.0855015        4343434.34343434       1.502152428564412E-011
   32691562.0855015        4545454.54545454       3.140402062976758E-011
   32691562.0855015        4747474.74747475       4.657368592444850E-011
   32691562.0855015        4949494.94949495       5.729019190295427E-011
   32691562.0855015        5151515.15151515       6.083104029894646E-011
   32691562.0855015        5353535.35353535       5.609255768407724E-011
   32691562.0855015        5555555.55555555       4.411769739249541E-011
   32691562.0855015        5757575.75757576       2.774720696381933E-011
   32691562.0855015        5959595.95959596       1.059324640658624E-011
   32691562.0855015        6161616.16161616      -4.132549335973598E-012
   32691562.0855015        6363636.36363636      -1.443055415403873E-011
   32691562.0855015        6565656.56565657      -1.974192274951948E-011
   32691562.0855015        6767676.76767677      -2.068002309714635E-011
   32691562.0855015        6969696.96969697      -1.851528596111679E-011
   32691562.0855015        7171717.17171717      -1.466300613609667E-011
   32691562.0855015        7373737.37373737      -1.032524633118897E-011
   32691562.0855015        7575757.57575757      -6.325830623686815E-012
   32691562.0855015        7777777.77777778      -3.101436489158082E-012
   32691562.0855015        7979797.97979798      -7.827643716437852E-013
   32691562.0855015        8181818.18181818       6.949913382342041E-013
   32691562.0855015        8383838.38383838       1.492285099450834E-012
   32691562.0855015        8585858.58585858       1.793821737830680E-012
   32691562.0855015        8787878.78787879       1.767476785929188E-012
   32691562.0855015        8989898.98989899       1.547039796041005E-012
   32691562.0855015        9191919.19191919       1.229961213140776E-012
   32691562.0855015        9393939.39393939       8.824596772402023E-013
   32691562.0855015        9595959.59595960       5.468343461941652E-013
   32691562.0855015        9797979.79797980       2.482475598002044E-013
   32691562.0855015        10000000.0000000       0.000000000000000E+000
   33426181.0019386       -10000000.0000000       0.000000000000000E+000
   33426181.0019386       -9797979.79797980      -1.260287873542734E-014
   33426181.0019386       -9595959.59595960      -2.995893009751251E-014
   33426181.0019386       -9393939.39393939      -5.409150378137290E-014
   33426181.0019386       -9191919.19191919      -8.762270550950443E-014
   33426181.0019386       -8989898.98989899      -1.338511598261040E-013
   33426181.0019386       -8787878.78787879      -1.967971249592618E-013
   33426181.0019386       -8585858.58585859      -2.811972285703309E-013
   33426181.0019386       -8383838.38383838      -3.924282363909111E-013
   33426181.0019386       -8181818.18181818      -5.363419543698829E-013
   33426181.0019386       -7979797.97979798      -7.190020760818853E-013
   33426181.0019386       -7777777.77777778      -9.463304384220317E-013
   33426181.0019386       -7575757.57575758      -1.223695712295067E-012
   33426181.0019386       -7373737.37373737      -1.555510507017830E-012
   33426181.0019386       -7171717.17171717      -1.944937241096553E-012
   33426181.0019386       -6969696.96969697      -2.393826544106632E-012
   33426181.0019386       -6767676.76767677      -2.903004652470742E-012
   33426181.0019386       -6565656.56565657      -3.472962955376553E-012
   33426181.0019386       -6363636.36363636      -4.104859602771131E-012
   33426181.0019386       -6161616.16161616      -4.801511354872734E-012
   33426181.0019386       -5959595.95959596      -5.567761815163788E-012
   33426181.0019386       -5757575.75757576      -6.409349097053269E-012
   33426181.0019386       -5555555.55555556      -7.329327369110749E-012
   33426181.0019386       -5353535.35353535      -8.321448824893884E-012
   33426181.0019386       -5151515.15151515      -9.360898022084673E-012
   33426181.0019386       -4949494.94949495      -1.039443594290137E-011
   33426181.0019386       -4747474.74747475      -1.133402679853204E-011
   33426181.0019386       -4545454.54545455      -1.205950902140167E-011
   33426181.0019386       -4343434.34343434      -1.243546866499590E-011
   33426181.0019386       -4141414.14141414      -1.234384601499965E-011
   33426181.0019386       -3939393.93939394      -1.172669342192844E-011
   33426181.0019386       -3737373.73737374      -1.062489038094753E-011
   33426181.0019386       -3535353.53535354      -9.193094290962532E-012
   33426181.0019386       -3333333.33333333      -7.674338613348538E-012
   33426181.0019386       -3131313.13131313      -6.332303181378518E-012
   33426181.0019386       -2929292.92929293      -5.361412656535679E-012
   33426181.0019386       -2727272.72727273      -4.813155561853954E-012
   33426181.0019386       -2525252.52525253      -4.577863558523552E-012
   33426181.0019386       -2323232.32323232      -4.438713814227812E-012
   33426181.0019386       -2121212.12121212      -4.177652932325382E-012
   33426181.0019386       -1919191.91919192      -3.682164528417632E-012
   33426181.0019386       -1717171.71717172      -2.997638026796759E-012
   33426181.0019386       -1515151.51515152      -2.297789647709309E-012
   33426181.0019386       -1313131.31313131      -1.790167383470585E-012
   33426181.0019386       -1111111.11111111      -1.608984315331650E-012
   33426181.0019386       -909090.909090910      -1.752746749102322E-012
   33426181.0019386       -707070.707070708      -2.097308550059664E-012
   33426181.0019386       -505050.505050506      -2.472961889809797E-012
   33426181.0019386       -303030.303030305      -2.761346834264691E-012
   33426181.0019386       -101010.101010101      -2.961349966188502E-012
   33426181.0019386        101010.101010101      -3.193571096943136E-012
   33426181.0019386        303030.303030303      -3.646515549785749E-012
   33426181.0019386        505050.505050505      -4.495458567824148E-012
   33426181.0019386        707070.707070706      -5.833768140194595E-012
   33426181.0019386        909090.909090908      -7.644997509003022E-012
   33426181.0019386        1111111.11111111      -9.821360078283584E-012
   33426181.0019386        1313131.31313131      -1.221321655452382E-011
   33426181.0019386        1515151.51515151      -1.468439553699177E-011
   33426181.0019386        1717171.71717172      -1.715151080008738E-011
   33426181.0019386        1919191.91919192      -1.959717231303928E-011
   33426181.0019386        2121212.12121212      -2.205967062757375E-011
   33426181.0019386        2323232.32323232      -2.460964571899322E-011
   33426181.0019386        2525252.52525252      -2.732579048293852E-011
   33426181.0019386        2727272.72727273      -3.027866211939829E-011
   33426181.0019386        2929292.92929293      -3.352723362377128E-011
   33426181.0019386        3131313.13131313      -3.712884058184941E-011
   33426181.0019386        3333333.33333333      -4.115957216613925E-011
   33426181.0019386        3535353.53535353      -4.573752694114588E-011
   33426181.0019386        3737373.73737374      -5.103457673675186E-011
   33426181.0019386        3939393.93939394      -5.725406930918741E-011
   33426181.0019386        4141414.14141414      -6.454707445103741E-011
   33426181.0019386        4343434.34343434      -7.285096631726289E-011
   33426181.0019386        4545454.54545454      -8.167905019494892E-011
   33426181.0019386        4747474.74747475      -8.996660420366292E-011
   33426181.0019386        4949494.94949495      -9.613156054474864E-011
   33426181.0019386        5151515.15151515      -9.844912881121908E-011
   33426181.0019386        5353535.35353535      -9.565177622601569E-011
   33426181.0019386        5555555.55555555      -8.747447771670559E-011
   33426181.0019386        5757575.75757576      -7.484451255552150E-011
   33426181.0019386        5959595.95959596      -5.960612074794471E-011
   33426181.0019386        6161616.16161616      -4.392940166483735E-011
   33426181.0019386        6363636.36363636      -2.969348197156537E-011
   33426181.0019386        6565656.56565657      -1.808888024799316E-011
   33426181.0019386        6767676.76767677      -9.526905632535190E-012
   33426181.0019386        6969696.96969697      -3.794169755268677E-012
   33426181.0019386        7171717.17171717      -3.196742368803370E-013
   33426181.0019386        7373737.37373737       1.568037137942243E-012
   33426181.0019386        7575757.57575757       2.463769846690617E-012
   33426181.0019386        7777777.77777778       2.803821150568729E-012
   33426181.0019386        7979797.97979798       2.859110084174664E-012
   33426181.0019386        8181818.18181818       2.770466682939362E-012
   33426181.0019386        8383838.38383838       2.596775212676095E-012
   33426181.0019386        8585858.58585858       2.357224720173625E-012
   33426181.0019386        8787878.78787879       2.059725986814812E-012
   33426181.0019386        8989898.98989899       1.715234249007547E-012
   33426181.0019386        9191919.19191919       1.341612499995523E-012
   33426181.0019386        9393939.39393939       9.616001055897931E-013
   33426181.0019386        9595959.59595960       5.986761898410803E-013
   33426181.0019386        9797979.79797980       2.732160167233020E-013
   33426181.0019386        10000000.0000000       0.000000000000000E+000
   34168962.3507805       -10000000.0000000       0.000000000000000E+000
   34168962.3507805       -9797979.79797980      -1.017364465353905E-014
   34168962.3507805       -9595959.59595960      -2.444928163362259E-014
   34168962.3507805       -9393939.39393939      -4.478416376698124E-014
   34168962.3507805       -9191919.19191919      -7.378345366420952E-014
   34168962.3507805       -8989898.98989899      -1.148146488991939E-013
   34168962.3507805       -8787878.78787879      -1.720998757620719E-013
   34168962.3507805       -8585858.58585859      -2.507671729554518E-013
   34168962.3507805       -8383838.38383838      -3.568355765713835E-013
   34168962.3507805       -8181818.18181818      -4.971047099710185E-013
   34168962.3507805       -7979797.97979798      -6.789163509532440E-013
   34168962.3507805       -7777777.77777778      -9.097534526135581E-013
   34168962.3507805       -7575757.57575758      -1.196642435651428E-012
   34168962.3507805       -7373737.37373737      -1.545329815829124E-012
   34168962.3507805       -7171717.17171717      -1.959219325590219E-012
   34168962.3507805       -6969696.96969697      -2.438088443629362E-012
   34168962.3507805       -6767676.76767677      -2.976663496104784E-012
   34168962.3507805       -6565656.56565657      -3.563228740018138E-012
   34168962.3507805       -6363636.36363636      -4.178577293632746E-012
   34168962.3507805       -6161616.16161616      -4.795761688912545E-012
   34168962.3507805       -5959595.95959596      -5.381219283861251E-012
   34168962.3507805       -5757575.75757576      -5.897844145538198E-012
   34168962.3507805       -5555555.55555556      -6.310332973422036E-012
   34168962.3507805       -5353535.35353535      -6.592536365694483E-012
   34168962.3507805       -5151515.15151515      -6.735573271332302E-012
   34168962.3507805       -4949494.94949495      -6.754290699028709E-012
   34168962.3507805       -4747474.74747475      -6.688746857546011E-012
   34168962.3507805       -4545454.54545455      -6.597522235784109E-012
   34168962.3507805       -4343434.34343434      -6.541600916091664E-012
   34168962.3507805       -4141414.14141414      -6.561545553688047E-012
   34168962.3507805       -3939393.93939394      -6.655684617250835E-012
   34168962.3507805       -3737373.73737374      -6.770431591611752E-012
   34168962.3507805       -3535353.53535354      -6.812290322787939E-012
   34168962.3507805       -3333333.33333333      -6.682676672480244E-012
   34168962.3507805       -3131313.13131313      -6.323673467351089E-012
   34168962.3507805       -2929292.92929293      -5.752383443748585E-012
   34168962.3507805       -2727272.72727273      -5.062278984797658E-012
   34168962.3507805       -2525252.52525253      -4.385285560212579E-012
   34168962.3507805       -2323232.32323232      -3.831448469734863E-012
   34168962.3507805       -2121212.12121212      -3.439129890432262E-012
   34168962.3507805       -1919191.91919192      -3.165079829730201E-012
   34168962.3507805       -1717171.71717172      -2.920479483543208E-012
   34168962.3507805       -1515151.51515152      -2.630704081938706E-012
   34168962.3507805       -1313131.31313131      -2.282214401410178E-012
   34168962.3507805       -1111111.11111111      -1.929303613820257E-012
   34168962.3507805       -909090.909090910      -1.659622245386355E-012
   34168962.3507805       -707070.707070708      -1.542677474251248E-012
   34168962.3507805       -505050.505050506      -1.593915210335786E-012
   34168962.3507805       -303030.303030305      -1.774845983074285E-012
   34168962.3507805       -101010.101010101      -2.026506576943056E-012
   34168962.3507805        101010.101010101      -2.314445556566349E-012
   34168962.3507805        303030.303030303      -2.659011480749024E-012
   34168962.3507805        505050.505050505      -3.135524104915536E-012
   34168962.3507805        707070.707070706      -3.846678294715226E-012
   34168962.3507805        909090.909090908      -4.883493209836677E-012
   34168962.3507805        1111111.11111111      -6.294476705879551E-012
   34168962.3507805        1313131.31313131      -8.075589880604149E-012
   34168962.3507805        1515151.51515151      -1.018169486405377E-011
   34168962.3507805        1717171.71717172      -1.255035806942630E-011
   34168962.3507805        1919191.91919192      -1.512541495214932E-011
   34168962.3507805        2121212.12121212      -1.787061260681123E-011
   34168962.3507805        2323232.32323232      -2.076983376727695E-011
   34168962.3507805        2525252.52525252      -2.381610374283756E-011
   34168962.3507805        2727272.72727273      -2.699445625771619E-011
   34168962.3507805        2929292.92929293      -3.026356952916430E-011
   34168962.3507805        3131313.13131313      -3.353917308740389E-011
   34168962.3507805        3333333.33333333      -3.668033914771071E-011
   34168962.3507805        3535353.53535353      -3.947947807614707E-011
   34168962.3507805        3737373.73737374      -4.165922332211625E-011
   34168962.3507805        3939393.93939394      -4.288446112634615E-011
   34168962.3507805        4141414.14141414      -4.280333136247910E-011
   34168962.3507805        4343434.34343434      -4.113116751475338E-011
   34168962.3507805        4545454.54545454      -3.777685034786448E-011
   34168962.3507805        4747474.74747475      -3.297650479521619E-011
   34168962.3507805        4949494.94949495      -2.735853001284946E-011
   34168962.3507805        5151515.15151515      -2.185646523492644E-011
   34168962.3507805        5353535.35353535      -1.744883900080880E-011
   34168962.3507805        5555555.55555555      -1.481746478888527E-011
   34168962.3507805        5757575.75757576      -1.409267401333046E-011
   34168962.3507805        5959595.95959596      -1.482163709900625E-011
   34168962.3507805        6161616.16161616      -1.617083201772599E-011
   34168962.3507805        6363636.36363636      -1.724948842795369E-011
   34168962.3507805        6565656.56565657      -1.739930417369817E-011
   34168962.3507805        6767676.76767677      -1.634445642553995E-011
   34168962.3507805        6969696.96969697      -1.418291968916592E-011
   34168962.3507805        7171717.17171717      -1.126819778573996E-011
   34168962.3507805        7373737.37373737      -8.054268649739580E-012
   34168962.3507805        7575757.57575757      -4.962918075727308E-012
   34168962.3507805        7777777.77777778      -2.302935879057136E-012
   34168962.3507805        7979797.97979798      -2.432922578124945E-013
   34168962.3507805        8181818.18181818       1.173828913066823E-012
   34168962.3507805        8383838.38383838       1.999045157699037E-012
   34168962.3507805        8585858.58585858       2.336942389712543E-012
   34168962.3507805        8787878.78787879       2.312588764904361E-012
   34168962.3507805        8989898.98989899       2.047786965106589E-012
   34168962.3507805        9191919.19191919       1.647312528096919E-012
   34168962.3507805        9393939.39393939       1.193180915304556E-012
   34168962.3507805        9595959.59595960       7.443116001201016E-013
   34168962.3507805        9797979.79797980       3.392054113475480E-013
   34168962.3507805        10000000.0000000       0.000000000000000E+000
   34919906.1320274       -10000000.0000000       0.000000000000000E+000
   34919906.1320274       -9797979.79797980      -7.720365596637856E-015
   34919906.1320274       -9595959.59595960      -1.882702270865640E-014
   34919906.1320274       -9393939.39393939      -3.515759000544838E-014
   34919906.1320274       -9191919.19191919      -5.922934609220702E-014
   34919906.1320274       -8989898.98989899      -9.438537580498223E-014
   34919906.1320274       -8787878.78787879      -1.449222200192317E-013
   34919906.1320274       -8585858.58585859      -2.161763163833049E-013
   34919906.1320274       -8383838.38383838      -3.145404384305366E-013
   34919906.1320274       -8181818.18181818      -4.473812920772055E-013
   34919906.1320274       -7979797.97979798      -6.228354522356425E-013
   34919906.1320274       -7777777.77777778      -8.494738939984769E-013
   34919906.1320274       -7575757.57575758      -1.135844717942422E-012
   34919906.1320274       -7373737.37373737      -1.489925697868713E-012
   34919906.1320274       -7171717.17171717      -1.918536063014685E-012
   34919906.1320274       -6969696.96969697      -2.426760723597944E-012
   34919906.1320274       -6767676.76767677      -3.017419694730936E-012
   34919906.1320274       -6565656.56565657      -3.690564587599446E-012
   34919906.1320274       -6363636.36363636      -4.442907454727257E-012
   34919906.1320274       -6161616.16161616      -5.267008343617109E-012
   34919906.1320274       -5959595.95959596      -6.150013705824898E-012
   34919906.1320274       -5757575.75757576      -7.071815768043841E-012
   34919906.1320274       -5555555.55555556      -8.002761350254354E-012
   34919906.1320274       -5353535.35353535      -8.901504445206663E-012
   34919906.1320274       -5151515.15151515      -9.714193745631790E-012
   34919906.1320274       -4949494.94949495      -1.037667380445230E-011
   34919906.1320274       -4747474.74747475      -1.082134434892266E-011
   34919906.1320274       -4545454.54545455      -1.098930163763072E-011
   34919906.1320274       -4343434.34343434      -1.084616300710269E-011
   34919906.1320274       -4141414.14141414      -1.039701250389739E-011
   34919906.1320274       -3939393.93939394      -9.693627883428283E-012
   34919906.1320274       -3737373.73737374      -8.827637300273402E-012
   34919906.1320274       -3535353.53535354      -7.907999268529308E-012
   34919906.1320274       -3333333.33333333      -7.029306418547087E-012
   34919906.1320274       -3131313.13131313      -6.244679039443369E-012
   34919906.1320274       -2929292.92929293      -5.557637245242143E-012
   34919906.1320274       -2727272.72727273      -4.938347920223030E-012
   34919906.1320274       -2525252.52525253      -4.354951081316922E-012
   34919906.1320274       -2323232.32323232      -3.800201990481218E-012
   34919906.1320274       -2121212.12121212      -3.296254241115958E-012
   34919906.1320274       -1919191.91919192      -2.875672620207026E-012
   34919906.1320274       -1717171.71717172      -2.553878951471336E-012
   34919906.1320274       -1515151.51515152      -2.314098654538948E-012
   34919906.1320274       -1313131.31313131      -2.115998341674258E-012
   34919906.1320274       -1111111.11111111      -1.921470211831612E-012
   34919906.1320274       -909090.909090910      -1.719016389828942E-012
   34919906.1320274       -707070.707070708      -1.530278575660656E-012
   34919906.1320274       -505050.505050506      -1.395729193684711E-012
   34919906.1320274       -303030.303030305      -1.350835172395346E-012
   34919906.1320274       -101010.101010101      -1.409280756033753E-012
   34919906.1320274        101010.101010101      -1.563672404928099E-012
   34919906.1320274        303030.303030303      -1.802020467300423E-012
   34919906.1320274        505050.505050505      -2.128674847880758E-012
   34919906.1320274        707070.707070706      -2.576836810370805E-012
   34919906.1320274        909090.909090908      -3.205975281117603E-012
   34919906.1320274        1111111.11111111      -4.086568016866523E-012
   34919906.1320274        1313131.31313131      -5.280906917886392E-012
   34919906.1320274        1515151.51515151      -6.829270709529880E-012
   34919906.1320274        1717171.71717172      -8.746413294852026E-012
   34919906.1320274        1919191.91919192      -1.102737774281608E-011
   34919906.1320274        2121212.12121212      -1.365752921536034E-011
   34919906.1320274        2323232.32323232      -1.662101558870336E-011
   34919906.1320274        2525252.52525252      -1.990405441452530E-011
   34919906.1320274        2727272.72727273      -2.349270808745970E-011
   34919906.1320274        2929292.92929293      -2.736741432168599E-011
   34919906.1320274        3131313.13131313      -3.149764280291578E-011
   34919906.1320274        3333333.33333333      -3.583969305000656E-011
   34919906.1320274        3535353.53535353      -4.033920827960081E-011
   34919906.1320274        3737373.73737374      -4.493761636429252E-011
   34919906.1320274        3939393.93939394      -4.957834939888010E-011
   34919906.1320274        4141414.14141414      -5.420482775337837E-011
   34919906.1320274        4343434.34343434      -5.874018329504866E-011
   34919906.1320274        4545454.54545454      -6.304320745143779E-011
   34919906.1320274        4747474.74747475      -6.685027372069158E-011
   34919906.1320274        4949494.94949495      -6.973585440641443E-011
   34919906.1320274        5151515.15151515      -7.113820333906059E-011
   34919906.1320274        5353535.35353535      -7.047922017610020E-011
   34919906.1320274        5555555.55555555      -6.735441160738315E-011
   34919906.1320274        5757575.75757576      -6.171243675096693E-011
   34919906.1320274        5959595.95959596      -5.393161938224762E-011
   34919906.1320274        6161616.16161616      -4.474958262727477E-011
   34919906.1320274        6363636.36363636      -3.507816941668708E-011
   34919906.1320274        6565656.56565657      -2.578659158523054E-011
   34919906.1320274        6767676.76767677      -1.753484344026764E-011
   34919906.1320274        6969696.96969697      -1.069976987384470E-011
   34919906.1320274        7171717.17171717      -5.389607678324358E-012
   34919906.1320274        7373737.37373737      -1.513682424237576E-012
   34919906.1320274        7575757.57575757       1.131662581767051E-012
   34919906.1320274        7777777.77777778       2.789298497320013E-012
   34919906.1320274        7979797.97979798       3.692483207479762E-012
   34919906.1320274        8181818.18181818       4.041006513517087E-012
   34919906.1320274        8383838.38383838       3.995502391278340E-012
   34919906.1320274        8585858.58585858       3.681606535550808E-012
   34919906.1320274        8787878.78787879       3.197317393891765E-012
   34919906.1320274        8989898.98989899       2.619679855351266E-012
   34919906.1320274        9191919.19191919       2.009362933697104E-012
   34919906.1320274        9393939.39393939       1.413261294125107E-012
   34919906.1320274        9595959.59595960       8.659053652140669E-013
   34919906.1320274        9797979.79797980       3.904867796154843E-013
   34919906.1320274        10000000.0000000       0.000000000000000E+000
   35679012.3456790       -10000000.0000000       0.000000000000000E+000
   35679012.3456790       -9797979.79797980      -5.354294433276770E-015
   35679012.3456790       -9595959.59595960      -1.332667958087636E-014
   35679012.3456790       -9393939.39393939      -2.556334899594512E-014
   35679012.3456790       -9191919.19191919      -4.441107239498509E-014
   35679012.3456790       -8989898.98989899      -7.311354955431089E-014
   35679012.3456790       -8787878.78787879      -1.160066181178825E-013
   35679012.3456790       -8585858.58585859      -1.786840345726040E-013
   35679012.3456790       -8383838.38383838      -2.680909585897256E-013
   35679012.3456790       -8181818.18181818      -3.924908687678269E-013
   35679012.3456790       -7979797.97979798      -5.612445493396533E-013
   35679012.3456790       -7777777.77777778      -7.843408390891835E-013
   35679012.3456790       -7575757.57575758      -1.071632422752817E-012
   35679012.3456790       -7373737.37373737      -1.431760252062224E-012
   35679012.3456790       -7171717.17171717      -1.870800095738765E-012
   35679012.3456790       -6969696.96969697      -2.390734258084907E-012
   35679012.3456790       -6767676.76767677      -2.987935733757443E-012
   35679012.3456790       -6565656.56565657      -3.651938601419151E-012
   35679012.3456790       -6363636.36363636      -4.364835202545321E-012
   35679012.3456790       -6161616.16161616      -5.101655034833328E-012
   35679012.3456790       -5959595.95959596      -5.832002401356844E-012
   35679012.3456790       -5757575.75757576      -6.523022699414155E-012
   35679012.3456790       -5555555.55555556      -7.143417106169842E-012
   35679012.3456790       -5353535.35353535      -7.667772260234666E-012
   35679012.3456790       -5151515.15151515      -8.080040884176006E-012
   35679012.3456790       -4949494.94949495      -8.374823760680044E-012
   35679012.3456790       -4747474.74747475      -8.555437380424958E-012
   35679012.3456790       -4545454.54545455      -8.628792863748900E-012
   35679012.3456790       -4343434.34343434      -8.598736739686516E-012
   35679012.3456790       -4141414.14141414      -8.461071130164484E-012
   35679012.3456790       -3939393.93939394      -8.203864472949930E-012
   35679012.3456790       -3737373.73737374      -7.814839723380828E-012
   35679012.3456790       -3535353.53535354      -7.293618983190431E-012
   35679012.3456790       -3333333.33333333      -6.662340485051997E-012
   35679012.3456790       -3131313.13131313      -5.966971449959729E-012
   35679012.3456790       -2929292.92929293      -5.265878128574602E-012
   35679012.3456790       -2727272.72727273      -4.610403884822399E-012
   35679012.3456790       -2525252.52525253      -4.028680467366801E-012
   35679012.3456790       -2323232.32323232      -3.522772780368459E-012
   35679012.3456790       -2121212.12121212      -3.080135959828101E-012
   35679012.3456790       -1919191.91919192      -2.689992511674627E-012
   35679012.3456790       -1717171.71717172      -2.352233121178061E-012
   35679012.3456790       -1515151.51515152      -2.073415731946622E-012
   35679012.3456790       -1313131.31313131      -1.855338043977004E-012
   35679012.3456790       -1111111.11111111      -1.687257869808598E-012
   35679012.3456790       -909090.909090910      -1.548946025127912E-012
   35679012.3456790       -707070.707070708      -1.422405551162062E-012
   35679012.3456790       -505050.505050506      -1.303297860303606E-012
   35679012.3456790       -303030.303030305      -1.203899819017641E-012
   35679012.3456790       -101010.101010101      -1.146290583236713E-012
   35679012.3456790        101010.101010101      -1.151596001812072E-012
   35679012.3456790        303030.303030303      -1.233346846581762E-012
   35679012.3456790        505050.505050505      -1.399436299636705E-012
   35679012.3456790        707070.707070706      -1.661010412190943E-012
   35679012.3456790        909090.909090908      -2.042292580896712E-012
   35679012.3456790        1111111.11111111      -2.585291099455059E-012
   35679012.3456790        1313131.31313131      -3.346888934798828E-012
   35679012.3456790        1515151.51515151      -4.390206448510429E-012
   35679012.3456790        1717171.71717172      -5.774647740639545E-012
   35679012.3456790        1919191.91919192      -7.548645476199396E-012
   35679012.3456790        2121212.12121212      -9.746665872523646E-012
   35679012.3456790        2323232.32323232      -1.238932723150929E-011
   35679012.3456790        2525252.52525252      -1.548399809968467E-011
   35679012.3456790        2727272.72727273      -1.902338931172680E-011
   35679012.3456790        2929292.92929293      -2.298088297603232E-011
   35679012.3456790        3131313.13131313      -2.730275462567404E-011
   35679012.3456790        3333333.33333333      -3.189844313407256E-011
   35679012.3456790        3535353.53535353      -3.663059517370650E-011
   35679012.3456790        3737373.73737374      -4.130722771550398E-011
   35679012.3456790        3939393.93939394      -4.567957210821127E-011
   35679012.3456790        4141414.14141414      -4.945100879658380E-011
   35679012.3456790        4343434.34343434      -5.230370602896865E-011
   35679012.3456790        4545454.54545454      -5.394730636213412E-011
   35679012.3456790        4747474.74747475      -5.418530202117379E-011
   35679012.3456790        4949494.94949495      -5.298029665900806E-011
   35679012.3456790        5151515.15151515      -5.048720283247057E-011
   35679012.3456790        5353535.35353535      -4.702667465149648E-011
   35679012.3456790        5555555.55555555      -4.299642200526054E-011
   35679012.3456790        5757575.75757576      -3.875386734792612E-011
   35679012.3456790        5959595.95959596      -3.452412573154674E-011
   35679012.3456790        6161616.16161616      -3.037475785906765E-011
   35679012.3456790        6363636.36363636      -2.626112177495984E-011
   35679012.3456790        6565656.56565657      -2.211007953752629E-011
   35679012.3456790        6767676.76767677      -1.789723186384563E-011
   35679012.3456790        6969696.96969697      -1.368579529616659E-011
   35679012.3456790        7171717.17171717      -9.619895238527342E-012
   35679012.3456790        7373737.37373737      -5.885594370627581E-012
   35679012.3456790        7575757.57575757      -2.661404900474228E-012
   35679012.3456790        7777777.77777778      -7.720771454333031E-014
   35679012.3456790        7979797.97979798       1.808129264604479E-012
   35679012.3456790        8181818.18181818       3.009093984960829E-012
   35679012.3456790        8383838.38383838       3.600568338648885E-012
   35679012.3456790        8585858.58585858       3.696728178939872E-012
   35679012.3456790        8787878.78787879       3.428543311099894E-012
   35679012.3456790        8989898.98989899       2.924635692787785E-012
   35679012.3456790        9191919.19191919       2.297893227066499E-012
   35679012.3456790        9393939.39393939       1.638242982347191E-012
   35679012.3456790        9595959.59595960       1.010678838667640E-012
   35679012.3456790        9797979.79797980       4.570275275708570E-013
   35679012.3456790        10000000.0000000       0.000000000000000E+000
   36446280.9917355       -10000000.0000000       0.000000000000000E+000
   36446280.9917355       -9797979.79797980      -3.261168242648330E-015
   36446280.9917355       -9595959.59595960      -8.370560483993842E-015
   36446280.9917355       -9393939.39393939      -1.669723558147658E-014
   36446280.9917355       -9191919.19191919      -3.028378333674784E-014
   36446280.9917355       -8989898.98989899      -5.208181084889769E-014
   36446280.9917355       -8787878.78787879      -8.621138575059252E-014
   36446280.9917355       -8585858.58585859      -1.382196676798706E-013
   36446280.9917355       -8383838.38383838      -2.152979303488491E-013
   36446280.9917355       -8181818.18181818      -3.264022562725879E-013
   36446280.9917355       -7979797.97979798      -4.822132841835174E-013
   36446280.9917355       -7777777.77777778      -6.948682189042515E-013
   36446280.9917355       -7575757.57575758      -9.774071362836167E-013
   36446280.9917355       -7373737.37373737      -1.342896972031355E-012
   36446280.9917355       -7171717.17171717      -1.803229285580268E-012
   36446280.9917355       -6969696.96969697      -2.367627768851922E-012
   36446280.9917355       -6767676.76767677      -3.040942439714786E-012
   36446280.9917355       -6565656.56565657      -3.821844131261505E-012
   36446280.9917355       -6363636.36363636      -4.701064184657541E-012
   36446280.9917355       -6161616.16161616      -5.659856398795145E-012
   36446280.9917355       -5959595.95959596      -6.668904425385510E-012
   36446280.9917355       -5757575.75757576      -7.687971100950682E-012
   36446280.9917355       -5555555.55555556      -8.666684740851718E-012
   36446280.9917355       -5353535.35353535      -9.546943217261707E-012
   36446280.9917355       -5151515.15151515      -1.026739923286404E-011
   36446280.9917355       -4949494.94949495      -1.077023422621142E-011
   36446280.9917355       -4747474.74747475      -1.100980964195320E-011
   36446280.9917355       -4545454.54545455      -1.096180626302583E-011
   36446280.9917355       -4343434.34343434      -1.063039968237726E-011
   36446280.9917355       -4141414.14141414      -1.005048164364943E-011
   36446280.9917355       -3939393.93939394      -9.282680466839108E-012
   36446280.9917355       -3737373.73737374      -8.401334278660507E-012
   36446280.9917355       -3535353.53535354      -7.478947502028839E-012
   36446280.9917355       -3333333.33333333      -6.573088978637180E-012
   36446280.9917355       -3131313.13131313      -5.720985471975862E-012
   36446280.9917355       -2929292.92929293      -4.942765613078120E-012
   36446280.9917355       -2727272.72727273      -4.248992148402392E-012
   36446280.9917355       -2525252.52525253      -3.646018373196181E-012
   36446280.9917355       -2323232.32323232      -3.135900237667568E-012
   36446280.9917355       -2121212.12121212      -2.713370926398100E-012
   36446280.9917355       -1919191.91919192      -2.365279979740421E-012
   36446280.9917355       -1717171.71717172      -2.075136833186489E-012
   36446280.9917355       -1515151.51515152      -1.829899314283523E-012
   36446280.9917355       -1313131.31313131      -1.623534278367138E-012
   36446280.9917355       -1111111.11111111      -1.454667048580411E-012
   36446280.9917355       -909090.909090910      -1.320920842338434E-012
   36446280.9917355       -707070.707070708      -1.215276124936404E-012
   36446280.9917355       -505050.505050506      -1.127717540059629E-012
   36446280.9917355       -303030.303030305      -1.050818123602550E-012
   36446280.9917355       -101010.101010101      -9.848580103804375E-013
   36446280.9917355        101010.101010101      -9.388551548843118E-013
   36446280.9917355        303030.303030303      -9.273969365113929E-013
   36446280.9917355        505050.505050505      -9.663774046429433E-013
   36446280.9917355        707070.707070706      -1.071335222478768E-012
   36446280.9917355        909090.909090908      -1.259986831108328E-012
   36446280.9917355        1111111.11111111      -1.557576478611405E-012
   36446280.9917355        1313131.31313131      -2.001906901602345E-012
   36446280.9917355        1515151.51515151      -2.645275505522606E-012
   36446280.9917355        1717171.71717172      -3.552395585616103E-012
   36446280.9917355        1919191.91919192      -4.795309729609869E-012
   36446280.9917355        2121212.12121212      -6.447164883022106E-012
   36446280.9917355        2323232.32323232      -8.576301079453278E-012
   36446280.9917355        2525252.52525252      -1.124101890125558E-011
   36446280.9917355        2727272.72727273      -1.448448552415232E-011
   36446280.9917355        2929292.92929293      -1.832903926200264E-011
   36446280.9917355        3131313.13131313      -2.276965000869893E-011
   36446280.9917355        3333333.33333333      -2.776711138886721E-011
   36446280.9917355        3535353.53535353      -3.324221805408745E-011
   36446280.9917355        3737373.73737374      -3.907234425392561E-011
   36446280.9917355        3939393.93939394      -4.509124896543556E-011
   36446280.9917355        4141414.14141414      -5.109159579579033E-011
   36446280.9917355        4343434.34343434      -5.682815880497237E-011
   36446280.9917355        4545454.54545454      -6.201937772645690E-011
   36446280.9917355        4747474.74747475      -6.634752837312789E-011
   36446280.9917355        4949494.94949495      -6.946348854850352E-011
   36446280.9917355        5151515.15151515      -7.100753881717364E-011
   36446280.9917355        5353535.35353535      -7.065648555141374E-011
   36446280.9917355        5555555.55555555      -6.819547841083576E-011
   36446280.9917355        5757575.75757576      -6.359463202517636E-011
   36446280.9917355        5959595.95959596      -5.705859928199978E-011
   36446280.9917355        6161616.16161616      -4.902259441869366E-011
   36446280.9917355        6363636.36363636      -4.008984742834854E-011
   36446280.9917355        6565656.56565657      -3.092996390674163E-011
   36446280.9917355        6767676.76767677      -2.217096207759043E-011
   36446280.9917355        6969696.96969697      -1.431481759389090E-011
   36446280.9917355        7171717.17171717      -7.692393468081806E-012
   36446280.9917355        7373737.37373737      -2.457956051371128E-012
   36446280.9917355        7575757.57575757       1.387082898357797E-012
   36446280.9917355        7777777.77777778       3.955070231579804E-012
   36446280.9917355        7979797.97979798       5.429730463094721E-012
   36446280.9917355        8181818.18181818       6.028394557441980E-012
   36446280.9917355        8383838.38383838       5.972555780295210E-012
   36446280.9917355        8585858.58585858       5.467465376162992E-012
   36446280.9917355        8787878.78787879       4.689829486969390E-012
   36446280.9917355        8989898.98989899       3.782032593340204E-012
   36446280.9917355        9191919.19191919       2.851243371666237E-012
   36446280.9917355        9393939.39393939       1.971916400252039E-012
   36446280.9917355        9595959.59595960       1.190409813914934E-012
   36446280.9917355        9797979.79797980       5.306438434450698E-013
   36446280.9917355        10000000.0000000       0.000000000000000E+000
   37221712.0701969       -10000000.0000000       0.000000000000000E+000
   37221712.0701969       -9797979.79797980      -1.566856294725346E-015
   37221712.0701969       -9595959.59595960      -4.269422959489120E-015
   37221712.0701969       -9393939.39393939      -9.147694272141200E-015
   37221712.0701969       -9191919.19191919      -1.785740083235380E-014
   37221712.0701969       -8989898.98989899      -3.294234221872478E-014
   37221712.0701969       -8787878.78787879      -5.816058261911083E-014
   37221712.0701969       -8585858.58585859      -9.884057383760408E-014
   37221712.0701969       -8383838.38383838      -1.622184282818233E-013
   37221712.0701969       -8181818.18181818      -2.576796761297646E-013
   37221712.0701969       -7979797.97979798      -3.968022653177336E-013
   37221712.0701969       -7777777.77777778      -5.930804925228248E-013
   37221712.0701969       -7575757.57575758      -8.612124789719915E-013
   37221712.0701969       -7373737.37373737      -1.215867356742332E-012
   37221712.0701969       -7171717.17171717      -1.669919798277505E-012
   37221712.0701969       -6969696.96969697      -2.232248465613671E-012
   37221712.0701969       -6767676.76767677      -2.905329057885574E-012
   37221712.0701969       -6565656.56565657      -3.682985525103839E-012
   37221712.0701969       -6363636.36363636      -4.548756063815388E-012
   37221712.0701969       -6161616.16161616      -5.475340147667364E-012
   37221712.0701969       -5959595.95959596      -6.425483669205090E-012
   37221712.0701969       -5757575.75757576      -7.354421060977233E-012
   37221712.0701969       -5555555.55555556      -8.213657408040181E-012
   37221712.0701969       -5353535.35353535      -8.955521645940317E-012
   37221712.0701969       -5151515.15151515      -9.537677376117071E-012
   37221712.0701969       -4949494.94949495      -9.926771648243279E-012
   37221712.0701969       -4747474.74747475      -1.010070957441455E-011
   37221712.0701969       -4545454.54545455      -1.004960393690400E-011
   37221712.0701969       -4343434.34343434      -9.776015459166482E-012
   37221712.0701969       -4141414.14141414      -9.295280646181040E-012
   37221712.0701969       -3939393.93939394      -8.636202467945429E-012
   37221712.0701969       -3737373.73737374      -7.841255701456903E-012
   37221712.0701969       -3535353.53535354      -6.964480509179080E-012
   37221712.0701969       -3333333.33333333      -6.065507801865966E-012
   37221712.0701969       -3131313.13131313      -5.200188383519975E-012
   37221712.0701969       -2929292.92929293      -4.411040746811754E-012
   37221712.0701969       -2727272.72727273      -3.721876795138720E-012
   37221712.0701969       -2525252.52525253      -3.138927784113431E-012
   37221712.0701969       -2323232.32323232      -2.656757435201718E-012
   37221712.0701969       -2121212.12121212      -2.264607783655358E-012
   37221712.0701969       -1919191.91919192      -1.949885962019132E-012
   37221712.0701969       -1717171.71717172      -1.698951795742961E-012
   37221712.0701969       -1515151.51515152      -1.497645667899532E-012
   37221712.0701969       -1313131.31313131      -1.333146622369773E-012
   37221712.0701969       -1111111.11111111      -1.196273783474078E-012
   37221712.0701969       -909090.909090910      -1.082171686759370E-012
   37221712.0701969       -707070.707070708      -9.885935307263861E-013
   37221712.0701969       -505050.505050506      -9.132033616578351E-013
   37221712.0701969       -303030.303030305      -8.522028239670312E-013
   37221712.0701969       -101010.101010101      -8.014113879291280E-013
   37221712.0701969        101010.101010101      -7.589041881128762E-013
   37221712.0701969        303030.303030303      -7.272320136455399E-013
   37221712.0701969        505050.505050505      -7.138859473704186E-013
   37221712.0701969        707070.707070706      -7.303174539786238E-013
   37221712.0701969        909090.909090908      -7.910944764297449E-013
   37221712.0701969        1111111.11111111      -9.147594699715341E-013
   37221712.0701969        1313131.31313131      -1.126809817544914E-012
   37221712.0701969        1515151.51515151      -1.463849692857945E-012
   37221712.0701969        1717171.71717172      -1.977245180209493E-012
   37221712.0701969        1919191.91919192      -2.734817253709605E-012
   37221712.0701969        2121212.12121212      -3.819850667513556E-012
   37221712.0701969        2323232.32323232      -5.327373546786136E-012
   37221712.0701969        2525252.52525252      -7.357905156182182E-012
   37221712.0701969        2727272.72727273      -1.000873299527340E-011
   37221712.0701969        2929292.92929293      -1.336258904499111E-011
   37221712.0701969        3131313.13131313      -1.747365611251061E-011
   37221712.0701969        3333333.33333333      -2.235126943907827E-011
   37221712.0701969        3535353.53535353      -2.794245710325030E-011
   37221712.0701969        3737373.73737374      -3.411553978482680E-011
   37221712.0701969        3939393.93939394      -4.064834833870633E-011
   37221712.0701969        4141414.14141414      -4.722598399835067E-011
   37221712.0701969        4343434.34343434      -5.345370151613349E-011
   37221712.0701969        4545454.54545454      -5.888914770074595E-011
   37221712.0701969        4747474.74747475      -6.309365046293352E-011
   37221712.0701969        4949494.94949495      -6.569482469439564E-011
   37221712.0701969        5151515.15151515      -6.644538393225971E-011
   37221712.0701969        5353535.35353535      -6.526060240758340E-011
   37221712.0701969        5555555.55555555      -6.222287635399239E-011
   37221712.0701969        5757575.75757576      -5.755460712575420E-011
   37221712.0701969        5959595.95959596      -5.157301962545667E-011
   37221712.0701969        6161616.16161616      -4.464485055648787E-011
   37221712.0701969        6363636.36363636      -3.715307743906952E-011
   37221712.0701969        6565656.56565657      -2.947710220700896E-011
   37221712.0701969        6767676.76767677      -2.197965827085480E-011
   37221712.0701969        6969696.96969697      -1.499244797510948E-011
   37221712.0701969        7171717.17171717      -8.797020165322191E-012
   37221712.0701969        7373737.37373737      -3.603411935510183E-012
   37221712.0701969        7575757.57575757       4.672514600584024E-013
   37221712.0701969        7777777.77777778       3.390121534260156E-012
   37221712.0701969        7979797.97979798       5.230910041444248E-012
   37221712.0701969        8181818.18181818       6.128044269845952E-012
   37221712.0701969        8383838.38383838       6.266841909004331E-012
   37221712.0701969        8585858.58585858       5.851300190330518E-012
   37221712.0701969        8787878.78787879       5.078742771019527E-012
   37221712.0701969        8989898.98989899       4.120966265746621E-012
   37221712.0701969        9191919.19191919       3.113438037351533E-012
   37221712.0701969        9393939.39393939       2.152186468767492E-012
   37221712.0701969        9595959.59595960       1.296706401567368E-012
   37221712.0701969        9797979.79797980       5.766126101757072E-013
   37221712.0701969        10000000.0000000       0.000000000000000E+000
   38005305.5810632       -10000000.0000000       0.000000000000000E+000
   38005305.5810632       -9797979.79797980      -3.976228461923840E-016
   38005305.5810632       -9595959.59595960      -1.321369399299425E-015
   38005305.5810632       -9393939.39393939      -3.423347225323611E-015
   38005305.5810632       -9191919.19191919      -7.850657071923312E-015
   38005305.5810632       -8989898.98989899      -1.653024171280359E-014
   38005305.5810632       -8787878.78787879      -3.255285763945736E-014
   38005305.5810632       -8585858.58585859      -6.065197450875744E-014
   38005305.5810632       -8383838.38383838      -1.077489471550534E-013
   38005305.5810632       -8181818.18181818      -1.834987108536778E-013
   38005305.5810632       -7979797.97979798      -3.007240525477256E-013
   38005305.5810632       -7777777.77777778      -4.755784042601759E-013
   38005305.5810632       -7575757.57575758      -7.272396803301126E-013
   38005305.5810632       -7373737.37373737      -1.076928232822775E-012
   38005305.5810632       -7171717.17171717      -1.546079587243274E-012
   38005305.5810632       -6969696.96969697      -2.153602687762184E-012
   38005305.5810632       -6767676.76767677      -2.912321621440745E-012
   38005305.5810632       -6565656.56565657      -3.824920094868555E-012
   38005305.5810632       -6363636.36363636      -4.879948258984367E-012
   38005305.5810632       -6161616.16161616      -6.048655627011016E-012
   38005305.5810632       -5959595.95959596      -7.283515916813635E-012
   38005305.5810632       -5757575.75757576      -8.519249163460618E-012
   38005305.5810632       -5555555.55555556      -9.676886589158989E-012
   38005305.5810632       -5353535.35353535      -1.067096564821873E-011
   38005305.5810632       -5151515.15151515      -1.141933106166207E-011
   38005305.5810632       -4949494.94949495      -1.185433869177351E-011
   38005305.5810632       -4747474.74747475      -1.193363815348609E-011
   38005305.5810632       -4545454.54545455      -1.164831493914398E-011
   38005305.5810632       -4343434.34343434      -1.102621208310389E-011
   38005305.5810632       -4141414.14141414      -1.012893127288440E-011
   38005305.5810632       -3939393.93939394      -9.042411679317274E-012
   38005305.5810632       -3737373.73737374      -7.862858521271990E-012
   38005305.5810632       -3535353.53535354      -6.681464716585990E-012
   38005305.5810632       -3333333.33333333      -5.571926221460187E-012
   38005305.5810632       -3131313.13131313      -4.583646369668977E-012
   38005305.5810632       -2929292.92929293      -3.741191286032511E-012
   38005305.5810632       -2727272.72727273      -3.048344715283597E-012
   38005305.5810632       -2525252.52525253      -2.494258281197190E-012
   38005305.5810632       -2323232.32323232      -2.059749770980444E-012
   38005305.5810632       -2121212.12121212      -1.722735588387184E-012
   38005305.5810632       -1919191.91919192      -1.462244233455193E-012
   38005305.5810632       -1717171.71717172      -1.260606895841638E-012
   38005305.5810632       -1515151.51515152      -1.103844326051368E-012
   38005305.5810632       -1313131.31313131      -9.809569757364452E-013
   38005305.5810632       -1111111.11111111      -8.831491124322484E-013
   38005305.5810632       -909090.909090910      -8.035892920671556E-013
   38005305.5810632       -707070.707070708      -7.375143851417282E-013
   38005305.5810632       -505050.505050506      -6.820767918631030E-013
   38005305.5810632       -303030.303030305      -6.356506117674801E-013
   38005305.5810632       -101010.101010101      -5.969649260627621E-013
   38005305.5810632        101010.101010101      -5.647417660284542E-013
   38005305.5810632        303030.303030303      -5.381857134520129E-013
   38005305.5810632        505050.505050505      -5.180368531489783E-013
   38005305.5810632        707070.707070706      -5.075648340903500E-013
   38005305.5810632        909090.909090908      -5.131534153714031E-013
   38005305.5810632        1111111.11111111      -5.447620236486790E-013
   38005305.5810632        1313131.31313131      -6.170211525992441E-013
   38005305.5810632        1515151.51515151      -7.516537406175777E-013
   38005305.5810632        1717171.71717172      -9.813614176129017E-013
   38005305.5810632        1919191.91919192      -1.354617813735875E-012
   38005305.5810632        2121212.12121212      -1.940303014777110E-012
   38005305.5810632        2323232.32323232      -2.830895530512096E-012
   38005305.5810632        2525252.52525252      -4.142908533521610E-012
   38005305.5810632        2727272.72727273      -6.013297844998889E-012
   38005305.5810632        2929292.92929293      -8.590702489342199E-012
   38005305.5810632        3131313.13131313      -1.202076056801190E-011
   38005305.5810632        3333333.33333333      -1.642552110816547E-011
   38005305.5810632        3535353.53535353      -2.187813662181745E-011
   38005305.5810632        3737373.73737374      -2.837536280375283E-011
   38005305.5810632        3939393.93939394      -3.581158980013279E-011
   38005305.5810632        4141414.14141414      -4.395890140480387E-011
   38005305.5810632        4343434.34343434      -5.245788699055830E-011
   38005305.5810632        4545454.54545454      -6.082367339374916E-011
   38005305.5810632        4747474.74747475      -6.847095498177143E-011
   38005305.5810632        4949494.94949495      -7.476041299211534E-011
   38005305.5810632        5151515.15151515      -7.906609519147122E-011
   38005305.5810632        5353535.35353535      -8.085836266485613E-011
   38005305.5810632        5555555.55555555      -7.979035942816295E-011
   38005305.5810632        5757575.75757576      -7.577008851126851E-011
   38005305.5810632        5959595.95959596      -6.899878022647289E-011
   38005305.5810632        6161616.16161616      -5.996179377386865E-011
   38005305.5810632        6363636.36363636      -4.936983570219985E-011
   38005305.5810632        6565656.56565657      -3.806150047162551E-011
   38005305.5810632        6767676.76767677      -2.688787908645178E-011
   38005305.5810632        6969696.96969697      -1.660304015541775E-011
   38005305.5810632        7171717.17171717      -7.780477575366937E-012
   38005305.5810632        7373737.37373737      -7.674277217280394E-013
   38005305.5810632        7575757.57575757       4.320601410826292E-012
   38005305.5810632        7777777.77777778       7.571008551716285E-012
   38005305.5810632        7979797.97979798       9.222244408722080E-012
   38005305.5810632        8181818.18181818       9.602090320894496E-012
   38005305.5810632        8383838.38383838       9.068099760657564E-012
   38005305.5810632        8585858.58585858       7.959012648138943E-012
   38005305.5810632        8787878.78787879       6.561830464268413E-012
   38005305.5810632        8989898.98989899       5.095296673866065E-012
   38005305.5810632        9191919.19191919       3.707522032111748E-012
   38005305.5810632        9393939.39393939       2.483774698923531E-012
   38005305.5810632        9595959.59595960       1.459986627393239E-012
   38005305.5810632        9797979.79797980       6.380238706797959E-013
   38005305.5810632        10000000.0000000       0.000000000000000E+000
   38797061.5243343       -10000000.0000000       0.000000000000000E+000
   38797061.5243343       -9797979.79797980       1.947358845303222E-016
   38797061.5243343       -9595959.59595960       2.795476682922033E-016
   38797061.5243343       -9393939.39393939      -4.170459532675220E-017
   38797061.5243343       -9191919.19191919      -1.397530425695755E-015
   38797061.5243343       -8989898.98989899      -5.001851996558632E-015
   38797061.5243343       -8787878.78787879      -1.303551172874553E-014
   38797061.5243343       -8585858.58585859      -2.917513235125257E-014
   38797061.5243343       -8383838.38383838      -5.926940947053714E-014
   38797061.5243343       -8181818.18181818      -1.121221592879657E-013
   38797061.5243343       -7979797.97979798      -2.002794263374237E-013
   38797061.5243343       -7777777.77777778      -3.406384363636472E-013
   38797061.5243343       -7575757.57575758      -5.546119728677767E-013
   38797061.5243343       -7373737.37373737      -8.675170549253888E-013
   38797061.5243343       -7171717.17171717      -1.306846289687648E-012
   38797061.5243343       -6969696.96969697      -1.899163250706489E-012
   38797061.5243343       -6767676.76767677      -2.665571484544063E-012
   38797061.5243343       -6565656.56565657      -3.616047246655462E-012
   38797061.5243343       -6363636.36363636      -4.743362611732733E-012
   38797061.5243343       -6161616.16161616      -6.017767167723611E-012
   38797061.5243343       -5959595.95959596      -7.383902070403129E-012
   38797061.5243343       -5757575.75757576      -8.761428081891614E-012
   38797061.5243343       -5555555.55555556      -1.005043111121589E-011
   38797061.5243343       -5353535.35353535      -1.114179678657180E-011
   38797061.5243343       -5151515.15151515      -1.193154532336866E-011
   38797061.5243343       -4949494.94949495      -1.233687539418302E-011
   38797061.5243343       -4747474.74747475      -1.231076462043417E-011
   38797061.5243343       -4545454.54545455      -1.185177090195885E-011
   38797061.5243343       -4343434.34343434      -1.100635991714260E-011
   38797061.5243343       -4141414.14141414      -9.862578303202418E-012
   38797061.5243343       -3939393.93939394      -8.535880544077313E-012
   38797061.5243343       -3737373.73737374      -7.149924759166521E-012
   38797061.5243343       -3535353.53535354      -5.816639786737844E-012
   38797061.5243343       -3333333.33333333      -4.620298454809850E-012
   38797061.5243343       -3131313.13131313      -3.609316646639644E-012
   38797061.5243343       -2929292.92929293      -2.797093944748637E-012
   38797061.5243343       -2727272.72727273      -2.170219607115281E-012
   38797061.5243343       -2525252.52525253      -1.700126520019207E-012
   38797061.5243343       -2323232.32323232      -1.353860497757635E-012
   38797061.5243343       -2121212.12121212      -1.101102142060541E-012
   38797061.5243343       -1919191.91919192      -9.169655197310969E-013
   38797061.5243343       -1717171.71717172      -7.820316773971518E-013
   38797061.5243343       -1515151.51515152      -6.815676061006022E-013
   38797061.5243343       -1313131.31313131      -6.049745588120019E-013
   38797061.5243343       -1111111.11111111      -5.452984787086212E-013
   38797061.5243343       -909090.909090910      -4.982871759754138E-013
   38797061.5243343       -707070.707070708      -4.610743132293756E-013
   38797061.5243343       -505050.505050506      -4.311605284562072E-013
   38797061.5243343       -303030.303030305      -4.061862115413904E-013
   38797061.5243343       -101010.101010101      -3.843003067399497E-013
   38797061.5243343        101010.101010101      -3.645202978637415E-013
   38797061.5243343        303030.303030303      -3.467120023778391E-013
   38797061.5243343        505050.505050505      -3.313312386528978E-013
   38797061.5243343        707070.707070706      -3.193141577083070E-013
   38797061.5243343        909090.909090908      -3.123383761392520E-013
   38797061.5243343        1111111.11111111      -3.134081244642355E-013
   38797061.5243343        1313131.31313131      -3.276915663157575E-013
   38797061.5243343        1515151.51515151      -3.638056192659641E-013
   38797061.5243343        1717171.71717172      -4.360612560296343E-013
   38797061.5243343        1919191.91919192      -5.682671796907883E-013
   38797061.5243343        2121212.12121212      -7.994210445775272E-013
   38797061.5243343        2323232.32323232      -1.191046193865346E-012
   38797061.5243343        2525252.52525252      -1.835168445426144E-012
   38797061.5243343        2727272.72727273      -2.861062853925128E-012
   38797061.5243343        2929292.92929293      -4.438039251043145E-012
   38797061.5243343        3131313.13131313      -6.770886560051832E-012
   38797061.5243343        3333333.33333333      -1.008451422109352E-011
   38797061.5243343        3535353.53535353      -1.459524609337661E-011
   38797061.5243343        3737373.73737374      -2.046847982241835E-011
   38797061.5243343        3939393.93939394      -2.776606408623702E-011
   38797061.5243343        4141414.14141414      -3.639130186271077E-011
   38797061.5243343        4343434.34343434      -4.604384692731396E-011
   38797061.5243343        4545454.54545454      -5.619921289135944E-011
   38797061.5243343        4747474.74747475      -6.612628640390845E-011
   38797061.5243343        4949494.94949495      -7.495000651215502E-011
   38797061.5243343        5151515.15151515      -8.175593493345843E-011
   38797061.5243343        5353535.35353535      -8.572168366091455E-011
   38797061.5243343        5555555.55555555      -8.625111857589420E-011
   38797061.5243343        5757575.75757576      -8.308405117112478E-011
   38797061.5243343        5959595.95959596      -7.635756203731582E-011
   38797061.5243343        6161616.16161616      -6.660395323005007E-011
   38797061.5243343        6363636.36363636      -5.468265616662041E-011
   38797061.5243343        6565656.56565657      -4.165710690591206E-011
   38797061.5243343        6767676.76767677      -2.863989319184833E-011
   38797061.5243343        6969696.96969697      -1.663693626122839E-011
   38797061.5243343        7171717.17171717      -6.421256431407577E-012
   38797061.5243343        7373737.37373737       1.541443603031293E-012
   38797061.5243343        7575757.57575757       7.106906396113606E-012
   38797061.5243343        7777777.77777778       1.041228057130587E-011
   38797061.5243343        7979797.97979798       1.179899062212465E-011
   38797061.5243343        8181818.18181818       1.172033749670109E-011
   38797061.5243343        8383838.38383838       1.065411566635089E-011
   38797061.5243343        8585858.58585858       9.034580214408915E-012
   38797061.5243343        8787878.78787879       7.210408873564748E-012
   38797061.5243343        8989898.98989899       5.428294528003986E-012
   38797061.5243343        9191919.19191919       3.836977579399391E-012
   38797061.5243343        9393939.39393939       2.504335451668920E-012
   38797061.5243343        9595959.59595960       1.440214668407290E-012
   38797061.5243343        9797979.79797980       6.192224435708718E-013
   38797061.5243343        10000000.0000000       0.000000000000000E+000
   39596979.9000102       -10000000.0000000       0.000000000000000E+000
   39596979.9000102       -9797979.79797980       3.473546279870833E-016
   39596979.9000102       -9595959.59595960       8.123456980071034E-016
   39596979.9000102       -9393939.39393939       1.385147594840527E-015
   39596979.9000102       -9191919.19191919       1.904480431674339E-015
   39596979.9000102       -8989898.98989899       1.874309123116345E-015
   39596979.9000102       -8787878.78787879       1.344314991287093E-016
   39596979.9000102       -8585858.58585859      -5.668426028486464E-015
   39596979.9000102       -8383838.38383838      -1.986390273462085E-014
   39596979.9000102       -8181818.18181818      -4.982376978804106E-014
   39596979.9000102       -7979797.97979798      -1.072759515010777E-013
   39596979.9000102       -7777777.77777778      -2.097253785808697E-013
   39596979.9000102       -7575757.57575758      -3.816875322871066E-013
   39596979.9000102       -7373737.37373737      -6.552591500420645E-013
   39596979.9000102       -7171717.17171717      -1.069382824148404E-012
   39596979.9000102       -6969696.96969697      -1.667079600598128E-012
   39596979.9000102       -6767676.76767677      -2.490020543434526E-012
   39596979.9000102       -6565656.56565657      -3.570180246071749E-012
   39596979.9000102       -6363636.36363636      -4.919020012860981E-012
   39596979.9000102       -6161616.16161616      -6.515652539788808E-012
   39596979.9000102       -5959595.95959596      -8.296567598911155E-012
   39596979.9000102       -5757575.75757576      -1.015040696171435E-011
   39596979.9000102       -5555555.55555556      -1.192149269088348E-011
   39596979.9000102       -5353535.35353535      -1.342485274149571E-011
   39596979.9000102       -5151515.15151515      -1.447307076185425E-011
   39596979.9000102       -4949494.94949495      -1.491159526079101E-011
   39596979.9000102       -4747474.74747475      -1.465503266903696E-011
   39596979.9000102       -4545454.54545455      -1.371395877601451E-011
   39596979.9000102       -4343434.34343434      -1.220178195041244E-011
   39596979.9000102       -4141414.14141414      -1.031556503750426E-011
   39596979.9000102       -3939393.93939394      -8.293228840192901E-012
   39596979.9000102       -3737373.73737374      -6.359457715722160E-012
   39596979.9000102       -3535353.53535354      -4.678920617131059E-012
   39596979.9000102       -3333333.33333333      -3.333309673435152E-012
   39596979.9000102       -3131313.13131313      -2.327547557378046E-012
   39596979.9000102       -2929292.92929293      -1.616297195329859E-012
   39596979.9000102       -2727272.72727273      -1.134170705201901E-012
   39596979.9000102       -2525252.52525253      -8.168284479923250E-013
   39596979.9000102       -2323232.32323232      -6.105995376042321E-013
   39596979.9000102       -2121212.12121212      -4.753125657988865E-013
   39596979.9000102       -1919191.91919192      -3.843427345306649E-013
   39596979.9000102       -1717171.71717172      -3.223100906652137E-013
   39596979.9000102       -1515151.51515152      -2.804913076371245E-013
   39596979.9000102       -1313131.31313131      -2.523177066005455E-013
   39596979.9000102       -1111111.11111111      -2.317272786457266E-013
   39596979.9000102       -909090.909090910      -2.143384209780279E-013
   39596979.9000102       -707070.707070708      -1.987925816832092E-013
   39596979.9000102       -505050.505050506      -1.861020799814280E-013
   39596979.9000102       -303030.303030305      -1.774136687273433E-013
   39596979.9000102       -101010.101010101      -1.722263905454224E-013
   39596979.9000102        101010.101010101      -1.684228869117327E-013
   39596979.9000102        303030.303030303      -1.637006751844962E-013
   39596979.9000102        505050.505050505      -1.569979585573603E-013
   39596979.9000102        707070.707070706      -1.489169952869594E-013
   39596979.9000102        909090.909090908      -1.411944222189630E-013
   39596979.9000102        1111111.11111111      -1.359288279339866E-013
   39596979.9000102        1313131.31313131      -1.352044973933654E-013
   39596979.9000102        1515151.51515151      -1.413186470913250E-013
   39596979.9000102        1717171.71717172      -1.575749201055574E-013
   39596979.9000102        1919191.91919192      -1.897910130806674E-013
   39596979.9000102        2121212.12121212      -2.491352574852813E-013
   39596979.9000102        2323232.32323232      -3.573183382201833E-013
   39596979.9000102        2525252.52525252      -5.552117226422448E-013
   39596979.9000102        2727272.72727273      -9.154420244355611E-013
   39596979.9000102        2929292.92929293      -1.558309412544474E-012
   39596979.9000102        3131313.13131313      -2.668474774391476E-012
   39596979.9000102        3333333.33333333      -4.507396660550766E-012
   39596979.9000102        3535353.53535353      -7.413921353374188E-012
   39596979.9000102        3737373.73737374      -1.178361427194732E-011
   39596979.9000102        3939393.93939394      -1.801769866828925E-011
   39596979.9000102        4141414.14141414      -2.643643468529991E-011
   39596979.9000102        4343434.34343434      -3.716075293647477E-011
   39596979.9000102        4545454.54545454      -4.997999983170940E-011
   39596979.9000102        4747474.74747475      -6.424015822400857E-011
   39596979.9000102        4949494.94949495      -7.879955119549417E-011
   39596979.9000102        5151515.15151515      -9.209842059147717E-011
   39596979.9000102        5353535.35353535      -1.023664555579742E-010
   39596979.9000102        5555555.55555555      -1.079480195641039E-010
   39596979.9000102        5757575.75757576      -1.076722056073391E-010
   39596979.9000102        5959595.95959596      -1.011592212364340E-010
   39596979.9000102        6161616.16161616      -8.895930998376518E-011
   39596979.9000102        6363636.36363636      -7.247015889726867E-011
   39596979.9000102        6565656.56565657      -5.365347673224575E-011
   39596979.9000102        6767676.76767677      -3.463726402391366E-011
   39596979.9000102        6969696.96969697      -1.731945708208740E-011
   39596979.9000102        7171717.17171717      -3.073694297945928E-012
   39596979.9000102        7373737.37373737       7.387921517568103E-012
   39596979.9000102        7575757.57575757       1.399400424044173E-011
   39596979.9000102        7777777.77777778       1.717546065360255E-011
   39596979.9000102        7979797.97979798       1.766906510666007E-011
   39596979.9000102        8181818.18181818       1.632010824545500E-011
   39596979.9000102        8383838.38383838       1.392449264569056E-011
   39596979.9000102        8585858.58585858       1.112910623606913E-011
   39596979.9000102        8787878.78787879       8.390391644743674E-012
   39596979.9000102        8989898.98989899       5.978740559463899E-012
   39596979.9000102        9191919.19191919       4.011350617144773E-012
   39596979.9000102        9393939.39393939       2.496954280422474E-012
   39596979.9000102        9595959.59595960       1.379934758582555E-012
   39596979.9000102        9797979.79797980       5.764837253202678E-013
   39596979.9000102        10000000.0000000       0.000000000000000E+000
   40405060.7080910       -10000000.0000000       0.000000000000000E+000
   40405060.7080910       -9797979.79797980       0.000000000000000E+000
   40405060.7080910       -9595959.59595960       0.000000000000000E+000
   40405060.7080910       -9393939.39393939       0.000000000000000E+000
   40405060.7080910       -9191919.19191919       0.000000000000000E+000
   40405060.7080910       -8989898.98989899       0.000000000000000E+000
   40405060.7080910       -8787878.78787879       0.000000000000000E+000
   40405060.7080910       -8585858.58585859       0.000000000000000E+000
   40405060.7080910       -8383838.38383838       0.000000000000000E+000
   40405060.7080910       -8181818.18181818       0.000000000000000E+000
   40405060.7080910       -7979797.97979798       0.000000000000000E+000
   40405060.7080910       -7777777.77777778       0.000000000000000E+000
   40405060.7080910       -7575757.57575758       0.000000000000000E+000
   40405060.7080910       -7373737.37373737       0.000000000000000E+000
   40405060.7080910       -7171717.17171717       0.000000000000000E+000
   40405060.7080910       -6969696.96969697       0.000000000000000E+000
   40405060.7080910       -6767676.76767677       0.000000000000000E+000
   40405060.7080910       -6565656.56565657       0.000000000000000E+000
   40405060.7080910       -6363636.36363636       0.000000000000000E+000
   40405060.7080910       -6161616.16161616       0.000000000000000E+000
   40405060.7080910       -5959595.95959596       0.000000000000000E+000
   40405060.7080910       -5757575.75757576       0.000000000000000E+000
   40405060.7080910       -5555555.55555556       0.000000000000000E+000
   40405060.7080910       -5353535.35353535       0.000000000000000E+000
   40405060.7080910       -5151515.15151515       0.000000000000000E+000
   40405060.7080910       -4949494.94949495       0.000000000000000E+000
   40405060.7080910       -4747474.74747475       0.000000000000000E+000
   40405060.7080910       -4545454.54545455       0.000000000000000E+000
   40405060.7080910       -4343434.34343434       0.000000000000000E+000
   40405060.7080910       -4141414.14141414       0.000000000000000E+000
   40405060.7080910       -3939393.93939394       0.000000000000000E+000
   40405060.7080910       -3737373.73737374       0.000000000000000E+000
   40405060.7080910       -3535353.53535354       0.000000000000000E+000
   40405060.7080910       -3333333.33333333       0.000000000000000E+000
   40405060.7080910       -3131313.13131313       0.000000000000000E+000
   40405060.7080910       -2929292.92929293       0.000000000000000E+000
   40405060.7080910       -2727272.72727273       0.000000000000000E+000
   40405060.7080910       -2525252.52525253       0.000000000000000E+000
   40405060.7080910       -2323232.32323232       0.000000000000000E+000
   40405060.7080910       -2121212.12121212       0.000000000000000E+000
   40405060.7080910       -1919191.91919192       0.000000000000000E+000
   40405060.7080910       -1717171.71717172       0.000000000000000E+000
   40405060.7080910       -1515151.51515152       0.000000000000000E+000
   40405060.7080910       -1313131.31313131       0.000000000000000E+000
   40405060.7080910       -1111111.11111111       0.000000000000000E+000
   40405060.7080910       -909090.909090910       0.000000000000000E+000
   40405060.7080910       -707070.707070708       0.000000000000000E+000
   40405060.7080910       -505050.505050506       0.000000000000000E+000
   40405060.7080910       -303030.303030305       0.000000000000000E+000
   40405060.7080910       -101010.101010101       0.000000000000000E+000
   40405060.7080910        101010.101010101       0.000000000000000E+000
   40405060.7080910        303030.303030303       0.000000000000000E+000
   40405060.7080910        505050.505050505       0.000000000000000E+000
   40405060.7080910        707070.707070706       0.000000000000000E+000
   40405060.7080910        909090.909090908       0.000000000000000E+000
   40405060.7080910        1111111.11111111       0.000000000000000E+000
   40405060.7080910        1313131.31313131       0.000000000000000E+000
   40405060.7080910        1515151.51515151       0.000000000000000E+000
   40405060.7080910        1717171.71717172       0.000000000000000E+000
   40405060.7080910        1919191.91919192       0.000000000000000E+000
   40405060.7080910        2121212.12121212       0.000000000000000E+000
   40405060.7080910        2323232.32323232       0.000000000000000E+000
   40405060.7080910        2525252.52525252       0.000000000000000E+000
   40405060.7080910        2727272.72727273       0.000000000000000E+000
   40405060.7080910        2929292.92929293       0.000000000000000E+000
   40405060.7080910        3131313.13131313       0.000000000000000E+000
   40405060.7080910        3333333.33333333       0.000000000000000E+000
   40405060.7080910        3535353.53535353       0.000000000000000E+000
   40405060.7080910        3737373.73737374       0.000000000000000E+000
   40405060.7080910        3939393.93939394       0.000000000000000E+000
   40405060.7080910        4141414.14141414       0.000000000000000E+000
   40405060.7080910        4343434.34343434       0.000000000000000E+000
   40405060.7080910        4545454.54545454       0.000000000000000E+000
   40405060.7080910        4747474.74747475       0.000000000000000E+000
   40405060.7080910        4949494.94949495       0.000000000000000E+000
   40405060.7080910        5151515.15151515       0.000000000000000E+000
   40405060.7080910        5353535.35353535       0.000000000000000E+000
   40405060.7080910        5555555.55555555       0.000000000000000E+000
   40405060.7080910        5757575.75757576       0.000000000000000E+000
   40405060.7080910        5959595.95959596       0.000000000000000E+000
   40405060.7080910        6161616.16161616       0.000000000000000E+000
   40405060.7080910        6363636.36363636       0.000000000000000E+000
   40405060.7080910        6565656.56565657       0.000000000000000E+000
   40405060.7080910        6767676.76767677       0.000000000000000E+000
   40405060.7080910        6969696.96969697       0.000000000000000E+000
   40405060.7080910        7171717.17171717       0.000000000000000E+000
   40405060.7080910        7373737.37373737       0.000000000000000E+000
   40405060.7080910        7575757.57575757       0.000000000000000E+000
   40405060.7080910        7777777.77777778       0.000000000000000E+000
   40405060.7080910        7979797.97979798       0.000000000000000E+000
   40405060.7080910        8181818.18181818       0.000000000000000E+000
   40405060.7080910        8383838.38383838       0.000000000000000E+000
   40405060.7080910        8585858.58585858       0.000000000000000E+000
   40405060.7080910        8787878.78787879       0.000000000000000E+000
   40405060.7080910        8989898.98989899       0.000000000000000E+000
   40405060.7080910        9191919.19191919       0.000000000000000E+000
   40405060.7080910        9393939.39393939       0.000000000000000E+000
   40405060.7080910        9595959.59595960       0.000000000000000E+000
   40405060.7080910        9797979.79797980       0.000000000000000E+000
   40405060.7080910        10000000.0000000       0.000000000000000E+000
