# time =   1.85000000E+00
   1020.30405060708       -10000000.0000000       0.000000000000000E+000
   1020.30405060708       -9797979.79797980       1.158103137630341E-008
   1020.30405060708       -9595959.59595960       3.311145135555089E-008
   1020.30405060708       -9393939.39393939       6.825931021798576E-008
   1020.30405060708       -9191919.19191919       1.220303904189778E-007
   1020.30405060708       -8989898.98989899       2.009330863297418E-007
   1020.30405060708       -8787878.78787879       3.131464760657214E-007
   1020.30405060708       -8585858.58585859       4.686452808479270E-007
   1020.30405060708       -8383838.38383838       6.792393154766751E-007
   1020.30405060708       -8181818.18181818       9.584892073310926E-007
   1020.30405060708       -7979797.97979798       1.321465039582139E-006
   1020.30405060708       -7777777.77777778       1.784323265674022E-006
   1020.30405060708       -7575757.57575758       2.363690593665942E-006
   1020.30405060708       -7373737.37373737       3.075861055585663E-006
   1020.30405060708       -7171717.17171717       3.935832796062588E-006
   1020.30405060708       -6969696.96969697       4.956232391082512E-006
   1020.30405060708       -6767676.76767677       6.146194894660346E-006
   1020.30405060708       -6565656.56565657       7.510285904244380E-006
   1020.30405060708       -6363636.36363636       9.047566909836645E-006
   1020.30405060708       -6161616.16161616       1.075091638166279E-005
   1020.30405060708       -5959595.95959596       1.260672497952060E-005
   1020.30405060708       -5757575.75757576       1.459508059359861E-005
   1020.30405060708       -5555555.55555556       1.669054225572678E-005
   1020.30405060708       -5353535.35353535       1.886356552049122E-005
   1020.30405060708       -5151515.15151515       2.108258346757231E-005
   1020.30405060708       -4949494.94949495       2.331667344258354E-005
   1020.30405060708       -4747474.74747475       2.553866911501960E-005
   1020.30405060708       -4545454.54545455       2.772854239590295E-005
   1020.30405060708       -4343434.34343434       2.987692079763708E-005
   1020.30405060708       -4141414.14141414       3.198876538469444E-005
   1020.30405060708       -3939393.93939394       3.408755270778805E-005
   1020.30405060708       -3737373.73737374       3.622082036031625E-005
   1020.30405060708       -3535353.53535354       3.846868819877883E-005
   1020.30405060708       -3333333.33333333       4.095795840634613E-005
   1020.30405060708       -3131313.13131313       4.388545341923646E-005
   1020.30405060708       -2929292.92929293       4.755467164603408E-005
   1020.30405060708       -2727272.72727273       5.242784609157472E-005
   1020.30405060708       -2525252.52525253       5.918795908579464E-005
   1020.30405060708       -2323232.32323232       6.878929151864178E-005
   1020.30405060708       -2121212.12121212       8.245313122607119E-005
   1020.30405060708       -1919191.91919192       1.015516261470967E-004
   1020.30405060708       -1717171.71717172       1.273403490497921E-004
   1020.30405060708       -1515151.51515152       1.605584894768702E-004
   1020.30405060708       -1313131.31313131       2.009894996036545E-004
   1020.30405060708       -1111111.11111111       2.471202620413103E-004
   1020.30405060708       -909090.909090910       2.960309366241149E-004
   1020.30405060708       -707070.707070708       3.435994863474086E-004
   1020.30405060708       -505050.505050506       3.850304902834636E-004
   1020.30405060708       -303030.303030305       4.156297934703485E-004
   1020.30405060708       -101010.101010101       4.316644529752388E-004
   1020.30405060708        101010.101010101       4.311006828786399E-004
   1020.30405060708        303030.303030303       4.140260690955860E-004
   1020.30405060708        505050.505050505       3.826399466032412E-004
   1020.30405060708        707070.707070706       3.408140697816798E-004
   1020.30405060708        909090.909090908       2.933428752353498E-004
   1020.30405060708        1111111.11111111       2.450775900250793E-004
   1020.30405060708        1313131.31313131       2.001493089429935E-004
   1020.30405060708        1515151.51515151       1.614389048031018E-004
   1020.30405060708        1717171.71717172       1.303727219608530E-004
   1020.30405060708        1919191.91919192       1.070398748466270E-004
   1020.30405060708        2121212.12121212       9.055297848009732E-005
   1020.30405060708        2323232.32323232       7.951751267077297E-005
   1020.30405060708        2525252.52525252       7.245856235719312E-005
   1020.30405060708        2727272.72727273       6.809892393691283E-005
   1020.30405060708        2929292.92929293       6.546785403628288E-005
   1020.30405060708        3131313.13131313       6.388848576626980E-005
   1020.30405060708        3333333.33333333       6.291068938686364E-005
   1020.30405060708        3535353.53535353       6.223765014146088E-005
   1020.30405060708        3737373.73737374       6.166791778909973E-005
   1020.30405060708        3939393.93939394       6.105690253096796E-005
   1020.30405060708        4141414.14141414       6.029436201229480E-005
   1020.30405060708        4343434.34343434       5.929303386013670E-005
   1020.30405060708        4545454.54545454       5.798436202655495E-005
   1020.30405060708        4747474.74747475       5.631833403226881E-005
   1020.30405060708        4949494.94949495       5.426523339612476E-005
   1020.30405060708        5151515.15151515       5.181764300011113E-005
   1020.30405060708        5353535.35353535       4.899147335924811E-005
   1020.30405060708        5555555.55555555       4.582524944062631E-005
   1020.30405060708        5757575.75757576       4.237738976856513E-005
   1020.30405060708        5959595.95959596       3.872169230664117E-005
   1020.30405060708        6161616.16161616       3.494161149728176E-005
   1020.30405060708        6363636.36363636       3.112409824703736E-005
   1020.30405060708        6565656.56565657       2.735376234608314E-005
   1020.30405060708        6767676.76767677       2.370794685748709E-005
   1020.30405060708        6969696.96969697       2.025305558504124E-005
   1020.30405060708        7171717.17171717       1.704222989102832E-005
   1020.30405060708        7373737.37373737       1.411428642257947E-005
   1020.30405060708        7575757.57575757       1.149372237427211E-005
   1020.30405060708        7777777.77777778       9.191558651523691E-006
   1020.30405060708        7979797.97979798       7.206797573357051E-006
   1020.30405060708        8181818.18181818       5.528295017176816E-006
   1020.30405060708        8383838.38383838       4.136871234078137E-006
   1020.30405060708        8585858.58585858       3.007504961224185E-006
   1020.30405060708        8787878.78787879       2.111474170677161E-006
   1020.30405060708        8989898.98989899       1.418328339816446E-006
   1020.30405060708        9191919.19191919       8.976048526559029E-007
   1020.30405060708        9393939.39393939       5.202375596283245E-007
   1020.30405060708        9595959.59595960       2.596518505410466E-007
   1020.30405060708        9797979.79797980       9.261305800055778E-008
   1020.30405060708        10000000.0000000       0.000000000000000E+000
   9182.73645546373       -10000000.0000000       0.000000000000000E+000
   9182.73645546373       -9797979.79797980       1.158119082747884E-008
   9182.73645546373       -9595959.59595960       3.311176786748173E-008
   9182.73645546373       -9393939.39393939       6.825979620666327E-008
   9182.73645546373       -9191919.19191919       1.220310612322738E-007
   9182.73645546373       -8989898.98989899       2.009339525941049E-007
   9182.73645546373       -8787878.78787879       3.131475360551025E-007
   9182.73645546373       -8585858.58585859       4.686465116573393E-007
   9182.73645546373       -8383838.38383838       6.792406629004358E-007
   9182.73645546373       -8181818.18181818       9.584905748830131E-007
   9182.73645546373       -7979797.97979798       1.321466277507558E-006
   9182.73645546373       -7777777.77777778       1.784324161151698E-006
   9182.73645546373       -7575757.57575758       2.363690863651173E-006
   9182.73645546373       -7373737.37373737       3.075860343853941E-006
   9182.73645546373       -7171717.17171717       3.935830675926560E-006
   9182.73645546373       -6969696.96969697       4.956228374938754E-006
   9182.73645546373       -6767676.76767677       6.146188450961964E-006
   9182.73645546373       -6565656.56565657       7.510276481700899E-006
   9182.73645546373       -6363636.36363636       9.047553967650564E-006
   9182.73645546373       -6161616.16161616       1.075089942348984E-005
   9182.73645546373       -5959595.95959596       1.260670358769288E-005
   9182.73645546373       -5757575.75757576       1.459505445912248E-005
   9182.73645546373       -5555555.55555556       1.669051119883884E-005
   9182.73645546373       -5353535.35353535       1.886352949628999E-005
   9182.73645546373       -5151515.15151515       2.108254255149726E-005
   9182.73645546373       -4949494.94949495       2.331662779109272E-005
   9182.73645546373       -4747474.74747475       2.553861889709277E-005
   9182.73645546373       -4545454.54545455       2.772848768969421E-005
   9182.73645546373       -4343434.34343434       2.987686144150000E-005
   9182.73645546373       -4141414.14141414       3.198870075921271E-005
   9182.73645546373       -3939393.93939394       3.408748139913286E-005
   9182.73645546373       -3737373.73737374       3.622073960459780E-005
   9182.73645546373       -3535353.53535354       3.846859291483702E-005
   9182.73645546373       -3333333.33333333       4.095783946722498E-005
   9182.73645546373       -3131313.13131313       4.388529457333559E-005
   9182.73645546373       -2929292.92929293       4.755444421131985E-005
   9182.73645546373       -2727272.72727273       5.242750039156864E-005
   9182.73645546373       -2525252.52525253       5.918741201683552E-005
   9182.73645546373       -2323232.32323232       6.878841126367677E-005
   9182.73645546373       -2121212.12121212       8.245172316697704E-005
   9182.73645546373       -1919191.91919192       1.015494272164952E-004
   9182.73645546373       -1717171.71717172       1.273370383242679E-004
   9182.73645546373       -1515151.51515152       1.605537188842053E-004
   9182.73645546373       -1313131.31313131       2.009829420316753E-004
   9182.73645546373       -1111111.11111111       2.471116688667789E-004
   9182.73645546373       -909090.909090910       2.960201943750769E-004
   9182.73645546373       -707070.707070708       3.435866616609278E-004
   9182.73645546373       -505050.505050506       3.850158527713403E-004
   9182.73645546373       -303030.303030305       4.156138085117209E-004
   9182.73645546373       -101010.101010101       4.316477417040132E-004
   9182.73645546373        101010.101010101       4.310839539784584E-004
   9182.73645546373        303030.303030303       4.140100341879650E-004
   9182.73645546373        505050.505050505       3.826252353923815E-004
   9182.73645546373        707070.707070706       3.408011610120174E-004
   9182.73645546373        909090.909090908       2.933320549779552E-004
   9182.73645546373        1111111.11111111       2.450689416588170E-004
   9182.73645546373        1313131.31313131       2.001427322291638E-004
   9182.73645546373        1515151.51515151       1.614341570026517E-004
   9182.73645546373        1717171.71717172       1.303694723761241E-004
   9182.73645546373        1919191.91919192       1.070377636060676E-004
   9182.73645546373        2121212.12121212       9.055166916139471E-005
   9182.73645546373        2323232.32323232       7.951672835663826E-005
   9182.73645546373        2525252.52525252       7.245809953312204E-005
   9182.73645546373        2727272.72727273       6.809864712371030E-005
   9182.73645546373        2929292.92929293       6.546768007243478E-005
   9182.73645546373        3131313.13131313       6.388836659824576E-005
   9182.73645546373        3333333.33333333       6.291059831358104E-005
   9182.73645546373        3535353.53535353       6.223757263050990E-005
   9182.73645546373        3737373.73737374       6.166784601457456E-005
   9182.73645546373        3939393.93939394       6.105683235668724E-005
   9182.73645546373        4141414.14141414       6.029429139644752E-005
   9182.73645546373        4343434.34343434       5.929296202544460E-005
   9182.73645546373        4545454.54545454       5.798428902058882E-005
   9182.73645546373        4747474.74747475       5.631826047514383E-005
   9182.73645546373        4949494.94949495       5.426516030971453E-005
   9182.73645546373        5151515.15151515       5.181757166635367E-005
   9182.73645546373        5353535.35353535       4.899140518546102E-005
   9182.73645546373        5555555.55555555       4.582518582751108E-005
   9182.73645546373        5757575.75757576       4.237733198649013E-005
   9182.73645546373        5959595.95959596       3.872164138996556E-005
   9182.73645546373        6161616.16161616       3.494156816627504E-005
   9182.73645546373        6363636.36363636       3.112406286375977E-005
   9182.73645546373        6565656.56565657       2.735373490597151E-005
   9182.73645546373        6767676.76767677       2.370792701377640E-005
   9182.73645546373        6969696.96969697       2.025304269958022E-005
   9182.73645546373        7171717.17171717       1.704222310300098E-005
   9182.73645546373        7373737.37373737       1.411428472611306E-005
   9182.73645546373        7575757.57575757       1.149372469657744E-005
   9182.73645546373        7777777.77777778       9.191563924651884E-006
   9182.73645546373        7979797.97979798       7.206804794486431E-006
   9182.73645546373        8181818.18181818       5.528303294276810E-006
   9182.73645546373        8383838.38383838       4.136879815638292E-006
   9182.73645546373        8585858.58585858       3.007513250347638E-006
   9182.73645546373        8787878.78787879       2.111481725111792E-006
   9182.73645546373        8989898.98989899       1.418334860339843E-006
   9182.73645546373        9191919.19191919       8.976101625393187E-007
   9182.73645546373        9393939.39393939       5.202415774807551E-007
   9182.73645546373        9595959.59595960       2.596545569143827E-007
   9182.73645546373        9797979.79797980       9.261444910882220E-008
   9182.73645546373        10000000.0000000       0.000000000000000E+000
   25507.6012651770       -10000000.0000000       0.000000000000000E+000
   25507.6012651770       -9797979.79797980       1.158243196465277E-008
   25507.6012651770       -9595959.59595960       3.311423155443779E-008
   25507.6012651770       -9393939.39393939       6.826357908863876E-008
   25507.6012651770       -9191919.19191919       1.220362827730369E-007
   25507.6012651770       -8989898.98989899       2.009406955050258E-007
   25507.6012651770       -8787878.78787879       3.131557868957699E-007
   25507.6012651770       -8585858.58585859       4.686560921313152E-007
   25507.6012651770       -8383838.38383838       6.792511510683052E-007
   25507.6012651770       -8181818.18181818       9.585012196963664E-007
   25507.6012651770       -7979797.97979798       1.321475913279343E-006
   25507.6012651770       -7777777.77777778       1.784331131288108E-006
   25507.6012651770       -7575757.57575758       2.363692964942343E-006
   25507.6012651770       -7373737.37373737       3.075854803460864E-006
   25507.6012651770       -7171717.17171717       3.935814172528231E-006
   25507.6012651770       -6969696.96969697       4.956197113041728E-006
   25507.6012651770       -6767676.76767677       6.146138293011986E-006
   25507.6012651770       -6565656.56565657       7.510203136451380E-006
   25507.6012651770       -6363636.36363636       9.047453225520722E-006
   25507.6012651770       -6161616.16161616       1.075076742090918E-005
   25507.6012651770       -5959595.95959596       1.260653707349345E-005
   25507.6012651770       -5757575.75757576       1.459485102804432E-005
   25507.6012651770       -5555555.55555556       1.669026945154299E-005
   25507.6012651770       -5353535.35353535       1.886324908320449E-005
   25507.6012651770       -5151515.15151515       2.108222405980009E-005
   25507.6012651770       -4949494.94949495       2.331627243864694E-005
   25507.6012651770       -4747474.74747475       2.553822799929880E-005
   25507.6012651770       -4545454.54545455       2.772806185508446E-005
   25507.6012651770       -4343434.34343434       2.987639941220858E-005
   25507.6012651770       -4141414.14141414       3.198819771447173E-005
   25507.6012651770       -3939393.93939394       3.408692633518331E-005
   25507.6012651770       -3737373.73737374       3.622011101020658E-005
   25507.6012651770       -3535353.53535354       3.846785124393660E-005
   25507.6012651770       -3333333.33333333       4.095691368688106E-005
   25507.6012651770       -3131313.13131313       4.388405820344630E-005
   25507.6012651770       -2929292.92929293       4.755267403428786E-005
   25507.6012651770       -2727272.72727273       5.242480980635401E-005
   25507.6012651770       -2525252.52525253       5.918315428535599E-005
   25507.6012651770       -2323232.32323232       6.878156054740131E-005
   25507.6012651770       -2121212.12121212       8.244076488251018E-005
   25507.6012651770       -1919191.91919192       1.015323140590463E-004
   25507.6012651770       -1717171.71717172       1.273112726830591E-004
   25507.6012651770       -1515151.51515152       1.605165918048708E-004
   25507.6012651770       -1313131.31313131       2.009319076315714E-004
   25507.6012651770       -1111111.11111111       2.470447920868596E-004
   25507.6012651770       -909090.909090910       2.959365919989559E-004
   25507.6012651770       -707070.707070708       3.434868522375000E-004
   25507.6012651770       -505050.505050506       3.849019345903689E-004
   25507.6012651770       -303030.303030305       4.154894035150378E-004
   25507.6012651770       -101010.101010101       4.315176840699747E-004
   25507.6012651770        101010.101010101       4.309537592815137E-004
   25507.6012651770        303030.303030303       4.138852408618626E-004
   25507.6012651770        505050.505050505       3.825107442985490E-004
   25507.6012651770        707070.707070706       3.407006980787343E-004
   25507.6012651770        909090.909090908       2.932478465420822E-004
   25507.6012651770        1111111.11111111       2.450016364935590E-004
   25507.6012651770        1313131.31313131       2.000915500175754E-004
   25507.6012651770        1515151.51515151       1.613972083834117E-004
   25507.6012651770        1717171.71717172       1.303441834811754E-004
   25507.6012651770        1919191.91919192       1.070213336086386E-004
   25507.6012651770        2121212.12121212       9.054147983222440E-005
   25507.6012651770        2323232.32323232       7.951062463976911E-005
   25507.6012651770        2525252.52525252       7.245449765683838E-005
   25507.6012651770        2727272.72727273       6.809649279095453E-005
   25507.6012651770        2929292.92929293       6.546632612439232E-005
   25507.6012651770        3131313.13131313       6.388743908236790E-005
   25507.6012651770        3333333.33333333       6.290988943898387E-005
   25507.6012651770        3535353.53535353       6.223696930202653E-005
   25507.6012651770        3737373.73737374       6.166728732755817E-005
   25507.6012651770        3939393.93939394       6.105628612098847E-005
   25507.6012651770        4141414.14141414       6.029374172146725E-005
   25507.6012651770        4343434.34343434       5.929240286225804E-005
   25507.6012651770        4545454.54545454       5.798372074019328E-005
   25507.6012651770        4747474.74747475       5.631768790487129E-005
   25507.6012651770        4949494.94949495       5.426459140399996E-005
   25507.6012651770        5151515.15151515       5.181701640386744E-005
   25507.6012651770        5353535.35353535       4.899087452076194E-005
   25507.6012651770        5555555.55555555       4.582469066361290E-005
   25507.6012651770        5757575.75757576       4.237688221186103E-005
   25507.6012651770        5959595.95959596       3.872124505595732E-005
   25507.6012651770        6161616.16161616       3.494123087935381E-005
   25507.6012651770        6363636.36363636       3.112378744208901E-005
   25507.6012651770        6565656.56565657       2.735352131392456E-005
   25507.6012651770        6767676.76767677       2.370777255204142E-005
   25507.6012651770        6969696.96969697       2.025294240071456E-005
   25507.6012651770        7171717.17171717       1.704217026636206E-005
   25507.6012651770        7373737.37373737       1.411427152195981E-005
   25507.6012651770        7575757.57575757       1.149374277431200E-005
   25507.6012651770        7777777.77777778       9.191604971370832E-006
   25507.6012651770        7979797.97979798       7.206861004248799E-006
   25507.6012651770        8181818.18181818       5.528367723546529E-006
   25507.6012651770        8383838.38383838       4.136946614689985E-006
   25507.6012651770        8585858.58585858       3.007577772966222E-006
   25507.6012651770        8787878.78787879       2.111540528832330E-006
   25507.6012651770        8989898.98989899       1.418385616034763E-006
   25507.6012651770        9191919.19191919       8.976514945658177E-007
   25507.6012651770        9393939.39393939       5.202728523004611E-007
   25507.6012651770        9595959.59595960       2.596756231520944E-007
   25507.6012651770        9797979.79797980       9.262527732017827E-008
   25507.6012651770        10000000.0000000       0.000000000000000E+000
   49994.8984797470       -10000000.0000000       0.000000000000000E+000
   49994.8984797470       -9797979.79797980       1.158652188856055E-008
   49994.8984797470       -9595959.59595960       3.312235035232083E-008
   49994.8984797470       -9393939.39393939       6.827604525549912E-008
   49994.8984797470       -9191919.19191919       1.220534899618134E-007
   49994.8984797470       -8989898.98989899       2.009629162363203E-007
   49994.8984797470       -8787878.78787879       3.131829768134355E-007
   49994.8984797470       -8585858.58585859       4.686876635912775E-007
   49994.8984797470       -8383838.38383838       6.792857134996545E-007
   49994.8984797470       -8181818.18181818       9.585362979511728E-007
   49994.8984797470       -7979797.97979798       1.321507665771256E-006
   49994.8984797470       -7777777.77777778       1.784354098649335E-006
   49994.8984797470       -7575757.57575758       2.363699886427528E-006
   49994.8984797470       -7373737.37373737       3.075836541095565E-006
   49994.8984797470       -7171717.17171717       3.935759780781113E-006
   49994.8984797470       -6969696.96969697       4.956094083687957E-006
   49994.8984797470       -6767676.76767677       6.145972990480318E-006
   49994.8984797470       -6565656.56565657       7.509961418566706E-006
   49994.8984797470       -6363636.36363636       9.047121219107572E-006
   49994.8984797470       -6161616.16161616       1.075033239293345E-005
   49994.8984797470       -5959595.95959596       1.260598830897259E-005
   49994.8984797470       -5757575.75757576       1.459418059960664E-005
   49994.8984797470       -5555555.55555556       1.668947274682504E-005
   49994.8984797470       -5353535.35353535       1.886232494945866E-005
   49994.8984797470       -5151515.15151515       2.108117443160775E-005
   49994.8984797470       -4949494.94949495       2.331510132950804E-005
   49994.8984797470       -4747474.74747475       2.553693974498323E-005
   49994.8984797470       -4545454.54545455       2.772665846327001E-005
   49994.8984797470       -4343434.34343434       2.987487674225274E-005
   49994.8984797470       -4141414.14141414       3.198653988852650E-005
   49994.8984797470       -3939393.93939394       3.408509710761039E-005
   49994.8984797470       -3737373.73737374       3.621803952429319E-005
   49994.8984797470       -3535353.53535354       3.846540724201755E-005
   49994.8984797470       -3333333.33333333       4.095386321259388E-005
   49994.8984797470       -3131313.13131313       4.387998470565039E-005
   49994.8984797470       -2929292.92929293       4.754684241355006E-005
   49994.8984797470       -2727272.72727273       5.241594697856917E-005
   49994.8984797470       -2525252.52525253       5.916913060358407E-005
   49994.8984797470       -2323232.32323232       6.875899805014712E-005
   49994.8984797470       -2121212.12121212       8.240467612770018E-005
   49994.8984797470       -1919191.91919192       1.014759570656743E-004
   49994.8984797470       -1717171.71717172       1.272264220285481E-004
   49994.8984797470       -1515151.51515152       1.603943253859620E-004
   49994.8984797470       -1313131.31313131       2.007638398027682E-004
   49994.8984797470       -1111111.11111111       2.468245486068672E-004
   49994.8984797470       -909090.909090910       2.956612629184796E-004
   49994.8984797470       -707070.707070708       3.431581446998218E-004
   49994.8984797470       -505050.505050506       3.845267591704184E-004
   49994.8984797470       -303030.303030305       4.150796895020677E-004
   49994.8984797470       -101010.101010101       4.310893536943483E-004
   49994.8984797470        101010.101010101       4.305249791678269E-004
   49994.8984797470        303030.303030303       4.134742528582476E-004
   49994.8984797470        505050.505050505       3.821336900524568E-004
   49994.8984797470        707070.707070706       3.403698489783433E-004
   49994.8984797470        909090.909090908       2.929705342773259E-004
   49994.8984797470        1111111.11111111       2.447799962290641E-004
   49994.8984797470        1313131.31313131       1.999230095968512E-004
   49994.8984797470        1515151.51515151       1.612755428839841E-004
   49994.8984797470        1717171.71717172       1.302609140966058E-004
   49994.8984797470        1919191.91919192       1.069672351359153E-004
   49994.8984797470        2121212.12121212       9.050792964303922E-005
   49994.8984797470        2323232.32323232       7.949052634114538E-005
   49994.8984797470        2525252.52525252       7.244263653889734E-005
   49994.8984797470        2727272.72727273       6.808939768765477E-005
   49994.8984797470        2929292.92929293       6.546186636480034E-005
   49994.8984797470        3131313.13131313       6.388438345595074E-005
   49994.8984797470        3333333.33333333       6.290755377193189E-005
   49994.8984797470        3535353.53535353       6.223498118810191E-005
   49994.8984797470        3737373.73737374       6.166544620017516E-005
   49994.8984797470        3939393.93939394       6.105448596700686E-005
   49994.8984797470        4141414.14141414       6.029193020709304E-005
   49994.8984797470        4343434.34343434       5.929056006997312E-005
   49994.8984797470        4545454.54545454       5.798184790124995E-005
   49994.8984797470        4747474.74747475       5.631580093244155E-005
   49994.8984797470        4949494.94949495       5.426271651462376E-005
   49994.8984797470        5151515.15151515       5.181518648383724E-005
   49994.8984797470        5353535.35353535       4.898912567169178E-005
   49994.8984797470        5555555.55555555       4.582305881670618E-005
   49994.8984797470        5757575.75757576       4.237539995442730E-005
   49994.8984797470        5959595.95959596       3.871993892069129E-005
   49994.8984797470        6161616.16161616       3.494011934149890E-005
   49994.8984797470        6363636.36363636       3.112287978778843E-005
   49994.8984797470        6565656.56565657       2.735281742450367E-005
   49994.8984797470        6767676.76767677       2.370726353060068E-005
   49994.8984797470        6969696.96969697       2.025261187577477E-005
   49994.8984797470        7171717.17171717       1.704199615480877E-005
   49994.8984797470        7373737.37373737       1.411422801991392E-005
   49994.8984797470        7575757.57575757       1.149380236161698E-005
   49994.8984797470        7777777.77777778       9.191740252297896E-006
   49994.8984797470        7979797.97979798       7.207046253948674E-006
   49994.8984797470        8181818.18181818       5.528580059375820E-006
   49994.8984797470        8383838.38383838       4.137166758769900E-006
   49994.8984797470        8585858.58585858       3.007790413660268E-006
   49994.8984797470        8787878.78787879       2.111734321505959E-006
   49994.8984797470        8989898.98989899       1.418552885078032E-006
   49994.8984797470        9191919.19191919       8.977877065871739E-007
   49994.8984797470        9393939.39393939       5.203759195238507E-007
   49994.8984797470        9595959.59595960       2.597450468141167E-007
   49994.8984797470        9797979.79797980       9.266096071642628E-008
   49994.8984797470        10000000.0000000       0.000000000000000E+000
   82644.6280991736       -10000000.0000000       0.000000000000000E+000
   82644.6280991736       -9797979.79797980       1.159612202609949E-008
   82644.6280991736       -9595959.59595960       3.314140848382232E-008
   82644.6280991736       -9393939.39393939       6.830530909235536E-008
   82644.6280991736       -9191919.19191919       1.220938834098949E-007
   82644.6280991736       -8989898.98989899       2.010150787391060E-007
   82644.6280991736       -8787878.78787879       3.132468038580818E-007
   82644.6280991736       -8585858.58585859       4.687617752051180E-007
   82644.6280991736       -8383838.38383838       6.793668447398538E-007
   82644.6280991736       -8181818.18181818       9.586186377180758E-007
   82644.6280991736       -7979797.97979798       1.321582195116894E-006
   82644.6280991736       -7777777.77777778       1.784408000713178E-006
   82644.6280991736       -7575757.57575758       2.363716115388176E-006
   82644.6280991736       -7373737.37373737       3.075793644029852E-006
   82644.6280991736       -7171717.17171717       3.935632061118737E-006
   82644.6280991736       -6969696.96969697       4.955852175913882E-006
   82644.6280991736       -6767676.76767677       6.145584882000204E-006
   82644.6280991736       -6565656.56565657       7.509393906814867E-006
   82644.6280991736       -6363636.36363636       9.046341732247915E-006
   82644.6280991736       -6161616.16161616       1.074931103492749E-005
   82644.6280991736       -5959595.95959596       1.260469992065972E-005
   82644.6280991736       -5757575.75757576       1.459260656558090E-005
   82644.6280991736       -5555555.55555556       1.668760223400682E-005
   82644.6280991736       -5353535.35353535       1.886015524725578E-005
   82644.6280991736       -5151515.15151515       2.107871007889291E-005
   82644.6280991736       -4949494.94949495       2.331235174862462E-005
   82644.6280991736       -4747474.74747475       2.553391511985260E-005
   82644.6280991736       -4545454.54545455       2.772336352071076E-005
   82644.6280991736       -4343434.34343434       2.987130178959442E-005
   82644.6280991736       -4141414.14141414       3.198264770474348E-005
   82644.6280991736       -3939393.93939394       3.408080270558946E-005
   82644.6280991736       -3737373.73737374       3.621317676145312E-005
   82644.6280991736       -3535353.53535354       3.845967072257778E-005
   82644.6280991736       -3333333.33333333       4.094670449430434E-005
   82644.6280991736       -3131313.13131313       4.387042747308191E-005
   82644.6280991736       -2929292.92929293       4.753316402479319E-005
   82644.6280991736       -2727272.72727273       5.239516448626685E-005
   82644.6280991736       -2525252.52525253       5.913625449807633E-005
   82644.6280991736       -2323232.32323232       6.870611433403387E-005
   82644.6280991736       -2121212.12121212       8.232009944559930E-005
   82644.6280991736       -1919191.91919192       1.013438893676245E-004
   82644.6280991736       -1717171.71717172       1.270275859918351E-004
   82644.6280991736       -1515151.51515152       1.601078069894374E-004
   82644.6280991736       -1313131.31313131       2.003699787722618E-004
   82644.6280991736       -1111111.11111111       2.463083972880940E-004
   82644.6280991736       -909090.909090910       2.950159941292643E-004
   82644.6280991736       -707070.707070708       3.423877558084886E-004
   82644.6280991736       -505050.505050506       3.836474474783154E-004
   82644.6280991736       -303030.303030305       4.141194193143174E-004
   82644.6280991736       -101010.101010101       4.300854511867717E-004
   82644.6280991736        101010.101010101       4.295200325421003E-004
   82644.6280991736        303030.303030303       4.125110262559790E-004
   82644.6280991736        505050.505050505       3.812500227345461E-004
   82644.6280991736        707070.707070706       3.395945048381994E-004
   82644.6280991736        909090.909090908       2.923206940530004E-004
   82644.6280991736        1111111.11111111       2.442606553313818E-004
   82644.6280991736        1313131.31313131       1.995281259916961E-004
   82644.6280991736        1515151.51515151       1.609905118095720E-004
   82644.6280991736        1717171.71717172       1.300658509812264E-004
   82644.6280991736        1919191.91919192       1.068405124065372E-004
   82644.6280991736        2121212.12121212       9.042933925231145E-005
   82644.6280991736        2323232.32323232       7.944344230498225E-005
   82644.6280991736        2525252.52525252       7.241484440876082E-005
   82644.6280991736        2727272.72727273       6.807276813006984E-005
   82644.6280991736        2929292.92929293       6.545140963273109E-005
   82644.6280991736        3131313.13131313       6.387721604230857E-005
   82644.6280991736        3333333.33333333       6.290207310673631E-005
   82644.6280991736        3535353.53535353       6.223031479859059E-005
   82644.6280991736        3737373.73737374       6.166112410162618E-005
   82644.6280991736        3939393.93939394       6.105025969860260E-005
   82644.6280991736        4141414.14141414       6.028767711142445E-005
   82644.6280991736        4343434.34343434       5.928623348871326E-005
   82644.6280991736        4545454.54545454       5.797745077667890E-005
   82644.6280991736        4747474.74747475       5.631137065069894E-005
   82644.6280991736        4949494.94949495       5.425831463815315E-005
   82644.6280991736        5151515.15151515       5.181089022638239E-005
   82644.6280991736        5353535.35353535       4.898501979101343E-005
   82644.6280991736        5555555.55555555       4.581922766724806E-005
   82644.6280991736        5757575.75757576       4.237192003772391E-005
   82644.6280991736        5959595.95959596       3.871687252201411E-005
   82644.6280991736        6161616.16161616       3.493750982837325E-005
   82644.6280991736        6363636.36363636       3.112074895381335E-005
   82644.6280991736        6565656.56565657       2.735116498350599E-005
   82644.6280991736        6767676.76767677       2.370606858824086E-005
   82644.6280991736        6969696.96969697       2.025183599057377E-005
   82644.6280991736        7171717.17171717       1.704158747733098E-005
   82644.6280991736        7373737.37373737       1.411412596688381E-005
   82644.6280991736        7575757.57575757       1.149394232183426E-005
   82644.6280991736        7777777.77777778       9.192057907897103E-006
   82644.6280991736        7979797.97979798       7.207481210741530E-006
   82644.6280991736        8181818.18181818       5.529078596466591E-006
   82644.6280991736        8383838.38383838       4.137683618514131E-006
   82644.6280991736        8585858.58585858       3.008289650052301E-006
   82644.6280991736        8787878.78787879       2.112189301779482E-006
   82644.6280991736        8989898.98989899       1.418945590041194E-006
   82644.6280991736        9191919.19191919       8.981074938161263E-007
   82644.6280991736        9393939.39393939       5.206178880185804E-007
   82644.6280991736        9595959.59595960       2.599080262338526E-007
   82644.6280991736        9797979.79797980       9.274472604327925E-008
   82644.6280991736        10000000.0000000       0.000000000000000E+000
   123456.790123457       -10000000.0000000       0.000000000000000E+000
   123456.790123457       -9797979.79797980       1.161475150536080E-008
   123456.790123457       -9595959.59595960       3.317839622380888E-008
   123456.790123457       -9393939.39393939       6.836210653991096E-008
   123456.790123457       -9191919.19191919       1.221722830356898E-007
   123456.790123457       -8989898.98989899       2.011163204708973E-007
   123456.790123457       -8787878.78787879       3.133706832950478E-007
   123456.790123457       -8585858.58585859       4.689056119880582E-007
   123456.790123457       -8383838.38383838       6.795242994955131E-007
   123456.790123457       -8181818.18181818       9.587784286832828E-007
   123456.790123457       -7979797.97979798       1.321726813746540E-006
   123456.790123457       -7777777.77777778       1.784512566253583E-006
   123456.790123457       -7575757.57575758       2.363747538010779E-006
   123456.790123457       -7373737.37373737       3.075710278750906E-006
   123456.790123457       -7171717.17171717       3.935384024649271E-006
   123456.790123457       -6969696.96969697       4.955382461663096E-006
   123456.790123457       -6767676.76767677       6.144831343005835E-006
   123456.790123457       -6565656.56565657       7.508292083560176E-006
   123456.790123457       -6363636.36363636       9.044828386420547E-006
   123456.790123457       -6161616.16161616       1.074732811902682E-005
   123456.790123457       -5959595.95959596       1.260219857917907E-005
   123456.790123457       -5757575.75757576       1.458955064339966E-005
   123456.790123457       -5555555.55555556       1.668397068242005E-005
   123456.790123457       -5353535.35353535       1.885594278700038E-005
   123456.790123457       -5151515.15151515       2.107392550936413E-005
   123456.790123457       -4949494.94949495       2.330701336064080E-005
   123456.790123457       -4747474.74747475       2.552804270269360E-005
   123456.790123457       -4545454.54545455       2.771696630423956E-005
   123456.790123457       -4343434.34343434       2.986436107124346E-005
   123456.790123457       -4141414.14141414       3.197509145022424E-005
   123456.790123457       -3939393.93939394       3.407246635903291E-005
   123456.790123457       -3737373.73737374       3.620373862569229E-005
   123456.790123457       -3535353.53535354       3.844853958115804E-005
   123456.790123457       -3333333.33333333       4.093281893787994E-005
   123456.790123457       -3131313.13131313       4.385189868918103E-005
   123456.790123457       -2929292.92929293       4.750666048895480E-005
   123456.790123457       -2727272.72727273       5.235491895113133E-005
   123456.790123457       -2525252.52525253       5.907262197736725E-005
   123456.790123457       -2323232.32323232       6.860379732093521E-005
   123456.790123457       -2121212.12121212       8.215650807615574E-005
   123456.790123457       -1919191.91919192       1.010884756774102E-004
   123456.790123457       -1717171.71717172       1.266430614229408E-004
   123456.790123457       -1515151.51515152       1.595537012693012E-004
   123456.790123457       -1313131.31313131       1.996082326177992E-004
   123456.790123457       -1111111.11111111       2.453100615576656E-004
   123456.790123457       -909090.909090910       2.937678330752950E-004
   123456.790123457       -707070.707070708       3.408974871522125E-004
   123456.790123457       -505050.505050506       3.819464078903508E-004
   123456.790123457       -303030.303030305       4.122617270103894E-004
   123456.790123457       -101010.101010101       4.281433492050088E-004
   123456.790123457        101010.101010101       4.275759505794657E-004
   123456.790123457        303030.303030303       4.106477328936527E-004
   123456.790123457        505050.505050505       3.795407488473837E-004
   123456.790123457        707070.707070706       3.380949065709035E-004
   123456.790123457        909090.909090908       2.910639962651451E-004
   123456.790123457        1111111.11111111       2.432564858663169E-004
   123456.790123457        1313131.31313131       1.987647417222559E-004
   123456.790123457        1515151.51515151       1.604395986481264E-004
   123456.790123457        1717171.71717172       1.296888920181585E-004
   123456.790123457        1919191.91919192       1.065956444642101E-004
   123456.790123457        2121212.12121212       9.027747426712781E-005
   123456.790123457        2323232.32323232       7.935244156171667E-005
   123456.790123457        2525252.52525252       7.236110873860282E-005
   123456.790123457        2727272.72727273       6.804059585598370E-005
   123456.790123457        2929292.92929293       6.543116391983368E-005
   123456.790123457        3131313.13131313       6.386332718396045E-005
   123456.790123457        3333333.33333333       6.289144470750012E-005
   123456.790123457        3535353.53535353       6.222126043858111E-005
   123456.790123457        3737373.73737374       6.165273494825255E-005
   123456.790123457        3939393.93939394       6.104205512432596E-005
   123456.790123457        4141414.14141414       6.027941983068952E-005
   123456.790123457        4343434.34343434       5.927783333324937E-005
   123456.790123457        4545454.54545454       5.796891366549210E-005
   123456.790123457        4747474.74747475       5.630276926843576E-005
   123456.790123457        4949494.94949495       5.424976855075485E-005
   123456.790123457        5151515.15151515       5.180254935418488E-005
   123456.790123457        5353535.35353535       4.897704868095392E-005
   123456.790123457        5555555.55555555       4.581179007024422E-005
   123456.790123457        5757575.75757576       4.236516445009286E-005
   123456.790123457        5959595.95959596       3.871091983484194E-005
   123456.790123457        6161616.16161616       3.493244420292904E-005
   123456.790123457        6363636.36363636       3.111661266754148E-005
   123456.790123457        6565656.56565657       2.734795745043496E-005
   123456.790123457        6767676.76767677       2.370374921801777E-005
   123456.790123457        6969696.96969697       2.025033013263255E-005
   123456.790123457        7171717.17171717       1.704079445749785E-005
   123456.790123457        7373737.37373737       1.411392816176115E-005
   123456.790123457        7575757.57575757       1.149421429423340E-005
   123456.790123457        7777777.77777778       9.192674794965750E-006
   123456.790123457        7979797.97979798       7.208325770428569E-006
   123456.790123457        8181818.18181818       5.530046544067456E-006
   123456.790123457        8383838.38383838       4.138687100279316E-006
   123456.790123457        8585858.58585858       3.009258889128276E-006
   123456.790123457        8787878.78787879       2.113072600580983E-006
   123456.790123457        8989898.98989899       1.419707971587935E-006
   123456.790123457        9191919.19191919       8.987283006473481E-007
   123456.790123457        9393939.39393939       5.210876078108762E-007
   123456.790123457        9595959.59595960       2.602243894719054E-007
   123456.790123457        9797979.79797980       9.290730401675057E-008
   123456.790123457        10000000.0000000       0.000000000000000E+000
   172431.384552597       -10000000.0000000       0.000000000000000E+000
   172431.384552597       -9797979.79797980       1.164679219214503E-008
   172431.384552597       -9595959.59595960       3.324202529516343E-008
   172431.384552597       -9393939.39393939       6.845982181642080E-008
   172431.384552597       -9191919.19191919       1.223071660985143E-007
   172431.384552597       -8989898.98989899       2.012905009383510E-007
   172431.384552597       -8787878.78787879       3.135838046878595E-007
   172431.384552597       -8585858.58585859       4.691530567485583E-007
   172431.384552597       -8383838.38383838       6.797951534159968E-007
   172431.384552597       -8181818.18181818       9.590532726714453E-007
   172431.384552597       -7979797.97979798       1.321975513731217E-006
   172431.384552597       -7777777.77777778       1.784692302002383E-006
   172431.384552597       -7575757.57575758       2.363801362585382E-006
   172431.384552597       -7373737.37373737       3.075566522085512E-006
   172431.384552597       -7171717.17171717       3.934956837448044E-006
   172431.384552597       -6969696.96969697       4.954573732370142E-006
   172431.384552597       -6767676.76767677       6.143534108092284E-006
   172431.384552597       -6565656.56565657       7.506395391784953E-006
   172431.384552597       -6363636.36363636       9.042223378386388E-006
   172431.384552597       -6161616.16161616       1.074391485774966E-005
   172431.384552597       -5959595.95959596       1.259789293651240E-005
   172431.384552597       -5757575.75757576       1.458429034046669E-005
   172431.384552597       -5555555.55555556       1.667771943551758E-005
   172431.384552597       -5353535.35353535       1.884869145696713E-005
   172431.384552597       -5151515.15151515       2.106568920396808E-005
   172431.384552597       -4949494.94949495       2.329782355761717E-005
   172431.384552597       -4747474.74747475       2.551793352044816E-005
   172431.384552597       -4545454.54545455       2.770595379361832E-005
   172431.384552597       -4343434.34343434       2.985241339397245E-005
   172431.384552597       -4141414.14141414       3.196208531496914E-005
   172431.384552597       -3939393.93939394       3.405811987225796E-005
   172431.384552597       -3737373.73737374       3.618750068692838E-005
   172431.384552597       -3535353.53535354       3.842939772056470E-005
   172431.384552597       -3333333.33333333       4.090895645671041E-005
   172431.384552597       -3131313.13131313       4.382008475979142E-005
   172431.384552597       -2929292.92929293       4.746120006569777E-005
   172431.384552597       -2727272.72727273       5.228595837263673E-005
   172431.384552597       -2525252.52525253       5.896368769818144E-005
   172431.384552597       -2323232.32323232       6.842876351105432E-005
   172431.384552597       -2121212.12121212       8.187678738573008E-005
   172431.384552597       -1919191.91919192       1.006518641546055E-004
   172431.384552597       -1717171.71717172       1.259857967845143E-004
   172431.384552597       -1515151.51515152       1.586065323036463E-004
   172431.384552597       -1313131.31313131       1.983059874492939E-004
   172431.384552597       -1111111.11111111       2.436031292087058E-004
   172431.384552597       -909090.909090910       2.916334897322830E-004
   172431.384552597       -707070.707070708       3.383488857992045E-004
   172431.384552597       -505050.505050506       3.790371516962385E-004
   172431.384552597       -303030.303030305       4.090844373906244E-004
   172431.384552597       -101010.101010101       4.248216893250182E-004
   172431.384552597        101010.101010101       4.242510275427010E-004
   172431.384552597        303030.303030303       4.074612287577075E-004
   172431.384552597        505050.505050505       3.766180014010999E-004
   172431.384552597        707070.707070706       3.355311397136528E-004
   172431.384552597        909090.909090908       2.889159979680908E-004
   172431.384552597        1111111.11111111       2.415406119921733E-004
   172431.384552597        1313131.31313131       1.974607401241311E-004
   172431.384552597        1515151.51515151       1.594988575746254E-004
   172431.384552597        1717171.71717172       1.290453845292248E-004
   172431.384552597        1919191.91919192       1.061776993487460E-004
   172431.384552597        2121212.12121212       9.001825526423839E-005
   172431.384552597        2323232.32323232       7.919705782699792E-005
   172431.384552597        2525252.52525252       7.226929037323457E-005
   172431.384552597        2727272.72727273       6.798556366206568E-005
   172431.384552597        2929292.92929293       6.539648454540206E-005
   172431.384552597        3131313.13131313       6.383950057916006E-005
   172431.384552597        3333333.33333333       6.287318664797905E-005
   172431.384552597        3535353.53535353       6.220569084797121E-005
   172431.384552597        3737373.73737374       6.163830052327790E-005
   172431.384552597        3939393.93939394       6.102793390559835E-005
   172431.384552597        4141414.14141414       6.026520597406645E-005
   172431.384552597        4343434.34343434       5.926337290921573E-005
   172431.384552597        4545454.54545454       5.795421749824803E-005
   172431.384552597        4747474.74747475       5.628796278408061E-005
   172431.384552597        4949494.94949495       5.423505770203241E-005
   172431.384552597        5151515.15151515       5.178819224585630E-005
   172431.384552597        5353535.35353535       4.896332853423509E-005
   172431.384552597        5555555.55555555       4.579898869607923E-005
   172431.384552597        5757575.75757576       4.235353737478952E-005
   172431.384552597        5959595.95959596       3.870067505133829E-005
   172431.384552597        6161616.16161616       3.492372647393939E-005
   172431.384552597        6363636.36363636       3.110949466253649E-005
   172431.384552597        6565656.56565657       2.734243806709848E-005
   172431.384552597        6767676.76767677       2.369975850971560E-005
   172431.384552597        6969696.96969697       2.024773954442137E-005
   172431.384552597        7171717.17171717       1.703943066160053E-005
   172431.384552597        7373737.37373737       1.411358867703299E-005
   172431.384552597        7575757.57575757       1.149468320859324E-005
   172431.384552597        7777777.77777778       9.193737199877762E-006
   172431.384552597        7979797.97979798       7.209779885069783E-006
   172431.384552597        8181818.18181818       5.531712896060219E-006
   172431.384552597        8383838.38383838       4.140414500275431E-006
   172431.384552597        8585858.58585858       3.010927260440479E-006
   172431.384552597        8787878.78787879       2.114592981003567E-006
   172431.384552597        8989898.98989899       1.421020173771243E-006
   172431.384552597        9191919.19191919       8.997967793887869E-007
   172431.384552597        9393939.39393939       5.218959976206727E-007
   172431.384552597        9595959.59595960       2.607687919269724E-007
   172431.384552597        9797979.79797980       9.318700643416771E-008
   172431.384552597        10000000.0000000       0.000000000000000E+000
   229568.411386593       -10000000.0000000       0.000000000000000E+000
   229568.411386593       -9797979.79797980       1.169743665699150E-008
   229568.411386593       -9595959.59595960       3.334263584056082E-008
   229568.411386593       -9393939.39393939       6.861435044073450E-008
   229568.411386593       -9191919.19191919       1.225204803326312E-007
   229568.411386593       -8989898.98989899       2.015659593300127E-007
   229568.411386593       -8787878.78787879       3.139208309754955E-007
   229568.411386593       -8585858.58585859       4.695443324931862E-007
   229568.411386593       -8383838.38383838       6.802233983347451E-007
   229568.411386593       -8181818.18181818       9.594877517371243E-007
   229568.411386593       -7979797.97979798       1.322368541043631E-006
   229568.411386593       -7777777.77777778       1.784976122050042E-006
   229568.411386593       -7575757.57575758       2.363885870113361E-006
   229568.411386593       -7373737.37373737       3.075338316272708E-006
   229568.411386593       -7171717.17171717       3.934280078895750E-006
   229568.411386593       -6969696.96969697       4.953293171274830E-006
   229568.411386593       -6767676.76767677       6.141480474288914E-006
   229568.411386593       -6565656.56565657       7.503393085205831E-006
   229568.411386593       -6363636.36363636       9.038100083427555E-006
   229568.411386593       -6161616.16161616       1.073851234833246E-005
   229568.411386593       -5959595.95959596       1.259107797343792E-005
   229568.411386593       -5757575.75757576       1.457596423558748E-005
   229568.411386593       -5555555.55555556       1.666782462502282E-005
   229568.411386593       -5353535.35353535       1.883721334146191E-005
   229568.411386593       -5151515.15151515       2.105265159516257E-005
   229568.411386593       -4949494.94949495       2.328327626024018E-005
   229568.411386593       -4747474.74747475       2.550193067698008E-005
   229568.411386593       -4545454.54545455       2.768852122941578E-005
   229568.411386593       -4343434.34343434       2.983350162972315E-005
   229568.411386593       -4141414.14141414       3.194150101632321E-005
   229568.411386593       -3939393.93939394       3.403542036090422E-005
   229568.411386593       -3737373.73737374       3.616182048372929E-005
   229568.411386593       -3535353.53535354       3.839914766292706E-005
   229568.411386593       -3333333.33333333       4.087128758886355E-005
   229568.411386593       -3131313.13131313       4.376993571488550E-005
   229568.411386593       -2929292.92929293       4.738965816051105E-005
   229568.411386593       -2727272.72727273       5.217761585469717E-005
   229568.411386593       -2525252.52525253       5.879279968844834E-005
   229568.411386593       -2323232.32323232       6.815450650752001E-005
   229568.411386593       -2121212.12121212       8.143884808014630E-005
   229568.411386593       -1919191.91919192       9.996858886125760E-005
   229568.411386593       -1717171.71717172       1.249573538827699E-004
   229568.411386593       -1515151.51515152       1.571243731836783E-004
   229568.411386593       -1313131.31313131       1.962678390523055E-004
   229568.411386593       -1111111.11111111       2.409310371086549E-004
   229568.411386593       -909090.909090910       2.882916412258457E-004
   229568.411386593       -707070.707070708       3.343577607651596E-004
   229568.411386593       -505050.505050506       3.744807237309744E-004
   229568.411386593       -303030.303030305       4.041079322826943E-004
   229568.411386593       -101010.101010101       4.196190611831781E-004
   229568.411386593        101010.101010101       4.190436071124406E-004
   229568.411386593        303030.303030303       4.024712349252144E-004
   229568.411386593        505050.505050505       3.720419715718501E-004
   229568.411386593        707070.707070706       3.315183021148509E-004
   229568.411386593        909090.909090908       2.855551971773310E-004
   229568.411386593        1111111.11111111       2.388571773562368E-004
   229568.411386593        1313131.31313131       1.954225201609981E-004
   229568.411386593        1515151.51515151       1.580292401584703E-004
   229568.411386593        1717171.71717172       1.280405740968466E-004
   229568.411386593        1919191.91919192       1.055252637652965E-004
   229568.411386593        2121212.12121212       8.961356069528195E-005
   229568.411386593        2323232.32323232       7.895432997406575E-005
   229568.411386593        2525252.52525252       7.212569222758570E-005
   229568.411386593        2727272.72727273       6.789934452256877E-005
   229568.411386593        2929292.92929293       6.534202886984110E-005
   229568.411386593        3131313.13131313       6.380199425255780E-005
   229568.411386593        3333333.33333333       6.284438236403124E-005
   229568.411386593        3535353.53535353       6.218108824163219E-005
   229568.411386593        3737373.73737374       6.161546938039725E-005
   229568.411386593        3939393.93939394       6.100558693821173E-005
   229568.411386593        4141414.14141414       6.024270747855553E-005
   229568.411386593        4343434.34343434       5.924048252846461E-005
   229568.411386593        4545454.54545454       5.793095399678478E-005
   229568.411386593        4747474.74747475       5.626452548719147E-005
   229568.411386593        4949494.94949495       5.421177295135574E-005
   229568.411386593        5151515.15151515       5.176546867684131E-005
   229568.411386593        5353535.35353535       4.894161437978560E-005
   229568.411386593        5555555.55555555       4.577872985344054E-005
   229568.411386593        5757575.75757576       4.233513806970871E-005
   229568.411386593        5959595.95959596       3.868446423357375E-005
   229568.411386593        6161616.16161616       3.490993299716335E-005
   229568.411386593        6363636.36363636       3.109823327861667E-005
   229568.411386593        6565656.56565657       2.733370678914299E-005
   229568.411386593        6767676.76767677       2.369344642709749E-005
   229568.411386593        6969696.96969697       2.024364303495097E-005
   229568.411386593        7171717.17171717       1.703727529492150E-005
   229568.411386593        7373737.37373737       1.411305393557098E-005
   229568.411386593        7575757.57575757       1.149542736598695E-005
   229568.411386593        7777777.77777778       9.195420156742496E-006
   229568.411386593        7979797.97979798       7.212082345768014E-006
   229568.411386593        8181818.18181818       5.534350886376013E-006
   229568.411386593        8383838.38383838       4.143148811931909E-006
   229568.411386593        8585858.58585858       3.013567920575299E-006
   229568.411386593        8787878.78787879       2.116999249208120E-006
   229568.411386593        8989898.98989899       1.423096836589955E-006
   229568.411386593        9191919.19191919       9.014876100261179E-007
   229568.411386593        9393939.39393939       5.231751145308695E-007
   229568.411386593        9595959.59595960       2.616300458970582E-007
   229568.411386593        9797979.79797980       9.362933499958550E-008
   229568.411386593        10000000.0000000       0.000000000000000E+000
   294867.870625446       -10000000.0000000       0.000000000000000E+000
   294867.870625446       -9797979.79797980       1.177262219493917E-008
   294867.870625446       -9595959.59595960       3.349208237622429E-008
   294867.870625446       -9393939.39393939       6.884393384859951E-008
   294867.870625446       -9191919.19191919       1.228374192792858E-007
   294867.870625446       -8989898.98989899       2.019752225031871E-007
   294867.870625446       -8787878.78787879       3.144215336710333E-007
   294867.870625446       -8585858.58585859       4.701255648317642E-007
   294867.870625446       -8383838.38383838       6.808594404791295E-007
   294867.870625446       -8181818.18181818       9.601328827538496E-007
   294867.870625446       -7979797.97979798       1.322951842320548E-006
   294867.870625446       -7777777.77777778       1.785396840435945E-006
   294867.870625446       -7575757.57575758       2.364010025727510E-006
   294867.870625446       -7373737.37373737       3.074997291342199E-006
   294867.870625446       -7171717.17171717       3.933271883883934E-006
   294867.870625446       -6969696.96969697       4.951386936254103E-006
   294867.870625446       -6767676.76767677       6.138424450058559E-006
   294867.870625446       -6565656.56565657       7.498926064579902E-006
   294867.870625446       -6363636.36363636       9.031965685448641E-006
   294867.870625446       -6161616.16161616       1.073047507836808E-005
   294867.870625446       -5959595.95959596       1.258093942937748E-005
   294867.870625446       -5757575.75757576       1.456357734394088E-005
   294867.870625446       -5555555.55555556       1.665310344512429E-005
   294867.870625446       -5353535.35353535       1.882013585012968E-005
   294867.870625446       -5151515.15151515       2.103325298751151E-005
   294867.870625446       -4949494.94949495       2.326163058747623E-005
   294867.870625446       -4747474.74747475       2.547811880042620E-005
   294867.870625446       -4545454.54545455       2.766258251530838E-005
   294867.870625446       -4343434.34343434       2.980536452753960E-005
   294867.870625446       -4141414.14141414       3.191088198069461E-005
   294867.870625446       -3939393.93939394       3.400166869730234E-005
   294867.870625446       -3737373.73737374       3.612366389591527E-005
   294867.870625446       -3535353.53535354       3.835425194131049E-005
   294867.870625446       -3333333.33333333       4.081547369800536E-005
   294867.870625446       -3131313.13131313       4.369579097021571E-005
   294867.870625446       -2929292.92929293       4.728414968820363E-005
   294867.870625446       -2727272.72727273       5.201824257211496E-005
   294867.870625446       -2525252.52525253       5.854199649427195E-005
   294867.870625446       -2323232.32323232       6.775272148969288E-005
   294867.870625446       -2121212.12121212       8.079806149743987E-005
   294867.870625446       -1919191.91919192       9.896951387498357E-005
   294867.870625446       -1717171.71717172       1.234539303074977E-004
   294867.870625446       -1515151.51515152       1.549575146967863E-004
   294867.870625446       -1313131.31313131       1.932873911394228E-004
   294867.870625446       -1111111.11111111       2.370223219714718E-004
   294867.870625446       -909090.909090910       2.834017356048962E-004
   294867.870625446       -707070.707070708       3.285163724464979E-004
   294867.870625446       -505050.505050506       3.678108213468856E-004
   294867.870625446       -303030.303030305       3.968224682892158E-004
   294867.870625446       -101010.101010101       4.120025691359592E-004
   294867.870625446        101010.101010101       4.114208218148759E-004
   294867.870625446        303030.303030303       3.951681620000317E-004
   294867.870625446        505050.505050505       3.653468328529763E-004
   294867.870625446        707070.707070706       3.256497365212968E-004
   294867.870625446        909090.909090908       2.806430318778591E-004
   294867.870625446        1111111.11111111       2.349378358041044E-004
   294867.870625446        1313131.31313131       1.924479625991372E-004
   294867.870625446        1515151.51515151       1.558862559906221E-004
   294867.870625446        1717171.71717172       1.265763779458411E-004
   294867.870625446        1919191.91919192       1.045748872249040E-004
   294867.870625446        2121212.12121212       8.902395052990577E-005
   294867.870625446        2323232.32323232       7.860036679677106E-005
   294867.870625446        2525252.52525252       7.191590993188026E-005
   294867.870625446        2727272.72727273       6.777304547998462E-005
   294867.870625446        2929292.92929293       6.526198274891982E-005
   294867.870625446        3131313.13131313       6.374665607182449E-005
   294867.870625446        3333333.33333333       6.280174135125095E-005
   294867.870625446        3535353.53535353       6.214457855987948E-005
   294867.870625446        3737373.73737374       6.158153869361069E-005
   294867.870625446        3939393.93939394       6.097235071047075E-005
   294867.870625446        4141414.14141414       6.020923486565294E-005
   294867.870625446        4343434.34343434       5.920642329905128E-005
   294867.870625446        4545454.54545454       5.789633972679765E-005
   294867.870625446        4747474.74747475       5.622965451084208E-005
   294867.870625446        4949494.94949495       5.417713157360475E-005
   294867.870625446        5151515.15151515       5.173166506212696E-005
   294867.870625446        5353535.35353535       4.890931524705320E-005
   294867.870625446        5555555.55555555       4.574859821262521E-005
   294867.870625446        5757575.75757576       4.230777478184470E-005
   294867.870625446        5959595.95959596       3.866035808114636E-005
   294867.870625446        6161616.16161616       3.488942381597763E-005
   294867.870625446        6363636.36363636       3.108149117314260E-005
   294867.870625446        6565656.56565657       2.732072825464295E-005
   294867.870625446        6767676.76767677       2.368406601191639E-005
   294867.870625446        6969696.96969697       2.023755748329612E-005
   294867.870625446        7171717.17171717       1.703407614273533E-005
   294867.870625446        7373737.37373737       1.411226428406891E-005
   294867.870625446        7575757.57575757       1.149653887701145E-005
   294867.870625446        7777777.77777778       9.197926999961505E-006
   294867.870625446        7979797.97979798       7.215509697393493E-006
   294867.870625446        8181818.18181818       5.538276496103752E-006
   294867.870625446        8383838.38383838       4.147217026106281E-006
   294867.870625446        8585858.58585858       3.017496310384867E-006
   294867.870625446        8787878.78787879       2.120578593064998E-006
   294867.870625446        8989898.98989899       1.426185602232858E-006
   294867.870625446        9191919.19191919       9.040022268327156E-007
   294867.870625446        9393939.39393939       5.250771281535570E-007
   294867.870625446        9595959.59595960       2.629103565740235E-007
   294867.870625446        9797979.79797980       9.428651157774082E-008
   294867.870625446        10000000.0000000       0.000000000000000E+000
   368329.762269156       -10000000.0000000       0.000000000000000E+000
   368329.762269156       -9797979.79797980       1.187892503768966E-008
   368329.762269156       -9595959.59595960       3.370354940829268E-008
   368329.762269156       -9393939.39393939       6.916889111026718E-008
   368329.762269156       -9191919.19191919       1.232860574253420E-007
   368329.762269156       -8989898.98989899       2.025545307428852E-007
   368329.762269156       -8787878.78787879       3.151302007431822E-007
   368329.762269156       -8585858.58585859       4.709480723710473E-007
   368329.762269156       -8383838.38383838       6.817592878017074E-007
   368329.762269156       -8181818.18181818       9.610452356369786E-007
   368329.762269156       -7979797.97979798       1.323776172758436E-006
   368329.762269156       -7777777.77777778       1.785990356670626E-006
   368329.762269156       -7575757.57575758       2.364182861471303E-006
   368329.762269156       -7373737.37373737       3.074510496225200E-006
   368329.762269156       -7171717.17171717       3.931839201058264E-006
   368329.762269156       -6969696.96969697       4.948681144089798E-006
   368329.762269156       -6767676.76767677       6.134088673067435E-006
   368329.762269156       -6565656.56565657       7.492589930317992E-006
   368329.762269156       -6363636.36363636       9.023265543032663E-006
   368329.762269156       -6161616.16161616       1.071907674467686E-005
   368329.762269156       -5959595.95959596       1.256656116044675E-005
   368329.762269156       -5757575.75757576       1.454601003957869E-005
   368329.762269156       -5555555.55555556       1.663222460440993E-005
   368329.762269156       -5353535.35353535       1.879591361699688E-005
   368329.762269156       -5151515.15151515       2.100573680282125E-005
   368329.762269156       -4949494.94949495       2.323092537688100E-005
   368329.762269156       -4747474.74747475       2.544433987446999E-005
   368329.762269156       -4545454.54545455       2.762578762289762E-005
   368329.762269156       -4343434.34343434       2.976545637820565E-005
   368329.762269156       -4141414.14141414       3.186746672264891E-005
   368329.762269156       -3939393.93939394       3.395383946743042E-005
   368329.762269156       -3737373.73737374       3.606964719017086E-005
   368329.762269156       -3535353.53535354       3.829079782973250E-005
   368329.762269156       -3333333.33333333       4.073677484314833E-005
   368329.762269156       -3131313.13131313       4.359156975068983E-005
   368329.762269156       -2929292.92929293       4.713637684948395E-005
   368329.762269156       -2727272.72727273       5.179585023513797E-005
   368329.762269156       -2525252.52525253       5.819318332865785E-005
   368329.762269156       -2323232.32323232       6.719540096597383E-005
   368329.762269156       -2121212.12121212       7.991084168036013E-005
   368329.762269156       -1919191.91919192       9.758764567520242E-005
   368329.762269156       -1717171.71717172       1.213752638882169E-004
   368329.762269156       -1515151.51515152       1.519613321359539E-004
   368329.762269156       -1313131.31313131       1.891648332764629E-004
   368329.762269156       -1111111.11111111       2.316134149644441E-004
   368329.762269156       -909090.909090910       2.766321665718971E-004
   368329.762269156       -707070.707070708       3.204267390229573E-004
   368329.762269156       -505050.505050506       3.585715418579571E-004
   368329.762269156       -303030.303030305       3.867292558867533E-004
   368329.762269156       -101010.101010101       4.014508003072209E-004
   368329.762269156        101010.101010101       4.008618149163465E-004
   368329.762269156        303030.303030303       3.850549318076408E-004
   368329.762269156        505050.505050505       3.560796623636594E-004
   368329.762269156        707070.707070706       3.175318450690317E-004
   368329.762269156        909090.909090908       2.738537619688697E-004
   368329.762269156        1111111.11111111       2.295262883123108E-004
   368329.762269156        1313131.31313131       1.883456145884345E-004
   368329.762269156        1515151.51515151       1.529341681809321E-004
   368329.762269156        1717171.71717172       1.245612627875682E-004
   368329.762269156        1919191.91919192       1.032675165242624E-004
   368329.762269156        2121212.12121212       8.821258769240359E-005
   368329.762269156        2323232.32323232       7.811259348108922E-005
   368329.762269156        2525252.52525252       7.162605383155364E-005
   368329.762269156        2727272.72727273       6.759784817940605E-005
   368329.762269156        2929292.92929293       6.515039012965494E-005
   368329.762269156        3131313.13131313       6.366909414028661E-005
   368329.762269156        3333333.33333333       6.274169045203695E-005
   368329.762269156        3535353.53535353       6.209298435940077E-005
   368329.762269156        3737373.73737374       6.153348905972065E-005
   368329.762269156        3939393.93939394       6.092523409191065E-005
   368329.762269156        4141414.14141414       6.016176099963365E-005
   368329.762269156        4343434.34343434       5.915811026727237E-005
   368329.762269156        4545454.54545454       5.784723969436113E-005
   368329.762269156        4747474.74747475       5.618019421191742E-005
   368329.762269156        4949494.94949495       5.412800231849046E-005
   368329.762269156        5151515.15151515       5.168372982675100E-005
   368329.762269156        5353535.35353535       4.886351932610124E-005
   368329.762269156        5555555.55555555       4.570588116145721E-005
   368329.762269156        5757575.75757576       4.226898770042927E-005
   368329.762269156        5959595.95959596       3.862619293472410E-005
   368329.762269156        6161616.16161616       3.486036126548693E-005
   368329.762269156        6363636.36363636       3.105777120484289E-005
   368329.762269156        6565656.56565657       2.730234477339743E-005
   368329.762269156        6767676.76767677       2.367078345433102E-005
   368329.762269156        6969696.96969697       2.022894510592873E-005
   368329.762269156        7171717.17171717       1.702955427007942E-005
   368329.762269156        7373737.37373737       1.411115645242568E-005
   368329.762269156        7575757.57575757       1.149812426731011E-005
   368329.762269156        7777777.77777778       9.201488528689618E-006
   368329.762269156        7979797.97979798       7.220374370348098E-006
   368329.762269156        8181818.18181818       5.543845930730886E-006
   368329.762269156        8383838.38383838       4.152987282713241E-006
   368329.762269156        8585858.58585858       3.023067249075145E-006
   368329.762269156        8787878.78787879       2.125653821745928E-006
   368329.762269156        8989898.98989899       1.430564640615349E-006
   368329.762269156        9191919.19191919       9.075667156352323E-007
   368329.762269156        9393939.39393939       5.277726336698682E-007
   368329.762269156        9595959.59595960       2.647240736923144E-007
   368329.762269156        9797979.79797980       9.521671942973394E-008
   368329.762269156        10000000.0000000       0.000000000000000E+000
   449954.086317723       -10000000.0000000       0.000000000000000E+000
   449954.086317723       -9797979.79797980       1.202340765480505E-008
   449954.086317723       -9595959.59595960       3.399128393317659E-008
   449954.086317723       -9393939.39393939       6.961122907353618E-008
   449954.086317723       -9191919.19191919       1.238968196011102E-007
   449954.086317723       -8989898.98989899       2.033431477211482E-007
   449954.086317723       -8787878.78787879       3.160947745707547E-007
   449954.086317723       -8585858.58585859       4.720673328802879E-007
   449954.086317723       -8383838.38383838       6.829833648241655E-007
   449954.086317723       -8181818.18181818       9.622856455593539E-007
   449954.086317723       -7979797.97979798       1.324895790328601E-006
   449954.086317723       -7777777.77777778       1.786794458859969E-006
   449954.086317723       -7575757.57575758       2.364412561224843E-006
   449954.086317723       -7373737.37373737       3.073839984113423E-006
   449954.086317723       -7171717.17171717       3.929878137698203E-006
   449954.086317723       -6969696.96969697       4.944983263453344E-006
   449954.086317723       -6767676.76767677       6.128167152768883E-006
   449954.086317723       -6565656.56565657       7.483939367784630E-006
   449954.086317723       -6363636.36363636       9.011389478123366E-006
   449954.086317723       -6161616.16161616       1.070351864961308E-005
   449954.086317723       -5959595.95959596       1.254693577106432E-005
   449954.086317723       -5757575.75757576       1.452203096147437E-005
   449954.086317723       -5555555.55555556       1.660372345775068E-005
   449954.086317723       -5353535.35353535       1.876284574010586E-005
   449954.086317723       -5151515.15151515       2.096816878059333E-005
   449954.086317723       -4949494.94949495       2.318900023927539E-005
   449954.086317723       -4747474.74747475       2.539821618906303E-005
   449954.086317723       -4545454.54545455       2.757554779654786E-005
   449954.086317723       -4343434.34343434       2.971097541947030E-005
   449954.086317723       -4141414.14141414       3.180822245480745E-005
   449954.086317723       -3939393.93939394       3.388862370956488E-005
   449954.086317723       -3737373.73737374       3.599609637811037E-005
   449954.086317723       -3535353.53535354       3.820458758308581E-005
   449954.086317723       -3333333.33333333       4.063019815247960E-005
   449954.086317723       -3131313.13131313       4.345102960286585E-005
   449954.086317723       -2929292.92929293       4.693809571061938E-005
   449954.086317723       -2727272.72727273       5.149896472007595E-005
   449954.086317723       -2525252.52525253       5.772968423722568E-005
   449954.086317723       -2323232.32323232       6.645759127185375E-005
   449954.086317723       -2121212.12121212       7.873935749225920E-005
   449954.086317723       -1919191.91919192       9.576580344185030E-005
   449954.086317723       -1717171.71717172       1.186364449253925E-004
   449954.086317723       -1515151.51515152       1.480134580358615E-004
   449954.086317723       -1313131.31313131       1.837305404258946E-004
   449954.086317723       -1111111.11111111       2.244794002574607E-004
   449954.086317723       -909090.909090910       2.676984419533047E-004
   449954.086317723       -707070.707070708       3.097458850919172E-004
   449954.086317723       -505050.505050506       3.463687615136542E-004
   449954.086317723       -303030.303030305       3.733964350122484E-004
   449954.086317723       -101010.101010101       3.875123996573861E-004
   449954.086317723        101010.101010101       3.869166496354215E-004
   449954.086317723        303030.303030303       3.717039262336149E-004
   449954.086317723        505050.505050505       3.438533444006653E-004
   449954.086317723        707070.707070706       3.068312682576417E-004
   449954.086317723        909090.909090908       2.649147772148901E-004
   449954.086317723        1111111.11111111       2.224111623060770E-004
   449954.086317723        1313131.31313131       1.829601703817167E-004
   449954.086317723        1515151.51515151       1.490646449296408E-004
   449954.086317723        1717171.71717172       1.219230709167222E-004
   449954.086317723        1919191.91919192       1.015567576340073E-004
   449954.086317723        2121212.12121212       8.715022973805176E-005
   449954.086317723        2323232.32323232       7.747259845361413E-005
   449954.086317723        2525252.52525252       7.124429866916762E-005
   449954.086317723        2727272.72727273       6.736582608787207E-005
   449954.086317723        2929292.92929293       6.500157823195330E-005
   449954.086317723        3131313.13131313       6.356490008512005E-005
   449954.086317723        3333333.33333333       6.266049592895572E-005
   449954.086317723        3535353.53535353       6.202289726724679E-005
   449954.086317723        3737373.73737374       6.146803337071472E-005
   449954.086317723        3939393.93939394       6.086095671133086E-005
   449954.086317723        4141414.14141414       6.009695552816054E-005
   449954.086317723        4343434.34343434       5.909214613028272E-005
   449954.086317723        4545454.54545454       5.778020175853689E-005
   449954.086317723        4747474.74747475       5.611267171002847E-005
   449954.086317723        4949494.94949495       5.406094190500887E-005
   449954.086317723        5151515.15151515       5.161831031751841E-005
   449954.086317723        5353535.35353535       4.880103054115795E-005
   449954.086317723        5555555.55555555       4.564760418276769E-005
   449954.086317723        5757575.75757576       4.221608227405024E-005
   449954.086317723        5959595.95959596       3.857960124362231E-005
   449954.086317723        6161616.16161616       3.482073694187971E-005
   449954.086317723        6363636.36363636       3.102543944320143E-005
   449954.086317723        6565656.56565657       2.727729512715377E-005
   449954.086317723        6767676.76767677       2.365269265210047E-005
   449954.086317723        6969696.96969697       2.021722394616078E-005
   449954.086317723        7171717.17171717       1.702341078611551E-005
   449954.086317723        7373737.37373737       1.410966707022412E-005
   449954.086317723        7575757.57575757       1.150030530890786E-005
   449954.086317723        7777777.77777778       9.206361753231877E-006
   449954.086317723        7979797.97979798       7.227021935147356E-006
   449954.086317723        8181818.18181818       5.551451931650803E-006
   449954.086317723        8383838.38383838       4.160864715973647E-006
   449954.086317723        8585858.58585858       3.030670701445800E-006
   449954.086317723        8787878.78787879       2.132579348731245E-006
   449954.086317723        8989898.98989899       1.436539051132913E-006
   449954.086317723        9191919.19191919       9.124287581902858E-007
   449954.086317723        9393939.39393939       5.314482025580500E-007
   449954.086317723        9595959.59595960       2.671958822372619E-007
   449954.086317723        9797979.79797980       9.648300913773097E-008
   449954.086317723        10000000.0000000       0.000000000000000E+000
   539740.842771146       -10000000.0000000       0.000000000000000E+000
   539740.842771146       -9797979.79797980       1.221340898356431E-008
   539740.842771146       -9595959.59595960       3.437022484762433E-008
   539740.842771146       -9393939.39393939       7.019410069287736E-008
   539740.842771146       -9191919.19191919       1.247017428448424E-007
   539740.842771146       -8989898.98989899       2.043823998839967E-007
   539740.842771146       -8787878.78787879       3.173656511524806E-007
   539740.842771146       -8585858.58585859       4.735415421762116E-007
   539740.842771146       -8383838.38383838       6.845948589620314E-007
   539740.842771146       -8181818.18181818       9.639174134690368E-007
   539740.842771146       -7979797.97979798       1.326366626971353E-006
   539740.842771146       -7777777.77777778       1.787847140693566E-006
   539740.842771146       -7575757.57575758       2.364705162534052E-006
   539740.842771146       -7373737.37373737       3.072942201987867E-006
   539740.842771146       -7171717.17171717       3.927274396560574E-006
   539740.842771146       -6969696.96969697       4.940084000526290E-006
   539740.842771146       -6767676.76767677       6.120329025372581E-006
   539740.842771146       -6565656.56565657       7.472494181964640E-006
   539740.842771146       -6363636.36363636       8.995680457179933E-006
   539740.842771146       -6161616.16161616       1.068294131855554E-005
   539740.842771146       -5959595.95959596       1.252097935237803E-005
   539740.842771146       -5757575.75757576       1.449031493497510E-005
   539740.842771146       -5555555.55555556       1.656602305048548E-005
   539740.842771146       -5353535.35353535       1.871909978964734E-005
   539740.842771146       -5151515.15151515       2.091846374698428E-005
   539740.842771146       -4949494.94949495       2.313352493336327E-005
   539740.842771146       -4747474.74747475       2.533718235659508E-005
   539740.842771146       -4545454.54545455       2.750907065725963E-005
   539740.842771146       -4343434.34343434       2.963890323263538E-005
   539740.842771146       -4141414.14141414       3.172989133074360E-005
   539740.842771146       -3939393.93939394       3.380248696493555E-005
   539740.842771146       -3737373.73737374       3.589912642838269E-005
   539740.842771146       -3535353.53535354       3.809125634835522E-005
   539740.842771146       -3333333.33333333       4.049068739104177E-005
   539740.842771146       -3131313.13131313       4.326808950942910E-005
   539740.842771146       -2929292.92929293       4.668168785278491E-005
   539740.842771146       -2727272.72727273       5.111765462737826E-005
   539740.842771146       -2525252.52525253       5.713808968847741E-005
   539740.842771146       -2323232.32323232       6.552065161875228E-005
   539740.842771146       -2121212.12121212       7.725709792299283E-005
   539740.842771146       -1919191.91919192       9.346571440828706E-005
   539740.842771146       -1717171.71717172       1.151820294244089E-004
   539740.842771146       -1515151.51515152       1.430344912683069E-004
   539740.842771146       -1313131.31313131       1.768737972710058E-004
   539740.842771146       -1111111.11111111       2.154717577519086E-004
   539740.842771146       -909090.909090910       2.564103209224131E-004
   539740.842771146       -707070.707070708       2.962419858771796E-004
   539740.842771146       -505050.505050506       3.309340874124167E-004
   539740.842771146       -303030.303030305       3.565288763687893E-004
   539740.842771146       -101010.101010101       3.698791624857927E-004
   539740.842771146        101010.101010101       3.692797862006971E-004
   539740.842771146        303030.303030303       3.548278994932236E-004
   539740.842771146        505050.505050505       3.284122329228139E-004
   539740.842771146        707070.707070706       2.933331349447599E-004
   539740.842771146        909090.909090908       2.536559723420681E-004
   539740.842771146        1111111.11111111       2.134658420720469E-004
   539740.842771146        1313131.31313131       1.762028929321658E-004
   539740.842771146        1515151.51515151       1.442186420615282E-004
   539740.842771146        1717171.71717172       1.186237884902385E-004
   539740.842771146        1919191.91919192       9.941822495774799E-005
   539740.842771146        2121212.12121212       8.582080574582915E-005
   539740.842771146        2323232.32323232       7.666929655630975E-005
   539740.842771146        2525252.52525252       7.076261109435951E-005
   539740.842771146        2727272.72727273       6.707086659837784E-005
   539740.842771146        2929292.92929293       6.481064711398981E-005
   539740.842771146        3131313.13131313       6.342991338343821E-005
   539740.842771146        3333333.33333333       6.255441309124513E-005
   539740.842771146        3535353.53535353       6.193077043265909E-005
   539740.842771146        3737373.73737374       6.138168171312189E-005
   539740.842771146        3939393.93939394       6.077600152294077E-005
   539740.842771146        4141414.14141414       6.001123289974609E-005
   539740.842771146        4343434.34343434       5.900486857496123E-005
   539740.842771146        4545454.54545454       5.769150501667500E-005
   539740.842771146        4747474.74747475       5.602334680090886E-005
   539740.842771146        4949494.94949495       5.397224618192074E-005
   539740.842771146        5151515.15151515       5.153180444915257E-005
   539740.842771146        5353535.35353535       4.871841963290969E-005
   539740.842771146        5555555.55555555       4.557058018700843E-005
   539740.842771146        5757575.75757576       4.214617560161999E-005
   539740.842771146        5959595.95959596       3.851805392882085E-005
   539740.842771146        6161616.16161616       3.476840914708858E-005
   539740.842771146        6363636.36363636       3.098275706448305E-005
   539740.842771146        6565656.56565657       2.724424058219359E-005
   539740.842771146        6767676.76767677       2.362883530671105E-005
   539740.842771146        6969696.96969697       2.020178230243446E-005
   539740.842771146        7171717.17171717       1.701533609302860E-005
   539740.842771146        7373737.37373737       1.410773740727952E-005
   539740.842771146        7575757.57575757       1.150322004043734E-005
   539740.842771146        7777777.77777778       9.212828033045224E-006
   539740.842771146        7979797.97979798       7.235827184556001E-006
   539740.842771146        8181818.18181818       5.561518565498137E-006
   539740.842771146        8383838.38383838       4.171285612851639E-006
   539740.842771146        8585858.58585858       3.040725843488002E-006
   539740.842771146        8787878.78787879       2.141735571010982E-006
   539740.842771146        8989898.98989899       1.444435835786981E-006
   539740.842771146        9191919.19191919       9.188533700455575E-007
   539740.842771146        9393939.39393939       5.363029732150479E-007
   539740.842771146        9595959.59595960       2.704582932202804E-007
   539740.842771146        9797979.79797980       9.815179517175210E-008
   539740.842771146        10000000.0000000       0.000000000000000E+000
   637690.031629426       -10000000.0000000       0.000000000000000E+000
   637690.031629426       -9797979.79797980       1.245627007229902E-008
   637690.031629426       -9595959.59595960       3.485551246809271E-008
   637690.031629426       -9393939.39393939       7.094108515270444E-008
   637690.031629426       -9191919.19191919       1.257334936992704E-007
   637690.031629426       -8989898.98989899       2.057143962735748E-007
   637690.031629426       -8787878.78787879       3.189940784867148E-007
   637690.031629426       -8585858.58585859       4.754296900312501E-007
   637690.031629426       -8383838.38383838       6.866575096077798E-007
   637690.031629426       -8181818.18181818       9.660038953814901E-007
   637690.031629426       -7979797.97979798       1.328243830851084E-006
   637690.031629426       -7777777.77777778       1.789184327125277E-006
   637690.031629426       -7575757.57575758       2.365062781204148E-006
   637690.031629426       -7373737.37373737       3.071767114893620E-006
   637690.031629426       -7171717.17171717       3.923903777033538E-006
   637690.031629426       -6969696.96969697       4.933759711436894E-006
   637690.031629426       -6767676.76767677       6.110223439531024E-006
   637690.031629426       -6565656.56565657       7.457747207404460E-006
   637690.031629426       -6363636.36363636       8.975446021333370E-006
   637690.031629426       -6161616.16161616       1.065643984669218E-005
   637690.031629426       -5959595.95959596       1.248755100433863E-005
   637690.031629426       -5757575.75757576       1.444946676599381E-005
   637690.031629426       -5555555.55555556       1.651746211809292E-005
   637690.031629426       -5353535.35353535       1.866274381205031E-005
   637690.031629426       -5151515.15151515       2.085442135565515E-005
   637690.031629426       -4949494.94949495       2.306203862486665E-005
   637690.031629426       -4747474.74747475       2.525852809776854E-005
   637690.031629426       -4545454.54545455       2.742340701752868E-005
   637690.031629426       -4343434.34343434       2.954605699516034E-005
   637690.031629426       -4141414.14141414       3.162905112640109E-005
   637690.031629426       -3939393.93939394       3.369174413492623E-005
   637690.031629426       -3737373.73737374       3.577474092966046E-005
   637690.031629426       -3535353.53535354       3.794641608403664E-005
   637690.031629426       -3333333.33333333       4.031334670371727E-005
   637690.031629426       -3131313.13131313       4.303719843453404E-005
   637690.031629426       -2929292.92929293       4.636079154526215E-005
   637690.031629426       -2727272.72727273       5.064463498307714E-005
   637690.031629426       -2525252.52525253       5.641019555798200E-005
   637690.031629426       -2323232.32323232       6.437562733546142E-005
   637690.031629426       -2121212.12121212       7.545460699863998E-005
   637690.031629426       -1919191.91919192       9.067742758610308E-005
   637690.031629426       -1717171.71717172       1.110008071235496E-004
   637690.031629426       -1515151.51515152       1.370099814465523E-004
   637690.031629426       -1313131.31313131       1.685737502856571E-004
   637690.031629426       -1111111.11111111       2.045595816165320E-004
   637690.031629426       -909090.909090910       2.427238531680825E-004
   637690.031629426       -707070.707070708       2.798568508112857E-004
   637690.031629426       -505050.505050506       3.121964191198594E-004
   637690.031629426       -303030.303030305       3.360465350327001E-004
   637690.031629426       -101010.101010101       3.484681707859591E-004
   637690.031629426        101010.101010101       3.478725699315051E-004
   637690.031629426        303030.303030303       3.343593286241212E-004
   637690.031629426        505050.505050505       3.097051857273967E-004
   637690.031629426        707070.707070706       2.770052332452545E-004
   637690.031629426        909090.909090908       2.400633786639870E-004
   637690.031629426        1111111.11111111       2.026908974582640E-004
   637690.031629426        1313131.31313131       1.680832149078417E-004
   637690.031629426        1515151.51515151       1.384084663596206E-004
   637690.031629426        1717171.71717172       1.146739733035293E-004
   637690.031629426        1919191.91919192       9.685841885323443E-005
   637690.031629426        2121212.12121212       8.422660961782232E-005
   637690.031629426        2323232.32323232       7.570185836292455E-005
   637690.031629426        2525252.52525252       7.017836666523744E-005
   637690.031629426        2727272.72727273       6.670955704387578E-005
   637690.031629426        2929292.92929293       6.457395888066341E-005
   637690.031629426        3131313.13131313       6.326049898231872E-005
   637690.031629426        3333333.33333333       6.241985287468755E-005
   637690.031629426        3535353.53535353       6.181302807408060E-005
   637690.031629426        3737373.73737374       6.127082277869294E-005
   637690.031629426        3939393.93939394       6.066668351967457E-005
   637690.031629426        4141414.14141414       5.990081655762065E-005
   637690.031629426        4343434.34343434       5.889241411995502E-005
   637690.031629426        4545454.54545454       5.757722515270341E-005
   637690.031629426        4747474.74747475       5.590827926309858E-005
   637690.031629426        4949494.94949495       5.385801894411820E-005
   637690.031629426        5151515.15151515       5.142042999482071E-005
   637690.031629426        5353535.35353535       4.861209252838297E-005
   637690.031629426        5555555.55555555       4.547147539636992E-005
   637690.031629426        5757575.75757576       4.205625826248360E-005
   637690.031629426        5959595.95959596       3.843891673375078E-005
   637690.031629426        6161616.16161616       3.470115259672660E-005
   637690.031629426        6363636.36363636       3.092792259987577E-005
   637690.031629426        6565656.56565657       2.720179925380370E-005
   637690.031629426        6767676.76767677       2.359822738111011E-005
   637690.031629426        6969696.96969697       2.018199762946144E-005
   637690.031629426        7171717.17171717       1.700502189741794E-005
   637690.031629426        7373737.37373737       1.410531940192760E-005
   637690.031629426        7575757.57575757       1.150702387097611E-005
   637690.031629426        7777777.77777778       9.221190377621228E-006
   637690.031629426        7979797.97979798       7.247188733883311E-006
   637690.031629426        8181818.18181818       5.574494139094746E-006
   637690.031629426        8383838.38383838       4.184709521167802E-006
   637690.031629426        8585858.58585858       3.053673076146925E-006
   637690.031629426        8787878.78787879       2.153521325418553E-006
   637690.031629426        8989898.98989899       1.454597167476131E-006
   637690.031629426        9191919.19191919       9.271172053804677E-007
   637690.031629426        9393939.39393939       5.425441083681484E-007
   637690.031629426        9595959.59595960       2.746483178933987E-007
   637690.031629426        9797979.79797980       1.002908887837132E-007
   637690.031629426        10000000.0000000       0.000000000000000E+000
   743801.652892562       -10000000.0000000       0.000000000000000E+000
   743801.652892562       -9797979.79797980       1.275899135206310E-008
   743801.652892562       -9595959.59595960       3.546186570764393E-008
   743801.652892562       -9393939.39393939       7.187526845027164E-008
   743801.652892562       -9191919.19191919       1.270241100312944E-007
   743801.652892562       -8989898.98989899       2.073803872070281E-007
   743801.652892562       -8787878.78787879       3.210301007383804E-007
   743801.652892562       -8585858.58585859       4.777890870832908E-007
   743801.652892562       -8383838.38383838       6.892327611500796E-007
   743801.652892562       -8181818.18181818       9.686053897616979E-007
   743801.652892562       -7979797.97979798       1.330578579640314E-006
   743801.652892562       -7777777.77777778       1.790836903962203E-006
   743801.652892562       -7575757.57575758       2.365481256286030E-006
   743801.652892562       -7373737.37373737       3.070256975144471E-006
   743801.652892562       -7171717.17171717       3.919632676716198E-006
   743801.652892562       -6969696.96969697       4.925775320185763E-006
   743801.652892562       -6767676.76767677       6.097485613549334E-006
   743801.652892562       -6565656.56565657       7.439174218214175E-006
   743801.652892562       -6363636.36363636       8.949972697356268E-006
   743801.652892562       -6161616.16161616       1.062308333674944E-005
   743801.652892562       -5959595.95959596       1.244547765379577E-005
   743801.652892562       -5757575.75757576       1.439805158818287E-005
   743801.652892562       -5555555.55555556       1.645633090106604E-005
   743801.652892562       -5353535.35353535       1.859178737357338E-005
   743801.652892562       -5151515.15151515       2.077377202312307E-005
   743801.652892562       -4949494.94949495       2.297200041521246E-005
   743801.652892562       -4747474.74747475       2.515945331045154E-005
   743801.652892562       -4545454.54545455       2.731551098409422E-005
   743801.652892562       -4343434.34343434       2.942915610511212E-005
   743801.652892562       -4141414.14141414       3.150219156291185E-005
   743801.652892562       -3939393.93939394       3.355265150652250E-005
   743801.652892562       -3737373.73737374       3.561895059343712E-005
   743801.652892562       -3535353.53535354       3.776581946456772E-005
   743801.652892562       -3333333.33333333       4.009368287458474E-005
   743801.652892562       -3131313.13131313       4.275371303028197E-005
   743801.652892562       -2929292.92929293       4.597091324100202E-005
   743801.652892562       -2727272.72727273       5.007628068487979E-005
   743801.652892562       -2525252.52525253       5.554470344205424E-005
   743801.652892562       -2323232.32323232       6.302611233136754E-005
   743801.652892562       -2121212.12121212       7.334427575970493E-005
   743801.652892562       -1919191.91919192       8.742719951678958E-005
   743801.652892562       -1717171.71717172       1.061383819675884E-004
   743801.652892562       -1515151.51515152       1.300096291353916E-004
   743801.652892562       -1313131.31313131       1.589271787103437E-004
   743801.652892562       -1111111.11111111       1.918674888525275E-004
   743801.652892562       -909090.909090910       2.267902211556094E-004
   743801.652892562       -707070.707070708       2.607654691817031E-004
   743801.652892562       -505050.505050506       2.903508556511578E-004
   743801.652892562       -303030.303030305       3.121603450596094E-004
   743801.652892562       -101010.101010101       3.235014939147687E-004
   743801.652892562        101010.101010101       3.229230840159526E-004
   743801.652892562        303030.303030303       3.105266942926613E-004
   743801.652892562        505050.505050505       2.879548952815548E-004
   743801.652892562        707070.707070706       2.580577401618207E-004
   743801.652892562        909090.909090908       2.243276733671085E-004
   743801.652892562        1111111.11111111       1.902509743267326E-004
   743801.652892562        1313131.31313131       1.587348415566788E-004
   743801.652892562        1515151.51515151       1.317349101861654E-004
   743801.652892562        1717171.71717172       1.101432396046685E-004
   743801.652892562        1919191.91919192       9.392080331024922E-005
   743801.652892562        2121212.12121212       8.239172673568990E-005
   743801.652892562        2323232.32323232       7.458164313002628E-005
   743801.652892562        2525252.52525252       6.949546126113775E-005
   743801.652892562        2727272.72727273       6.628184002585379E-005
   743801.652892562        2929292.92929293       6.428953483897088E-005
   743801.652892562        3131313.13131313       6.305379704051080E-005
   743801.652892562        3333333.33333333       6.225354824164837E-005
   743801.652892562        3535353.53535353       6.166618617162869E-005
   743801.652892562        3737373.73737374       6.113182094680487E-005
   743801.652892562        3939393.93939394       6.052923604248416E-005
   743801.652892562        4141414.14141414       5.976182174810507E-005
   743801.652892562        4343434.34343434       5.875080129124059E-005
   743801.652892562        4545454.54545454       5.743331969307864E-005
   743801.652892562        4747474.74747475       5.576341648088038E-005
   743801.652892562        4949494.94949495       5.371426123061759E-005
   743801.652892562        5151515.15151515       5.128031419823637E-005
   743801.652892562        5353535.35353535       4.847837848506991E-005
   743801.652892562        5555555.55555555       4.534689403918004E-005
   743801.652892562        5757575.75757576       4.194327358412510E-005
   743801.652892562        5959595.95959596       3.833952227562257E-005
   743801.652892562        6161616.16161616       3.461672180261690E-005
   743801.652892562        6363636.36363636       3.085912564137332E-005
   743801.652892562        6565656.56565657       2.714858963065999E-005
   743801.652892562        6767676.76767677       2.355989244940062E-005
   743801.652892562        6969696.96969697       2.015726019489643E-005
   743801.652892562        7171717.17171717       1.699217605662144E-005
   743801.652892562        7373737.37373737       1.410238288092335E-005
   743801.652892562        7575757.57575757       1.151189054550298E-005
   743801.652892562        7777777.77777778       9.231769603264733E-006
   743801.652892562        7979797.97979798       7.261521784245293E-006
   743801.652892562        8181818.18181818       5.590841867814234E-006
   743801.652892562        8383838.38383838       4.201608943102894E-006
   743801.652892562        8585858.58585858       3.069963649432878E-006
   743801.652892562        8787878.78787879       2.168344123487338E-006
   743801.652892562        8989898.98989899       1.467371701914219E-006
   743801.652892562        9191919.19191919       9.375012286800399E-007
   743801.652892562        9393939.39393939       5.503809730223201E-007
   743801.652892562        9595959.59595960       2.799032361431042E-007
   743801.652892562        9797979.79797980       1.029670392344372E-007
   743801.652892562        10000000.0000000       0.000000000000000E+000
   858075.706560555       -10000000.0000000       0.000000000000000E+000
   858075.706560555       -9797979.79797980       1.312782359123650E-008
   858075.706560555       -9595959.59595960       3.620282201609461E-008
   858075.706560555       -9393939.39393939       7.301811237515009E-008
   858075.706560555       -9191919.19191919       1.286034480292588E-007
   858075.706560555       -8989898.98989899       2.094187345060497E-007
   858075.706560555       -8787878.78787879       3.235200118884561E-007
   858075.706560555       -8585858.58585859       4.806722962066843E-007
   858075.706560555       -8383838.38383838       6.923762218936004E-007
   858075.706560555       -8181818.18181818       9.717752524109871E-007
   858075.706560555       -7979797.97979798       1.333414081164210E-006
   858075.706560555       -7777777.77777778       1.792826955020781E-006
   858075.706560555       -7575757.57575758       2.365947108328720E-006
   858075.706560555       -7373737.37373737       3.068344622527214E-006
   858075.706560555       -7171717.17171717       3.914318479415202E-006
   858075.706560555       -6969696.96969697       4.915887638026665E-006
   858075.706560555       -6767676.76767677       6.081743983846663E-006
   858075.706560555       -6565656.56565657       7.416245799233072E-006
   858075.706560555       -6363636.36363636       8.918543413008968E-006
   858075.706560555       -6161616.16161616       1.058193853735757E-005
   858075.706560555       -5959595.95959596       1.239358438920780E-005
   858075.706560555       -5757575.75757576       1.433463211838743E-005
   858075.706560555       -5555555.55555556       1.638091528517175E-005
   858075.706560555       -5353535.35353535       1.850423232164464E-005
   858075.706560555       -5151515.15151515       2.067423390659736E-005
   858075.706560555       -4949494.94949495       2.286085214077684E-005
   858075.706560555       -4747474.74747475       2.503713652842268E-005
   858075.706560555       -4545454.54545455       2.718231446061581E-005
   858075.706560555       -4343434.34343434       2.928490409282667E-005
   858075.706560555       -4141414.14141414       3.134580658835231E-005
   858075.706560555       -3939393.93939394       3.338151486000195E-005
   858075.706560555       -3737373.73737374       3.542790647006935E-005
   858075.706560555       -3535353.53535354       3.754553325640569E-005
   858075.706560555       -3333333.33333333       3.982784237599747E-005
   858075.706560555       -3131313.13131313       4.241423379238427E-005
   858075.706560555       -2929292.92929293       4.550991448589048E-005
   858075.706560555       -2727272.72727273       4.941333847611680E-005
   858075.706560555       -2525252.52525253       5.454826926188505E-005
   858075.706560555       -2323232.32323232       6.148982127483405E-005
   858075.706560555       -2121212.12121212       7.096278493835257E-005
   858075.706560555       -1919191.91919192       8.378145282424055E-005
   858075.706560555       -1717171.71717172       1.007037324080248E-004
   858075.706560555       -1515151.51515152       1.221980009723025E-004
   858075.706560555       -1313131.31313131       1.481651863728098E-004
   858075.706560555       -1111111.11111111       1.776999700579085E-004
   858075.706560555       -909090.909090910       2.089888260555027E-004
   858075.706560555       -707070.707070708       2.394179505482306E-004
   858075.706560555       -505050.505050506       2.659085069780213E-004
   858075.706560555       -303030.303030305       2.854278757258146E-004
   858075.706560555       -101010.101010101       2.955648450441318E-004
   858075.706560555        101010.101010101       2.950244856542846E-004
   858075.706560555        303030.303030303       2.839091140909900E-004
   858075.706560555        505050.505050505       2.637058167198306E-004
   858075.706560555        707070.707070706       2.369822474256765E-004
   858075.706560555        909090.909090908       2.068732630386531E-004
   858075.706560555        1111111.11111111       1.764942374646689E-004
   858075.706560555        1313131.31313131       1.484270937114397E-004
   858075.706560555        1515151.51515151       1.243928127875004E-004
   858075.706560555        1717171.71717172       1.051624323864758E-004
   858075.706560555        1919191.91919192       9.068644739070041E-005
   858075.706560555        2121212.12121212       8.036221475732423E-005
   858075.706560555        2323232.32323232       7.333234977791118E-005
   858075.706560555        2525252.52525252       6.872451494064454E-005
   858075.706560555        2727272.72727273       6.579123770785077E-005
   858075.706560555        2929292.92929293       6.395726315087250E-005
   858075.706560555        3131313.13131313       6.280789894088329E-005
   858075.706560555        3333333.33333333       6.205270007332210E-005
   858075.706560555        3535353.53535353       6.148697642781659E-005
   858075.706560555        3737373.73737374       6.096112712629547E-005
   858075.706560555        3939393.93939394       6.035991554607974E-005
   858075.706560555        4141414.14141414       5.959035901527922E-005
   858075.706560555        4343434.34343434       5.857603565418914E-005
   858075.706560555        4545454.54545454       5.725573577559138E-005
   858075.706560555        4747474.74747475       5.558470389120559E-005
   858075.706560555        4949494.94949495       5.353698342536292E-005
   858075.706560555        5151515.15151515       5.110760579573153E-005
   858075.706560555        5353535.35353535       4.831363983923459E-005
   858075.706560555        5555555.55555555       4.519348341141257E-005
   858075.706560555        5757575.75757576       4.180421562424185E-005
   858075.706560555        5959595.95959596       3.821725879433171E-005
   858075.706560555        6161616.16161616       3.451292885537722E-005
   858075.706560555        6363636.36363636       3.077461247575005E-005
   858075.706560555        6565656.56565657       2.708328349889996E-005
   858075.706560555        6767676.76767677       2.351290197914057E-005
   858075.706560555        6969696.96969697       2.012700136938910E-005
   858075.706560555        7171717.17171717       1.697654001364825E-005
   858075.706560555        7373737.37373737       1.409892363865736E-005
   858075.706560555        7575757.57575757       1.151801258903657E-005
   858075.706560555        7777777.77777778       9.244898942794079E-006
   858075.706560555        7979797.97979798       7.279248650595419E-006
   858075.706560555        8181818.18181818       5.611027922656796E-006
   858075.706560555        8383838.38383838       4.222456275828065E-006
   858075.706560555        8585858.58585858       3.090046603054909E-006
   858075.706560555        8787878.78787879       2.186607919557925E-006
   858075.706560555        8989898.98989899       1.483103737937136E-006
   858075.706560555        9191919.19191919       9.502816082588530E-007
   858075.706560555        9393939.39393939       5.600179387312099E-007
   858075.706560555        9595959.59595960       2.863554184171697E-007
   858075.706560555        9797979.79797980       1.062429966971102E-007
   858075.706560555        10000000.0000000       0.000000000000000E+000
   980512.192633405       -10000000.0000000       0.000000000000000E+000
   980512.192633405       -9797979.79797980       1.356780258852998E-008
   980512.192633405       -9595959.59595960       3.708984638084449E-008
   980512.192633405       -9393939.39393939       7.438811394069256E-008
   980512.192633405       -9191919.19191919       1.304973328661811E-007
   980512.192633405       -8989898.98989899       2.118624881765696E-007
   980512.192633405       -8787878.78787879       3.265033093827436E-007
   980512.192633405       -8585858.58585859       4.841234528040934E-007
   980512.192633405       -8383838.38383838       6.961334046049818E-007
   980512.192633405       -8181818.18181818       9.755552020972021E-007
   980512.192633405       -7979797.97979798       1.336780707382974E-006
   980512.192633405       -7777777.77777778       1.795163130036180E-006
   980512.192633405       -7575757.57575758       2.366433705550675E-006
   980512.192633405       -7373737.37373737       3.065951176524319E-006
   980512.192633405       -7171717.17171717       3.907809653627399E-006
   980512.192633405       -6969696.96969697       4.903848871236979E-006
   980512.192633405       -6767676.76767677       6.062628198796635E-006
   980512.192633405       -6565656.56565657       7.388440909708751E-006
   980512.192633405       -6363636.36363636       8.880457641789945E-006
   980512.192633405       -6161616.16161616       1.053209742361647E-005
   980512.192633405       -5959595.95959596       1.233073009831030E-005
   980512.192633405       -5757575.75757576       1.425781268290931E-005
   980512.192633405       -5555555.55555556       1.628954923675797E-005
   980512.192633405       -5353535.35353535       1.839813336592107E-005
   980512.192633405       -5151515.15151515       2.055358117035098E-005
   980512.192633405       -4949494.94949495       2.272609381974228E-005
   980512.192633405       -4747474.74747475       2.488881722161513E-005
   980512.192633405       -4545454.54545455       2.702081644411121E-005
   980512.192633405       -4343434.34343434       2.911008588720434E-005
   980512.192633405       -4141414.14141414       3.115650183846531E-005
   980512.192633405       -3939393.93939394       3.317481103272143E-005
   980512.192633405       -3737373.73737374       3.519804149201052E-005
   980512.192633405       -3535353.53535354       3.728210735274274E-005
   980512.192633405       -3333333.33333333       3.951281496642485E-005
   980512.192633405       -3131313.13131313       4.201684373453246E-005
   980512.192633405       -2929292.92929293       4.497826574770135E-005
   980512.192633405       -2727272.72727273       4.866113015170629E-005
   980512.192633405       -2525252.52525253       5.343550886260962E-005
   980512.192633405       -2323232.32323232       5.979814205761429E-005
   980512.192633405       -2121212.12121212       6.836986426771493E-005
   980512.192633405       -1919191.91919192       7.984444665401319E-005
   980512.192633405       -1717171.71717172       9.486577925124268E-005
   980512.192633405       -1515151.51515152       1.138305007141108E-004
   980512.192633405       -1313131.31313131       1.366496505049899E-004
   980512.192633405       -1111111.11111111       1.625397115131060E-004
   980512.192633405       -909090.909090910       1.899287448897471E-004
   980512.192633405       -707070.707070708       2.165448014033755E-004
   980512.192633405       -505050.505050506       2.397054387155112E-004
   980512.192633405       -303030.303030305       2.567649318524625E-004
   980512.192633405       -101010.101010101       2.656201334006462E-004
   980512.192633405        101010.101010101       2.651464183107787E-004
   980512.192633405        303030.303030303       2.554445217716564E-004
   980512.192633405        505050.505050505       2.378274502897067E-004
   980512.192633405        707070.707070706       2.145493311961615E-004
   980512.192633405        909090.909090908       1.883504773530199E-004
   980512.192633405        1111111.11111111       1.619407108074768E-004
   980512.192633405        1313131.31313131       1.375517221398386E-004
   980512.192633405        1515151.51515151       1.166587304322643E-004
   980512.192633405        1717171.71717172       9.991380684603549E-005
   980512.192633405        1919191.91919192       8.726726756879864E-005
   980512.192633405        2121212.12121212       7.820205196119980E-005
   980512.192633405        2323232.32323232       7.198789659347291E-005
   980512.192633405        2525252.52525252       6.788191986434315E-005
   980512.192633405        2727272.72727273       6.524451509973297E-005
   980512.192633405        2929292.92929293       6.357884828587860E-005
   980512.192633405        3131313.13131313       6.252191403055360E-005
   980512.192633405        3333333.33333333       6.181508521404474E-005
   980512.192633405        3535353.53535353       6.127246602785806E-005
   980512.192633405        3737373.73737374       6.075540107352214E-005
   980512.192633405        3939393.93939394       6.015512511805921E-005
   980512.192633405        4141414.14141414       5.938265983735683E-005
   980512.192633405        4343434.34343434       5.836423855616922E-005
   980512.192633405        4545454.54545454       5.704054228757404E-005
   980512.192633405        4747474.74747475       5.536821991504625E-005
   980512.192633405        4949494.94949495       5.332234153320289E-005
   980512.192633405        5151515.15151515       5.089861049844775E-005
   980512.192633405        5353535.35353535       4.811440408410701E-005
   980512.192633405        5555555.55555555       4.500805972264953E-005
   980512.192633405        5757575.75757576       4.163624600349506E-005
   980512.192633405        5959595.95959596       3.806967548904908E-005
   980512.192633405        6161616.16161616       3.438773529111927E-005
   980512.192633405        6363636.36363636       3.067276316839821E-005
   980512.192633405        6565656.56565657       2.700466767092457E-005
   980512.192633405        6767676.76767677       2.345642187977952E-005
   980512.192633405        6969696.96969697       2.009072585452251E-005
   980512.192633405        7171717.17171717       1.695790813357913E-005
   980512.192633405        7373737.37373737       1.409497172722007E-005
   980512.192633405        7575757.57575757       1.152560064173821E-005
   980512.192633405        7777777.77777778       9.260916594809077E-006
   980512.192633405        7979797.97979798       7.300786621375588E-006
   980512.192633405        8181818.18181818       5.635506502584623E-006
   980512.192633405        8383838.38383838       4.247707720490458E-006
   980512.192633405        8585858.58585858       3.114352811889475E-006
   980512.192633405        8787878.78787879       2.208698259158158E-006
   980512.192633405        8989898.98989899       1.502120124322767E-006
   980512.192633405        9191919.19191919       9.657187753323179E-007
   980512.192633405        9393939.39393939       5.716458011475530E-007
   980512.192633405        9595959.59595960       2.941262332128783E-007
   980512.192633405        9797979.79797980       1.101741667789193E-007
   980512.192633405        10000000.0000000       0.000000000000000E+000
   1111111.11111111       -10000000.0000000       0.000000000000000E+000
   1111111.11111111       -9797979.79797980       1.408224756454966E-008
   1111111.11111111       -9595959.59595960       3.813133075891707E-008
   1111111.11111111       -9393939.39393939       7.599927681545148E-008
   1111111.11111111       -9191919.19191919       1.327254363615073E-007
   1111111.11111111       -8989898.98989899       2.147365955631412E-007
   1111111.11111111       -8787878.78787879       3.300091761609505E-007
   1111111.11111111       -8585858.58585859       4.881740026969133E-007
   1111111.11111111       -8383838.38383838       7.005347733444609E-007
   1111111.11111111       -8181818.18181818       9.799698305064755E-007
   1111111.11111111       -7979797.97979798       1.340690254074278E-006
   1111111.11111111       -7777777.77777778       1.797835101269060E-006
   1111111.11111111       -7575757.57575758       2.366896545670901E-006
   1111111.11111111       -7373737.37373737       3.062982960801845E-006
   1111111.11111111       -7171717.17171717       3.899945317170379E-006
   1111111.11111111       -6969696.96969697       4.889409973725001E-006
   1111111.11111111       -6767676.76767677       6.039777505624190E-006
   1111111.11111111       -6565656.56565657       7.355261576541044E-006
   1111111.11111111       -6363636.36363636       8.835053611548255E-006
   1111111.11111111       -6161616.16161616       1.047270797089224E-005
   1111111.11111111       -5959595.95959596       1.225584760642854E-005
   1111111.11111111       -5757575.75757576       1.416628919777264E-005
   1111111.11111111       -5555555.55555556       1.618067474492543E-005
   1111111.11111111       -5353535.35353535       1.827166775959597E-005
   1111111.11111111       -5151515.15151515       2.040972291609756E-005
   1111111.11111111       -4949494.94949495       2.256537121358237E-005
   1111111.11111111       -4747474.74747475       2.471189143967554E-005
   1111111.11111111       -4545454.54545455       2.682818650403423E-005
   1111111.11111111       -4343434.34343434       2.890167941104635E-005
   1111111.11111111       -4141414.14141414       3.093111527320597E-005
   1111111.11111111       -3939393.93939394       3.292931894873589E-005
   1111111.11111111       -3737373.73737374       3.492621260135767E-005
   1111111.11111111       -3535353.53535354       3.697272495764837E-005
   1111111.11111111       -3333333.33333333       3.914657756871661E-005
   1111111.11111111       -3131313.13131313       4.156120356214364E-005
   1111111.11111111       -2929292.92929293       4.437898891150716E-005
   1111111.11111111       -2727272.72727273       4.782911660720010E-005
   1111111.11111111       -2525252.52525253       5.222774292139958E-005
   1111111.11111111       -2323232.32323232       5.799329190636729E-005
   1111111.11111111       -2121212.12121212       6.564267741367856E-005
   1111111.11111111       -1919191.91919192       7.574833725330785E-005
   1111111.11111111       -1717171.71717172       8.883745460865777E-005
   1111111.11111111       -1515151.51515152       1.052301100587100E-004
   1111111.11111111       -1313131.31313131       1.248420579739640E-004
   1111111.11111111       -1111111.11111111       1.470088623500063E-004
   1111111.11111111       -909090.909090910       1.704034600047114E-004
   1111111.11111111       -707070.707070708       1.931064171753484E-004
   1111111.11111111       -505050.505050506       2.128481063932074E-004
   1111111.11111111       -303030.303030305       2.273877924244861E-004
   1111111.11111111       -101010.101010101       2.349450667009671E-004
   1111111.11111111        101010.101010101       2.345724123332173E-004
   1111111.11111111        303030.303030303       2.263654556546384E-004
   1111111.11111111        505050.505050505       2.114495823173883E-004
   1111111.11111111        707070.707070706       1.917450443592275E-004
   1111111.11111111        909090.909090908       1.695758786687792E-004
   1111111.11111111        1111111.11111111       1.472293687363623E-004
   1111111.11111111        1313131.31313131       1.265793573526508E-004
   1111111.11111111        1515151.51515151       1.088580505712852E-004
   1111111.11111111        1717171.71717172       9.460840314769895E-005
   1111111.11111111        1919191.91919192       8.379186007730275E-005
   1111111.11111111        2121212.12121212       7.598503489217078E-005
   1111111.11111111        2323232.32323232       7.058817104026467E-005
   1111111.11111111        2525252.52525252       6.698779753464438E-005
   1111111.11111111        2727272.72727273       6.465079831044378E-005
   1111111.11111111        2929292.92929293       6.315749763765758E-005
   1111111.11111111        3131313.13131313       6.219591799860485E-005
   1111111.11111111        3333333.33333333       6.153911937137634E-005
   1111111.11111111        3535353.53535353       6.102016893708589E-005
   1111111.11111111        3737373.73737374       6.051164337717542E-005
   1111111.11111111        3939393.93939394       5.991155646147093E-005
   1111111.11111111        4141414.14141414       5.913522485204128E-005
   1111111.11111111        4343434.34343434       5.811180022798020E-005
   1111111.11111111        4545454.54545454       5.678408689570261E-005
   1111111.11111111        4747474.74747475       5.511033559142115E-005
   1111111.11111111        4949494.94949495       5.306679746695650E-005
   1111111.11111111        5151515.15151515       5.064994937431394E-005
   1111111.11111111        5353535.35353535       4.787751734872715E-005
   1111111.11111111        5555555.55555555       4.478775348160274E-005
   1111111.11111111        5757575.75757576       4.143682809705493E-005
   1111111.11111111        5959595.95959596       3.789460278021710E-005
   1111111.11111111        6161616.16161616       3.423935628836567E-005
   1111111.11111111        6363636.36363636       3.055217832781965E-005
   1111111.11111111        6565656.56565657       2.691171280422167E-005
   1111111.11111111        6767676.76767677       2.338976371682919E-005
   1111111.11111111        6969696.96969697       2.004804640944218E-005
   1111111.11111111        7171717.17171717       1.693614769546761E-005
   1111111.11111111        7373737.37373737       1.409059892096343E-005
   1111111.11111111        7575757.57575757       1.153488085967646E-005
   1111111.11111111        7777777.77777778       9.280155586804109E-006
   1111111.11111111        7979797.97979798       7.326532702413393E-006
   1111111.11111111        8181818.18181818       5.664701635819303E-006
   1111111.11111111        8383838.38383838       4.277783984781136E-006
   1111111.11111111        8585858.58585858       3.143276054544574E-006
   1111111.11111111        8787878.78787879       2.234964794122584E-006
   1111111.11111111        8989898.98989899       1.524714948432713E-006
   1111111.11111111        9191919.19191919       9.840447199164991E-007
   1111111.11111111        9393939.39393939       5.854319120953304E-007
   1111111.11111111        9595959.59595960       3.033191708195674E-007
   1111111.11111111        9797979.79797980       1.148049965471950E-007
   1111111.11111111        10000000.0000000       0.000000000000000E+000
   1249872.46199367       -10000000.0000000       0.000000000000000E+000
   1249872.46199367       -9797979.79797980       1.467225422044173E-008
   1249872.46199367       -9595959.59595960       3.933152399728027E-008
   1249872.46199367       -9393939.39393939       7.785944119642690E-008
   1249872.46199367       -9191919.19191919       1.352989369795705E-007
   1249872.46199367       -8989898.98989899       2.180548093268858E-007
   1249872.46199367       -8787878.78787879       3.340525688402238E-007
   1249872.46199367       -8585858.58585859       4.928379445649375E-007
   1249872.46199367       -8383838.38383838       7.055901867469733E-007
   1249872.46199367       -8181818.18181818       9.850203991828823E-007
   1249872.46199367       -7979797.97979798       1.345129385093310E-006
   1249872.46199367       -7777777.77777778       1.800807121636934E-006
   1249872.46199367       -7575757.57575758       2.367267592253052E-006
   1249872.46199367       -7373737.37373737       3.059327492476525E-006
   1249872.46199367       -7171717.17171717       3.890553959581759E-006
   1249872.46199367       -6969696.96969697       4.872323361711338E-006
   1249872.46199367       -6767676.76767677       6.012848844806805E-006
   1249872.46199367       -6565656.56565657       7.316247809779058E-006
   1249872.46199367       -6363636.36363636       8.781731442391965E-006
   1249872.46199367       -6161616.16161616       1.040300677095866E-005
   1249872.46199367       -5959595.95959596       1.216798677663234E-005
   1249872.46199367       -5757575.75757576       1.405890342048814E-005
   1249872.46199367       -5555555.55555556       1.605290749935168E-005
   1249872.46199367       -5353535.35353535       1.812321227783087E-005
   1249872.46199367       -5151515.15151515       2.024079098744523E-005
   1249872.46199367       -4949494.94949495       2.237657374092902E-005
   1249872.46199367       -4747474.74747475       2.450401902215179E-005
   1249872.46199367       -4545454.54545455       2.660188051822736E-005
   1249872.46199367       -4343434.34343434       2.865697915379686E-005
   1249872.46199367       -4141414.14141414       3.066684772698674E-005
   1249872.46199367       -3939393.93939394       3.264225517615598E-005
   1249872.46199367       -3737373.73737374       3.460983576704813E-005
   1249872.46199367       -3535353.53535354       3.661532222305515E-005
   1249872.46199367       -3333333.33333333       3.872816202265275E-005
   1249872.46199367       -3131313.13131313       4.104848408009426E-005
   1249872.46199367       -2929292.92929293       4.371727531826636E-005
   1249872.46199367       -2727272.72727273       4.692984031519607E-005
   1249872.46199367       -2525252.52525253       5.095058087168757E-005
   1249872.46199367       -2323232.32323232       5.612334322101794E-005
   1249872.46199367       -2121212.12121212       6.286636148638128E-005
   1249872.46199367       -1919191.91919192       7.163645219308326E-005
   1249872.46199367       -1717171.71717172       8.284821593384726E-005
   1249872.46199367       -1515151.51515152       9.674544219694751E-005
   1249872.46199367       -1313131.31313131       1.132439875851857E-004
   1249872.46199367       -1111111.11111111       1.317901741763700E-004
   1249872.46199367       -909090.909090910       1.512925865392037E-004
   1249872.46199367       -707070.707070708       1.701769228701101E-004
   1249872.46199367       -505050.505050506       1.865820460357209E-004
   1249872.46199367       -303030.303030305       1.986702991896163E-004
   1249872.46199367       -101010.101010101       2.049827305328363E-004
   1249872.46199367        101010.101010101       2.047464785588156E-004
   1249872.46199367        303030.303030303       1.980475982822906E-004
   1249872.46199367        505050.505050505       1.858180682599756E-004
   1249872.46199367        707070.707070706       1.696393806965250E-004
   1249872.46199367        909090.909090908       1.514184120601118E-004
   1249872.46199367        1111111.11111111       1.330256059740788E-004
   1249872.46199367        1313131.31313131       1.159895806457932E-004
   1249872.46199367        1515151.51515151       1.013161667620016E-004
   1249872.46199367        1717171.71717172       8.945459425796710E-005
   1249872.46199367        1919191.91919192       8.038673343609033E-005
   1249872.46199367        2121212.12121212       7.378432804550127E-005
   1249872.46199367        2323232.32323232       6.917356054391056E-005
   1249872.46199367        2525252.52525252       6.606330387367721E-005
   1249872.46199367        2727272.72727273       6.402033944435755E-005
   1249872.46199367        2929292.92929293       6.269742096871781E-005
   1249872.46199367        3131313.13131313       6.183080905051642E-005
   1249872.46199367        3333333.33333333       6.122388199387570E-005
   1249872.46199367        3535353.53535353       6.072814948288697E-005
   1249872.46199367        3737373.73737374       6.022733617197117E-005
   1249872.46199367        3939393.93939394       5.962634915096275E-005
   1249872.46199367        4141414.14141414       5.884499347332498E-005
   1249872.46199367        4343434.34343434       5.781555592787531E-005
   1249872.46199367        4545454.54545454       5.648317637224630E-005
   1249872.46199367        4747474.74747475       5.480789692704786E-005
   1249872.46199367        4949494.94949495       5.276730092009133E-005
   1249872.46199367        5151515.15151515       5.035873727954251E-005
   1249872.46199367        5353535.35353535       4.760031606296183E-005
   1249872.46199367        5555555.55555555       4.453017093605793E-005
   1249872.46199367        5757575.75757576       4.120387494273417E-005
   1249872.46199367        5959595.95959596       3.769028381985566E-005
   1249872.46199367        6161616.16161616       3.406637360406936E-005
   1249872.46199367        6363636.36363636       3.041177215679556E-005
   1249872.46199367        6565656.56565657       2.680364620791344E-005
   1249872.46199367        6767676.76767677       2.331243785375359E-005
   1249872.46199367        6969696.96969697       1.999871874962617E-005
   1249872.46199367        7171717.17171717       1.691121764504513E-005
   1249872.46199367        7373737.37373737       1.408592388726321E-005
   1249872.46199367        7575757.57575757       1.154608931127080E-005
   1249872.46199367        7777777.77777778       9.302930234815142E-006
   1249872.46199367        7979797.97979798       7.356844823467820E-006
   1249872.46199367        8181818.18181818       5.698985522496311E-006
   1249872.46199367        8383838.38383838       4.313047765025630E-006
   1249872.46199367        8585858.58585858       3.177151210215551E-006
   1249872.46199367        8787878.78787879       2.265701344174379E-006
   1249872.46199367        8989898.98989899       1.551132227635591E-006
   1249872.46199367        9191919.19191919       1.005448764312535E-006
   1249872.46199367        9393939.39393939       6.015092761742229E-007
   1249872.46199367        9595959.59595960       3.140124372254748E-007
   1249872.46199367        9797979.79797980       1.201653093762854E-007
   1249872.46199367        10000000.0000000       0.000000000000000E+000
   1396796.24528109       -10000000.0000000       0.000000000000000E+000
   1396796.24528109       -9797979.79797980       1.533622405660787E-008
   1396796.24528109       -9595959.59595960       4.068945354577005E-008
   1396796.24528109       -9393939.39393939       7.996854812037718E-008
   1396796.24528109       -9191919.19191919       1.382180559332595E-007
   1396796.24528109       -8989898.98989899       2.218164093295533E-007
   1396796.24528109       -8787878.78787879       3.386300499808537E-007
   1396796.24528109       -8585858.58585859       4.981067356658091E-007
   1396796.24528109       -8383838.38383838       7.112829100040603E-007
   1396796.24528109       -8181818.18181818       9.906780950258950E-007
   1396796.24528109       -7979797.97979798       1.350052409501953E-006
   1396796.24528109       -7777777.77777778       1.804010777448619E-006
   1396796.24528109       -7575757.57575758       2.367448662110855E-006
   1396796.24528109       -7373737.37373737       3.054848386671149E-006
   1396796.24528109       -7171717.17171717       3.879450971711680E-006
   1396796.24528109       -6969696.96969697       4.852344382406743E-006
   1396796.24528109       -6767676.76767677       5.981523734068938E-006
   1396796.24528109       -6565656.56565657       7.270991470616749E-006
   1396796.24528109       -6363636.36363636       8.719975566805101E-006
   1396796.24528109       -6161616.16161616       1.032235146220849E-005
   1396796.24528109       -5959595.95959596       1.206635818290621E-005
   1396796.24528109       -5757575.75757576       1.393469876852733E-005
   1396796.24528109       -5555555.55555556       1.590510534669704E-005
   1396796.24528109       -5353535.35353535       1.795142435691571E-005
   1396796.24528109       -5151515.15151515       2.004523339994315E-005
   1396796.24528109       -4949494.94949495       2.215793942478343E-005
   1396796.24528109       -4747474.74747475       2.426323897737404E-005
   1396796.24528109       -4545454.54545455       2.633976510477992E-005
   1396796.24528109       -4343434.34343434       2.837372781744961E-005
   1396796.24528109       -4141414.14141414       3.036139885569222E-005
   1396796.24528109       -3939393.93939394       3.231140861746403E-005
   1396796.24528109       -3737373.73737374       3.424700768900485E-005
   1396796.24528109       -3535353.53535354       3.620867165736488E-005
   1396796.24528109       -3333333.33333333       3.825764643347591E-005
   1396796.24528109       -3131313.13131313       4.048115458549137E-005
   1396796.24528109       -2929292.92929293       4.299985027466988E-005
   1396796.24528109       -2727272.72727273       4.597744227256870E-005
   1396796.24528109       -2525252.52525253       4.963081130283572E-005
   1396796.24528109       -2323232.32323232       5.423612324224067E-005
   1396796.24528109       -2121212.12121212       6.012268617912045E-005
   1396796.24528109       -1919191.91919192       6.764327704053837E-005
   1396796.24528109       -1717171.71717172       7.711063619316175E-005
   1396796.24528109       -1515151.51515152       8.869824595633423E-005
   1396796.24528109       -1313131.31313131       1.023197687292281E-004
   1396796.24528109       -1111111.11111111       1.175202565322769E-004
   1396796.24528109       -909090.909090910       1.334235388092770E-004
   1396796.24528109       -707070.707070708       1.487750725271889E-004
   1396796.24528109       -505050.505050506       1.620958388385460E-004
   1396796.24528109       -303030.303030305       1.719272930030819E-004
   1396796.24528109       -101010.101010101       1.771128617202592E-004
   1396796.24528109        101010.101010101       1.770418910429316E-004
   1396796.24528109        303030.303030303       1.717863528191153E-004
   1396796.24528109        505050.505050505       1.620892528017953E-004
   1396796.24528109        707070.707070706       1.492072445234246E-004
   1396796.24528109        909090.909090908       1.346529565117250E-004
   1396796.24528109        1111111.11111111       1.199095460760984E-004
   1396796.24528109        1313131.31313131       1.061919130324424E-004
   1396796.24528109        1515151.51515151       9.430666818986767E-005
   1396796.24528109        1717171.71717172       8.462643008267986E-005
   1396796.24528109        1919191.91919192       7.715810292594576E-005
   1396796.24528109        2121212.12121212       7.166249152176625E-005
   1396796.24528109        2323232.32323232       6.777970468475239E-005
   1396796.24528109        2525252.52525252       6.512797520396768E-005
   1396796.24528109        2727272.72727273       6.336324498496490E-005
   1396796.24528109        2929292.92929293       6.220327995056817E-005
   1396796.24528109        3131313.13131313       6.142812730224982E-005
   1396796.24528109        3333333.33333333       6.086912291466201E-005
   1396796.24528109        3535353.53535353       6.039512324553175E-005
   1396796.24528109        3737373.73737374       5.990059181335377E-005
   1396796.24528109        3939393.93939394       5.929726421952804E-005
   1396796.24528109        4141414.14141414       5.850953109929970E-005
   1396796.24528109        4343434.34343434       5.747298086265827E-005
   1396796.24528109        4545454.54545454       5.613527555097456E-005
   1396796.24528109        4747474.74747475       5.445842487726153E-005
   1396796.24528109        4949494.94949495       5.242148732264834E-005
   1396796.24528109        5151515.15151515       5.002277546492867E-005
   1396796.24528109        5353535.35353535       4.728081065555676E-005
   1396796.24528109        5555555.55555555       4.423356526829459E-005
   1396796.24528109        5757575.75757576       4.093590457815477E-005
   1396796.24528109        5959595.95959596       3.745551114062792E-005
   1396796.24528109        6161616.16161616       3.386785147873610E-005
   1396796.24528109        6363636.36363636       3.025086650350034E-005
   1396796.24528109        6565656.56565657       2.668002394905856E-005
   1396796.24528109        6767676.76767677       2.322420451219167E-005
   1396796.24528109        6969696.96969697       1.994267332703011E-005
   1396796.24528109        7171717.17171717       1.688318353592759E-005
   1396796.24528109        7373737.37373737       1.408111317253881E-005
   1396796.24528109        7575757.57575757       1.155946209226210E-005
   1396796.24528109        7777777.77777778       9.329518447014315E-006
   1396796.24528109        7979797.97979798       7.392019178448448E-006
   1396796.24528109        8181818.18181818       5.738653410382550E-006
   1396796.24528109        8383838.38383838       4.353778223730507E-006
   1396796.24528109        8585858.58585858       3.216229940402428E-006
   1396796.24528109        8787878.78787879       2.301123935436519E-006
   1396796.24528109        8989898.98989899       1.581547059594299E-006
   1396796.24528109        9191919.19191919       1.030062265337300E-006
   1396796.24528109        9393939.39393939       6.199650422307197E-007
   1396796.24528109        9595959.59595960       3.262514131810339E-007
   1396796.24528109        9797979.79797980       1.262668799854161E-007
   1396796.24528109        10000000.0000000       0.000000000000000E+000
   1551882.46097337       -10000000.0000000       0.000000000000000E+000
   1551882.46097337       -9797979.79797980       1.606947956360864E-008
   1551882.46097337       -9595959.59595960       4.219792193884439E-008
   1551882.46097337       -9393939.39393939       8.231694658757106E-008
   1551882.46097337       -9191919.19191919       1.414696060434109E-007
   1551882.46097337       -8989898.98989899       2.260029083704601E-007
   1551882.46097337       -8787878.78787879       3.437155707328981E-007
   1551882.46097337       -8585858.58585859       5.039441022763452E-007
   1551882.46097337       -8383838.38383838       7.175634643232467E-007
   1551882.46097337       -8181818.18181818       9.968770236465027E-007
   1551882.46097337       -7979797.97979798       1.355373653353261E-006
   1551882.46097337       -7777777.77777778       1.807337139079526E-006
   1551882.46097337       -7575757.57575758       2.367303954202257E-006
   1551882.46097337       -7373737.37373737       3.049379086752824E-006
   1551882.46097337       -7171717.17171717       3.866434635827018E-006
   1551882.46097337       -6969696.96969697       4.829230850741535E-006
   1551882.46097337       -6767676.76767677       5.945512836103982E-006
   1551882.46097337       -6565656.56565657       7.219147495019906E-006
   1551882.46097337       -6363636.36363636       8.649374291092369E-006
   1551882.46097337       -6161616.16161616       1.023025026174246E-005
   1551882.46097337       -5959595.95959596       1.195037407654890E-005
   1551882.46097337       -5757575.75757576       1.379297389331579E-005
   1551882.46097337       -5555555.55555556       1.573643524805386E-005
   1551882.46097337       -5353535.35353535       1.775532273492239E-005
   1551882.46097337       -5151515.15151515       1.982190844538254E-005
   1551882.46097337       -4949494.94949495       2.190816170580963E-005
   1551882.46097337       -4747474.74747475       2.398808769155468E-005
   1551882.46097337       -4545454.54545455       2.604024524430870E-005
   1551882.46097337       -4343434.34343434       2.805025034630211E-005
   1551882.46097337       -4141414.14141414       3.001310266189069E-005
   1551882.46097337       -3939393.93939394       3.193526877727379E-005
   1551882.46097337       -3737373.73737374       3.383661029025476E-005
   1551882.46097337       -3535353.53535354       3.575243099186238E-005
   1551882.46097337       -3333333.33333333       3.773608721015210E-005
   1551882.46097337       -3131313.13131313       3.986268246034844E-005
   1551882.46097337       -2929292.92929293       4.223422684974281E-005
   1551882.46097337       -2727272.72727273       4.498608621101965E-005
   1551882.46097337       -2525252.52525253       4.829332323490125E-005
   1551882.46097337       -2323232.32323232       5.237347984674612E-005
   1551882.46097337       -2121212.12121212       5.747974867969578E-005
   1551882.46097337       -1919191.91919192       6.387653456093557E-005
   1551882.46097337       -1717171.71717172       7.179035765900761E-005
   1551882.46097337       -1515151.51515152       8.133522073222142E-005
   1551882.46097337       -1313131.31313131       9.242322171439828E-005
   1551882.46097337       -1111111.11111111       1.046846989388149E-004
   1551882.46097337       -909090.909090910       1.174306123339410E-004
   1551882.46097337       -707070.707070708       1.296865163135314E-004
   1551882.46097337       -505050.505050506       1.403102298014310E-004
   1551882.46097337       -303030.303030305       1.481785981460479E-004
   1551882.46097337       -101010.101010101       1.524022253776461E-004
   1551882.46097337        101010.101010101       1.525116452610066E-004
   1551882.46097337        303030.303030303       1.485615183965000E-004
   1551882.46097337        505050.505050505       1.411214793364786E-004
   1551882.46097337        707070.707070706       1.311558886008975E-004
   1551882.46097337        909090.909090908       1.198276934447284E-004
   1551882.46097337        1111111.11111111       1.082817796965700E-004
   1551882.46097337        1313131.31313131       9.746386277038173E-005
   1551882.46097337        1515151.51515151       8.801341864382379E-005
   1551882.46097337        1717171.71717172       8.024169459855724E-005
   1551882.46097337        1919191.91919192       7.417964357315150E-005
   1551882.46097337        2121212.12121212       6.966476790125824E-005
   1551882.46097337        2323232.32323232       6.643385427631832E-005
   1551882.46097337        2525252.52525252       6.419778992558124E-005
   1551882.46097337        2727272.72727273       6.268848888864182E-005
   1551882.46097337        2929292.92929293       6.167973543512678E-005
   1551882.46097337        3131313.13131313       6.098990102591261E-005
   1551882.46097337        3333333.33333333       6.047527458463410E-005
   1551882.46097337        3535353.53535353       6.002056075528042E-005
   1551882.46097337        3737373.73737374       5.953030686920533E-005
   1551882.46097337        3939393.93939394       5.892286594013374E-005
   1551882.46097337        4141414.14141414       5.812722628781290E-005
   1551882.46097337        4343434.34343434       5.708239556535976E-005
   1551882.46097337        4545454.54545454       5.573871616758199E-005
   1551882.46097337        4747474.74747475       5.406032387493196E-005
   1551882.46097337        4949494.94949495       5.202788251044403E-005
   1551882.46097337        5151515.15151515       4.964074877893900E-005
   1551882.46097337        5353535.35353535       4.691787162339293E-005
   1551882.46097337        5555555.55555555       4.389700796663387E-005
   1551882.46097337        5757575.75757576       4.063219350444834E-005
   1551882.46097337        5959595.95959596       3.718975962210135E-005
   1551882.46097337        6161616.16161616       3.364344736479625E-005
   1551882.46097337        6363636.36363636       3.006927861047926E-005
   1551882.46097337        6565656.56565657       2.654079592760854E-005
   1551882.46097337        6767676.76767677       2.312511746703071E-005
   1551882.46097337        6969696.96969697       1.988003977734416E-005
   1551882.46097337        7171717.17171717       1.685222548190642E-005
   1551882.46097337        7373737.37373737       1.407637578290099E-005
   1551882.46097337        7575757.57575757       1.157521977811520E-005
   1551882.46097337        7777777.77777778       9.360139188392213E-006
   1551882.46097337        7979797.97979798       7.432263563298024E-006
   1551882.46097337        8181818.18181818       5.783895266038953E-006
   1551882.46097337        8383838.38383838       4.400142988510149E-006
   1551882.46097337        8585858.58585858       3.260654531227787E-006
   1551882.46097337        8787878.78787879       2.341347552915704E-006
   1551882.46097337        8989898.98989899       1.616045967212881E-006
   1551882.46097337        9191919.19191919       1.057942940736160E-006
   1551882.46097337        9393939.39393939       6.408290224217156E-007
   1551882.46097337        9595959.59595960       3.400415182183483E-007
   1551882.46097337        9797979.79797980       1.331005955050129E-007
   1551882.46097337        10000000.0000000       0.000000000000000E+000
   1715131.10907050       -10000000.0000000       0.000000000000000E+000
   1715131.10907050       -9797979.79797980       1.686401752696455E-008
   1715131.10907050       -9595959.59595960       4.384267966424237E-008
   1715131.10907050       -9393939.39393939       8.488388380407105E-008
   1715131.10907050       -9191919.19191919       1.450247337951289E-007
   1715131.10907050       -8989898.98989899       2.305749685624054E-007
   1715131.10907050       -8787878.78787879       3.492564819394279E-007
   1715131.10907050       -8585858.58585859       5.102810846865781E-007
   1715131.10907050       -8383838.38383838       7.243436884394221E-007
   1715131.10907050       -8181818.18181818       1.003507342282896E-006
   1715131.10907050       -7979797.97979798       1.360959823697951E-006
   1715131.10907050       -7777777.77777778       1.810628655574601E-006
   1715131.10907050       -7575757.57575758       2.366651949289212E-006
   1715131.10907050       -7373737.37373737       3.042715450143299E-006
   1715131.10907050       -7171717.17171717       3.851280308803147E-006
   1715131.10907050       -6969696.96969697       4.802739981041171E-006
   1715131.10907050       -6767676.76767677       5.904557019755594E-006
   1715131.10907050       -6565656.56565657       7.160440660391067E-006
   1715131.10907050       -6363636.36363636       8.569633974992589E-006
   1715131.10907050       -6161616.16161616       1.012638530465182E-005
   1715131.10907050       -5959595.95959596       1.181968255425581E-005
   1715131.10907050       -5757575.75757576       1.363332913611017E-005
   1715131.10907050       -5555555.55555556       1.554643313574391E-005
   1715131.10907050       -5353535.35353535       1.753436135053522E-005
   1715131.10907050       -5151515.15151515       1.957017269227565E-005
   1715131.10907050       -4949494.94949495       2.162649092221031E-005
   1715131.10907050       -4747474.74747475       2.367771245816305E-005
   1715131.10907050       -4545454.54545455       2.570238739136661E-005
   1715131.10907050       -4343434.34343434       2.768558263315036E-005
   1715131.10907050       -4141414.14141414       2.962105529851641E-005
   1715131.10907050       -3939393.93939394       3.151314173839783E-005
   1715131.10907050       -3737373.73737374       3.337839601177651E-005
   1715131.10907050       -3535353.53535354       3.524716496882585E-005
   1715131.10907050       -3333333.33333333       3.716542068336561E-005
   1715131.10907050       -3131313.13131313       3.919721891149107E-005
   1715131.10907050       -2929292.92929293       4.142801873821009E-005
   1715131.10907050       -2727272.72727273       4.396864849903426E-005
   1715131.10907050       -2525252.52525253       4.695878230583261E-005
   1715131.10907050       -2323232.32323232       5.056733249292924E-005
   1715131.10907050       -2121212.12121212       5.498541989603222E-005
   1715131.10907050       -1919191.91919192       6.040642126237291E-005
   1715131.10907050       -1717171.71717172       6.698852203240032E-005
   1715131.10907050       -1515151.51515152       7.479971843818019E-005
   1715131.10907050       -1313131.31313131       8.375340817849688E-005
   1715131.10907050       -1111111.11111111       9.355207540716432E-005
   1715131.10907050       -909090.909090910       1.036623714464514E-004
   1715131.10907050       -707070.707070708       1.133424560153815E-004
   1715131.10907050       -505050.505050506       1.217301451591846E-004
   1715131.10907050       -303030.303030305       1.279811819482857E-004
   1715131.10907050       -101010.101010101       1.314276657672809E-004
   1715131.10907050        101010.101010101       1.317153499558181E-004
   1715131.10907050        303030.303030303       1.288807289337196E-004
   1715131.10907050        505050.505050505       1.233449579832906E-004
   1715131.10907050        707070.707070706       1.158262535717656E-004
   1715131.10907050        909090.909090908       1.071963995668459E-004
   1715131.10907050        1111111.11111111       9.832150335984650E-005
   1715131.10907050        1313131.31313131       8.992751004827818E-005
   1715131.10907050        1515151.51515151       8.251842054271492E-005
   1715131.10907050        1717171.71717172       7.635573603073732E-005
   1715131.10907050        1919191.91919192       7.148914855906368E-005
   1715131.10907050        2121212.12121212       6.781706105557956E-005
   1715131.10907050        2323232.32323232       6.515355753804108E-005
   1715131.10907050        2525252.52525252       6.328432057429622E-005
   1715131.10907050        2727272.72727273       6.200340646076801E-005
   1715131.10907050        2929292.92929293       6.113119129825580E-005
   1715131.10907050        3131313.13131313       6.051856480350980E-005
   1715131.10907050        3333333.33333333       6.004348566512291E-005
   1715131.10907050        3535353.53535353       5.960479437767702E-005
   1715131.10907050        3737373.73737374       5.911631410066110E-005
   1715131.10907050        3939393.93939394       5.850270081838569E-005
   1715131.10907050        4141414.14141414       5.769748527815090E-005
   1715131.10907050        4343434.34343434       5.664316840337982E-005
   1715131.10907050        4545454.54545454       5.529290195347381E-005
   1715131.10907050        4747474.74747475       5.361308514128416E-005
   1715131.10907050        4949494.94949495       5.158610030861184E-005
   1715131.10907050        5151515.15151515       4.921241374759083E-005
   1715131.10907050        5353535.35353535       4.651140448204997E-005
   1715131.10907050        5555555.55555555       4.352054730608635E-005
   1715131.10907050        5757575.75757576       4.029291585369402E-005
   1715131.10907050        5959595.95959596       3.689330422503189E-005
   1715131.10907050        6161616.16161616       3.339350701712362E-005
   1715131.10907050        6363636.36363636       2.986739336628849E-005
   1715131.10907050        6565656.56565657       2.638635611433309E-005
   1715131.10907050        6767676.76767677       2.301555401806974E-005
   1715131.10907050        6969696.96969697       1.981115911155732E-005
   1715131.10907050        7171717.17171717       1.681863555454889E-005
   1715131.10907050        7373737.37373737       1.407194901598053E-005
   1715131.10907050        7575757.57575757       1.159354491695345E-005
   1715131.10907050        7777777.77777778       9.394924657130132E-006
   1715131.10907050        7979797.97979798       7.477666905259604E-006
   1715131.10907050        8181818.18181818       5.834764884390033E-006
   1715131.10907050        8383838.38383838       4.452168593446668E-006
   1715131.10907050        8585858.58585858       3.310430954923308E-006
   1715131.10907050        8787878.78787879       2.386362696402479E-006
   1715131.10907050        8989898.98989899       1.654607484875355E-006
   1715131.10907050        9191919.19191919       1.089059777657953E-006
   1715131.10907050        9393939.39393939       6.640630773525319E-007
   1715131.10907050        9595959.59595960       3.553421444935663E-007
   1715131.10907050        9797979.79797980       1.406345629806759E-007
   1715131.10907050        10000000.0000000       0.000000000000000E+000
   1886542.18957249       -10000000.0000000       0.000000000000000E+000
   1886542.18957249       -9797979.79797980       1.770844709994674E-008
   1886542.18957249       -9595959.59595960       4.560188685733882E-008
   1886542.18957249       -9393939.39393939       8.763634535598958E-008
   1886542.18957249       -9191919.19191919       1.488370743636322E-007
   1886542.18957249       -8989898.98989899       2.354698076507367E-007
   1886542.18957249       -8787878.78787879       3.551701195231010E-007
   1886542.18957249       -8585858.58585859       5.170117321825908E-007
   1886542.18957249       -8383838.38383838       7.314914928243804E-007
   1886542.18957249       -8181818.18181818       1.010409062489399E-006
   1886542.18957249       -7979797.97979798       1.366622913897514E-006
   1886542.18957249       -7777777.77777778       1.813671311881844E-006
   1886542.18957249       -7575757.57575758       2.365257098242583E-006
   1886542.18957249       -7373737.37373737       3.034607414040267E-006
   1886542.18957249       -7171717.17171717       3.833732715356569E-006
   1886542.18957249       -6969696.96969697       4.772622192184354E-006
   1886542.18957249       -6767676.76767677       5.858423813575738E-006
   1886542.18957249       -6565656.56565657       7.094666073117486E-006
   1886542.18957249       -6363636.36363636       8.480585156610031E-006
   1886542.18957249       -6161616.16161616       1.001062616202483E-005
   1886542.18957249       -5959595.95959596       1.167419027535705E-005
   1886542.18957249       -5757575.75757576       1.345570016581876E-005
   1886542.18957249       -5555555.55555556       1.533504994745841E-005
   1886542.18957249       -5353535.35353535       1.728848882789910E-005
   1886542.18957249       -5151515.15151515       1.928995437189624E-005
   1886542.18957249       -4949494.94949495       2.131282125135549E-005
   1886542.18957249       -4747474.74747475       2.333197060659863E-005
   1886542.18957249       -4545454.54545455       2.532602807626238E-005
   1886542.18957249       -4343434.34343434       2.727958500584860E-005
   1886542.18957249       -4141414.14141414       2.918522606882535E-005
   1886542.18957249       -3939393.93939394       3.104524700394448E-005
   1886542.18957249       -3737373.73737374       3.287305216609856E-005
   1886542.18957249       -3535353.53535354       3.469434894269662E-005
   1886542.18957249       -3333333.33333333       3.654836404975462E-005
   1886542.18957249       -3131313.13131313       3.848933932335423E-005
   1886542.18957249       -2929292.92929293       4.058844894351009E-005
   1886542.18957249       -2727272.72727273       4.293592564113784E-005
   1886542.18957249       -2525252.52525253       4.564250258426187E-005
   1886542.18957249       -2323232.32323232       4.883826025721192E-005
   1886542.18957249       -2121212.12121212       5.266583249995179E-005
   1886542.18957249       -1919191.91919192       5.726428950407357E-005
   1886542.18957249       -1717171.71717172       6.274087863843418E-005
   1886542.18957249       -1515151.51515152       6.913109395270304E-005
   1886542.18957249       -1313131.31313131       7.635322298458879E-005
   1886542.18957249       -1111111.11111111       8.416983371899963E-005
   1886542.18957249       -909090.909090910       9.217241588653095E-005
   1886542.18957249       -707070.707070708       9.980345702864543E-005
   1886542.18957249       -505050.505050506       1.064215255067825E-004
   1886542.18957249       -303030.303030305       1.114015037982947E-004
   1886542.18957249       -101010.101010101       1.142487008849154E-004
   1886542.18957249        101010.101010101       1.146977157016984E-004
   1886542.18957249        303030.303030303       1.127685008556720E-004
   1886542.18957249        505050.505050505       1.087633381370793E-004
   1886542.18957249        707070.707070706       1.032055985150663E-004
   1886542.18957249        909090.909090908       9.673790574179705E-005
   1886542.18957249        1111111.11111111       9.000759216407503E-005
   1886542.18957249        1313131.31313131       8.356793905820952E-005
   1886542.18957249        1515151.51515151       7.781543189827073E-005
   1886542.18957249        1717171.71717172       7.297011808775748E-005
   1886542.18957249        1919191.91919192       6.909327220824173E-005
   1886542.18957249        2121212.12121212       6.612814655372651E-005
   1886542.18957249        2323232.32323232       6.394748662746436E-005
   1886542.18957249        2525252.52525252       6.239493129486926E-005
   1886542.18957249        2727272.72727273       6.131367619622786E-005
   1886542.18957249        2929292.92929293       6.056175031125724E-005
   1886542.18957249        3131313.13131313       6.001695772266557E-005
   1886542.18957249        3333333.33333333       5.957567435583255E-005
   1886542.18957249        3535353.53535353       5.914911909628523E-005
   1886542.18957249        3737373.73737374       5.865951825321305E-005
   1886542.18957249        3939393.93939394       5.803745691493072E-005
   1886542.18957249        4141414.14141414       5.722090568269800E-005
   1886542.18957249        4343434.34343434       5.615589654872704E-005
   1886542.18957249        4545454.54545454       5.479849124579918E-005
   1886542.18957249        4747474.74747475       5.311746620016284E-005
   1886542.18957249        4949494.94949495       5.109701476321780E-005
   1886542.18957249        5151515.15151515       4.873875972740998E-005
   1886542.18957249        5353535.35353535       4.606249643600023E-005
   1886542.18957249        5555555.55555555       4.310533763278465E-005
   1886542.18957249        5757575.75757576       3.991925304876524E-005
   1886542.18957249        5959595.95959596       3.656730861576837E-005
   1886542.18957249        6161616.16161616       3.311913161697108E-005
   1886542.18957249        6363636.36363636       2.964620944763746E-005
   1886542.18957249        6565656.56565657       2.621756915539043E-005
   1886542.18957249        6767676.76767677       2.289622427696848E-005
   1886542.18957249        6969696.96969697       1.973657846217952E-005
   1886542.18957249        7171717.17171717       1.678280106926083E-005
   1886542.18957249        7373737.37373737       1.406807342063423E-005
   1886542.18957249        7575757.57575757       1.161455163395966E-005
   1886542.18957249        7777777.77777778       9.433887180833515E-006
   1886542.18957249        7979797.97979798       7.528165675419235E-006
   1886542.18957249        8181818.18181818       5.891147579830192E-006
   1886542.18957249        8383838.38383838       4.509710758262306E-006
   1886542.18957249        8585858.58585858       3.365402639481016E-006
   1886542.18957249        8787878.78787879       2.436013205529097E-006
   1886542.18957249        8989898.98989899       1.697084349566770E-006
   1886542.18957249        9191919.19191919       1.123279734638689E-006
   1886542.18957249        9393939.39393939       6.895523843600206E-007
   1886542.18957249        9595959.59595960       3.720623974251896E-007
   1886542.18957249        9797979.79797980       1.488134778328583E-007
   1886542.18957249        10000000.0000000       0.000000000000000E+000
   2066115.70247934       -10000000.0000000       0.000000000000000E+000
   2066115.70247934       -9797979.79797980       1.858814357509865E-008
   2066115.70247934       -9595959.59595960       4.744597356836238E-008
   2066115.70247934       -9393939.39393939       9.052842646232157E-008
   2066115.70247934       -9191919.19191919       1.528415669723297E-007
   2066115.70247934       -8989898.98989899       2.405994143112271E-007
   2066115.70247934       -8787878.78787879       3.613413636001792E-007
   2066115.70247934       -8585858.58585859       5.239899344034289E-007
   2066115.70247934       -8383838.38383838       7.388268802221677E-007
   2066115.70247934       -8181818.18181818       1.017367173393466E-006
   2066115.70247934       -7979797.97979798       1.372114353354297E-006
   2066115.70247934       -7777777.77777778       1.816187760103336E-006
   2066115.70247934       -7575757.57575758       2.362821951485838E-006
   2066115.70247934       -7373737.37373737       3.024750241559973E-006
   2066115.70247934       -7171717.17171717       3.813496580003622E-006
   2066115.70247934       -6969696.96969697       4.738611598438659E-006
   2066115.70247934       -6767676.76767677       5.806898483296171E-006
   2066115.70247934       -6565656.56565657       7.021681853184221E-006
   2066115.70247934       -6363636.36363636       8.382178170576654E-006
   2066115.70247934       -6161616.16161616       9.883030000803071E-006
   2066115.70247934       -5959595.95959596       1.151406898160474E-005
   2066115.70247934       -5757575.75757576       1.326037276260557E-005
   2066115.70247934       -5555555.55555556       1.510267648716489E-005
   2066115.70247934       -5353535.35353535       1.701818491755846E-005
   2066115.70247934       -5151515.15151515       1.898180233654160E-005
   2066115.70247934       -4949494.94949495       2.096775227425244E-005
   2066115.70247934       -4747474.74747475       2.295150259529844E-005
   2066115.70247934       -4545454.54545455       2.491185590168794E-005
   2066115.70247934       -4343434.34343434       2.683302845946598E-005
   2066115.70247934       -4141414.14141414       2.870654051516457E-005
   2066115.70247934       -3939393.93939394       3.053278650433061E-005
   2066115.70247934       -3737373.73737374       3.232224052679999E-005
   2066115.70247934       -3535353.53535354       3.409635920480744E-005
   2066115.70247934       -3333333.33333333       3.588833453974267E-005
   2066115.70247934       -3131313.13131313       3.774387640671044E-005
   2066115.70247934       -2929292.92929293       3.972211229818018E-005
   2066115.70247934       -2727272.72727273       4.189642123203252E-005
   2066115.70247934       -2525252.52525253       4.435452372597489E-005
   2066115.70247934       -2323232.32323232       4.719645062429442E-005
   2066115.70247934       -2121212.12121212       5.052829100360492E-005
   2066115.70247934       -1919191.91919192       5.444930821332463E-005
   2066115.70247934       -1717171.71717172       5.903076755058116E-005
   2066115.70247934       -1515151.51515152       6.428719750382282E-005
   2066115.70247934       -1313131.31313131       7.014470031281048E-005
   2066115.70247934       -1111111.11111111       7.641510935227163E-005
   2066115.70247934       -909090.909090910       8.278711894724667E-005
   2066115.70247934       -707070.707070708       8.884394545678993E-005
   2066115.70247934       -505050.505050506       9.411096414724916E-005
   2066115.70247934       -303030.303030305       9.812755790775034E-005
   2066115.70247934       -101010.101010101       1.005283266538914E-004
   2066115.70247934        101010.101010101       1.011135401198731E-004
   2066115.70247934        303030.303030303       9.988981606700268E-005
   2066115.70247934        505050.505050505       9.706960299164217E-005
   2066115.70247934        707070.707070706       9.302963193703382E-005
   2066115.70247934        909090.909090908       8.823992928630522E-005
   2066115.70247934        1111111.11111111       8.318225550654430E-005
   2066115.70247934        1313131.31313131       7.827776680243310E-005
   2066115.70247934        1515151.51515151       7.383862231063848E-005
   2066115.70247934        1717171.71717172       7.004959343668241E-005
   2066115.70247934        1919191.91919192       6.697678994686271E-005
   2066115.70247934        2121212.12121212       6.459431787650508E-005
   2066115.70247934        2323232.32323232       6.281756781532946E-005
   2066115.70247934        2525252.52525252       6.153365744354766E-005
   2066115.70247934        2727272.72727273       6.062364066239200E-005
   2066115.70247934        2929292.92929293       5.997532124675954E-005
   2066115.70247934        3131313.13131313       5.948837247054429E-005
   2066115.70247934        3333333.33333333       5.907458107234378E-005
   2066115.70247934        3535353.53535353       5.865586755098056E-005
   2066115.70247934        3737373.73737374       5.816199471740685E-005
   2066115.70247934        3939393.93939394       5.752908128022291E-005
   2066115.70247934        4141414.14141414       5.669940638908281E-005
   2066115.70247934        4343434.34343434       5.562254222941941E-005
   2066115.70247934        4545454.54545454       5.425753409972656E-005
   2066115.70247934        4747474.74747475       5.257562402608098E-005
   2066115.70247934        4949494.94949495       5.056288511497768E-005
   2066115.70247934        5151515.15151515       4.822212209545592E-005
   2066115.70247934        5353535.35353535       4.557351482132162E-005
   2066115.70247934        5555555.55555555       4.265372083160328E-005
   2066115.70247934        5757575.75757576       3.951345690779935E-005
   2066115.70247934        5959595.95959596       3.621386944000776E-005
   2066115.70247934        6161616.16161616       3.282220369184926E-005
   2066115.70247934        6363636.36363636       2.940734825103677E-005
   2066115.70247934        6565656.56565657       2.603576442966272E-005
   2066115.70247934        6767676.76767677       2.276815300093032E-005
   2066115.70247934        6969696.96969697       1.965702362819170E-005
   2066115.70247934        7171717.17171717       1.674517080537009E-005
   2066115.70247934        7373737.37373737       1.406495546296339E-005
   2066115.70247934        7575757.57575757       1.163824715803050E-005
   2066115.70247934        7777777.77777778       9.476881569320348E-006
   2066115.70247934        7979797.97979798       7.583508557599776E-006
   2066115.70247934        8181818.18181818       5.952728213010452E-006
   2066115.70247934        8383838.38383838       4.572426430087508E-006
   2066115.70247934        8585858.58585858       3.425226880402982E-006
   2066115.70247934        8787878.78787879       2.489977182423350E-006
   2066115.70247934        8989898.98989899       1.743188944245061E-006
   2066115.70247934        9191919.19191919       1.160357652388370E-006
   2066115.70247934        9393939.39393939       7.170997135273293E-007
   2066115.70247934        9595959.59595960       3.900593590785457E-007
   2066115.70247934        9797979.79797980       1.575594477001831E-007
   2066115.70247934        10000000.0000000       0.000000000000000E+000
   2253851.64779104       -10000000.0000000       0.000000000000000E+000
   2253851.64779104       -9797979.79797980       1.948562322585021E-008
   2253851.64779104       -9595959.59595960       4.933798672603981E-008
   2253851.64779104       -9393939.39393939       9.350140949586410E-008
   2253851.64779104       -9191919.19191919       1.569541848040300E-007
   2253851.64779104       -8989898.98989899       2.458499081044297E-007
   2253851.64779104       -8787878.78787879       3.676215978824660E-007
   2253851.64779104       -8585858.58585859       5.310279168285847E-007
   2253851.64779104       -8383838.38383838       7.461198683859896E-007
   2253851.64779104       -8181818.18181818       1.024108828912200E-006
   2253851.64779104       -7979797.97979798       1.377121239827990E-006
   2253851.64779104       -7777777.77777778       1.817832327785203E-006
   2253851.64779104       -7575757.57575758       2.358980645117410E-006
   2253851.64779104       -7373737.37373737       3.012776196803808E-006
   2253851.64779104       -7171717.17171717       3.790226268853729E-006
   2253851.64779104       -6969696.96969697       4.700413537191774E-006
   2253851.64779104       -6767676.76767677       5.749769591851433E-006
   2253851.64779104       -6565656.56565657       6.941393185110514E-006
   2253851.64779104       -6363636.36363636       8.274466529025775E-006
   2253851.64779104       -6161616.16161616       9.743825546392817E-006
   2253851.64779104       -5959595.95959596       1.133974168180487E-005
   2253851.64779104       -5757575.75757576       1.304797315882161E-005
   2253851.64779104       -5555555.55555556       1.485013997661292E-005
   2253851.64779104       -5353535.35353535       1.672446518208555E-005
   2253851.64779104       -5151515.15151515       1.864690035626569E-005
   2253851.64779104       -4949494.94949495       2.059261355031318E-005
   2253851.64779104       -4747474.74747475       2.253776632788058E-005
   2253851.64779104       -4545454.54545455       2.446145345081886E-005
   2253851.64779104       -4343434.34343434       2.634763998806481E-005
   2253851.64779104       -4141414.14141414       2.818692264102197E-005
   2253851.64779104       -3939393.93939394       2.997797470670003E-005
   2253851.64779104       -3737373.73737374       3.172860448501619E-005
   2253851.64779104       -3535353.53535354       3.345644704379317E-005
   2253851.64779104       -3333333.33333333       3.518938782893884E-005
   2253851.64779104       -3131313.13131313       3.696584393370566E-005
   2253851.64779104       -2929292.92929293       3.883496205976157E-005
   2253851.64779104       -2727272.72727273       4.085659196751646E-005
   2253851.64779104       -2525252.52525253       4.310053977742332E-005
   2253851.64779104       -2323232.32323232       4.564412968284568E-005
   2253851.64779104       -2121212.12121212       4.856664939401130E-005
   2253851.64779104       -1919191.91919192       5.193912791893957E-005
   2253851.64779104       -1717171.71717172       5.580851837718961E-005
   2253851.64779104       -1515151.51515152       6.017706263208334E-005
   2253851.64779104       -1313131.31313131       6.498026972068930E-005
   2253851.64779104       -1111111.11111111       7.006968963717909E-005
   2253851.64779104       -909090.909090910       7.520808059132778E-005
   2253851.64779104       -707070.707070708       8.008332857592223E-005
   2253851.64779104       -505050.505050506       8.434320846207520E-005
   2253851.64779104       -303030.303030305       8.764680333782249E-005
   2253851.64779104       -101010.101010101       8.972228946529614E-005
   2253851.64779104        101010.101010101       9.041728162467254E-005
   2253851.64779104        303030.303030303       8.972865419204515E-005
   2253851.64779104        505050.505050505       8.780377602725415E-005
   2253851.64779104        707070.707070706       8.491281548502504E-005
   2253851.64779104        909090.909090908       8.139953796451642E-005
   2253851.64779104        1111111.11111111       7.762323202495396E-005
   2253851.64779104        1313131.31313131       7.390552234071848E-005
   2253851.64779104        1515151.51515151       7.049286713902618E-005
   2253851.64779104        1717171.71717172       6.753988091967766E-005
   2253851.64779104        1919191.91919192       6.511239853030066E-005
   2253851.64779104        2121212.12121212       6.320446347471045E-005
   2253851.64779104        2323232.32323232       6.176144368024057E-005
   2253851.64779104        2525252.52525252       6.070231151724083E-005
   2253851.64779104        2727272.72727273       5.993675680602833E-005
   2253851.64779104        2929292.92929293       5.937577943076637E-005
   2253851.64779104        3131313.13131313       5.893660519438281E-005
   2253851.64779104        3333333.33333333       5.854378879524584E-005
   2253851.64779104        3535353.53535353       5.812843365658986E-005
   2253851.64779104        3737373.73737374       5.762702660529043E-005
   2253851.64779104        3939393.93939394       5.698083079792075E-005
   2253851.64779104        4141414.14141414       5.613628855485147E-005
   2253851.64779104        4343434.34343434       5.504649900371123E-005
   2253851.64779104        4545454.54545454       5.367353887305456E-005
   2253851.64779104        4747474.74747475       5.199117737655257E-005
   2253851.64779104        4949494.94949495       4.998740996246235E-005
   2253851.64779104        5151515.15151515       4.766622511255201E-005
   2253851.64779104        5353535.35353535       4.504813642548421E-005
   2253851.64779104        5555555.55555555       4.216924082040199E-005
   2253851.64779104        5757575.75757576       3.907884902804030E-005
   2253851.64779104        5959595.95959596       3.583600128792587E-005
   2253851.64779104        6161616.16161616       3.250535923689533E-005
   2253851.64779104        6363636.36363636       2.915301545745830E-005
   2253851.64779104        6565656.56565657       2.584268981779205E-005
   2253851.64779104        6767676.76767677       2.263262852394502E-005
   2253851.64779104        6969696.96969697       1.957334604556189E-005
   2253851.64779104        7171717.17171717       1.670620257483933E-005
   2253851.64779104        7373737.37373737       1.406271776790507E-005
   2253851.64779104        7575757.57575757       1.166448624658685E-005
   2253851.64779104        7777777.77777778       9.523564671288218E-006
   2253851.64779104        7979797.97979798       7.643221591741649E-006
   2253851.64779104        8181818.18181818       6.018961990399074E-006
   2253851.64779104        8383838.38383838       4.639750047001125E-006
   2253851.64779104        8585858.58585858       3.489356232949336E-006
   2253851.64779104        8787878.78787879       2.547753133506304E-006
   2253851.64779104        8989898.98989899       1.792483836002344E-006
   2253851.64779104        9191919.19191919       1.199930886957413E-006
   2253851.64779104        9393939.39393939       7.464238167365786E-007
   2253851.64779104        9595959.59595960       4.091394372236138E-007
   2253851.64779104        9797979.79797980       1.667742746978469E-007
   2253851.64779104        10000000.0000000       0.000000000000000E+000
   2449750.02550760       -10000000.0000000       0.000000000000000E+000
   2449750.02550760       -9797979.79797980       2.038111298356182E-008
   2449750.02550760       -9595959.59595960       5.123446831067335E-008
   2449750.02550760       -9393939.39393939       9.648468849845501E-008
   2449750.02550760       -9191919.19191919       1.610728098240790E-007
   2449750.02550760       -8989898.98989899       2.510823619876204E-007
   2449750.02550760       -8787878.78787879       3.738294829650567E-007
   2449750.02550760       -8585858.58585859       5.378969231611230E-007
   2449750.02550760       -8383838.38383838       7.530909615893584E-007
   2449750.02550760       -8181818.18181818       1.030303381516817E-006
   2449750.02550760       -7979797.97979798       1.381265578514844E-006
   2449750.02550760       -7777777.77777778       1.818188962800784E-006
   2449750.02550760       -7575757.57575758       2.353294914531172E-006
   2449750.02550760       -7373737.37373737       2.998247882117158E-006
   2449750.02550760       -7171717.17171717       3.763515656649802E-006
   2449750.02550760       -6969696.96969697       4.657690213671821E-006
   2449750.02550760       -6767676.76767677       5.686809828964881E-006
   2449750.02550760       -6565656.56565657       6.853728032009999E-006
   2449750.02550760       -6363636.36363636       8.157577641823536E-006
   2449750.02550760       -6161616.16161616       9.593379453483198E-006
   2449750.02550760       -5959595.95959596       1.115184588307082E-005
   2449750.02550760       -5757575.75757576       1.281942986368265E-005
   2449750.02550760       -5555555.55555556       1.457866658313271E-005
   2449750.02550760       -5353535.35353535       1.640884645734334E-005
   2449750.02550760       -5151515.15151515       1.828703751044987E-005
   2449750.02550760       -4949494.94949495       2.018944127897794E-005
   2449750.02550760       -4747474.74747475       2.209302031789803E-005
   2449750.02550760       -4545454.54545455       2.397728566428955E-005
   2449750.02550760       -4343434.34343434       2.582609305798733E-005
   2449750.02550760       -4141414.14141414       2.762928250229854E-005
   2449750.02550760       -3939393.93939394       2.938401700675270E-005
   2449750.02550760       -3737373.73737374       3.109573228426526E-005
   2449750.02550760       -3535353.53535354       3.277868532179094E-005
   2449750.02550760       -3333333.33333333       3.445615967332383E-005
   2449750.02550760       -3131313.13131313       3.616041570213208E-005
   2449750.02550760       -2929292.92929293       3.793243106476148E-005
   2449750.02550760       -2727272.72727273       3.982133383264029E-005
   2449750.02550760       -2525252.52525253       4.188318048435486E-005
   2449750.02550760       -2323232.32323232       4.417840872855056E-005
   2449750.02550760       -2121212.12121212       4.676701229635742E-005
   2449750.02550760       -1919191.91919192       4.970045292956598E-005
   2449750.02550760       -1717171.71717172       5.300981856503535E-005
   2449750.02550760       -1515151.51515152       5.669094845296345E-005
   2449750.02550760       -1313131.31313131       6.068905518992235E-005
   2449750.02550760       -1111111.11111111       6.488718650459789E-005
   2449750.02550760       -909090.909090910       6.910373472246979E-005
   2449750.02550760       -707070.707070708       7.310325760978957E-005
   2449750.02550760       -505050.505050506       7.662190192739644E-005
   2449750.02550760       -303030.303030305       7.940443472676141E-005
   2449750.02550760       -101010.101010101       8.124574341598067E-005
   2449750.02550760        101010.101010101       8.202727270989588E-005
   2449750.02550760        303030.303030303       8.173929352775779E-005
   2449750.02550760        505050.505050505       8.048319970309108E-005
   2449750.02550760        707070.707070706       7.845319128772045E-005
   2449750.02550760        909090.909090908       7.590204069009877E-005
   2449750.02550760        1111111.11111111       7.309943811623356E-005
   2449750.02550760        1313131.31313131       7.029256402416511E-005
   2449750.02550760        1515151.51515151       6.767687678227262E-005
   2449750.02550760        1717171.71717172       6.538140498953647E-005
   2449750.02550760        1919191.91919192       6.346847228127021E-005
   2449750.02550760        2121212.12121212       6.194422310660428E-005
   2449750.02550760        2323232.32323232       6.077457206188514E-005
   2449750.02550760        2525252.52525252       5.990146323851908E-005
   2449750.02550760        2727272.72727273       5.925599912138316E-005
   2449750.02550760        2929292.92929293       5.876709126322050E-005
   2449750.02550760        3131313.13131313       5.836595775142063E-005
   2449750.02550760        3333333.33333333       5.798768060966490E-005
   2449750.02550760        3535353.53535353       5.757122103897077E-005
   2449750.02550760        3737373.73737374       5.705905821649979E-005
   2449750.02550760        3939393.93939394       5.639723424589072E-005
   2449750.02550760        4141414.14141414       5.553620488967949E-005
   2449750.02550760        4343434.34343434       5.443256481870614E-005
   2449750.02550760        4545454.54545454       5.305144502344263E-005
   2449750.02550760        4747474.74747475       5.136917549266784E-005
   2449750.02550760        4949494.94949495       4.937568868943075E-005
   2449750.02550760        5151515.15151515       4.707613383222950E-005
   2449750.02550760        5353535.35353535       4.449128871734326E-005
   2449750.02550760        5555555.55555555       4.165657407955442E-005
   2449750.02550760        5757575.75757576       3.861974169138280E-005
   2449750.02550760        5959595.95959596       3.543755001306103E-005
   2449750.02550760        6161616.16161616       3.217189621720888E-005
   2449750.02550760        6363636.36363636       2.888590791978203E-005
   2449750.02550760        6565656.56565657       2.564042026651738E-005
   2449750.02550760        6767676.76767677       2.249111604348457E-005
   2449750.02550760        6969696.96969697       1.948644331235936E-005
   2449750.02550760        7171717.17171717       1.666629278228871E-005
   2449750.02550760        7373737.37373737       1.406133871467750E-005
   2449750.02550760        7575757.57575757       1.169292105615254E-005
   2449750.02550760        7777777.77777778       9.573355123345354E-006
   2449750.02550760        7979797.97979798       7.706576947437652E-006
   2449750.02550760        8181818.18181818       6.089051147856683E-006
   2449750.02550760        8383838.38383838       4.710876939350873E-006
   2449750.02550760        8585858.58585858       3.557027507433613E-006
   2449750.02550760        8787878.78787879       2.608653600225468E-006
   2449750.02550760        8989898.98989899       1.844379286885613E-006
   2449750.02550760        9191919.19191919       1.241520102665049E-006
   2449750.02550760        9393939.39393939       7.771628293352688E-007
   2449750.02550760        9595959.59595960       4.290630556583141E-007
   2449750.02550760        9797979.79797980       1.763429655108645E-007
   2449750.02550760        10000000.0000000       0.000000000000000E+000
   2653810.83562902       -10000000.0000000       0.000000000000000E+000
   2653810.83562902       -9797979.79797980       2.125325876689254E-008
   2653810.83562902       -9595959.59595960       5.308684577719045E-008
   2653810.83562902       -9393939.39393939       9.939761268754634E-008
   2653810.83562902       -9191919.19191919       1.650794188734114E-007
   2653810.83562902       -8989898.98989899       2.561353421557963E-007
   2653810.83562902       -8787878.78787879       3.797538910492553E-007
   2653810.83562902       -8585858.58585859       5.443305395672966E-007
   2653810.83562902       -8383838.38383838       7.594147551273671E-007
   2653810.83562902       -8181818.18181818       1.035566002626223E-006
   2653810.83562902       -7979797.97979798       1.384107452228190E-006
   2653810.83562902       -7777777.77777778       1.816773249230127E-006
   2653810.83562902       -7575757.57575758       2.345253997020609E-006
   2653810.83562902       -7373737.37373737       2.980654826150733E-006
   2653810.83562902       -7171717.17171717       3.732890008037351E-006
   2653810.83562902       -6969696.96969697       4.610046387978329E-006
   2653810.83562902       -6767676.76767677       5.617754061130476E-006
   2653810.83562902       -6565656.56565657       6.758606325113878E-006
   2653810.83562902       -6363636.36363636       8.031672331911356E-006
   2653810.83562902       -6161616.16161616       9.432145919384825E-006
   2653810.83562902       -5959595.95959596       1.095117378531665E-005
   2653810.83562902       -5757575.75757576       1.257590566822285E-005
   2653810.83562902       -5555555.55555556       1.428980712351720E-005
   2653810.83562902       -5353535.35353535       1.607326857740276E-005
   2653810.83562902       -5151515.15151515       1.790452833284909E-005
   2653810.83562902       -4949494.94949495       1.976089888897989E-005
   2653810.83562902       -4747474.74747475       2.162024588926501E-005
   2653810.83562902       -4545454.54545455       2.346262354465805E-005
   2653810.83562902       -4343434.34343434       2.527193121728870E-005
   2653810.83562902       -4141414.14141414       2.703743681188458E-005
   2653810.83562902       -3939393.93939394       2.875502401671336E-005
   2653810.83562902       -3737373.73737374       3.042806348324344E-005
   2653810.83562902       -3535353.53535354       3.206787188458655E-005
   2653810.83562902       -3333333.33333333       3.369378566431395E-005
   2653810.83562902       -3131313.13131313       3.533291026833021E-005
   2653810.83562902       -2929292.92929293       3.701958344004843E-005
   2653810.83562902       -2727272.72727273       3.879449365694610E-005
   2653810.83562902       -2525252.52525253       4.070322096398698E-005
   2653810.83562902       -2323232.32323232       4.279374949532039E-005
   2653810.83562902       -2121212.12121212       4.511232371343039E-005
   2653810.83562902       -1919191.91919192       4.769703103969665E-005
   2653810.83562902       -1717171.71717172       5.056887127309310E-005
   2653810.83562902       -1515151.51515152       5.372093094898048E-005
   2653810.83562902       -1313131.31313131       5.710751877288508E-005
   2653810.83562902       -1111111.11111111       6.063632693137137E-005
   2653810.83562902       -909090.909090910       6.416722495954020E-005
   2653810.83562902       -707070.707070708       6.752059760075155E-005
   2653810.83562902       -505050.505050506       7.049606718964116E-005
   2653810.83562902       -303030.303030305       7.289948072186224E-005
   2653810.83562902       -101010.101010101       7.457317450002308E-005
   2653810.83562902        101010.101010101       7.542283872562047E-005
   2653810.83562902        303030.303030303       7.543451698032461E-005
   2653810.83562902        505050.505050505       7.467745340991105E-005
   2653810.83562902        707070.707070706       7.329200862356232E-005
   2653810.83562902        909090.909090908       7.146560877815792E-005
   2653810.83562902        1111111.11111111       6.940251331350352E-005
   2653810.83562902        1313131.31313131       6.729426342848333E-005
   2653810.83562902        1515151.51515151       6.529678028732011E-005
   2653810.83562902        1717171.71717172       6.351764090419791E-005
   2653810.83562902        1919191.91919192       6.201397423674301E-005
   2653810.83562902        2121212.12121212       6.079873990882999E-005
   2653810.83562902        2323232.32323232       5.985167139400257E-005
   2653810.83562902        2525252.52525252       5.913112415183300E-005
   2653810.83562902        2727272.72727273       5.858412022613878E-005
   2653810.83562902        2929292.92929293       5.815335058051213E-005
   2653810.83562902        3131313.13131313       5.778116359001482E-005
   2653810.83562902        3333333.33333333       5.741131683124364E-005
   2653810.83562902        3535353.53535353       5.698950289344719E-005
   2653810.83562902        3737373.73737374       5.646355213810606E-005
   2653810.83562902        3939393.93939394       5.578395192294344E-005
   2653810.83562902        4141414.14141414       5.490502229246107E-005
   2653810.83562902        4343434.34343434       5.378680585607199E-005
   2653810.83562902        4545454.54545454       5.239748554834898E-005
   2653810.83562902        4747474.74747475       5.071595661001275E-005
   2653810.83562902        4949494.94949495       4.873407419026514E-005
   2653810.83562902        5151515.15151515       4.645810020767778E-005
   2653810.83562902        5353535.35353535       4.390898970722704E-005
   2653810.83562902        5555555.55555555       4.112136486262299E-005
   2653810.83562902        5757575.75757576       3.814127111935179E-005
   2653810.83562902        5959595.95959596       3.502302755646080E-005
   2653810.83562902        6161616.16161616       3.182561494515078E-005
   2653810.83562902        6363636.36363636       2.860906360274391E-005
   2653810.83562902        6565656.56565657       2.543122089052475E-005
   2653810.83562902        6767676.76767677       2.234513669982195E-005
   2653810.83562902        6969696.96969697       1.939715602203668E-005
   2653810.83562902        7171717.17171717       1.662569164586908E-005
   2653810.83562902        7373737.37373737       1.406058558738178E-005
   2653810.83562902        7575757.57575757       1.172295085454314E-005
   2653810.83562902        7777777.77777778       9.625397611060965E-006
   2653810.83562902        7979797.97979798       7.772569374110974E-006
   2653810.83562902        8181818.18181818       6.161931164745904E-006
   2653810.83562902        8383838.38383838       4.784757047085546E-006
   2653810.83562902        8585858.58585858       3.627261050580021E-006
   2653810.83562902        8787878.78787879       2.671808460519196E-006
   2653810.83562902        8989898.98989899       1.898139408198088E-006
   2653810.83562902        9191919.19191919       1.284537338071608E-006
   2653810.83562902        9393939.39393939       8.088831461942520E-007
   2653810.83562902        9595959.59595960       4.495524949919257E-007
   2653810.83562902        9797979.79797980       1.861380214498043E-007
   2653810.83562902        10000000.0000000       0.000000000000000E+000
   2866034.07815529       -10000000.0000000       0.000000000000000E+000
   2866034.07815529       -9797979.79797980       2.207989812612340E-008
   2866034.07815529       -9595959.59595960       5.484324230500196E-008
   2866034.07815529       -9393939.39393939       1.021522186311130E-007
   2866034.07815529       -9191919.19191919       1.688436373152610E-007
   2866034.07815529       -8989898.98989899       2.608293031880219E-007
   2866034.07815529       -8787878.78787879       3.851592205931527E-007
   2866034.07815529       -8585858.58585859       5.500309722188351E-007
   2866034.07815529       -8383838.38383838       7.647271034619674E-007
   2866034.07815529       -8181818.18181818       1.039465479086217E-006
   2866034.07815529       -7979797.97979798       1.385152923031475E-006
   2866034.07815529       -7777777.77777778       1.813039567624184E-006
   2866034.07815529       -7575757.57575758       2.334279836976642E-006
   2866034.07815529       -7373737.37373737       2.959415140506058E-006
   2866034.07815529       -7171717.17171717       3.697802143957425E-006
   2866034.07815529       -6969696.96969697       4.557017847629505E-006
   2866034.07815529       -6767676.76767677       5.542277790769516E-006
   2866034.07815529       -6565656.56565657       6.655906175334173E-006
   2866034.07815529       -6363636.36363636       7.896896890689880E-006
   2866034.07815529       -6161616.16161616       9.260603249630226E-006
   2866034.07815529       -5959595.95959596       1.073859281492585E-005
   2866034.07815529       -5757575.75757576       1.231870253123313E-005
   2866034.07815529       -5555555.55555556       1.398532762024001E-005
   2866034.07815529       -5353535.35353535       1.571997270235761E-005
   2866034.07815529       -5151515.15151515       1.750208148466924E-005
   2866034.07815529       -4949494.94949495       1.931013866641898E-005
   2866034.07815529       -4747474.74747475       2.112300392071494E-005
   2866034.07815529       -4545454.54545455       2.292139731718975E-005
   2866034.07815529       -4343434.34343434       2.468941793236785E-005
   2866034.07815529       -4141414.14141414       2.641595494272362E-005
   2866034.07815529       -3939393.93939394       2.809585347554868E-005
   2866034.07815529       -3737373.73737374       2.973072895488562E-005
   2866034.07815529       -3535353.53535354       3.132937623832038E-005
   2866034.07815529       -3333333.33333333       3.290777612289159E-005
   2866034.07815529       -3131313.13131313       3.448873858778459E-005
   2866034.07815529       -2929292.92929293       3.610121679450514E-005
   2866034.07815529       -2727272.72727273       3.777926355398494E-005
   2866034.07815529       -2525252.52525253       3.956048374192812E-005
   2866034.07815529       -2323232.32323232       4.148368895622180E-005
   2866034.07815529       -2121212.12121212       4.358534828334061E-005
   2866034.07815529       -1919191.91919192       4.589445450890523E-005
   2866034.07815529       -1717171.71717172       4.842570709478448E-005
   2866034.07815529       -1515151.51515152       5.117151973472983E-005
   2866034.07815529       -1313131.31313131       5.409421438174933E-005
   2866034.07815529       -1111111.11111111       5.712058333823399E-005
   2866034.07815529       -909090.909090910       6.014135472601850E-005
   2866034.07815529       -707070.707070708       6.301759767174559E-005
   2866034.07815529       -505050.505050506       6.559465355876429E-005
   2866034.07815529       -303030.303030305       6.772210349929518E-005
   2866034.07815529       -101010.101010101       6.927624825314357E-005
   2866034.07815529        101010.101010101       7.018033391281352E-005
   2866034.07815529        303030.303030303       7.041782269156239E-005
   2866034.07815529        505050.505050505       7.003545819558845E-005
   2866034.07815529        707070.707070706       6.913530905786084E-005
   2866034.07815529        909090.909090908       6.785766326446121E-005
   2866034.07815529        1111111.11111111       6.635877860017059E-005
   2866034.07815529        1313131.31313131       6.478845196518757E-005
   2866034.07815529        1515151.51515151       6.327191922936838E-005
   2866034.07815529        1717171.71717172       6.189896492228287E-005
   2866034.07815529        1919191.91919192       6.072091237996742E-005
   2866034.07815529        2121212.12121212       5.975413883419624E-005
   2866034.07815529        2323232.32323232       5.898753318213453E-005
   2866034.07815529        2525252.52525252       5.839112355040586E-005
   2866034.07815529        2727272.72727273       5.792375326863408E-005
   2866034.07815529        2929292.92929293       5.753871803025592E-005
   2866034.07815529        3131313.13131313       5.718723505452539E-005
   2866034.07815529        3333333.33333333       5.682023332871070E-005
   2866034.07815529        3535353.53535353       5.638919594233626E-005
   2866034.07815529        3737373.73737374       5.584675185409976E-005
   2866034.07815529        3939393.93939394       5.514753297372022E-005
   2866034.07815529        4141414.14141414       5.424957600465785E-005
   2866034.07815529        4343434.34343434       5.311630760046929E-005
   2866034.07815529        4545454.54545454       5.171893429250067E-005
   2866034.07815529        4747474.74747475       5.003889092784041E-005
   2866034.07815529        4949494.94949495       4.806991161274157E-005
   2866034.07815529        5151515.15151515       4.581929878091796E-005
   2866034.07815529        5353535.35353535       4.330808298123899E-005
   2866034.07815529        5555555.55555555       4.056996316024055E-005
   2866034.07815529        5757575.75757576       3.764914290098108E-005
   2866034.07815529        5959595.95959596       3.459736992081394E-005
   2866034.07815529        6161616.16161616       3.147059371593555E-005
   2866034.07815529        6363636.36363636       2.832565947620688E-005
   2866034.07815529        6565656.56565657       2.521737069903968E-005
   2866034.07815529        6767676.76767677       2.219611932169647E-005
   2866034.07815529        6969696.96969697       1.930614814444071E-005
   2866034.07815529        7171717.17171717       1.658441128989228E-005
   2866034.07815529        7373737.37373737       1.405994813240237E-005
   2866034.07815529        7575757.57575757       1.175367782338084E-005
   2866034.07815529        7777777.77777778       9.678537137851483E-006
   2866034.07815529        7979797.97979798       7.839905006769531E-006
   2866034.07815529        8181818.18181818       6.236270374547565E-006
   2866034.07815529        8383838.38383838       4.860102053982197E-006
   2866034.07815529        8585858.58585858       3.698872714498813E-006
   2866034.07815529        8787878.78787879       2.736179660768065E-006
   2866034.07815529        8989898.98989899       1.952898097785188E-006
   2866034.07815529        9191919.19191919       1.328301828349335E-006
   2866034.07815529        9393939.39393939       8.410935621774128E-007
   2866034.07815529        9595959.59595960       4.703021800188321E-007
   2866034.07815529        9797979.79797980       1.960239364519276E-007
   2866034.07815529        10000000.0000000       0.000000000000000E+000
   3086419.75308642       -10000000.0000000       0.000000000000000E+000
   3086419.75308642       -9797979.79797980       2.283882502903066E-008
   3086419.75308642       -9595959.59595960       5.645054898178758E-008
   3086419.75308642       -9393939.39393939       1.046566965539177E-007
   3086419.75308642       -9191919.19191919       1.722275625495288E-007
   3086419.75308642       -8989898.98989899       2.649728036960326E-007
   3086419.75308642       -8787878.78787879       3.897931136606433E-007
   3086419.75308642       -8585858.58585859       5.546783649931828E-007
   3086419.75308642       -8383838.38383838       7.686360284238898E-007
   3086419.75308642       -8181818.18181818       1.041536498971099E-006
   3086419.75308642       -7979797.97979798       1.383867186653359E-006
   3086419.75308642       -7777777.77777778       1.806394225059205E-006
   3086419.75308642       -7575757.57575758       2.319738841658844E-006
   3086419.75308642       -7373737.37373737       2.933884050115570E-006
   3086419.75308642       -7171717.17171717       3.657635394565716E-006
   3086419.75308642       -6969696.96969697       4.498065989799394E-006
   3086419.75308642       -6767676.76767677       5.459980263904015E-006
   3086419.75308642       -6565656.56565657       6.545432295950680E-006
   3086419.75308642       -6363636.36363636       7.753333767063026E-006
   3086419.75308642       -6161616.16161616       9.079184233832977E-006
   3086419.75308642       -5959595.95959596       1.051495388181850E-005
   3086419.75308642       -5757575.75757576       1.204914693385663E-005
   3086419.75308642       -5555555.55555556       1.366707212524656E-005
   3086419.75308642       -5353535.35353535       1.535134311040655E-005
   3086419.75308642       -5151515.15151515       1.708262293329369E-005
   3086419.75308642       -4949494.94949495       1.884060929316010E-005
   3086419.75308642       -4747474.74747475       2.060522982563470E-005
   3086419.75308642       -4545454.54545455       2.235798164061972E-005
   3086419.75308642       -4343434.34343434       2.408331434154820E-005
   3086419.75308642       -4141414.14141414       2.576993129548075E-005
   3086419.75308642       -3939393.93939394       2.741187995682480E-005
   3086419.75308642       -3737373.73737374       2.900932312782280E-005
   3086419.75308642       -3535353.53535354       3.056892496941773E-005
   3086419.75308642       -3333333.33333333       3.210383511581200E-005
   3086419.75308642       -3131313.13131313       3.363329235280503E-005
   3086419.75308642       -2929292.92929293       3.518187688535818E-005
   3086419.75308642       -2727272.72727273       3.677840473893902E-005
   3086419.75308642       -2525252.52525253       3.845438018387283E-005
   3086419.75308642       -2323232.32323232       4.024182340863603E-005
   3086419.75308642       -2121212.12121212       4.217021841873737E-005
   3086419.75308642       -1919191.91919192       4.426235332999070E-005
   3086419.75308642       -1717171.71717172       4.652903218301794E-005
   3086419.75308642       -1515151.51515152       4.896306689537928E-005
   3086419.75308642       -1313131.31313131       5.153355352498328E-005
   3086419.75308642       -1111111.11111111       5.418200409477465E-005
   3086419.75308642       -909090.909090910       5.682214748477571E-005
   3086419.75308642       -707070.707070708       5.934486077448035E-005
   3086419.75308642       -505050.505050506       6.162866866988148E-005
   3086419.75308642       -303030.303030305       6.355476681930606E-005
   3086419.75308642       -101010.101010101       6.502404483167805E-005
   3086419.75308642        101010.101010101       6.597263786607268E-005
   3086419.75308642        303030.303030303       6.638250751311056E-005
   3086419.75308642        505050.505050505       6.628452783731688E-005
   3086419.75308642        707070.707070706       6.575327904417240E-005
   3086419.75308642        909090.909090908       6.489472768348543E-005
   3086419.75308642        1111111.11111111       6.382961436466499E-005
   3086419.75308642        1313131.31313131       6.267620014185525E-005
   3086419.75308642        1515151.51515151       6.153582506834921E-005
   3086419.75308642        1717171.71717172       6.048362564580243E-005
   3086419.75308642        1919191.91919192       5.956515574517394E-005
   3086419.75308642        2121212.12121212       5.879811322891199E-005
   3086419.75308642        2323232.32323232       5.817736978046824E-005
   3086419.75308642        2525252.52525252       5.768124871305351E-005
   3086419.75308642        2727272.72727273       5.727739185975635E-005
   3086419.75308642        2929292.92929293       5.692728706278844E-005
   3086419.75308642        3131313.13131313       5.658925289419427E-005
   3086419.75308642        3333333.33333333       5.622018136214001E-005
   3086419.75308642        3535353.53535353       5.577656821086973E-005
   3086419.75308642        3737373.73737374       5.521536827038212E-005
   3086419.75308642        3939393.93939394       5.449508694474619E-005
   3086419.75308642        4141414.14141414       5.357732973388439E-005
   3086419.75308642        4343434.34343434       5.242882563812895E-005
   3086419.75308642        4545454.54545454       5.102374906591818E-005
   3086419.75308642        4747474.74747475       4.934601794141567E-005
   3086419.75308642        4949494.94949495       4.739117255727948E-005
   3086419.75308642        5151515.15151515       4.516746146404765E-005
   3086419.75308642        5353535.35353535       4.269587792795783E-005
   3086419.75308642        5555555.55555555       4.000907623819436E-005
   3086419.75308642        5757575.75757576       3.714930134269032E-005
   3086419.75308642        5959595.95959596       3.416563092070040E-005
   3086419.75308642        6161616.16161616       3.111091299012998E-005
   3086419.75308642        6363636.36363636       2.803877096789616E-005
   3086419.75308642        6565656.56565657       2.500096044573797E-005
   3086419.75308642        6767676.76767677       2.204523778428158E-005
   3086419.75308642        6969696.96969697       1.921378294257596E-005
   3086419.75308642        7171717.17171717       1.654213742219050E-005
   3086419.75308642        7373737.37373737       1.405858176089471E-005
   3086419.75308642        7575757.57575757       1.178387663955130E-005
   3086419.75308642        7777777.77777778       9.731309477458795E-006
   3086419.75308642        7979797.97979798       7.907007311696440E-006
   3086419.75308642        8181818.18181818       6.310486536505430E-006
   3086419.75308642        8383838.38383838       4.935408469306576E-006
   3086419.75308642        8585858.58585858       3.770500177327693E-006
   3086419.75308642        8787878.78787879       2.800588296918739E-006
   3086419.75308642        8989898.98989899       2.007684987336519E-006
   3086419.75308642        9191919.19191919       1.372063124864606E-006
   3086419.75308642        9393939.39393939       8.732636389235773E-007
   3086419.75308642        9595959.59595960       4.909902630706685E-007
   3086419.75308642        9797979.79797980       2.058613645224053E-007
   3086419.75308642        10000000.0000000       0.000000000000000E+000
   3314967.86042241       -10000000.0000000       0.000000000000000E+000
   3314967.86042241       -9797979.79797980       2.350849829934643E-008
   3314967.86042241       -9595959.59595960       5.785656546322025E-008
   3314967.86042241       -9393939.39393939       1.068193155554806E-007
   3314967.86042241       -9191919.19191919       1.750915779612029E-007
   3314967.86042241       -8989898.98989899       2.683702874623581E-007
   3314967.86042241       -8787878.78787879       3.933963428027961E-007
   3314967.86042241       -8585858.58585859       5.579429449118561E-007
   3314967.86042241       -8383838.38383838       7.707361939619312E-007
   3314967.86042241       -8181818.18181818       1.041296337946779E-006
   3314967.86042241       -7979797.97979798       1.379693055372351E-006
   3314967.86042241       -7777777.77777778       1.796214913604727E-006
   3314967.86042241       -7575757.57575758       2.300960988610791E-006
   3314967.86042241       -7373737.37373737       2.903370739159569E-006
   3314967.86042241       -7171717.17171717       3.611715649776685E-006
   3314967.86042241       -6969696.96969697       4.432581936491891E-006
   3314967.86042241       -6767676.76767677       5.370376995199411E-006
   3314967.86042241       -6565656.56565657       6.426892945050682E-006
   3314967.86042241       -6363636.36363636       7.600958860859683E-006
   3314967.86042241       -6161616.16161616       8.888209985408976E-006
   3314967.86042241       -5959595.95959596       1.028099859595116E-005
   3314967.86042241       -5757575.75757576       1.176846829674879E-005
   3314967.86042241       -5555555.55555556       1.333681143333413E-005
   3314967.86042241       -5353535.35353535       1.496972671055227E-005
   3314967.86042241       -5151515.15151515       1.664908812772948E-005
   3314967.86042241       -4949494.94949495       1.835582367948838E-005
   3314967.86042241       -4747474.74747475       2.007098081235009E-005
   3314967.86042241       -4545454.54545455       2.177692647423661E-005
   3314967.86042241       -4343434.34343434       2.345859809702142E-005
   3314967.86042241       -4141414.14141414       2.510469678229089E-005
   3314967.86042241       -3939393.93939394       2.670870457436542E-005
   3314967.86042241       -3737373.73737374       2.826961965117861E-005
   3314967.86042241       -3535353.53535354       2.979233514842632E-005
   3314967.86042241       -3333333.33333333       3.128762973045559E-005
   3314967.86042241       -3131313.13131313       3.277177570636674E-005
   3314967.86042241       -2929292.92929293       3.426578726037908E-005
   3314967.86042241       -2727272.72727273       3.579431601683830E-005
   3314967.86042241       -2525252.52525253       3.738415334232255E-005
   3314967.86042241       -2323232.32323232       3.906223412185323E-005
   3314967.86042241       -2121212.12121212       4.085299017390653E-005
   3314967.86042241       -1919191.91919192       4.277492531119833E-005
   3314967.86042241       -1717171.71717172       4.483643418723441E-005
   3314967.86042241       -1515151.51515152       4.703119210124052E-005
   3314967.86042241       -1313131.31313131       4.933386292521953E-005
   3314967.86042241       -1111111.11111111       5.169727246050188E-005
   3314967.86042241       -909090.909090910       5.405236811811426E-005
   3314967.86042241       -707070.707070708       5.631203977237472E-005
   3314967.86042241       -505050.505050506       5.837914617088360E-005
   3314967.86042241       -303030.303030305       6.015801468173810E-005
   3314967.86042241       -101010.101010101       6.156757968698208E-005
   3314967.86042241        101010.101010101       6.255358260388259E-005
   3314967.86042241        303030.303030303       6.309717157489029E-005
   3314967.86042241        505050.505050505       6.321789991427987E-005
   3314967.86042241        707070.707070706       6.297037162100331E-005
   3314967.86042241        909090.909090908       6.243526643294958E-005
   3314967.86042241        1111111.11111111       6.170676238908738E-005
   3314967.86042241        1313131.31313131       6.087908652016876E-005
   3314967.86042241        1515151.51515151       6.003487221928768E-005
   3314967.86042241        1717171.71717172       5.923724244020459E-005
   3314967.86042241        1919191.91919192       5.852635984796379E-005
   3314967.86042241        2121212.12121212       5.792000025156847E-005
   3314967.86042241        2323232.32323232       5.741688567999926E-005
   3314967.86042241        2525252.52525252       5.700124482333462E-005
   3314967.86042241        2727272.72727273       5.664730215960797E-005
   3314967.86042241        2929292.92929293       5.632291545428483E-005
   3314967.86042241        3131313.13131313       5.599213197622029E-005
   3314967.86042241        3333333.33333333       5.561684193430037E-005
   3314967.86042241        3535353.53535353       5.515791351021185E-005
   3314967.86042241        3737373.73737374       5.457622271145117E-005
   3314967.86042241        3939393.93939394       5.383390132033126E-005
   3314967.86042241        4141414.14141414       5.289597231927228E-005
   3314967.86042241        4343434.34343434       5.173236542848163E-005
   3314967.86042241        4545454.54545454       5.032013855054504E-005
   3314967.86042241        4747474.74747475       4.864560507287933E-005
   3314967.86042241        4949494.94949495       4.670601092667681E-005
   3314967.86042241        5151515.15151515       4.451043716328017E-005
   3314967.86042241        5353535.35353535       4.207972068622333E-005
   3314967.86042241        5555555.55555555       3.944535914506710E-005
   3314967.86042241        5757575.75757576       3.664754792680691E-005
   3314967.86042241        5959595.95959596       3.373263644440570E-005
   3314967.86042241        6161616.16161616       3.075035202443822E-005
   3314967.86042241        6363636.36363636       2.775111557276382E-005
   3314967.86042241        6565656.56565657       2.478368540784279E-005
   3314967.86042241        6767676.76767677       2.189325256390058E-005
   3314967.86042241        6969696.96969697       1.912001047736871E-005
   3314967.86042241        7171717.17171717       1.649815796371210E-005
   3314967.86042241        7373737.37373737       1.405527109449873E-005
   3314967.86042241        7575757.57575757       1.181198602977831E-005
   3314967.86042241        7777777.77777778       9.781953777495459E-006
   3314967.86042241        7979797.97979798       7.972044253335784E-006
   3314967.86042241        8181818.18181818       6.382782917332576E-006
   3314967.86042241        8383838.38383838       5.008997997518968E-006
   3314967.86042241        8585858.58585858       3.840644007807317E-006
   3314967.86042241        8787878.78787879       2.863753663952693E-006
   3314967.86042241        8989898.98989899       2.061460342841149E-006
   3314967.86042241        9191919.19191919       1.415029890128367E-006
   3314967.86042241        9393939.39393939       9.048444554909224E-007
   3314967.86042241        9595959.59595960       5.112901350580693E-007
   3314967.86042241        9797979.79797980       2.155106180749066E-007
   3314967.86042241        10000000.0000000       0.000000000000000E+000
   3551678.40016325       -10000000.0000000       0.000000000000000E+000
   3551678.40016325       -9797979.79797980       2.406868028587833E-008
   3551678.40016325       -9595959.59595960       5.901202618252434E-008
   3551678.40016325       -9393939.39393939       1.085524512701381E-007
   3551678.40016325       -9191919.19191919       1.773007027909779E-007
   3551678.40016325       -8989898.98989899       2.708309328947275E-007
   3551678.40016325       -8787878.78787879       3.957143393056797E-007
   3551678.40016325       -8585858.58585859       5.594994309876658E-007
   3551678.40016325       -8383838.38383838       7.706263527349768E-007
   3551678.40016325       -8181818.18181818       1.038265354447543E-006
   3551678.40016325       -7979797.97979798       1.372074252777061E-006
   3551678.40016325       -7777777.77777778       1.781876176591448E-006
   3551678.40016325       -7575757.57575758       2.277266337365417E-006
   3551678.40016325       -7373737.37373737       2.867164176153894E-006
   3551678.40016325       -7171717.17171717       3.559334078070340E-006
   3551678.40016325       -6969696.96969697       4.359903003961371E-006
   3551678.40016325       -6767676.76767677       5.272906152915891E-006
   3551678.40016325       -6565656.56565657       6.299891817848545E-006
   3551678.40016325       -6363636.36363636       7.439614161155247E-006
   3551678.40016325       -6161616.16161616       8.687838532564943E-006
   3551678.40016325       -5959595.95959596       1.003727938903188E-005
   3551678.40016325       -5757575.75757576       1.147768702492624E-005
   3551678.40016325       -5555555.55555556       1.299609667596604E-005
   3551678.40016325       -5353535.35353535       1.457725136637988E-005
   3551678.40016325       -5151515.15151515       1.620420594878190E-005
   3551678.40016325       -4949494.94949495       1.785911111990911E-005
   3551678.40016325       -4747474.74747475       1.952416030309920E-005
   3551678.40016325       -4545454.54545455       2.118265900064608E-005
   3551678.40016325       -4343434.34343434       2.282014895968547E-005
   3551678.40016325       -4141414.14141414       2.442549512521110E-005
   3551678.40016325       -3939393.93939394       2.599183013301920E-005
   3551678.40016325       -3737373.73737374       2.751725528212167E-005
   3551678.40016325       -3535353.53535354       2.900521944879868E-005
   3551678.40016325       -3333333.33333333       3.046453228854662E-005
   3551678.40016325       -3131313.13131313       3.190900364460518E-005
   3551678.40016325       -2929292.92929293       3.335672375728208E-005
   3551678.40016325       -2727272.72727273       3.482899832497072E-005
   3551678.40016325       -2525252.52525253       3.634892680878401E-005
   3551678.40016325       -2323232.32323232       3.793957225874095E-005
   3551678.40016325       -2121212.12121212       3.962164168765713E-005
   3551678.40016325       -1919191.91919192       4.141061544284304E-005
   3551678.40016325       -1717171.71717172       4.331337207234016E-005
   3551678.40016325       -1515151.51515152       4.532457239528035E-005
   3551678.40016325       -1313131.31313131       4.742336561348839E-005
   3551678.40016325       -1111111.11111111       4.957126754661501E-005
   3551678.40016325       -909090.909090910       5.171219001723359E-005
   3551678.40016325       -707070.707070708       5.377542933489466E-005
   3551678.40016325       -505050.505050506       5.568189462620584E-005
   3551678.40016325       -303030.303030305       5.735306130298829E-005
   3551678.40016325       -101010.101010101       5.872129676631581E-005
   3551678.40016325        101010.101010101       5.973961071329700E-005
   3551678.40016325        303030.303030303       6.038876585251565E-005
   3551678.40016325        505050.505050505       6.068013469845716E-005
   3551678.40016325        707070.707070706       6.065360752076964E-005
   3551678.40016325        909090.909090908       6.037099178587097E-005
   3551678.40016325        1111111.11111111       5.990636541089180E-005
   3551678.40016325        1313131.31313131       5.933545688083390E-005
   3551678.40016325        1515151.51515151       5.872615710238122E-005
   3551678.40016325        1717171.71717172       5.813174260839405E-005
   3551678.40016325        1919191.91919192       5.758751232371764E-005
   3551678.40016325        2121212.12121212       5.711062055175489E-005
   3551678.40016325        2323232.32323232       5.670221851767879E-005
   3551678.40016325        2525252.52525252       5.635075517982730E-005
   3551678.40016325        2727272.72727273       5.603541767115627E-005
   3551678.40016325        2929292.92929293       5.572906132255558E-005
   3551678.40016325        3131313.13131313       5.540039934736559E-005
   3551678.40016325        3333333.33333333       5.501555161037911E-005
   3551678.40016325        3535353.53535353       5.453923147079497E-005
   3551678.40016325        3737373.73737374       5.393588704390902E-005
   3551678.40016325        3939393.93939394       5.317104699569004E-005
   3551678.40016325        4141414.14141414       5.221299361057956E-005
   3551678.40016325        4343434.34343434       5.103473393225028E-005
   3551678.40016325        4545454.54545454       4.961609572706049E-005
   3551678.40016325        4747474.74747475       4.794566994877970E-005
   3551678.40016325        4949494.94949495       4.602228224497108E-005
   3551678.40016325        5151515.15151515       4.385571740943767E-005
   3551678.40016325        5353535.35353535       4.146653615127550E-005
   3551678.40016325        5555555.55555555       3.888498343036383E-005
   3551678.40016325        5757575.75757576       3.614914662897362E-005
   3551678.40016325        5959595.95959596       3.330263497700154E-005
   3551678.40016325        6161616.16161616       3.039209111899771E-005
   3551678.40016325        6363636.36363636       2.746481062566161E-005
   3551678.40016325        6565656.56565657       2.456665944402833E-005
   3551678.40016325        6767676.76767677       2.174037884680280E-005
   3551678.40016325        6969696.96969697       1.902428494049537E-005
   3551678.40016325        7171717.17171717       1.645132285260392E-005
   3551678.40016325        7373737.37373737       1.404842436019592E-005
   3551678.40016325        7575757.57575757       1.183612954091031E-005
   3551678.40016325        7777777.77777778       9.828451832165420E-006
   3551678.40016325        7979797.97979798       8.032979033137835E-006
   3551678.40016325        8181818.18181818       6.451204583092711E-006
   3551678.40016325        8383838.38383838       5.079074678480381E-006
   3551678.40016325        8585858.58585858       3.907722063632115E-006
   3551678.40016325        8787878.78787879       2.924342190720270E-006
   3551678.40016325        8989898.98989899       2.113156339480108E-006
   3551678.40016325        9191919.19191919       1.456401595666496E-006
   3551678.40016325        9393939.39393939       9.352893811783763E-007
   3551678.40016325        9595959.59595960       5.308806273530898E-007
   3551678.40016325        9797979.79797980       2.248344473598562E-007
   3551678.40016325        10000000.0000000       0.000000000000000E+000
   3796551.37230895       -10000000.0000000       0.000000000000000E+000
   3796551.37230895       -9797979.79797980       2.450101984271715E-008
   3796551.37230895       -9595959.59595960       5.987238450976949E-008
   3796551.37230895       -9393939.39393939       1.097763514397056E-007
   3796551.37230895       -9191919.19191919       1.787309053060235E-007
   3796551.37230895       -8989898.98989899       2.721778565225730E-007
   3796551.37230895       -8787878.78787879       3.965095414159045E-007
   3796551.37230895       -8585858.58585859       5.590427785207982E-007
   3796551.37230895       -8383838.38383838       7.679287238585780E-007
   3796551.37230895       -8181818.18181818       1.031990151975331E-006
   3796551.37230895       -7979797.97979798       1.360482324871695E-006
   3796551.37230895       -7777777.77777778       1.762779730669026E-006
   3796551.37230895       -7575757.57575758       2.247997998109142E-006
   3796551.37230895       -7373737.37373737       2.824567411842111E-006
   3796551.37230895       -7171717.17171717       3.499780766222525E-006
   3796551.37230895       -6969696.96969697       4.279342936821955E-006
   3796551.37230895       -6767676.76767677       5.166951839482654E-006
   3796551.37230895       -6565656.56565657       6.163940060901951E-006
   3796551.37230895       -6363636.36363636       7.269003553436816E-006
   3796551.37230895       -6161616.16161616       8.478039106427280E-006
   3796551.37230895       -5959595.95959596       9.784106978288127E-006
   3796551.37230895       -5757575.75757576       1.117753032521272E-005
   3796551.37230895       -5555555.55555556       1.264613967820374E-005
   3796551.37230895       -5353535.35353535       1.417566848323380E-005
   3796551.37230895       -5151515.15151515       1.575030310867138E-005
   3796551.37230895       -4949494.94949495       1.735338518668289E-005
   3796551.37230895       -4747474.74747475       1.896825310454986E-005
   3796551.37230895       -4545454.54545455       2.057919178511068E-005
   3796551.37230895       -4343434.34343434       2.217243732522041E-005
   3796551.37230895       -4141414.14141414       2.373716055473890E-005
   3796551.37230895       -3939393.93939394       2.526633811636054E-005
   3796551.37230895       -3737373.73737374       2.675741761429633E-005
   3796551.37230895       -3535353.53535354       2.821269743621432E-005
   3796551.37230895       -3333333.33333333       2.963936906532889E-005
   3796551.37230895       -3131313.13131313       3.104920171626269E-005
   3796551.37230895       -2929292.92929293       3.245787488732646E-005
   3796551.37230895       -2727272.72727273       3.388397443914719E-005
   3796551.37230895       -2525252.52525253       3.534765872966431E-005
   3796551.37230895       -2323232.32323232       3.686897954212405E-005
   3796551.37230895       -2121212.12121212       3.846582580785642E-005
   3796551.37230895       -1919191.91919192       4.015147379287950E-005
   3796551.37230895       -1717171.71717172       4.193180472208599E-005
   3796551.37230895       -1515151.51515152       4.380240557033538E-005
   3796551.37230895       -1313131.31313131       4.574598322825943E-005
   3796551.37230895       -1111111.11111111       4.773073111868840E-005
   3796551.37230895       -909090.909090910       4.971038551828806E-005
   3796551.37230895       -707070.707070708       5.162659013685184E-005
   3796551.37230895       -505050.505050506       5.341380272270484E-005
   3796551.37230895       -303030.303030305       5.500638079193602E-005
   3796551.37230895       -101010.101010101       5.634683521727449E-005
   3796551.37230895        101010.101010101       5.739375599151625E-005
   3796551.37230895        303030.303030303       5.812778254202917E-005
   3796551.37230895        505050.505050505       5.855429643568575E-005
   3796551.37230895        707070.707070706       5.870220046178293E-005
   3796551.37230895        909090.909090908       5.861903021290783E-005
   3796551.37230895        1111111.11111111       5.836346815165246E-005
   3796551.37230895        1313131.31313131       5.799685505828243E-005
   3796551.37230895        1515151.51515151       5.757537380713152E-005
   3796551.37230895        1717171.71717172       5.714421626064326E-005
   3796551.37230895        1919191.91919192       5.673438302293104E-005
   3796551.37230895        2121212.12121212       5.636204448114877E-005
   3796551.37230895        2323232.32323232       5.602984087787199E-005
   3796551.37230895        2525252.52525252       5.572925475579292E-005
   3796551.37230895        2727272.72727273       5.544325211621642E-005
   3796551.37230895        2929292.92929293       5.514865296827231E-005
   3796551.37230895        3131313.13131313       5.481801409708077E-005
   3796551.37230895        3333333.33333333       5.442107229044477E-005
   3796551.37230895        3535353.53535353       5.392594971499133E-005
   3796551.37230895        3737373.73737374       5.330036169771034E-005
   3796551.37230895        3939393.93939394       5.251301620487206E-005
   3796551.37230895        4141414.14141414       5.153528715357480E-005
   3796551.37230895        4343434.34343434       5.034311301276019E-005
   3796551.37230895        4545454.54545454       4.891894931782291E-005
   3796551.37230895        4747474.74747475       4.725351869384642E-005
   3796551.37230895        4949494.94949495       4.534707901873247E-005
   3796551.37230895        5151515.15151515       4.320998010963002E-005
   3796551.37230895        5353535.35353535       4.086239200449687E-005
   3796551.37230895        5555555.55555555       3.833323314299570E-005
   3796551.37230895        5757575.75757576       3.565846246743131E-005
   3796551.37230895        5959595.95959596       3.287898723790728E-005
   3796551.37230895        6161616.16161616       3.003845803765205E-005
   3796551.37230895        6363636.36363636       2.718117885289082E-005
   3796551.37230895        6565656.56565657       2.435027857918842E-005
   3796551.37230895        6767676.76767677       2.158620392309260E-005
   3796551.37230895        6969696.96969697       1.892552917556150E-005
   3796551.37230895        7171717.17171717       1.640004742719922E-005
   3796551.37230895        7373737.37373737       1.403610670244931E-005
   3796551.37230895        7575757.57575757       1.185416999655868E-005
   3796551.37230895        7777777.77777778       9.868595666413929E-006
   3796551.37230895        7979797.97979798       8.087643936367858E-006
   3796551.37230895        8181818.18181818       6.513712950135109E-006
   3796551.37230895        8383838.38383838       5.143795846109058E-006
   3796551.37230895        8585858.58585858       3.970133624810875E-006
   3796551.37230895        8787878.78787879       2.981022286288956E-006
   3796551.37230895        8989898.98989899       2.161720680387467E-006
   3796551.37230895        9191919.19191919       1.495399573006631E-006
   3796551.37230895        9393939.39393939       9.640725242781579E-007
   3796551.37230895        9595959.59595960       5.494541362082463E-007
   3796551.37230895        9797979.79797980       2.337002833656932E-007
   3796551.37230895        10000000.0000000       0.000000000000000E+000
   4049586.77685950       -10000000.0000000       0.000000000000000E+000
   4049586.77685950       -9797979.79797980       2.478959717477746E-008
   4049586.77685950       -9595959.59595960       6.039930323218122E-008
   4049586.77685950       -9393939.39393939       1.104223517061025E-007
   4049586.77685950       -9191919.19191919       1.792747962749182E-007
   4049586.77685950       -8989898.98989899       2.722568295215829E-007
   4049586.77685950       -8787878.78787879       3.955735129902883E-007
   4049586.77685950       -8585858.58585859       5.563040173103809E-007
   4049586.77685950       -8383838.38383838       7.623088584545796E-007
   4049586.77685950       -8181818.18181818       1.022067751649152E-006
   4049586.77685950       -7979797.97979798       1.344445306263715E-006
   4049586.77685950       -7777777.77777778       1.738387627208133E-006
   4049586.77685950       -7575757.57575758       2.212559493349170E-006
   4049586.77685950       -7373737.37373737       2.774938422620835E-006
   4049586.77685950       -7171717.17171717       3.432387766186061E-006
   4049586.77685950       -6969696.96969697       4.190235187062322E-006
   4049586.77685950       -6767676.76767677       5.051884827976632E-006
   4049586.77685950       -6565656.56565657       6.018490828527643E-006
   4049586.77685950       -6363636.36363636       7.088716720787155E-006
   4049586.77685950       -6161616.16161616       8.258600218487515E-006
   4049586.77685950       -5959595.95959596       9.521537047194736E-006
   4049586.77685950       -5757575.75757576       1.086839195094331E-005
   4049586.77685950       -5555555.55555556       1.228774082233504E-005
   4049586.77685950       -5353535.35353535       1.376624526024007E-005
   4049586.77685950       -5151515.15151515       1.528915886394911E-005
   4049586.77685950       -4949494.94949495       1.684096123607861E-005
   4049586.77685950       -4747474.74747475       1.840610854564279E-005
   4049586.77685950       -4545454.54545455       1.996987689122980E-005
   4049586.77685950       -4343434.34343434       2.151925695582036E-005
   4049586.77685950       -4141414.14141414       2.304383872411938E-005
   4049586.77685950       -3939393.93939394       2.453660884460472E-005
   4049586.77685950       -3737373.73737374       2.599457655885232E-005
   4049586.77685950       -3535353.53535354       2.741915086541414E-005
   4049586.77685950       -3333333.33333333       2.881621130487109E-005
   4049586.77685950       -3131313.13131313       3.019584215668742E-005
   4049586.77685950       -2929292.92929293       3.157172637642322E-005
   4049586.77685950       -2727272.72727273       3.296021278197986E-005
   4049586.77685950       -2525252.52525253       3.437907331473399E-005
   4049586.77685950       -2323232.32323232       3.584595944884454E-005
   4049586.77685950       -2121212.12121212       3.737655973707128E-005
   4049586.77685950       -1919191.91919192       3.898247357519464E-005
   4049586.77685950       -1717171.71717172       4.066887127998524E-005
   4049586.77685950       -1515151.51515152       4.243212042808539E-005
   4049586.77685950       -1313131.31313131       4.425771247401641E-005
   4049586.77685950       -1111111.11111111       4.611897669162463E-005
   4049586.77685950       -909090.909090910       4.797714433492065E-005
   4049586.77685950       -707070.707070708       4.978324368156341E-005
   4049586.77685950       -505050.505050506       5.148202296793346E-005
   4049586.77685950       -303030.303030305       5.301764480309665E-005
   4049586.77685950       -101010.101010101       5.434038686620529E-005
   4049586.77685950        101010.101010101       5.541318403112196E-005
   4049586.77685950        303030.303030303       5.621670985200869E-005
   4049586.77685950        505050.505050505       5.675190045246744E-005
   4049586.77685950        707070.707070706       5.703934145411249E-005
   4049586.77685950        909090.909090908       5.711563312129960E-005
   4049586.77685950        1111111.11111111       5.702752134055641E-005
   4049586.77685950        1313131.31313131       5.682503556446786E-005
   4049586.77685950        1515151.51515151       5.655498222129883E-005
   4049586.77685950        1717171.71717172       5.625589103323656E-005
   4049586.77685950        1919191.91919192       5.595500887211399E-005
   4049586.77685950        2121212.12121212       5.566736412068064E-005
   4049586.77685950        2323232.32323232       5.539646906973373E-005
   4049586.77685950        2525252.52525252       5.513600424019638E-005
   4049586.77685950        2727272.72727273       5.487184857281072E-005
   4049586.77685950        2929292.92929293       5.458400847661519E-005
   4049586.77685950        3131313.13131313       5.424824684839061E-005
   4049586.77685950        3333333.33333333       5.383742699353462E-005
   4049586.77685950        3535353.53535353       5.332271561045885E-005
   4049586.77685950        3737373.73737374       5.267482477551345E-005
   4049586.77685950        3939393.93939394       5.186543168536116E-005
   4049586.77685950        4141414.14141414       5.086882353859951E-005
   4049586.77685950        4343434.34343434       4.966370277892136E-005
   4049586.77685950        4545454.54545454       4.823498479540129E-005
   4049586.77685950        4747474.74747475       4.657535412978810E-005
   4049586.77685950        4949494.94949495       4.468633725105989E-005
   4049586.77685950        5151515.15151515       4.257870657725562E-005
   4049586.77685950        5353535.35353535       4.027213875383179E-005
   4049586.77685950        5555555.55555555       3.779417969201571E-005
   4049586.77685950        5757575.75757576       3.517868125428028E-005
   4049586.77685950        5959595.95959596       3.246393818722626E-005
   4049586.77685950        6161616.16161616       2.969075623197991E-005
   4049586.77685950        6363636.36363636       2.690063309214777E-005
   4049586.77685950        6565656.56565657       2.413415900504113E-005
   4049586.77685950        6767676.76767677       2.142967237596746E-005
   4049586.77685950        6969696.96969697       1.882215899006449E-005
   4049586.77685950        7171717.17171717       1.634236682413162E-005
   4049586.77685950        7373737.37373737       1.401611558696420E-005
   4049586.77685950        7575757.57575757       1.186379750641692E-005
   4049586.77685950        7777777.77777778       9.900080894500300E-006
   4049586.77685950        7979797.97979798       8.133833131168510E-006
   4049586.77685950        8181818.18181818       6.568273448548425E-006
   4049586.77685950        8383838.38383838       5.201351239426815E-006
   4049586.77685950        8585858.58585858       4.026327436162011E-006
   4049586.77685950        8787878.78787879       3.032519466511917E-006
   4049586.77685950        8989898.98989899       2.206157620054785E-006
   4049586.77685950        9191919.19191919       1.531293843185914E-006
   4049586.77685950        9393939.39393939       9.907031479367981E-007
   4049586.77685950        9595959.59595960       5.667225215729087E-007
   4049586.77685950        9797979.79797980       2.419821750153425E-007
   4049586.77685950        10000000.0000000       0.000000000000000E+000
   4310784.61381492       -10000000.0000000       0.000000000000000E+000
   4310784.61381492       -9797979.79797980       2.492142772992392E-008
   4310784.61381492       -9595959.59595960       6.056185948453844E-008
   4310784.61381492       -9393939.39393939       1.104353897807500E-007
   4310784.61381492       -9191919.19191919       1.788462402695686E-007
   4310784.61381492       -8989898.98989899       2.709436940962709E-007
   4310784.61381492       -8787878.78787879       3.927376990859077E-007
   4310784.61381492       -8585858.58585859       5.510647596115263E-007
   4310784.61381492       -8383838.38383838       7.534942760921446E-007
   4310784.61381492       -8181818.18181818       1.008168738879654E-006
   4310784.61381492       -7979797.97979798       1.323575755670877E-006
   4310784.61381492       -7777777.77777778       1.708255504368491E-006
   4310784.61381492       -7575757.57575758       2.170453425743709E-006
   4310784.61381492       -7373737.37373737       2.717734159516447E-006
   4310784.61381492       -7171717.17171717       3.356578124834170E-006
   4310784.61381492       -6969696.96969697       4.091986004772408E-006
   4310784.61381492       -6767676.76767677       4.927118112304595E-006
   4310784.61381492       -6565656.56565657       5.862994862036686E-006
   4310784.61381492       -6363636.36363636       6.898281396731593E-006
   4310784.61381492       -6161616.16161616       8.029174306313156E-006
   4310784.61381492       -5959595.95959596       9.249402219955026E-006
   4310784.61381492       -5757575.75757576       1.055034597651148E-005
   4310784.61381492       -5555555.55555556       1.192127913117699E-005
   4310784.61381492       -5353535.35353535       1.334972627823147E-005
   4310784.61381492       -5151515.15151515       1.482193470693825E-005
   4310784.61381492       -4949494.94949495       1.632345287058646E-005
   4310784.61381492       -4747474.74747475       1.783980493657242E-005
   4310784.61381492       -4545454.54545455       1.935724233916284E-005
   4310784.61381492       -4343434.34343434       2.086354011866613E-005
   4310784.61381492       -4141414.14141414       2.234878949239343E-005
   4310784.61381492       -3939393.93939394       2.380612251586425E-005
   4310784.61381492       -3737373.73737374       2.523229508612569E-005
   4310784.61381492       -3535353.53535354       2.662805537104220E-005
   4310784.61381492       -3333333.33333333       2.799823754970615E-005
   4310784.61381492       -3131313.13131313       2.935154296037351E-005
   4310784.61381492       -2929292.92929293       3.069999630709119E-005
   4310784.61381492       -2727272.72727273       3.205808619905395E-005
   4310784.61381492       -2525252.52525253       3.344161174213498E-005
   4310784.61381492       -2323232.32323232       3.486626003373861E-005
   4310784.61381492       -2121212.12121212       3.634594007052003E-005
   4310784.61381492       -1919191.91919192       3.789091021078298E-005
   4310784.61381492       -1717171.71717172       3.950577521173998E-005
   4310784.61381492       -1515151.51515152       4.118750604318077E-005
   4310784.61381492       -1313131.31313131       4.292374586416618E-005
   4310784.61381492       -1111111.11111111       4.469177787536787E-005
   4310784.61381492       -909090.909090910       4.645858978846202E-005
   4310784.61381492       -707070.707070708       4.818241290491410E-005
   4310784.61381492       -505050.505050506       4.981590302418896E-005
   4310784.61381492       -303030.303030305       5.131078210813419E-005
   4310784.61381492       -101010.101010101       5.262335559792640E-005
   4310784.61381492        101010.101010101       5.371998713645614E-005
   4310784.61381492        303030.303030303       5.458147602251786E-005
   4310784.61381492        505050.505050505       5.520541702903997E-005
   4310784.61381492        707070.707070706       5.560601561760962E-005
   4310784.61381492        909090.909090908       5.581138441220352E-005
   4310784.61381492        1111111.11111111       5.585890167510884E-005
   4310784.61381492        1313131.31313131       5.578960680874680E-005
   4310784.61381492        1515151.51515151       5.564273015182686E-005
   4310784.61381492        1717171.71717172       5.545128421219937E-005
   4310784.61381492        1919191.91919192       5.523925828014401E-005
   4310784.61381492        2121212.12121212       5.502050100440085E-005
   4310784.61381492        2323232.32323232       5.479899601300343E-005
   4310784.61381492        2525252.52525252       5.457003299368564E-005
   4310784.61381492        2727272.72727273       5.432176888405493E-005
   4310784.61381492        2929292.92929293       5.403680831163528E-005
   4310784.61381492        3131313.13131313       5.369362409144142E-005
   4310784.61381492        3333333.33333333       5.326781078122736E-005
   4310784.61381492        3535353.53535353       5.273327189322502E-005
   4310784.61381492        3737373.73737374       5.206347239877753E-005
   4310784.61381492        3939393.93939394       5.123285332434244E-005
   4310784.61381492        4141414.14141414       5.021842658406388E-005
   4310784.61381492        4343434.34343434       4.900147243437392E-005
   4310784.61381492        4545454.54545454       4.756917705812306E-005
   4310784.61381492        4747474.74747475       4.591599938860484E-005
   4310784.61381492        4949494.94949495       4.404456167889799E-005
   4310784.61381492        5151515.15151515       4.196591996886204E-005
   4310784.61381492        5353535.35353535       3.969917288414983E-005
   4310784.61381492        5555555.55555555       3.727048005703168E-005
   4310784.61381492        5757575.75757576       3.471165095408497E-005
   4310784.61381492        5959595.95959596       3.205850648701044E-005
   4310784.61381492        6161616.16161616       2.934920374795364E-005
   4310784.61381492        6363636.36363636       2.662266239944030E-005
   4310784.61381492        6565656.56565657       2.391716506917268E-005
   4310784.61381492        6767676.76767677       2.126914844158306E-005
   4310784.61381492        6969696.96969697       1.871217122691491E-005
   4310784.61381492        7171717.17171717       1.627604095640623E-005
   4310784.61381492        7373737.37373737       1.398609453210002E-005
   4310784.61381492        7575757.57575757       1.186264496135350E-005
   4310784.61381492        7777777.77777778       9.920618373386025E-006
   4310784.61381492        7979797.97979798       8.169406239169038E-006
   4310784.61381492        8181818.18181818       6.612947950522731E-006
   4310784.61381492        8383838.38383838       5.250042154414861E-006
   4310784.61381492        8585858.58585858       4.074866149732998E-006
   4310784.61381492        8787878.78787879       3.077665308435466E-006
   4310784.61381492        8989898.98989899       2.245561586828377E-006
   4310784.61381492        9191919.19191919       1.563423062308743E-006
   4310784.61381492        9393939.39393939       1.014735408686413E-006
   4310784.61381492        9595959.59595960       5.824211209747319E-007
   4310784.61381492        9797979.79797980       2.495625149982152E-007
   4310784.61381492        10000000.0000000       0.000000000000000E+000
   4580144.88317519       -10000000.0000000       0.000000000000000E+000
   4580144.88317519       -9797979.79797980       2.488689820736091E-008
   4580144.88317519       -9595959.59595960       6.033749057387477E-008
   4580144.88317519       -9393939.39393939       1.097758034280405E-007
   4580144.88317519       -9191919.19191919       1.773836429266666E-007
   4580144.88317519       -8989898.98989899       2.681498753699952E-007
   4580144.88317519       -8787878.78787879       3.878818147458576E-007
   4580144.88317519       -8585858.58585859       5.431689890330132E-007
   4580144.88317519       -8383838.38383838       7.412901047307780E-007
   4580144.88317519       -8181818.18181818       9.900572113046385E-007
   4580144.88317519       -7979797.97979798       1.297595525581388E-006
   4580144.88317519       -7777777.77777778       1.672062760889732E-006
   4580144.88317519       -7575757.57575758       2.121317682205745E-006
   4580144.88317519       -7373737.37373737       2.652553391102299E-006
   4580144.88317519       -7171717.17171717       3.271915855184116E-006
   4580144.88317519       -6969696.96969697       3.984131764380668E-006
   4580144.88317519       -6767676.76767677       4.792171369608587E-006
   4580144.88317519       -6565656.56565657       5.696971216760076E-006
   4580144.88317519       -6363636.36363636       6.697238630886418E-006
   4580144.88317519       -6161616.16161616       7.789354807244382E-006
   4580144.88317519       -5959595.95959596       8.967387168247616E-006
   4580144.88317519       -5757575.75757576       1.022321524803204E-005
   4580144.88317519       -5555555.55555556       1.154676880245281E-005
   4580144.88317519       -5353535.35353535       1.292637284629025E-005
   4580144.88317519       -5151515.15151515       1.434919196637509E-005
   4580144.88317519       -4949494.94949495       1.580176472992226E-005
   4580144.88317519       -4747474.74747475       1.727061666959193E-005
   4580144.88317519       -4545454.54545455       1.874293526539761E-005
   4580144.88317519       -4343434.34343434       2.020728127746570E-005
   4580144.88317519       -4141414.14141414       2.165429804441749E-005
   4580144.88317519       -3939393.93939394       2.307736641144210E-005
   4580144.88317519       -3737373.73737374       2.447314197431066E-005
   4580144.88317519       -3535353.53535354       2.584190781843993E-005
   4580144.88317519       -3333333.33333333       2.718768278451125E-005
   4580144.88317519       -3131313.13131313       2.851804224861787E-005
   4580144.88317519       -2929292.92929293       2.984363177052249E-005
   4580144.88317519       -2727272.72727273       3.117737787702050E-005
   4580144.88317519       -2525252.52525253       3.253341915334908E-005
   4580144.88317519       -2323232.32323232       3.392579228487188E-005
   4580144.88317519       -2121212.12121212       3.536691458687778E-005
   4580144.88317519       -1919191.91919192       3.686591552267961E-005
   4580144.88317519       -1717171.71717172       3.842689687472834E-005
   4580144.88317519       -1515151.51515152       4.004725438292743E-005
   4580144.88317519       -1313131.31313131       4.171627150196965E-005
   4580144.88317519       -1111111.11111111       4.341427808445458E-005
   4580144.88317519       -909090.909090910       4.511271288047856E-005
   4580144.88317519       -707070.707070708       4.677538997291558E-005
   4580144.88317519       -505050.505050506       4.836111182592480E-005
   4580144.88317519       -303030.303030305       4.982750179212454E-005
   4580144.88317519       -101010.101010101       5.113560490643034E-005
   4580144.88317519        101010.101010101       5.225452570190508E-005
   4580144.88317519        303030.303030303       5.316523959870962E-005
   4580144.88317519        505050.505050505       5.386279808183136E-005
   4580144.88317519        707070.707070706       5.435644816001377E-005
   4580144.88317519        909090.909090908       5.466763051399346E-005
   4580144.88317519        1111111.11111111       5.482628299700367E-005
   4580144.88317519        1313131.31313131       5.486622116708857E-005
   4580144.88317519        1515151.51515151       5.482049714135845E-005
   4580144.88317519        1717171.71717172       5.471752688388294E-005
   4580144.88317519        1919191.91919192       5.457847966956128E-005
   4580144.88317519        2121212.12121212       5.441605450691741E-005
   4580144.88317519        2323232.32323232       5.423444965283730E-005
   4580144.88317519        2525252.52525252       5.403014834723350E-005
   4580144.88317519        2727272.72727273       5.379311802798697E-005
   4580144.88317519        2929292.92929293       5.350811466048720E-005
   4580144.88317519        3131313.13131313       5.315593195833987E-005
   4580144.88317519        3333333.33333333       5.271457377960023E-005
   4580144.88317519        3535353.53535353       5.216041668886830E-005
   4580144.88317519        3737373.73737374       5.146945527972415E-005
   4580144.88317519        3939393.93939394       5.061869229611835E-005
   4580144.88317519        4141414.14141414       4.958766758608407E-005
   4580144.88317519        4343434.34343434       4.836003890216813E-005
   4580144.88317519        4545454.54545454       4.692505950092308E-005
   4580144.88317519        4747474.74747475       4.527876516954544E-005
   4580144.88317519        4949494.94949495       4.342470017709403E-005
   4580144.88317519        5151515.15151515       4.137407625583655E-005
   4580144.88317519        5353535.35353535       3.914535327602576E-005
   4580144.88317519        5555555.55555555       3.676332590596272E-005
   4580144.88317519        5757575.75757576       3.425786816080898E-005
   4580144.88317519        5959595.95959596       3.166250977758802E-005
   4580144.88317519        6161616.16161616       2.901299538264858E-005
   4580144.88317519        6363636.36363636       2.634592619507370E-005
   4580144.88317519        6565656.56565657       2.369752836354868E-005
   4580144.88317519        6767676.76767677       2.110255188340949E-005
   4580144.88317519        6969696.96969697       1.859328819802673E-005
   4580144.88317519        7171717.17171717       1.619870004741702E-005
   4580144.88317519        7373737.37373737       1.394367357770775E-005
   4580144.88317519        7575757.57575757       1.184841876341982E-005
   4580144.88317519        7777777.77777778       9.928051943607026E-006
   4580144.88317519        7979797.97979798       8.192391022375754E-006
   4580144.88317519        8181818.18181818       6.645981225702330E-006
   4580144.88317519        8383838.38383838       5.288351129526462E-006
   4580144.88317519        8585858.58585858       4.114479258906394E-006
   4580144.88317519        8787878.78787879       3.115434387462986E-006
   4580144.88317519        8989898.98989899       2.279140015576441E-006
   4580144.88317519        9191919.19191919       1.591206552523912E-006
   4580144.88317519        9393939.39393939       1.035773828363763E-006
   4580144.88317519        9595959.59595960       5.963113807957689E-007
   4580144.88317519        9797979.79797980       2.563334777784869E-007
   4580144.88317519        10000000.0000000       0.000000000000000E+000
   4857667.58494031       -10000000.0000000       0.000000000000000E+000
   4857667.58494031       -9797979.79797980       2.468010323512350E-008
   4857667.58494031       -9595959.59595960       5.971269040919210E-008
   4857667.58494031       -9393939.39393939       1.084204803164584E-007
   4857667.58494031       -9191919.19191919       1.748519096477402E-007
   4857667.58494031       -8989898.98989899       2.638257268319714E-007
   4857667.58494031       -8787878.78787879       3.809392204604120E-007
   4857667.58494031       -8585858.58585859       5.325310539343477E-007
   4857667.58494031       -8383838.38383838       7.255902095090932E-007
   4857667.58494031       -8181818.18181818       9.676055527740273E-007
   4857667.58494031       -7979797.97979798       1.266354767948348E-006
   4857667.58494031       -7777777.77777778       1.629636524986939E-006
   4857667.58494031       -7575757.57575758       2.064955279176525E-006
   4857667.58494031       -7373737.37373737       2.579173518114043E-006
   4857667.58494031       -7171717.17171717       3.178150944940320E-006
   4857667.58494031       -6969696.96969697       3.866393419888963E-006
   4857667.58494031       -6767676.76767677       4.646735978037275E-006
   4857667.58494031       -6565656.56565657       5.520083596679310E-006
   4857667.58494031       -6363636.36363636       6.485230566175865E-006
   4857667.58494031       -6161616.16161616       7.538774602887914E-006
   4857667.58494031       -5959595.95959596       8.675135827243874E-006
   4857667.58494031       -5757575.75757576       9.886684261864746E-006
   4857667.58494031       -5555555.55555556       1.116397353409671E-005
   4857667.58494031       -5353535.35353535       1.249607380481569E-005
   4857667.58494031       -5151515.15151515       1.387099396174954E-005
   4857667.58494031       -4949494.94949495       1.527618147720220E-005
   4857667.58494031       -4747474.74747475       1.669908691852095E-005
   4857667.58494031       -4545454.54545455       1.812777726589117E-005
   4857667.58494031       -4343434.34343434       1.955157639704245E-005
   4857667.58494031       -4141414.14141414       2.096170178919977E-005
   4857667.58494031       -3939393.93939394       2.235185483386263E-005
   4857667.58494031       -3737373.73737374       2.371871117773615E-005
   4857667.58494031       -3535353.53535354       2.506225128885327E-005
   4857667.58494031       -3333333.33333333       2.638587364573073E-005
   4857667.58494031       -3131313.13131313       2.769624508849157E-005
   4857667.58494031       -2929292.92929293       2.900286339125770E-005
   4857667.58494031       -2727272.72727273       3.031733167187498E-005
   4857667.58494031       -2525252.52525253       3.165236737954388E-005
   4857667.58494031       -2323232.32323232       3.302058618525428E-005
   4857667.58494031       -2121212.12121212       3.443311283736071E-005
   4857667.58494031       -1919191.91919192       3.589808174339791E-005
   4857667.58494031       -1717171.71717172       3.741910863002830E-005
   4857667.58494031       -1515151.51515152       3.899384996783763E-005
   4857667.58494031       -1313131.31313131       4.061282063012257E-005
   4857667.58494031       -1111111.11111111       4.225869982951730E-005
   4857667.58494031       -909090.909090910       4.390639144019244E-005
   4857667.58494031       -707070.707070708       4.552407891153282E-005
   4857667.58494031       -505050.505050506       4.707539714223726E-005
   4857667.58494031       -303030.303030305       4.852263329771736E-005
   4857667.58494031       -101010.101010101       4.983060657803725E-005
   4857667.58494031        101010.101010101       5.097063970454535E-005
   4857667.58494031        303030.303030303       5.192390878726729E-005
   4857667.58494031        505050.505050505       5.268350524232669E-005
   4857667.58494031        707070.707070706       5.325477277168328E-005
   4857667.58494031        909090.909090908       5.365384130179754E-005
   4857667.58494031        1111111.11111111       5.390466802988321E-005
   4857667.58494031        1313131.31313131       5.403519953259130E-005
   4857667.58494031        1515151.51515151       5.407340128906962E-005
   4857667.58494031        1717171.71717172       5.404383342615275E-005
   4857667.58494031        1919191.91919192       5.396522325727618E-005
   4857667.58494031        2121212.12121212       5.384918549662314E-005
   4857667.58494031        2323232.32323232       5.369997150601879E-005
   4857667.58494031        2525252.52525252       5.351496369473486E-005
   4857667.58494031        2727272.72727273       5.328559350783277E-005
   4857667.58494031        2929292.92929293       5.299842585588846E-005
   4857667.58494031        3131313.13131313       5.263626701551232E-005
   4857667.58494031        3333333.33333333       5.217926414428681E-005
   4857667.58494031        3535353.53535353       5.160603699459657E-005
   4857667.58494031        3737373.73737374       5.089490262499531E-005
   4857667.58494031        3939393.93939394       5.002522648983587E-005
   4857667.58494031        4141414.14141414       4.897887454004585E-005
   4857667.58494031        4343434.34343434       4.774167334685679E-005
   4857667.58494031        4545454.54545454       4.630473257231009E-005
   4857667.58494031        4747474.74747475       4.466546607670895E-005
   4857667.58494031        4949494.94949495       4.282817414415677E-005
   4857667.58494031        5151515.15151515       4.080411469665420E-005
   4857667.58494031        5353535.35353535       3.861107666289607E-005
   4857667.58494031        5555555.55555555       3.627254690568089E-005
   4857667.58494031        5757575.75757576       3.381660944985753E-005
   4857667.58494031        5959595.95959596       3.127472135506394E-005
   4857667.58494031        6161616.16161616       2.868047935955461E-005
   4857667.58494031        6363636.36363636       2.606844375060603E-005
   4857667.58494031        6565656.56565657       2.347304200881860E-005
   4857667.58494031        6767676.76767677       2.092754928974693E-005
   4857667.58494031        6969696.96969697       1.846313929806061E-005
   4857667.58494031        7171717.17171717       1.610801146575628E-005
   4857667.58494031        7373737.37373737       1.388661799201748E-005
   4857667.58494031        7575757.57575757       1.181902764300694E-005
   4857667.58494031        7777777.77777778       9.920466840199214E-006
   4857667.58494031        7979797.97979798       8.201071725345152E-006
   4857667.58494031        8181818.18181818       6.665870087465782E-006
   4857667.58494031        8383838.38383838       5.314993159507872E-006
   4857667.58494031        8585858.58585858       4.144098121500603E-006
   4857667.58494031        8787878.78787879       3.144965598128278E-006
   4857667.58494031        8989898.98989899       2.306224392112131E-006
   4857667.58494031        9191919.19191919       1.614149121269888E-006
   4857667.58494031        9393939.39393939       1.053475528281974E-006
   4857667.58494031        9595959.59595960       6.081824861524245E-007
   4857667.58494031        9797979.79797980       2.621980641304704E-007
   4857667.58494031        10000000.0000000       0.000000000000000E+000
   5143352.71911029       -10000000.0000000       0.000000000000000E+000
   5143352.71911029       -9797979.79797980       2.429906852822084E-008
   5143352.71911029       -9595959.59595960       5.868344516757737E-008
   5143352.71911029       -9393939.39393939       1.063634398773347E-007
   5143352.71911029       -9191919.19191919       1.712432329601216E-007
   5143352.71911029       -8989898.98989899       2.579618032526976E-007
   5143352.71911029       -8787878.78787879       3.718991389984750E-007
   5143352.71911029       -8585858.58585859       5.191393552789840E-007
   5143352.71911029       -8383838.38383838       7.063828744000111E-007
   5143352.71911029       -8181818.18181818       9.408026355447401E-007
   5143352.71911029       -7979797.97979798       1.229843259115302E-006
   5143352.71911029       -7777777.77777778       1.580966874686951E-006
   5143352.71911029       -7575757.57575758       2.001354508337425E-006
   5143352.71911029       -7373737.37373737       2.497576990574106E-006
   5143352.71911029       -7171717.17171717       3.075253723257304E-006
   5143352.71911029       -6969696.96969697       3.738720790453913E-006
   5143352.71911029       -6767676.76767677       4.490731368104395E-006
   5143352.71911029       -6565656.56565657       5.332210900912339E-006
   5143352.71911029       -6363636.36363636       6.262087015434066E-006
   5143352.71911029       -6161616.16161616       7.277209828129134E-006
   5143352.71911029       -5959595.95959596       8.372372651782385E-006
   5143352.71911029       -5757575.75757576       9.540436795007787E-006
   5143352.71911029       -5555555.55555556       1.077255801109151E-005
   5143352.71911029       -5353535.35353535       1.205850697620551E-005
   5143352.71911029       -5151515.15151515       1.338707249679694E-005
   5143352.71911029       -4949494.94949495       1.474653399279080E-005
   5143352.71911029       -4747474.74747475       1.612518854103295E-005
   5143352.71911029       -4545454.54545455       1.751191613948723E-005
   5143352.71911029       -4343434.34343434       1.889676337322784E-005
   5143352.71911029       -4141414.14141414       2.027151927981666E-005
   5143352.71911029       -3939393.93939394       2.163024810380897E-005
   5143352.71911029       -3737373.73737374       2.296973369054691E-005
   5143352.71911029       -3535353.53535354       2.428978289328119E-005
   5143352.71911029       -3333333.33333333       2.559333440752569E-005
   5143352.71911029       -3131313.13131313       2.688632763626602E-005
   5143352.71911029       -2929292.92929293       2.817730372437107E-005
   5143352.71911029       -2727272.72727273       2.947673492698657E-005
   5143352.71911029       -2525252.52525253       3.079610393062902E-005
   5143352.71911029       -2323232.32323232       3.214677642265690E-005
   5143352.71911029       -2121212.12121212       3.353872538302920E-005
   5143352.71911029       -1919191.91919192       3.497917605683808E-005
   5143352.71911029       -1717171.71717172       3.647125279078927E-005
   5143352.71911029       -1515151.51515152       3.801273100538717E-005
   5143352.71911029       -1313131.31313131       3.959503343718925E-005
   5143352.71911029       -1111111.11111111       4.120265243844755E-005
   5143352.71911029       -909090.909090910       4.281320847954558E-005
   5143352.71911029       -707070.707070708       4.439833848360205E-005
   5143352.71911029       -505050.505050506       4.592551959950201E-005
   5143352.71911029       -303030.303030305       4.736076926735862E-005
   5143352.71911029       -101010.101010101       4.867194918378985E-005
   5143352.71911029        101010.101010101       4.983219852009279E-005
   5143352.71911029        303030.303030303       5.082290256730230E-005
   5143352.71911029        505050.505050505       5.163562318873500E-005
   5143352.71911029        707070.707070706       5.227259200286217E-005
   5143352.71911029        909090.909090908       5.274565875944235E-005
   5143352.71911029        1111111.11111111       5.307391570836771E-005
   5143352.71911029        1313131.31313131       5.328048782558162E-005
   5143352.71911029        1515151.51515151       5.338911112517232E-005
   5143352.71911029        1717171.71717172       5.342108651406620E-005
   5143352.71911029        1919191.91919192       5.339302145036573E-005
   5143352.71911029        2121212.12121212       5.331552697625751E-005
   5143352.71911029        2323232.32323232       5.319280819512034E-005
   5143352.71911029        2525252.52525252       5.302293679064319E-005
   5143352.71911029        2727272.72727273       5.279854878857045E-005
   5143352.71911029        2929292.92929293       5.250775244993653E-005
   5143352.71911029        3131313.13131313       5.213511852043614E-005
   5143352.71911029        3333333.33333333       5.166271376430043E-005
   5143352.71911029        3535353.53535353       5.107119728449054E-005
   5143352.71911029        3737373.73737374       5.034101441301262E-005
   5143352.71911029        3939393.93939394       4.945369811838762E-005
   5143352.71911029        4141414.14141414       4.839323744646427E-005
   5143352.71911029        4343434.34343434       4.714741713977725E-005
   5143352.71911029        4545454.54545454       4.570899378748166E-005
   5143352.71911029        4747474.74747475       4.407656816753177E-005
   5143352.71911029        4949494.94949495       4.225504665515799E-005
   5143352.71911029        5151515.15151515       4.025564857825863E-005
   5143352.71911029        5353535.35353535       3.809549116962509E-005
   5143352.71911029        5555555.55555555       3.579684496221799E-005
   5143352.71911029        5757575.75757576       3.338618174227602E-005
   5143352.71911029        5959595.95959596       3.089312989149728E-005
   5143352.71911029        6161616.16161616       2.834941819445978E-005
   5143352.71911029        6363636.36363636       2.578784759550946E-005
   5143352.71911029        6565656.56565657       2.324129869835961E-005
   5143352.71911029        6767676.76767677       2.074177044280875E-005
   5143352.71911029        6969696.96969697       1.831945148690033E-005
   5143352.71911029        7171717.17171717       1.600184229341205E-005
   5143352.71911029        7373737.37373737       1.381296281023963E-005
   5143352.71911029        7575757.57575757       1.177269048212780E-005
   5143352.71911029        7777777.77777778       9.896273012895839E-006
   5143352.71911029        7979797.97979798       8.194050563026027E-006
   5143352.71911029        8181818.18181818       6.671405928371474E-006
   5143352.71911029        8383838.38383838       5.328942344061134E-006
   5143352.71911029        8585858.58585858       4.162870110684782E-006
   5143352.71911029        8787878.78787879       3.165567614428770E-006
   5143352.71911029        8989898.98989899       2.326271002298690E-006
   5143352.71911029        9191919.19191919       1.631840511428153E-006
   5143352.71911029        9393939.39393939       1.067550311260099E-006
   5143352.71911029        9595959.59595960       6.178521972199938E-007
   5143352.71911029        9797979.79797980       2.670707747257848E-007
   5143352.71911029        10000000.0000000       0.000000000000000E+000
   5437200.28568513       -10000000.0000000       0.000000000000000E+000
   5437200.28568513       -9797979.79797980       2.374586333293505E-008
   5437200.28568513       -9595959.59595960       5.725539419513858E-008
   5437200.28568513       -9393939.39393939       1.036158997507428E-007
   5437200.28568513       -9191919.19191919       1.665769109414414E-007
   5437200.28568513       -8989898.98989899       2.505883916366510E-007
   5437200.28568513       -8787878.78787879       3.608060428316333E-007
   5437200.28568513       -8585858.58585859       5.030558953021954E-007
   5437200.28568513       -8383838.38383838       6.837509140670321E-007
   5437200.28568513       -8181818.18181818       9.097549596498977E-007
   5437200.28568513       -7979797.97979798       1.188193120055319E-006
   5437200.28568513       -7777777.77777778       1.526211860055723E-006
   5437200.28568513       -7575757.57575758       1.930697252557390E-006
   5437200.28568513       -7373737.37373737       2.407964279040398E-006
   5437200.28568513       -7171717.17171717       2.963434291589087E-006
   5437200.28568513       -6969696.96969697       3.601320723897656E-006
   5437200.28568513       -6767676.76767677       4.324344619215396E-006
   5437200.28568513       -6565656.56565657       5.133501251975505E-006
   5437200.28568513       -6363636.36363636       6.027896987721228E-006
   5437200.28568513       -6161616.16161616       7.004671696078001E-006
   5437200.28568513       -5959595.95959596       8.059016861309109E-006
   5437200.28568513       -5757575.75757576       9.184293571816227E-006
   5437200.28568513       -5555555.55555556       1.037224849317663E-005
   5437200.28568513       -5353535.35353535       1.161332044752968E-005
   5437200.28568513       -5151515.15151515       1.289702591821919E-005
   5437200.28568513       -4949494.94949495       1.421240893483254E-005
   5437200.28568513       -4747474.74747475       1.554853912825114E-005
   5437200.28568513       -4545454.54545455       1.689504045884500E-005
   5437200.28568513       -4343434.34343434       1.824263097602161E-005
   5437200.28568513       -4141414.14141414       1.958364977230333E-005
   5437200.28568513       -3939393.93939394       2.091254060101608E-005
   5437200.28568513       -3737373.73737374       2.222625338470359E-005
   5437200.28568513       -3535353.53535354       2.352451761567036E-005
   5437200.28568513       -3333333.33333333       2.480993905938502E-005
   5437200.28568513       -3131313.13131313       2.608787656873485E-005
   5437200.28568513       -2929292.92929293       2.736607067342036E-005
   5437200.28568513       -2727272.72727273       2.865401838515298E-005
   5437200.28568513       -2525252.52525253       2.996211490001308E-005
   5437200.28568513       -2323232.32323232       3.130060680922622E-005
   5437200.28568513       -2121212.12121212       3.267841863212488E-005
   5437200.28568513       -1919191.91919192       3.410192451883824E-005
   5437200.28568513       -1717171.71717172       3.557374435780413E-005
   5437200.28568513       -1515151.51515152       3.709165578375446E-005
   5437200.28568513       -1313131.31313131       3.864773617824929E-005
   5437200.28568513       -1111111.11111111       4.022787881660258E-005
   5437200.28568513       -909090.909090910       4.181184984593722E-005
   5437200.28568513       -707070.707070708       4.337404325286655E-005
   5437200.28568513       -505050.505050506       4.488502566918941E-005
   5437200.28568513       -303030.303030305       4.631383353909350E-005
   5437200.28568513       -101010.101010101       4.763081062591084E-005
   5437200.28568513        101010.101010101       4.881060041195675E-005
   5437200.28568513        303030.303030303       4.983479596177114E-005
   5437200.28568513        505050.505050505       5.069375028462022E-005
   5437200.28568513        707070.707070706       5.138718189744734E-005
   5437200.28568513        909090.909090908       5.192344778192454E-005
   5437200.28568513        1111111.11111111       5.231763513175856E-005
   5437200.28568513        1313131.31313131       5.258886279524179E-005
   5437200.28568513        1515151.51515151       5.275731390077919E-005
   5437200.28568513        1717171.71717172       5.284151131003886E-005
   5437200.28568513        1919191.91919192       5.285621423005677E-005
   5437200.28568513        2121212.12121212       5.281111387911291E-005
   5437200.28568513        2323232.32323232       5.271030954282935E-005
   5437200.28568513        2525252.52525252       5.255241076708921E-005
   5437200.28568513        2727272.72727273       5.233106103418318E-005
   5437200.28568513        2929292.92929293       5.203570243768601E-005
   5437200.28568513        3131313.13131313       5.165246672974228E-005
   5437200.28568513        3333333.33333333       5.116514836842751E-005
   5437200.28568513        3535353.53535353       5.055626202721364E-005
   5437200.28568513        3737373.73737374       4.980819804345105E-005
   5437200.28568513        3939393.93939394       4.890446682564192E-005
   5437200.28568513        4141414.14141414       4.783098045809268E-005
   5437200.28568513        4343434.34343434       4.657727557108734E-005
   5437200.28568513        4545454.54545454       4.513755511176377E-005
   5437200.28568513        4747474.74747475       4.351143124359407E-005
   5437200.28568513        4949494.94949495       4.170428949758729E-005
   5437200.28568513        5151515.15151515       3.972725491503476E-005
   5437200.28568513        5353535.35353535       3.759680430055789E-005
   5437200.28568513        5555555.55555555       3.533411377256072E-005
   5437200.28568513        5757575.75757576       3.296424471881342E-005
   5437200.28568513        5959595.95959596       3.051525485302535E-005
   5437200.28568513        6161616.16161616       2.801728723268999E-005
   5437200.28568513        6363636.36363636       2.550165645468672E-005
   5437200.28568513        6565656.56565657       2.299993146151864E-005
   5437200.28568513        6767676.76767677       2.054301303293260E-005
   5437200.28568513        6969696.96969697       1.816021683999224E-005
   5437200.28568513        7171717.17171717       1.587839099064166E-005
   5437200.28568513        7373737.37373737       1.372111165646119E-005
   5437200.28568513        7575757.57575757       1.170800640204833E-005
   5437200.28568513        7777777.77777778       9.854251054690714E-006
   5437200.28568513        7979797.97979798       8.170274136045186E-006
   5437200.28568513        8181818.18181818       6.661686172495972E-006
   5437200.28568513        8383838.38383838       5.329432826875161E-006
   5437200.28568513        8585858.58585858       4.170153378330741E-006
   5437200.28568513        8787878.78787879       3.176711477493376E-006
   5437200.28568513        8989898.98989899       2.338854477256433E-006
   5437200.28568513        9191919.19191919       1.643951557298261E-006
   5437200.28568513        9393939.39393939       1.077759404098645E-006
   5437200.28568513        9595959.59595960       6.251670468979506E-007
   5437200.28568513        9797979.79797980       2.708780526592349E-007
   5437200.28568513        10000000.0000000       0.000000000000000E+000
   5739210.28466483       -10000000.0000000       0.000000000000000E+000
   5739210.28466483       -9797979.79797980       2.302660297964114E-008
   5739210.28466483       -9595959.59595960       5.544371186723320E-008
   5739210.28466483       -9393939.39393939       1.002058539911758E-007
   5739210.28466483       -9191919.19191919       1.608983601198151E-007
   5739210.28466483       -8989898.98989899       2.417736884791487E-007
   5739210.28466483       -8787878.78787879       3.477568184964659E-007
   5739210.28466483       -8585858.58585859       4.844124090810713E-007
   5739210.28466483       -8383838.38383838       6.578669143619624E-007
   5739210.28466483       -8181818.18181818       8.746812819537975E-007
   5739210.28466483       -7979797.97979798       1.141673246369581E-006
   5739210.28466483       -7777777.77777778       1.465692318031865E-006
   5739210.28466483       -7575757.57575758       1.853355021078555E-006
   5739210.28466483       -7373737.37373737       2.310752319914919E-006
   5739210.28466483       -7171717.17171717       2.843145024754291E-006
   5739210.28466483       -6969696.96969697       3.454665831948346E-006
   5739210.28466483       -6767676.76767677       4.148048168320324E-006
   5739210.28466483       -6565656.56565657       4.924401931509972E-006
   5739210.28466483       -6363636.36363636       5.783054473374649E-006
   5739210.28466483       -6161616.16161616       6.721471859357946E-006
   5739210.28466483       -5959595.95959596       7.735270824407084E-006
   5739210.28466483       -5757575.75757576       8.818326358839316E-006
   5739210.28466483       -5555555.55555556       9.962974033501789E-006
   5739210.28466483       -5353535.35353535       1.116030060368491E-005
   5739210.28466483       -5151515.15151515       1.240051166407821E-005
   5739210.28466483       -4949494.94949495       1.367336153341204E-005
   5739210.28466483       -4747474.74747475       1.496862816195256E-005
   5739210.28466483       -4545454.54545455       1.627661425237825E-005
   5739210.28466483       -4343434.34343434       1.758865409210912E-005
   5739210.28466483       -4141414.14141414       1.889760275041758E-005
   5739210.28466483       -3939393.93939394       2.019827957736161E-005
   5739210.28466483       -3737373.73737374       2.148783164479332E-005
   5739210.28466483       -3535353.53535354       2.276597665817905E-005
   5739210.28466483       -3333333.33333333       2.403508203619144E-005
   5739210.28466483       -3131313.13131313       2.530004074939885E-005
   5739210.28466483       -2929292.92929293       2.656791733850166E-005
   5739210.28466483       -2727272.72727273       2.784735876385697E-005
   5739210.28466483       -2525252.52525253       2.914779059182938E-005
   5739210.28466483       -2323232.32323232       3.047844359121809E-005
   5739210.28466483       -2121212.12121212       3.184727365846034E-005
   5739210.28466483       -1919191.91919192       3.325984713901071E-005
   5739210.28466483       -1717171.71717172       3.471826719554566E-005
   5739210.28466483       -1515151.51515152       3.622022189121502E-005
   5739210.28466483       -1313131.31313131       3.775824757376191E-005
   5739210.28466483       -1111111.11111111       3.931932198532983E-005
   5739210.28466483       -909090.909090910       4.088491976164841E-005
   5739210.28466483       -707070.707070708       4.243165877656910E-005
   5739210.28466483       -505050.505050506       4.393261795712706E-005
   5739210.28466483       -303030.303030305       4.535930563942588E-005
   5739210.28466483       -101010.101010101       4.668411403276803E-005
   5739210.28466483        101010.101010101       4.788294590363587E-005
   5739210.28466483        303030.303030303       4.893759474923423E-005
   5739210.28466483        505050.505050505       4.983744559220835E-005
   5739210.28466483        707070.707070706       5.058016126522450E-005
   5739210.28466483        909090.909090908       5.117121263182145E-005
   5739210.28466483        1111111.11111111       5.162234959702983E-005
   5739210.28466483        1313131.31313131       5.194932386877442E-005
   5739210.28466483        1515151.51515151       5.216930213423057E-005
   5739210.28466483        1717171.71717172       5.229841764290737E-005
   5739210.28466483        1919191.91919192       5.234980839626484E-005
   5739210.28466483        2121212.12121212       5.233232578949593E-005
   5739210.28466483        2323232.32323232       5.224992841409491E-005
   5739210.28466483        2525252.52525252       5.210165235288359E-005
   5739210.28466483        2727272.72727273       5.188199571163102E-005
   5739210.28466483        2929292.92929293       5.158156559238815E-005
   5739210.28466483        3131313.13131313       5.118788417765557E-005
   5739210.28466483        3333333.33333333       5.068630556449599E-005
   5739210.28466483        3535353.53535353       5.006103193994036E-005
   5739210.28466483        3737373.73737374       4.929622517684402E-005
   5739210.28466483        3939393.93939394       4.837718984222667E-005
   5739210.28466483        4141414.14141414       4.729156795295892E-005
   5739210.28466483        4343434.34343434       4.603045182115830E-005
   5739210.28466483        4545454.54545454       4.458930566584980E-005
   5739210.28466483        4747474.74747475       4.296859943361050E-005
   5739210.28466483        4949494.94949495       4.117409858884701E-005
   5739210.28466483        5151515.15151515       3.921680914769994E-005
   5739210.28466483        5353535.35353535       3.711262885395837E-005
   5739210.28466483        5555555.55555555       3.488178581060591E-005
   5739210.28466483        5757575.75757576       3.254814754989562E-005
   5739210.28466483        5959595.95959596       3.013846170127556E-005
   5739210.28466483        6161616.16161616       2.768155844125636E-005
   5739210.28466483        6363636.36363636       2.520752027758828E-005
   5739210.28466483        6565656.56565657       2.274681578624051E-005
   5739210.28466483        6767676.76767677       2.032940106053647E-005
   5739210.28466483        6969696.96969697       1.798380934963705E-005
   5739210.28466483        7171717.17171717       1.573626691589256E-005
   5739210.28466483        7373737.37373737       1.360988464868133E-005
   5739210.28466483        7575757.57575757       1.162397729522031E-005
   5739210.28466483        7777777.77777778       9.793555610195597E-006
   5739210.28466483        7979797.97979798       8.129023640448582E-006
   5739210.28466483        8181818.18181818       6.636096727661806E-006
   5739210.28466483        8383838.38383838       5.315938327652247E-006
   5739210.28466483        8585858.58585858       4.165497476320090E-006
   5739210.28466483        8787878.78787879       3.178015117043314E-006
   5739210.28466483        8989898.98989899       2.343657469536210E-006
   5739210.28466483        9191919.19191919       1.650228687323050E-006
   5739210.28466483        9393939.39393939       1.083913388575237E-006
   5739210.28466483        9595959.59595960       6.300020773424024E-007
   5739210.28466483        9797979.79797980       2.735585989738556E-007
   5739210.28466483        10000000.0000000       0.000000000000000E+000
   6049382.71604938       -10000000.0000000       0.000000000000000E+000
   6049382.71604938       -9797979.79797980       2.215133023188643E-008
   6049382.71604938       -9595959.59595960       5.327271056757292E-008
   6049382.71604938       -9393939.39393939       9.617718207112050E-008
   6049382.71604938       -9191919.19191919       1.542774282475255E-007
   6049382.71604938       -8989898.98989899       2.316209369036470E-007
   6049382.71604938       -8787878.78787879       3.328963349161704E-007
   6049382.71604938       -8585858.58585859       4.634040444921345E-007
   6049382.71604938       -8383838.38383838       6.289848448637442E-007
   6049382.71604938       -8181818.18181818       8.359021512498626E-007
   6049382.71604938       -7979797.97979798       1.090676931915027E-006
   6049382.71604938       -7777777.77777778       1.399877941661713E-006
   6049382.71604938       -7575757.57575758       1.769874055816673E-006
   6049382.71604938       -7373737.37373737       2.206559558509830E-006
   6049382.71604938       -7171717.17171717       2.715066852005339E-006
   6049382.71604938       -6969696.96969697       3.299483806397806E-006
   6049382.71604938       -6767676.76767677       3.962594527057331E-006
   6049382.71604938       -6565656.56565657       4.705662458888217E-006
   6049382.71604938       -6363636.36363636       5.528273388620795E-006
   6049382.71604938       -6161616.16161616       6.428253113019484E-006
   6049382.71604938       -5959595.95959596       7.401670515219006E-006
   6049382.71604938       -5757575.75757576       8.442931855391045E-006
   6049382.71604938       -5555555.55555556       9.544966647752313E-006
   6049382.71604938       -5353535.35353535       1.069950002846526E-005
   6049382.71604938       -5151515.15151515       1.189740148276323E-005
   6049382.71604938       -4949494.94949495       1.312909557857785E-005
   6049382.71604938       -4747474.74747475       1.438501714006706E-005
   6049382.71604938       -4545454.54545455       1.565609096812643E-005
   6049382.71604938       -4343434.34343434       1.693421428394375E-005
   6049382.71604938       -4141414.14141414       1.821271777209602E-005
   6049382.71604938       -3939393.93939394       1.948677774366653E-005
   6049382.71604938       -3737373.73737374       2.075374747663408E-005
   6049382.71604938       -3535353.53535354       2.201337135179043E-005
   6049382.71604938       -3333333.33333333       2.326784343551461E-005
   6049382.71604938       -3131313.13131313       2.452167579966927E-005
   6049382.71604938       -2929292.92929293       2.578135353200899E-005
   6049382.71604938       -2727272.72727273       2.705477314973757E-005
   6049382.71604938       -2525252.52525253       2.835048580906055E-005
   6049382.71604938       -2323232.32323232       2.967679058098379E-005
   6049382.71604938       -2121212.12121212       3.104074028502369E-005
   6049382.71604938       -1919191.91919192       3.244713009825327E-005
   6049382.71604938       -1717171.71717172       3.389753960739723E-005
   6049382.71604938       -1515151.51515152       3.538949870078600E-005
   6049382.71604938       -1313131.31313131       3.691585371382276E-005
   6049382.71604938       -1111111.11111111       3.846442448965940E-005
   6049382.71604938       -909090.909090910       4.001805820820268E-005
   6049382.71604938       -707070.707070708       4.155518575863665E-005
   6049382.71604938       -505050.505050506       4.305095216468292E-005
   6049382.71604938       -303030.303030305       4.447891296775200E-005
   6049382.71604938       -101010.101010101       4.581317009786004E-005
   6049382.71604938        101010.101010101       4.703069140965790E-005
   6049382.71604938        303030.303030303       4.811346014086639E-005
   6049382.71604938        505050.505050505       4.905007560847764E-005
   6049382.71604938        707070.707070706       4.983649708044116E-005
   6049382.71604938        909090.909090908       5.047578024266279E-005
   6049382.71604938        1111111.11111111       5.097685980356180E-005
   6049382.71604938        1313131.31313131       5.135262381459022E-005
   6049382.71604938        1515151.51515151       5.161764940695913E-005
   6049382.71604938        1717171.71717172       5.178599384056680E-005
   6049382.71604938        1919191.91919192       5.186936214489918E-005
   6049382.71604938        2121212.12121212       5.187583808906845E-005
   6049382.71604938        2323232.32323232       5.180921918311861E-005
   6049382.71604938        2525252.52525252       5.166888382389307E-005
   6049382.71604938        2727272.72727273       5.145006316648283E-005
   6049382.71604938        2929292.92929293       5.114438988942826E-005
   6049382.71604938        3131313.13131313       5.074063023946549E-005
   6049382.71604938        3333333.33333333       5.022554797390167E-005
   6049382.71604938        3535353.53535353       4.958487748823835E-005
   6049382.71604938        3737373.73737374       4.880438810751854E-005
   6049382.71604938        3939393.93939394       4.787100387117794E-005
   6049382.71604938        4141414.14141414       4.677391413108170E-005
   6049382.71604938        4343434.34343434       4.550558542715255E-005
   6049382.71604938        4545454.54545454       4.406257856927131E-005
   6049382.71604938        4747474.74747475       4.244609370808997E-005
   6049382.71604938        4949494.94949495       4.066220685117854E-005
   6049382.71604938        5151515.15151515       3.872181038548171E-005
   6049382.71604938        5353535.35353535       3.664031022466273E-005
   6049382.71604938        5555555.55555555       3.443714993139236E-005
   6049382.71604938        5757575.75757576       3.213522485825902E-005
   6049382.71604938        5959595.95959596       2.976022553074256E-005
   6049382.71604938        6161616.16161616       2.733992360083407E-005
   6049382.71604938        6363636.36363636       2.490339829756859E-005
   6049382.71604938        6565656.56565657       2.248020155767168E-005
   6049382.71604938        6767676.76767677       2.009947303674739E-005
   6049382.71604938        6969696.96969697       1.778903438151724E-005
   6049382.71604938        7171717.17171717       1.557450769076341E-005
   6049382.71604938        7373737.37373737       1.347851106508011E-005
   6049382.71604938        7575757.57575757       1.151998319285016E-005
   6049382.71604938        7777777.77777778       9.713680353370126E-006
   6049382.71604938        7979797.97979798       8.069875567124725E-006
   6049382.71604938        8181818.18181818       6.594273506474345E-006
   6049382.71604938        8383838.38383838       5.288138354570392E-006
   6049382.71604938        8585858.58585858       4.148616661704677E-006
   6049382.71604938        8787878.78787879       3.169224535749621E-006
   6049382.71604938        8989898.98989899       2.340459022254035E-006
   6049382.71604938        9191919.19191919       1.650487809269556E-006
   6049382.71604938        9393939.39393939       1.085869672670531E-006
   6049382.71604938        9595959.59595960       6.322602599304446E-007
   6049382.71604938        9797979.79797980       2.750635445609304E-007
   6049382.71604938        10000000.0000000       0.000000000000000E+000
   6367717.57983879       -10000000.0000000       0.000000000000000E+000
   6367717.57983879       -9797979.79797980       2.113376353924945E-008
   6367717.57983879       -9595959.59595960       5.077516399151645E-008
   6367717.57983879       -9393939.39393939       9.158830873485045E-008
   6367717.57983879       -9191919.19191919       1.468060763453555E-007
   6367717.57983879       -8989898.98989899       2.202647288268802E-007
   6367717.57983879       -8787878.78787879       3.164118916501388E-007
   6367717.57983879       -8585858.58585859       4.402814653012255E-007
   6367717.57983879       -8383838.38383838       5.974293843312752E-007
   6367717.57983879       -8181818.18181818       7.938261502875596E-007
   6367717.57983879       -7979797.97979798       1.035704892437307E-006
   6367717.57983879       -7777777.77777778       1.329367147369319E-006
   6367717.57983879       -7575757.57575758       1.680952327127595E-006
   6367717.57983879       -7373737.37373737       2.096180621954380E-006
   6367717.57983879       -7171717.17171717       2.580082481346010E-006
   6367717.57983879       -6969696.96969697       3.136730472941004E-006
   6367717.57983879       -6767676.76767677       3.768990929046318E-006
   6367717.57983879       -6565656.56565657       4.478313148221750E-006
   6367717.57983879       -6363636.36363636       5.264572936305861E-006
   6367717.57983879       -6161616.16161616       6.125984983837410E-006
   6367717.57983879       -5959595.95959596       7.059095134595245E-006
   6367717.57983879       -5757575.75757576       8.058859244191011E-006
   6367717.57983879       -5555555.55555556       9.118810365347820E-006
   6367717.57983879       -5353535.35353535       1.023131077489907E-005
   6367717.57983879       -5151515.15151515       1.138788023693114E-005
   6367717.57983879       -4949494.94949495       1.257958721234886E-005
   6367717.57983879       -4747474.74747475       1.379748572746338E-005
   6367717.57983879       -4545454.54545455       1.503307738378530E-005
   6367717.57983879       -4343434.34343434       1.627877536485313E-005
   6367717.57983879       -4141414.14141414       1.752834487556103E-005
   6367717.57983879       -3939393.93939394       1.877729178819046E-005
   6367717.57983879       -3737373.73737374       2.002316826949302E-005
   6367717.57983879       -3535353.53535354       2.126576156314038E-005
   6367717.57983879       -3333333.33333333       2.250713173462806E-005
   6367717.57983879       -3131313.13131313       2.375146862227512E-005
   6367717.57983879       -2929292.92929293       2.500474965550853E-005
   6367717.57983879       -2727272.72727273       2.627419883897254E-005
   6367717.57983879       -2525252.52525253       2.756757029793505E-005
   6367717.57983879       -2323232.32323232       2.889230198028572E-005
   6367717.57983879       -2121212.12121212       3.025460063941097E-005
   6367717.57983879       -1919191.91919192       3.165852497651551E-005
   6367717.57983879       -1717171.71717172       3.310513155343004E-005
   6367717.57983879       -1515151.51515152       3.459174398658365E-005
   6367717.57983879       -1313131.31313131       3.611140718153071E-005
   6367717.57983879       -1111111.11111111       3.765259806440222E-005
   6367717.57983879       -909090.909090910       3.919927739939967E-005
   6367717.57983879       -707070.707070708       4.073137046680810E-005
   6367717.57983879       -505050.505050506       4.222574071011608E-005
   6367717.57983879       -303030.303030305       4.365765833884340E-005
   6367717.57983879       -101010.101010101       4.500266801657065E-005
   6367717.57983879        101010.101010101       4.623864742575838E-005
   6367717.57983879        303030.303030303       4.734775721408242E-005
   6367717.57983879        505050.505050505       4.831794993919452E-005
   6367717.57983879        707070.707070706       4.914375439737334E-005
   6367717.57983879        909090.909090908       4.982617921331830E-005
   6367717.57983879        1111111.11111111       5.037175453409462E-005
   6367717.57983879        1313131.31313131       5.079090330431728E-005
   6367717.57983879        1515151.51515151       5.109595367436903E-005
   6367717.57983879        1717171.71717172       5.129913988478698E-005
   6367717.57983879        1919191.91919192       5.141088865142911E-005
   6367717.57983879        2121212.12121212       5.143857849036207E-005
   6367717.57983879        2323232.32323232       5.138583310070066E-005
   6367717.57983879        2525252.52525252       5.125230694008770E-005
   6367717.57983879        2727272.72727273       5.103386452773004E-005
   6367717.57983879        2929292.92929293       5.072304587038523E-005
   6367717.57983879        3131313.13131313       5.030973283583907E-005
   6367717.57983879        3333333.33333333       4.978196285283403E-005
   6367717.57983879        3535353.53535353       4.912685806403362E-005
   6367717.57983879        3737373.73737374       4.833164061838615E-005
   6367717.57983879        3939393.93939394       4.738468964808859E-005
   6367717.57983879        4141414.14141414       4.627657262333418E-005
   6367717.57983879        4343434.34343434       4.500096698133617E-005
   6367717.57983879        4545454.54545454       4.355538887123353E-005
   6367717.57983879        4747474.74747475       4.194166881576180E-005
   6367717.57983879        4949494.94949495       4.016615334826065E-005
   6367717.57983879        5151515.15151515       3.823965355786208E-005
   6367717.57983879        5353535.35353535       3.617719069758059E-005
   6367717.57983879        5555555.55555555       3.399759639232130E-005
   6367717.57983879        5757575.75757576       3.172301193139411E-005
   6367717.57983879        5959595.95959596       2.937830819972229E-005
   6367717.57983879        6161616.16161616       2.699042837715659E-005
   6367717.57983879        6363636.36363636       2.458764880859761E-005
   6367717.57983879        6565656.56565657       2.219876086058104E-005
   6367717.57983879        6767676.76767677       1.985219298877431E-005
   6367717.57983879        6969696.96969697       1.757510994038929E-005
   6367717.57983879        7171717.17171717       1.539253865481813E-005
   6367717.57983879        7373737.37373737       1.332657492798523E-005
   6367717.57983879        7575757.57575757       1.139572129691051E-005
   6367717.57983879        7777777.77777778       9.614396747164993E-006
   6367717.57983879        7979797.97979798       7.992645158367738E-006
   6367717.57983879        8181818.18181818       6.536054050839618E-006
   6367717.57983879        8383838.38383838       5.245879856295912E-006
   6367717.57983879        8585858.58585858       4.119361851153296E-006
   6367717.57983879        8787878.78787879       3.150195014317674E-006
   6367717.57983879        8989898.98989899       2.329123146882914E-006
   6367717.57983879        9191919.19191919       1.644608156137185E-006
   6367717.57983879        9393939.39393939       1.083529731405352E-006
   6367717.57983879        9595959.59595960       6.318716584375556E-007
   6367717.57983879        9797979.79797980       2.753564238108402E-007
   6367717.57983879        10000000.0000000       0.000000000000000E+000
   6694214.87603306       -10000000.0000000       0.000000000000000E+000
   6694214.87603306       -9797979.79797980       1.999091419099671E-008
   6694214.87603306       -9595959.59595960       4.799135748321430E-008
   6694214.87603306       -9393939.39393939       8.651044082643968E-008
   6694214.87603306       -9191919.19191919       1.385954896321371E-007
   6694214.87603306       -8989898.98989899       2.078666043587832E-007
   6694214.87603306       -8787878.78787879       2.985268445449152E-007
   6694214.87603306       -8585858.58585859       4.153419809706632E-007
   6694214.87603306       -8383838.38383838       5.635840172114205E-007
   6694214.87603306       -8181818.18181818       7.489344689840218E-007
   6694214.87603306       -7979797.97979798       9.773459352564274E-007
   6694214.87603306       -7777777.77777778       1.254863618956556E-006
   6694214.87603306       -7575757.57575758       1.587411921694780E-006
   6694214.87603306       -7373737.37373737       1.980554740643356E-006
   6694214.87603306       -7171717.17171717       2.439241299034381E-006
   6694214.87603306       -6969696.96969697       2.967551916796696E-006
   6694214.87603306       -6767676.76767677       3.568459796860378E-006
   6694214.87603306       -6565656.56565657       4.243625470636555E-006
   6694214.87603306       -6363636.36363636       4.993239920443695E-006
   6694214.87603306       -6161616.16161616       5.815930590025620E-006
   6694214.87603306       -5959595.95959596       6.708741613008568E-006
   6694214.87603306       -5757575.75757576       7.667195810195376E-006
   6694214.87603306       -5555555.55555556       8.685441552260673E-006
   6694214.87603306       -5353535.35353535       9.756482700969069E-006
   6694214.87603306       -5151515.15151515       1.087248478612740E-005
   6694214.87603306       -4949494.94949495       1.202514560393978E-005
   6694214.87603306       -4747474.74747475       1.320611377432717E-005
   6694214.87603306       -4545454.54545455       1.440743465475455E-005
   6694214.87603306       -4343434.34343434       1.562199945685516E-005
   6694214.87603306       -4141414.14141414       1.684397040350013E-005
   6694214.87603306       -3939393.93939394       1.806915220007481E-005
   6694214.87603306       -3737373.73737374       1.929527805559877E-005
   6694214.87603306       -3535353.53535354       2.052217757905326E-005
   6694214.87603306       -3333333.33333333       2.175179545515974E-005
   6694214.87603306       -3131313.13131313       2.298803579022399E-005
   6694214.87603306       -2929292.92929293       2.423641902515028E-005
   6694214.87603306       -2727272.72727273       2.550355633736606E-005
   6694214.87603306       -2525252.52525253       2.679646788690466E-005
   6694214.87603306       -2323232.32323232       2.812179116345220E-005
   6694214.87603306       -2121212.12121212       2.948493872878220E-005
   6694214.87603306       -1919191.91919192       3.088926795756745E-005
   6694214.87603306       -1717171.71717172       3.233532064087064E-005
   6694214.87603306       -1515151.51515152       3.382018344859316E-005
   6694214.87603306       -1313131.31313131       3.533701832728928E-005
   6694214.87603306       -1111111.11111111       3.687481860317973E-005
   6694214.87603306       -909090.909090910       3.841845839420733E-005
   6694214.87603306       -707070.707070708       3.994910873312621E-005
   6694214.87603306       -505050.505050506       4.144507846910680E-005
   6694214.87603306       -303030.303030305       4.288308991530140E-005
   6694214.87603306       -101010.101010101       4.423991825292200E-005
   6694214.87603306        101010.101010101       4.549422590202040E-005
   6694214.87603306        303030.303030303       4.662833811354369E-005
   6694214.87603306        505050.505050505       4.762966739137331E-005
   6694214.87603306        707070.707070706       4.849152538691137E-005
   6694214.87603306        909090.909090908       4.921316323257126E-005
   6694214.87603306        1111111.11111111       4.979903116197709E-005
   6694214.87603306        1313131.31313131       5.025740363554035E-005
   6694214.87603306        1515151.51515151       5.059863188655980E-005
   6694214.87603306        1717171.71717172       5.083333065195374E-005
   6694214.87603306        1919191.91919192       5.097077403171045E-005
   6694214.87603306        2121212.12121212       5.101768700233518E-005
   6694214.87603306        2323232.32323232       5.097750984185375E-005
   6694214.87603306        2525252.52525252       5.085011838817481E-005
   6694214.87603306        2727272.72727273       5.063192603291801E-005
   6694214.87603306        2929292.92929293       5.031627714711626E-005
   6694214.87603306        3131313.13131313       4.989405421985629E-005
   6694214.87603306        3333333.33333333       4.935444354065110E-005
   6694214.87603306        3535353.53535353       4.868582022344820E-005
   6694214.87603306        3737373.73737374       4.787671436664510E-005
   6694214.87603306        3939393.93939394       4.691680752988088E-005
   6694214.87603306        4141414.14141414       4.579789147943124E-005
   6694214.87603306        4343434.34343434       4.451471130165885E-005
   6694214.87603306        4545454.54545454       4.306562179386975E-005
   6694214.87603306        4747474.74747475       4.145301130495458E-005
   6694214.87603306        4949494.94949495       3.968348364016320E-005
   6694214.87603306        5151515.15151515       3.776782297731337E-005
   6694214.87603306        5353535.35353535       3.572078633108161E-005
   6694214.87603306        5555555.55555555       3.356076765929378E-005
   6694214.87603306        5757575.75757576       3.130936186946570E-005
   6694214.87603306        5959595.95959596       2.899083714480524E-005
   6694214.87603306        6161616.16161616       2.663151161687952E-005
   6694214.87603306        6363636.36363636       2.425903121088253E-005
   6694214.87603306        6565656.56565657       2.190155790665187E-005
   6694214.87603306        6767676.76767677       1.958689532527100E-005
   6694214.87603306        6969696.96969697       1.734159441617056E-005
   6694214.87603306        7171717.17171717       1.519009138974842E-005
   6694214.87603306        7373737.37373737       1.315393144636039E-005
   6694214.87603306        7575757.57575757       1.125112625183943E-005
   6694214.87603306        7777777.77777778       9.495682554675098E-006
   6694214.87603306        7979797.97979798       7.897325949637414E-006
   6694214.87603306        8181818.18181818       6.461429291914888E-006
   6694214.87603306        8383838.38383838       5.189140951101061E-006
   6694214.87603306        8585858.58585858       4.077694970835554E-006
   6694214.87603306        8787878.78787879       3.120874104824735E-006
   6694214.87603306        8989898.98989899       2.309588338236668E-006
   6694214.87603306        9191919.19191919       1.632526405180455E-006
   6694214.87603306        9393939.39393939       1.076836256129382E-006
   6694214.87603306        9595959.59595960       6.287923693206756E-007
   6694214.87603306        9797979.79797980       2.744129646942999E-007
   6694214.87603306        10000000.0000000       0.000000000000000E+000
   7028874.60463218       -10000000.0000000       0.000000000000000E+000
   7028874.60463218       -9797979.79797980       1.874258720725396E-008
   7028874.60463218       -9595959.59595960       4.496789006475321E-008
   7028874.60463218       -9393939.39393939       8.102542267323683E-008
   7028874.60463218       -9191919.19191919       1.297726853884256E-007
   7028874.60463218       -8989898.98989899       1.946100561327466E-007
   7028874.60463218       -8787878.78787879       2.794935936194362E-007
   7028874.60463218       -8585858.58585859       3.889200501911023E-007
   7028874.60463218       -8383838.38383838       5.278785442612292E-007
   7028874.60463218       -8181818.18181818       7.017649052519822E-007
   7028874.60463218       -7979797.97979798       9.162569713097278E-007
   7028874.60463218       -7777777.77777778       1.177151938786603E-006
   7028874.60463218       -7575757.57575758       1.490170029365767E-006
   7028874.60463218       -7373737.37373737       1.860731987053605E-006
   7028874.60463218       -7171717.17171717       2.293720941881389E-006
   7028874.60463218       -6969696.96969697       2.793241683412174E-006
   7028874.60463218       -6767676.76767677       3.362392119060870E-006
   7028874.60463218       -6565656.56565657       4.003062463924712E-006
   7028874.60463218       -6363636.36363636       4.715777421938493E-006
   7028874.60463218       -6161616.16161616       5.499595264358153E-006
   7028874.60463218       -5959595.95959596       6.352075360351194E-006
   7028874.60463218       -5757575.75757576       7.269322490660239E-006
   7028874.60463218       -5555555.55555556       8.246112333342901E-006
   7028874.60463218       -5353535.35353535       9.276098014206132E-006
   7028874.60463218       -5151515.15151515       1.035209272857141E-005
   7028874.60463218       -4949494.94949495       1.146641833661735E-005
   7028874.60463218       -4747474.74747475       1.261130470165645E-005
   7028874.60463218       -4545454.54545455       1.377931959520947E-005
   7028874.60463218       -4343434.34343434       1.496380446989040E-005
   7028874.60463218       -4141414.14141414       1.615928754418112E-005
   7028874.60463218       -3939393.93939394       1.736184272342532E-005
   7028874.60463218       -3737373.73737374       1.856936129364139E-005
   7028874.60463218       -3535353.53535354       1.978170375326390E-005
   7028874.60463218       -3333333.33333333       2.100070267864600E-005
   7028874.60463218       -3131313.13131313       2.222999546151605E-005
   7028874.60463218       -2929292.92929293       2.347467898558880E-005
   7028874.60463218       -2727272.72727273       2.474079626319179E-005
   7028874.60463218       -2525252.52525253       2.603468499120846E-005
   7028874.60463218       -2323232.32323232       2.736223532294698E-005
   7028874.60463218       -2121212.12121212       2.872811421276625E-005
   7028874.60463218       -1919191.91919192       3.013501422242673E-005
   7028874.60463218       -1717171.71717172       3.158297762200270E-005
   7028874.60463218       -1515151.51515152       3.306883772744120E-005
   7028874.60463218       -1313131.31313131       3.458581548154759E-005
   7028874.60463218       -1111111.11111111       3.612331410592182E-005
   7028874.60463218       -909090.909090910       3.766696574166825E-005
   7028874.60463218       -707070.707070708       3.919899190186707E-005
   7028874.60463218       -505050.505050506       4.069893080467894E-005
   7028874.60463218       -303030.303030305       4.214474788101407E-005
   7028874.60463218       -101010.101010101       4.351427883716944E-005
   7028874.60463218        101010.101010101       4.478686939729308E-005
   7028874.60463218        303030.303030303       4.594499694175692E-005
   7028874.60463218        505050.505050505       4.697561656027781E-005
   7028874.60463218        707070.707070706       4.787099060951031E-005
   7028874.60463218        909090.909090908       4.862884187461052E-005
   7028874.60463218        1111111.11111111       4.925179849211892E-005
   7028874.60463218        1313131.31313131       4.974623861122630E-005
   7028874.60463218        1515151.51515151       5.012075382774959E-005
   7028874.60463218        1717171.71717172       5.038450232013523E-005
   7028874.60463218        1919191.91919192       5.054570629458473E-005
   7028874.60463218        2121212.12121212       5.061047811048462E-005
   7028874.60463218        2323232.32323232       5.058206515078989E-005
   7028874.60463218        2525252.52525252       5.046051705983688E-005
   7028874.60463218        2727272.72727273       5.024272203886825E-005
   7028874.60463218        2929292.92929293       4.992273693167692E-005
   7028874.60463218        3131313.13131313       4.949234012988077E-005
   7028874.60463218        3333333.33333333       4.894175123392770E-005
   7028874.60463218        3535353.53535353       4.826047253274845E-005
   7028874.60463218        3737373.73737374       4.743820724856159E-005
   7028874.60463218        3939393.93939394       4.646579934975384E-005
   7028874.60463218        4141414.14141414       4.533612753536725E-005
   7028874.60463218        4343434.34343434       4.404488195585091E-005
   7028874.60463218        4545454.54545454       4.259116337853719E-005
   7028874.60463218        4747474.74747475       4.097787051938869E-005
   7028874.60463218        4949494.94949495       3.921187390546120E-005
   7028874.60463218        5151515.15151515       3.730400159784124E-005
   7028874.60463218        5353535.35353535       3.526887361439998E-005
   7028874.60463218        5555555.55555555       3.312461614344010E-005
   7028874.60463218        5757575.75757576       3.089247053540463E-005
   7028874.60463218        5959595.95959596       2.859629676564102E-005
   7028874.60463218        6161616.16161616       2.626196554586278E-005
   7028874.60463218        6363636.36363636       2.391664007459713E-005
   7028874.60463218        6565656.56565657       2.158796381266818E-005
   7028874.60463218        6767676.76767677       1.930318794763648E-005
   7028874.60463218        6969696.96969697       1.708828546234839E-005
   7028874.60463218        7171717.17171717       1.496710487874726E-005
   7028874.60463218        7373737.37373737       1.296061558456927E-005
   7028874.60463218        7575757.57575757       1.108628965152207E-005
   7028874.60463218        7777777.77777778       9.357654202033473E-006
   7028874.60463218        7979797.97979798       7.784035442091646E-006
   7028874.60463218        8181818.18181818       6.370501798374956E-006
   7028874.60463218        8383838.38383838       5.118000203276674E-006
   7028874.60463218        8585858.58585858       4.023667312899638E-006
   7028874.60463218        8787878.78787879       3.081287083434138E-006
   7028874.60463218        8989898.98989899       2.281858339887063E-006
   7028874.60463218        9191919.19191919       1.614231259608010E-006
   7028874.60463218        9393939.39393939       1.065770333657819E-006
   7028874.60463218        9595959.59595960       6.230033260715924E-007
   7028874.60463218        9797979.79797980       2.722207701228957E-007
   7028874.60463218        10000000.0000000       0.000000000000000E+000
   7371696.76563616       -10000000.0000000       0.000000000000000E+000
   7371696.76563616       -9797979.79797980       1.741078495993017E-008
   7371696.76563616       -9595959.59595960       4.175626920148634E-008
   7371696.76563616       -9393939.39393939       7.522327332966663E-008
   7371696.76563616       -9191919.19191919       1.204767059782060E-007
   7371696.76563616       -8989898.98989899       1.806950542338124E-007
   7371696.76563616       -8787878.78787879       2.595860817178465E-007
   7371696.76563616       -8585858.58585859       3.613773639341245E-007
   7371696.76563616       -8383838.38383838       4.907763339121405E-007
   7371696.76563616       -8181818.18181818       6.528958516562906E-007
   7371696.76563616       -7979797.97979798       8.531433061633869E-007
   7371696.76563616       -7777777.77777778       1.097073781691318E-006
   7371696.76563616       -7575757.57575758       1.390210698463649E-006
   7371696.76563616       -7373737.37373737       1.737840338529491E-006
   7371696.76563616       -7171717.17171717       2.144789523341481E-006
   7371696.76563616       -6969696.96969697       2.615198153041244E-006
   7371696.76563616       -6767676.76767677       3.152300111790439E-006
   7371696.76563616       -6565656.56565657       3.758227009817438E-006
   7371696.76563616       -6363636.36363636       4.433849266126124E-006
   7371696.76563616       -6161616.16161616       5.178668107479139E-006
   7371696.76563616       -5959595.95959596       5.990770206110899E-006
   7371696.76563616       -5757575.75757576       6.866853981248204E-006
   7371696.76563616       -5555555.55555556       7.802333147016016E-006
   7371696.76563616       -5353535.35353535       8.791518998867984E-006
   7371696.76563616       -5151515.15151515       9.827878280743959E-006
   7371696.76563616       -4949494.94949495       1.090435835775921E-005
   7371696.76563616       -4747474.74747475       1.201376596096195E-005
   7371696.76563616       -4545454.54545455       1.314918017391332E-005
   7371696.76563616       -4343434.34343434       1.430437491156313E-005
   7371696.76563616       -4141414.14141414       1.547422135340994E-005
   7371696.76563616       -3939393.93939394       1.665503723613360E-005
   7371696.76563616       -3737373.73737374       1.784484834245294E-005
   7371696.76563616       -3535353.53535354       1.904352885681746E-005
   7371696.76563616       -3333333.33333333       2.025279249814881E-005
   7371696.76563616       -3131313.13131313       2.147601631516662E-005
   7371696.76563616       -2929292.92929293       2.271789384786513E-005
   7371696.76563616       -2727272.72727273       2.398393270403823E-005
   7371696.76563616       -2525252.52525253       2.527983035947521E-005
   7371696.76563616       -2323232.32323232       2.661077680304335E-005
   7371696.76563616       -2121212.12121212       2.798073956553615E-005
   7371696.76563616       -1919191.91919192       2.939178428594391E-005
   7371696.76563616       -1717171.71717172       3.084347472001575E-005
   7371696.76563616       -1515151.51515152       3.233238568293604E-005
   7371696.76563616       -1313131.31313131       3.385175724980286E-005
   7371696.76563616       -1111111.11111111       3.539132226424186E-005
   7371696.76563616       -909090.909090910       3.693734992529037E-005
   7371696.76563616       -707070.707070708       3.847295782504436E-005
   7371696.76563616       -505050.505050506       3.997874127365012E-005
   7371696.76563616       -303030.303030305       4.143374118449715E-005
   7371696.76563616       -101010.101010101       4.281671665412345E-005
   7371696.76563616        101010.101010101       4.410761405251311E-005
   7371696.76563616        303030.303030303       4.528905132592119E-005
   7371696.76563616        505050.505050505       4.634759082417076E-005
   7371696.76563616        707070.707070706       4.727457871076122E-005
   7371696.76563616        909090.909090908       4.806639182885313E-005
   7371696.76563616        1111111.11111111       4.872404176438235E-005
   7371696.76563616        1313131.31313131       4.925221148450153E-005
   7371696.76563616        1515151.51515151       4.965790611542210E-005
   7371696.76563616        1717171.71717172       4.994895673028783E-005
   7371696.76563616        1919191.91919192       5.013261278557779E-005
   7371696.76563616        2121212.12121212       5.021440442083865E-005
   7371696.76563616        2323232.32323232       5.019737484808394E-005
   7371696.76563616        2525252.52525252       5.008170393469038E-005
   7371696.76563616        2727272.72727273       4.986468766583855E-005
   7371696.76563616        2929292.92929293       4.954101152924856E-005
   7371696.76563616        3131313.13131313       4.910325313701408E-005
   7371696.76563616        3333333.33333333       4.854255776985912E-005
   7371696.76563616        3535353.53535353       4.784943757213594E-005
   7371696.76563616        3737373.73737374       4.701464422158368E-005
   7371696.76563616        3939393.93939394       4.603005707724655E-005
   7371696.76563616        4141414.14141414       4.488952099066438E-005
   7371696.76563616        4343434.34343434       4.358956862202170E-005
   7371696.76563616        4545454.54545454       4.212997618502619E-005
   7371696.76563616        4747474.74747475       4.051412704877445E-005
   7371696.76563616        4949494.94949495       3.874918590701570E-005
   7371696.76563616        5151515.15151515       3.684610640899887E-005
   7371696.76563616        5353535.35353535       3.481950032543731E-005
   7371696.76563616        5555555.55555555       3.268738760352539E-005
   7371696.76563616        5757575.75757576       3.047083224639064E-005
   7371696.76563616        5959595.95959596       2.819345894253861E-005
   7371696.76563616        6161616.16161616       2.588084604219679E-005
   7371696.76563616        6363636.36363636       2.355980167954326E-005
   7371696.76563616        6565656.56565657       2.125754650235506E-005
   7371696.76563616        6767676.76767677       1.900084224658569E-005
   7371696.76563616        6969696.96969697       1.681511573517334E-005
   7371696.76563616        7171717.17171717       1.472363113431391E-005
   7371696.76563616        7373737.37373737       1.274676010122236E-005
   7371696.76563616        7575757.57575757       1.090139150035154E-005
   7371696.76563616        7777777.77777778       9.200511430418787E-006
   7371696.76563616        7979797.97979798       7.652971825641271E-006
   7371696.76563616        8181818.18181818       6.263452937968350E-006
   7371696.76563616        8383838.38383838       5.032612416964781E-006
   7371696.76563616        8585858.58585858       3.957402231520889E-006
   7371696.76563616        8787878.78787879       3.031525028048749E-006
   7371696.76563616        8989898.98989899       2.245994322867377E-006
   7371696.76563616        9191919.19191919       1.589758663365255E-006
   7371696.76563616        9393939.39393939       1.050348815221462E-006
   7371696.76563616        9595959.59595960       6.145090991384376E-007
   7371696.76563616        9797979.79797980       2.687789598331667E-007
   7371696.76563616        10000000.0000000       0.000000000000000E+000
   7722681.35904500       -10000000.0000000       0.000000000000000E+000
   7722681.35904500       -9797979.79797980       1.601903439170760E-008
   7722681.35904500       -9595959.59595960       3.841134824396881E-008
   7722681.35904500       -9393939.39393939       6.919948680522827E-008
   7722681.35904500       -9191919.19191919       1.108545081170770E-007
   7722681.35904500       -8989898.98989899       1.663322293624775E-007
   7722681.35904500       -8787878.78787879       2.390919613049409E-007
   7722681.35904500       -8585858.58585859       3.330926775576707E-007
   7722681.35904500       -8383838.38383838       4.527614995109744E-007
   7722681.35904500       -8181818.18181818       6.029305004018753E-007
   7722681.35904500       -7979797.97979798       7.887395625818358E-007
   7722681.35904500       -7777777.77777778       1.015505258623280E-006
   7722681.35904500       -7575757.57575758       1.288558327020001E-006
   7722681.35904500       -7373737.37373737       1.613055076604396E-006
   7722681.35904500       -7171717.17171717       1.993770746235118E-006
   7722681.35904500       -6969696.96969697       2.434885227333031E-006
   7722681.35904500       -6767676.76767677       2.939773407834652E-006
   7722681.35904500       -6565656.56565657       3.510813544276086E-006
   7722681.35904500       -6363636.36363636       4.149227402134826E-006
   7722681.35904500       -6161616.16161616       4.854965375385339E-006
   7722681.35904500       -5959595.95959596       5.626648411079727E-006
   7722681.35904500       -5757575.75757576       6.461576365045615E-006
   7722681.35904500       -5555555.55555556       7.355809452602239E-006
   7722681.35904500       -5353535.35353535       8.304325776143128E-006
   7722681.35904500       -5151515.15151515       9.301253535774595E-006
   7722681.35904500       -4949494.94949495       1.034017148467490E-005
   7722681.35904500       -4747474.74747475       1.141446554158635E-005
   7722681.35904500       -4545454.54545455       1.251772338653513E-005
   7722681.35904500       -4343434.34343434       1.364414268879568E-005
   7722681.35904500       -4141414.14141414       1.478892293821946E-005
   7722681.35904500       -3939393.93939394       1.594860653470951E-005
   7722681.35904500       -3737373.73737374       1.712133293639466E-005
   7722681.35904500       -3535353.53535354       1.830697148740166E-005
   7722681.35904500       -3333333.33333333       1.950710511064471E-005
   7722681.35904500       -3131313.13131313       2.072484887201445E-005
   7722681.35904500       -2929292.92929293       2.196450391811539E-005
   7722681.35904500       -2727272.72727273       2.323106633285385E-005
   7722681.35904500       -2525252.52525253       2.452962840252024E-005
   7722681.35904500       -2323232.32323232       2.586472233464942E-005
   7722681.35904500       -2121212.12121212       2.723966037821244E-005
   7722681.35904500       -1919191.91919192       2.865592005745946E-005
   7722681.35904500       -1717171.71717172       3.011261193667727E-005
   7722681.35904500       -1515151.51515152       3.160605572156178E-005
   7722681.35904500       -1313131.31313131       3.312948458630789E-005
   7722681.35904500       -1111111.11111111       3.467290073394665E-005
   7722681.35904500       -909090.909090910       3.622311576147856E-005
   7722681.35904500       -707070.707070708       3.776402035285159E-005
   7722681.35904500       -505050.505050506       3.927712843585393E-005
   7722681.35904500       -303030.303030305       4.074242091999907E-005
   7722681.35904500       -101010.101010101       4.213946895827373E-005
   7722681.35904500        101010.101010101       4.344875199081687E-005
   7722681.35904500        303030.303030303       4.465301829707936E-005
   7722681.35904500        505050.505050505       4.573848880443297E-005
   7722681.35904500        707070.707070706       4.669569998609394E-005
   7722681.35904500        909090.909090908       4.751982886048623E-005
   7722681.35904500        1111111.11111111       4.821043493217806E-005
   7722681.35904500        1313131.31313131       4.877066646093806E-005
   7722681.35904500        1515151.51515151       4.920607953061348E-005
   7722681.35904500        1717171.71717172       4.952327974174084E-005
   7722681.35904500        1919191.91919192       4.972860424179549E-005
   7722681.35904500        2121212.12121212       4.982702129180843E-005
   7722681.35904500        2323232.32323232       4.982135560881495E-005
   7722681.35904500        2525252.52525252       4.971187550491794E-005
   7722681.35904500        2727272.72727273       4.949622232686949E-005
   7722681.35904500        2929292.92929293       4.916963226236312E-005
   7722681.35904500        3131313.13131313       4.872539186316922E-005
   7722681.35904500        3333333.33333333       4.815547136711921E-005
   7722681.35904500        3535353.53535353       4.745128345018399E-005
   7722681.35904500        3737373.73737374       4.660451354793110E-005
   7722681.35904500        3939393.93939394       4.560796215192266E-005
   7722681.35904500        4141414.14141414       4.445633536039560E-005
   7722681.35904500        4343434.34343434       4.314692424181571E-005
   7722681.35904500        4545454.54545454       4.168012937005884E-005
   7722681.35904500        4747474.74747475       4.005981094322473E-005
   7722681.35904500        4949494.94949495       3.829346864697897E-005
   7722681.35904500        5151515.15151515       3.639226971837922E-005
   7722681.35904500        5353535.35353535       3.437094430418498E-005
   7722681.35904500        5555555.55555555       3.224755752707096E-005
   7722681.35904500        5757575.75757576       3.004315629969011E-005
   7722681.35904500        5959595.95959596       2.778128434341705E-005
   7722681.35904500        6161616.16161616       2.548736472614305E-005
   7722681.35904500        6363636.36363636       2.318796330700748E-005
   7722681.35904500        6565656.56565657       2.090996311619807E-005
   7722681.35904500        6767676.76767677       1.867969335241740E-005
   7722681.35904500        6969696.96969697       1.652206415495546E-005
   7722681.35904500        7171717.17171717       1.445975906037822E-005
   7722681.35904500        7373737.37373737       1.251253224259370E-005
   7722681.35904500        7575757.57575757       1.069664897028447E-005
   7722681.35904500        7777777.77777778       9.024496747760510E-006
   7722681.35904500        7979797.97979798       7.504382509015822E-006
   7722681.35904500        8181818.18181818       6.140518885564039E-006
   7722681.35904500        8383838.38383838       4.933190691243335E-006
   7722681.35904500        8585858.58585858       3.879082036742890E-006
   7722681.35904500        8787878.78787879       2.971735550851851E-006
   7722681.35904500        8989898.98989899       2.202108624062861E-006
   7722681.35904500        9191919.19191919       1.559187841606397E-006
   7722681.35904500        9393939.39393939       1.030622057206449E-006
   7722681.35904500        9595959.59595960       6.033368170844544E-007
   7722681.35904500        9797979.79797980       2.640978213505479E-007
   7722681.35904500        10000000.0000000       0.000000000000000E+000
   8081828.38485869       -10000000.0000000       0.000000000000000E+000
   8081828.38485869       -9797979.79797980       1.459166266929679E-008
   8081828.38485869       -9595959.59595960       3.498966227716680E-008
   8081828.38485869       -9393939.39393939       6.305218689669898E-008
   8081828.38485869       -9191919.19191919       1.010566762641511E-007
   8081828.38485869       -8989898.98989899       1.517368735376365E-007
   8081828.38485869       -8787878.78787879       2.183046098392111E-007
   8081828.38485869       -8585858.58585859       3.044515767404535E-007
   8081828.38485869       -8383838.38383838       4.143261696242431E-007
   8081828.38485869       -8181818.18181818       5.524813968679021E-007
   8081828.38485869       -7979797.97979798       7.237913246120033E-007
   8081828.38485869       -7777777.77777778       9.333354865319579E-007
   8081828.38485869       -7575757.57575758       1.186253018155089E-006
   8081828.38485869       -7373737.37373737       1.487570807140400E-006
   8081828.38485869       -7171717.17171717       1.842012481222947E-006
   8081828.38485869       -6969696.96969697       2.253797369719928E-006
   8081828.38485869       -6767676.76767677       2.726440471379962E-006
   8081828.38485869       -6565656.56565657       3.262565774356765E-006
   8081828.38485869       -6363636.36363636       3.863745885300174E-006
   8081828.38485869       -6161616.16161616       4.530380768314499E-006
   8081828.38485869       -5959595.95959596       5.261627449552169E-006
   8081828.38485869       -5757575.75757576       6.055390815150223E-006
   8081828.38485869       -5555555.55555556       6.908383129542455E-006
   8081828.38485869       -5353535.35353535       7.816256623947549E-006
   8081828.38485869       -5151515.15151515       8.773809425929567E-006
   8081828.38485869       -4949494.94949495       9.775260189638325E-006
   8081828.38485869       -4747474.74747475       1.081458105209058E-005
   8081828.38485869       -4545454.54545455       1.188587211133826E-005
   8081828.38485869       -4343434.34343434       1.298375384571664E-005
   8081828.38485869       -4141414.14141414       1.410374744021225E-005
   8081828.38485869       -3939393.93939394       1.524260790810593E-005
   8081828.38485869       -3737373.73737374       1.639857258162840E-005
   8081828.38485869       -3535353.53535354       1.757148950773697E-005
   8081828.38485869       -3333333.33333333       1.876279774656772E-005
   8081828.38485869       -3131313.13131313       1.997534487502839E-005
   8081828.38485869       -2929292.92929293       2.121304501954186E-005
   8081828.38485869       -2727272.72727273       2.248040059906101E-005
   8081828.38485869       -2525252.52525253       2.378192841512515E-005
   8081828.38485869       -2323232.32323232       2.512154142989542E-005
   8081828.38485869       -2121212.12121212       2.650193882083120E-005
   8081828.38485869       -1919191.91919192       2.792404908113759E-005
   8081828.38485869       -1717171.71717172       2.938655779616333E-005
   8081828.38485869       -1515151.51515152       3.088553912556815E-005
   8081828.38485869       -1313131.31313131       3.241420361297037E-005
   8081828.38485869       -1111111.11111111       3.396277770590828E-005
   8081828.38485869       -909090.909090910       3.551854085741379E-005
   8081828.38485869       -707070.707070708       3.706605807060926E-005
   8081828.38485869       -505050.505050506       3.858764966018687E-005
   8081828.38485869       -303030.303030305       4.006412620726033E-005
   8081828.38485869       -101010.101010101       4.147578001819254E-005
   8081828.38485869        101010.101010101       4.280356828630174E-005
   8081828.38485869        303030.303030303       4.403036103070083E-005
   8081828.38485869        505050.505050505       4.514207923760145E-005
   8081828.38485869        707070.707070706       4.612853585776571E-005
   8081828.38485869        909090.909090908       4.698382599175932E-005
   8081828.38485869        1111111.11111111       4.770618915890181E-005
   8081828.38485869        1313131.31313131       4.829736687373192E-005
   8081828.38485869        1515151.51515151       4.876157449629242E-005
   8081828.38485869        1717171.71717172       4.910427054304492E-005
   8081828.38485869        1919191.91919192       4.933092401289077E-005
   8081828.38485869        2121212.12121212       4.944595212623149E-005
   8081828.38485869        2323232.32323232       4.945194293506078E-005
   8081828.38485869        2525252.52525252       4.934921166865081E-005
   8081828.38485869        2727272.72727273       4.913568543669870E-005
   8081828.38485869        2929292.92929293       4.880707744753693E-005
   8081828.38485869        3131313.13131313       4.835729805894046E-005
   8081828.38485869        3333333.33333333       4.777904779666234E-005
   8081828.38485869        3535353.53535353       4.706453797294777E-005
   8081828.38485869        3737373.73737374       4.620628254058267E-005
   8081828.38485869        3939393.93939394       4.519790085535977E-005
   8081828.38485869        4141414.14141414       4.403486987580820E-005
   8081828.38485869        4343434.34343434       4.271517123282259E-005
   8081828.38485869        4545454.54545454       4.123979509949586E-005
   8081828.38485869        4747474.74747475       3.961308475960278E-005
   8081828.38485869        4949494.94949495       3.784292514169284E-005
   8081828.38485869        5151515.15151515       3.594078807035336E-005
   8081828.38485869        5353535.35353535       3.392164477391375E-005
   8081828.38485869        5555555.55555555       3.180374715482258E-005
   8081828.38485869        5757575.75757576       2.960827181304555E-005
   8081828.38485869        5959595.95959596       2.735882137460624E-005
   8081828.38485869        6161616.16161616       2.508078763156222E-005
   8081828.38485869        6363636.36363636       2.280059669063602E-005
   8081828.38485869        6565656.56565657       2.054487209780519E-005
   8081828.38485869        6767676.76767677       1.833956319895018E-005
   8081828.38485869        6969696.96969697       1.620909080996930E-005
   8081828.38485869        7171717.17171717       1.417556086775816E-005
   8081828.38485869        7373737.37373737       1.225809055983276E-005
   8081828.38485869        7575757.57575757       1.047228213426875E-005
   8081828.38485869        7777777.77777778       8.829868536516487E-006
   8081828.38485869        7979797.97979798       7.338543203470113E-006
   8081828.38485869        8181818.18181818       6.001974514223258E-006
   8081828.38485869        8383838.38383838       4.819994183503992E-006
   8081828.38485869        8585858.58585858       3.788938888502560E-006
   8081828.38485869        8787878.78787879       2.902116224024781E-006
   8081828.38485869        8989898.98989899       2.150360204373651E-006
   8081828.38485869        9191919.19191919       1.522638360467986E-006
   8081828.38485869        9393939.39393939       1.006672198913843E-006
   8081828.38485869        9595959.59595960       5.895353150255262E-007
   8081828.38485869        9797979.79797980       2.581985181058411E-007
   8081828.38485869        10000000.0000000       0.000000000000000E+000
   8449137.84307724       -10000000.0000000       0.000000000000000E+000
   8449137.84307724       -9797979.79797980       1.315304955219950E-008
   8449137.84307724       -9595959.59595960       3.154772342057838E-008
   8449137.84307724       -9393939.39393939       5.687923477521671E-008
   8449137.84307724       -9191919.19191919       9.123309733929786E-008
   8449137.84307724       -8989898.98989899       1.371229316718017E-007
   8449137.84307724       -8787878.78787879       1.975151939790767E-007
   8449137.84307724       -8585858.58585859       2.758363879453806E-007
   8449137.84307724       -8383838.38383838       3.759580476143793E-007
   8449137.84307724       -8181818.18181818       5.021554900745903E-007
   8449137.84307724       -7979797.97979798       6.590375660542409E-007
   8449137.84307724       -7777777.77777778       8.514463288542776E-007
   8449137.84307724       -7575757.57575758       1.084327609369324E-006
   8449137.84307724       -7373737.37373737       1.362575788396831E-006
   8449137.84307724       -7171717.17171717       1.690858423120936E-006
   8449137.84307724       -6969696.96969697       2.073428623184728E-006
   8449137.84307724       -6767676.76767677       2.513934999208472E-006
   8449137.84307724       -6565656.56565657       3.015240463390964E-006
   8449137.84307724       -6363636.36363636       3.579262025574121E-006
   8449137.84307724       -6161616.16161616       4.206843917550782E-006
   8449137.84307724       -5959595.95959596       4.897675846874425E-006
   8449137.84307724       -5757575.75757576       5.650266901929978E-006
   8449137.84307724       -5555555.55555556       6.461983575121799E-006
   8449137.84307724       -5353535.35353535       7.329157495363072E-006
   8449137.84307724       -5151515.15151515       8.247264695341320E-006
   8449137.84307724       -4949494.94949495       9.211173506309842E-006
   8449137.84307724       -4747474.74747475       1.021545243703319E-005
   8449137.84307724       -4545454.54545455       1.125472274451896E-005
   8449137.84307724       -4343434.34343434       1.232403317976799E-005
   8449137.84307724       -4141414.14141414       1.341922730658401E-005
   8449137.84307724       -3939393.93939394       1.453726802506894E-005
   8449137.84307724       -3737373.73737374       1.567648109002861E-005
   8449137.84307724       -3535353.53535354       1.683668127075346E-005
   8449137.84307724       -3333333.33333333       1.801915275451672E-005
   8449137.84307724       -3131313.13131313       1.922646973962822E-005
   8449137.84307724       -2929292.92929293       2.046216238597288E-005
   8449137.84307724       -2727272.72727273       2.173025389651590E-005
   8449137.84307724       -2525252.52525253       2.303471170585858E-005
   8449137.84307724       -2323232.32323232       2.437886506042027E-005
   8449137.84307724       -2121212.12121212       2.576484038542918E-005
   8449137.84307724       -1919191.91919192       2.719305585968612E-005
   8449137.84307724       -1717171.71717172       2.866180191116092E-005
   8449137.84307724       -1515151.51515152       3.016692090749651E-005
   8449137.84307724       -1313131.31313131       3.170159251353435E-005
   8449137.84307724       -1111111.11111111       3.325623366414335E-005
   8449137.84307724       -909090.909090910       3.481853248416548E-005
   8449137.84307724       -707070.707070708       3.637364822602384E-005
   8449137.84307724       -505050.505050506       3.790461582090856E-005
   8449137.84307724       -303030.303030305       3.939298500284692E-005
   8449137.84307724       -101010.101010101       4.081969462675340E-005
   8449137.84307724        101010.101010101       4.216613439207757E-005
   8449137.84307724        303030.303030303       4.341528932475236E-005
   8449137.84307724        505050.505050505       4.455281483043569E-005
   8449137.84307724        707070.707070706       4.556787103883498E-005
   8449137.84307724        909090.909090908       4.645356714776729E-005
   8449137.84307724        1111111.11111111       4.720692926806708E-005
   8449137.84307724        1313131.31313131       4.782839407918879E-005
   8449137.84307724        1515151.51515151       4.832092074276909E-005
   8449137.84307724        1717171.71717172       4.868887956214549E-005
   8449137.84307724        1919191.91919192       4.893690131053950E-005
   8449137.84307724        2121212.12121212       4.906885406718451E-005
   8449137.84307724        2323232.32323232       4.908706668774377E-005
   8449137.84307724        2525252.52525252       4.899185890636472E-005
   8449137.84307724        2727272.72727273       4.878138547675613E-005
   8449137.84307724        2929292.92929293       4.845176595336102E-005
   8449137.84307724        3131313.13131313       4.799745348272148E-005
   8449137.84307724        3333333.33333333       4.741178946121488E-005
   8449137.84307724        3535353.53535353       4.668768867243921E-005
   8449137.84307724        3737373.73737374       4.581839699417686E-005
   8449137.84307724        3939393.93939394       4.479826119190235E-005
   8449137.84307724        4141414.14141414       4.362345144363037E-005
   8449137.84307724        4343434.34343434       4.229258586689889E-005
   8449137.84307724        4545454.54545454       4.080722269825626E-005
   8449137.84307724        4747474.74747475       3.917220530067025E-005
   8449137.84307724        4949494.94949495       3.739586055692115E-005
   8449137.84307724        5151515.15151515       3.549005702693273E-005
   8449137.84307724        5353535.35353535       3.347012567876541E-005
   8449137.84307724        5555555.55555555       3.135463881268511E-005
   8449137.84307724        5757575.75757576       2.916503951477884E-005
   8449137.84307724        5959595.95959596       2.692511917202267E-005
   8449137.84307724        6161616.16161616       2.466035363567070E-005
   8449137.84307724        6363636.36363636       2.239712501244656E-005
   8449137.84307724        6565656.56565657       2.016187048982535E-005
   8449137.84307724        6767676.76767677       1.798020851358008E-005
   8449137.84307724        6969696.96969697       1.587609499913218E-005
   8449137.84307724        7171717.17171717       1.387105890277946E-005
   8449137.84307724        7373737.37373737       1.198355901805523E-005
   8449137.84307724        7575757.57575757       1.022849389385772E-005
   8449137.84307724        7777777.77777778       8.616885538206928E-006
   8449137.84307724        7979797.97979798       7.155745954721110E-006
   8449137.84307724        8181818.18181818       5.848124202154811E-006
   8449137.84307724        8383838.38383838       4.693321111446214E-006
   8449137.84307724        8585858.58585858       3.687249556516063E-006
   8449137.84307724        8787878.78787879       2.822910760070052E-006
   8449137.84307724        8989898.98989899       2.090951977412173E-006
   8449137.84307724        9191919.19191919       1.480268372052135E-006
   8449137.84307724        9393939.39393939       9.786121158627730E-007
   8449137.84307724        9595959.59595960       5.731746056990336E-007
   8449137.84307724        9797979.79797980       2.511129040334815E-007
   8449137.84307724        10000000.0000000       0.000000000000000E+000
   8824609.73370064       -10000000.0000000       0.000000000000000E+000
   8824609.73370064       -9797979.79797980       1.172688597603542E-008
   8824609.73370064       -9595959.59595960       2.814033959622223E-008
   8824609.73370064       -9393939.39393939       5.077539127781207E-008
   8824609.73370064       -9191919.19191919       8.152873831021028E-008
   8824609.73370064       -8989898.98989899       1.226971636913218E-007
   8824609.73370064       -8787878.78787879       1.770049939615902E-007
   8824609.73370064       -8585858.58585859       2.476164634649756E-007
   8824609.73370064       -8383838.38383838       3.381284886713224E-007
   8824609.73370064       -8181818.18181818       4.525398769922961E-007
   8824609.73370064       -7979797.97979798       5.951939899834221E-007
   8824609.73370064       -7777777.77777778       7.706933157942624E-007
   8824609.73370064       -7575757.57575758       9.837862167143111E-007
   8824609.73370064       -7373737.37373737       1.239228193878129E-006
   8824609.73370064       -7171717.17171717       1.541622206878682E-006
   8824609.73370064       -6969696.96969697       1.895244736314713E-006
   8824609.73370064       -6767676.76767677       2.303866215843791E-006
   8824609.73370064       -6565656.56565657       2.770576035786749E-006
   8824609.73370064       -6363636.36363636       3.297623407996917E-006
   8824609.73370064       -6161616.16161616       3.886285887371020E-006
   8824609.73370064       -5959595.95959596       4.536777200264261E-006
   8824609.73370064       -5757575.75757576       5.248205177599990E-006
   8824609.73370064       -5555555.55555556       6.018588968559913E-006
   8824609.73370064       -5353535.35353535       6.844942236189451E-006
   8824609.73370064       -5151515.15151515       7.723425600140132E-006
   8824609.73370064       -4949494.94949495       8.649567076840287E-006
   8824609.73370064       -4747474.74747475       9.618543598407565E-006
   8824609.73370064       -4545454.54545455       1.062550992691243E-005
   8824609.73370064       -4343434.34343434       1.166595374336933E-005
   8824609.73370064       -4141414.14141414       1.273604811825143E-005
   8824609.73370064       -3939393.93939394       1.383296622371483E-005
   8824609.73370064       -3737373.73737374       1.495511978526722E-005
   8824609.73370064       -3535353.53535354       1.610228436224689E-005
   8824609.73370064       -3333333.33333333       1.727558265702117E-005
   8824609.73370064       -3131313.13131313       1.847731197943233E-005
   8824609.73370064       -2929292.92929293       1.971062199408741E-005
   8824609.73370064       -2727272.72727273       2.097907002390344E-005
   8824609.73370064       -2525252.52525253       2.228609825566683E-005
   8824609.73370064       -2323232.32323232       2.363448554127935E-005
   8824609.73370064       -2121212.12121212       2.502582405413800E-005
   8824609.73370064       -1919191.91919192       2.646005947316052E-005
   8824609.73370064       -1717171.71717172       2.793511743678884E-005
   8824609.73370064       -1515151.51515152       2.944662486552715E-005
   8824609.73370064       -1313131.31313131       3.098772755668948E-005
   8824609.73370064       -1111111.11111111       3.254900759417448E-005
   8824609.73370064       -909090.909090910       3.411851428132974E-005
   8824609.73370064       -707070.707070708       3.568193551175270E-005
   8824609.73370064       -505050.505050506       3.722294506333781E-005
   8824609.73370064       -303030.303030305       3.872375696245141E-005
   8824609.73370064       -101010.101010101       4.016589508553086E-005
   8824609.73370064        101010.101010101       4.153114473490521E-005
   8824609.73370064        303030.303030303       4.280260121895166E-005
   8824609.73370064        505050.505050505       4.396568371114298E-005
   8824609.73370064        707070.707070706       4.500895857896757E-005
   8824609.73370064        909090.909090908       4.592462824416861E-005
   8824609.73370064        1111111.11111111       4.670859193570069E-005
   8824609.73370064        1313131.31313131       4.736006255425887E-005
   8824609.73370064        1515151.51515151       4.788080811490830E-005
   8824609.73370064        1717171.71717172       4.827415313272761E-005
   8824609.73370064        1919191.91919192       4.854390757119333E-005
   8824609.73370064        2121212.12121212       4.869338386924098E-005
   8824609.73370064        2323232.32323232       4.872462445058737E-005
   8824609.73370064        2525252.52525252       4.863790939257985E-005
   8824609.73370064        2727272.72727273       4.843156339083070E-005
   8824609.73370064        2929292.92929293       4.810204363965140E-005
   8824609.73370064        3131313.13131313       4.764426826316634E-005
   8824609.73370064        3333333.33333333       4.705213455598115E-005
   8824609.73370064        3535353.53535353       4.631917151185459E-005
   8824609.73370064        3737373.73737374       4.543926795758242E-005
   8824609.73370064        3939393.93939394       4.440741599539727E-005
   8824609.73370064        4141414.14141414       4.322041216330881E-005
   8824609.73370064        4343434.34343434       4.187746827448935E-005
   8824609.73370064        4545454.54545454       4.038069953443321E-005
   8824609.73370064        4747474.74747475       3.873547448243865E-005
   8824609.73370064        4949494.94949495       3.695062324650853E-005
   8824609.73370064        5151515.15151515       3.503850387095971E-005
   8824609.73370064        5353535.35353535       3.301492279973009E-005
   8824609.73370064        5555555.55555555       3.089890108098517E-005
   8824609.73370064        5757575.75757576       2.871227889407609E-005
   8824609.73370064        5959595.95959596       2.647916026897569E-005
   8824609.73370064        6161616.16161616       2.422521523843432E-005
   8824609.73370064        6363636.36363636       2.197687316879933E-005
   8824609.73370064        6565656.56565657       1.976045387649334E-005
   8824609.73370064        6767676.76767677       1.760128971157966E-005
   8824609.73370064        6969696.96969697       1.552289181076214E-005
   8824609.73370064        7171717.17171717       1.354620844877488E-005
   8824609.73370064        7373737.37373737       1.168901461375447E-005
   8824609.73370064        7575757.57575757       9.965461195906770E-006
   8824609.73370064        7777777.77777778       8.385800688293369E-006
   8824609.73370064        7979797.97979798       6.956294842272877E-006
   8824609.73370064        8181818.18181818       5.679298838783462E-006
   8824609.73370064        8383838.38383838       4.553506667199720E-006
   8824609.73370064        8585858.58585858       3.574333966978795E-006
   8824609.73370064        8787878.78787879       2.734408006153827E-006
   8824609.73370064        8989898.98989899       2.024130128746297E-006
   8824609.73370064        9191919.19191919       1.432274175389572E-006
   8824609.73370064        9393939.39393939       9.465851622580377E-007
   8824609.73370064        9595959.59595960       5.543457543999410E-007
   8824609.73370064        9797979.79797980       2.428834849043299E-007
   8824609.73370064        10000000.0000000       0.000000000000000E+000
   9208244.05672891       -10000000.0000000       0.000000000000000E+000
   9208244.05672891       -9797979.79797980       1.033546827118949E-008
   9208244.05672891       -9595959.59595960       2.481902056148553E-008
   9208244.05672891       -9393939.39393939       4.482963564784409E-008
   9208244.05672891       -9191919.19191919       7.207966794203111E-008
   9208244.05672891       -8989898.98989899       1.086536571416260E-007
   9208244.05672891       -8787878.78787879       1.570382023867899E-007
   9208244.05672891       -8585858.58585859       2.201390804735450E-007
   9208244.05672891       -8383838.38383838       3.012813438712369E-007
   9208244.05672891       -8181818.18181818       4.041884784673882E-007
   9208244.05672891       -7979797.97979798       5.329374754984213E-007
   9208244.05672891       -7777777.77777778       6.918878603722411E-007
   9208244.05672891       -7575757.57575758       8.855842819952500E-007
   9208244.05672891       -7373737.37373737       1.118634115248355E-006
   9208244.05672891       -7171717.17171717       1.395563547494231E-006
   9208244.05672891       -6969696.96969697       1.720657666611956E-006
   9208244.05672891       -6767676.76767677       2.097791994856970E-006
   9208244.05672891       -6565656.56565657       2.530264578303142E-006
   9208244.05672891       -6363636.36363636       3.020639021142483E-006
   9208244.05672891       -6161616.16161616       3.570609643803026E-006
   9208244.05672891       -5959595.95959596       4.180900156299463E-006
   9208244.05672891       -5757575.75757576       4.851206790959286E-006
   9208244.05672891       -5555555.55555556       5.580195638329081E-006
   9208244.05672891       -5353535.35353535       6.365561858702893E-006
   9208244.05672891       -5151515.15151515       7.204155353839382E-006
   9208244.05672891       -4949494.94949495       8.092173225013841E-006
   9208244.05672891       -4747474.74747475       9.025413804643621E-006
   9208244.05672891       -4545454.54545455       9.999580259103925E-006
   9208244.05672891       -4343434.34343434       1.101061402828529E-005
   9208244.05672891       -4141414.14141414       1.205503044054014E-005
   9208244.05672891       -3939393.93939394       1.313022203106148E-005
   9208244.05672891       -3737373.73737374       1.423469125312301E-005
   9208244.05672891       -3535353.53535354       1.536817550786306E-005
   9208244.05672891       -3333333.33333333       1.653163541614116E-005
   9208244.05672891       -3131313.13131313       1.772709234822368E-005
   9208244.05672891       -2929292.92929293       1.895732155827353E-005
   9208244.05672891       -2727272.72727273       2.022542865987363E-005
   9208244.05672891       -2525252.52525253       2.153435413711418E-005
   9208244.05672891       -2323232.32323232       2.288635834036147E-005
   9208244.05672891       -2121212.12121212       2.428253603014858E-005
   9208244.05672891       -1919191.91919192       2.572239692817002E-005
   9208244.05672891       -1717171.71717172       2.720353198476353E-005
   9208244.05672891       -1515151.51515152       2.872137037082849E-005
   9208244.05672891       -1313131.31313131       3.026902457234213E-005
   9208244.05672891       -1111111.11111111       3.183722264145774E-005
   9208244.05672891       -909090.909090910       3.341433643384167E-005
   9208244.05672891       -707070.707070708       3.498652805960686E-005
   9208244.05672891       -505050.505050506       3.653804690731887E-005
   9208244.05672891       -303030.303030305       3.805170884533373E-005
   9208244.05672891       -101010.101010101       3.950957177541277E-005
   9208244.05672891        101010.101010101       4.089378665128321E-005
   9208244.05672891        303030.303030303       4.218755642662239E-005
   9208244.05672891        505050.505050505       4.337609001906672E-005
   9208244.05672891        707070.707070706       4.444741047970779E-005
   9208244.05672891        909090.909090908       4.539287970177622E-005
   9208244.05672891        1111111.11111111       4.620734093510963E-005
   9208244.05672891        1313131.31313131       4.688884775273716E-005
   9208244.05672891        1515151.51515151       4.743802617015522E-005
   9208244.05672891        1717171.71717172       4.785718346522857E-005
   9208244.05672891        1919191.91919192       4.814931518294939E-005
   9208244.05672891        2121212.12121212       4.831716372385314E-005
   9208244.05672891        2323232.32323232       4.836245289770732E-005
   9208244.05672891        2525252.52525252       4.828537651925171E-005
   9208244.05672891        2727272.72727273       4.808437105237858E-005
   9208244.05672891        2929292.92929293       4.775616368751623E-005
   9208244.05672891        3131313.13131313       4.729606206795742E-005
   9208244.05672891        3333333.33333333       4.669843802536304E-005
   9208244.05672891        3535353.53535353       4.595735048031689E-005
   9208244.05672891        3737373.73737374       4.506724868112056E-005
   9208244.05672891        3939393.93939394       4.402369583463008E-005
   9208244.05672891        4141414.14141414       4.282405680186688E-005
   9208244.05672891        4343434.34343434       4.146810331576450E-005
   9208244.05672891        4545454.54545454       3.995850461330999E-005
   9208244.05672891        4747474.74747475       3.830118577204328E-005
   9208244.05672891        4949494.94949495       3.650554515611035E-005
   9208244.05672891        5151515.15151515       3.458452411415952E-005
   9208244.05672891        5353535.35353535       3.255451928696828E-005
   9208244.05672891        5555555.55555555       3.043512659437047E-005
   9208244.05672891        5757575.75757576       2.824871127418881E-005
   9208244.05672891        5959595.95959596       2.601981121684289E-005
   9208244.05672891        6161616.16161616       2.377439799047474E-005
   9208244.05672891        6363636.36363636       2.153903623392002E-005
   9208244.05672891        6565656.56565657       1.933999328009493E-005
   9208244.05672891        6767676.76767677       1.720235509712009E-005
   9208244.05672891        6969696.96969697       1.514920227135703E-005
   9208244.05672891        7171717.17171717       1.320089245819662E-005
   9208244.05672891        7373737.37373737       1.137448544762062E-005
   9208244.05672891        7575757.57575757       9.683335383125514E-006
   9208244.05672891        7777777.77777778       8.136862876517967E-006
   9208244.05672891        7979797.97979798       6.740508471636913E-006
   9208244.05672891        8181818.18181818       5.495858546868188E-006
   9208244.05672891        8383838.38383838       4.400925623909898E-006
   9208244.05672891        8585858.58585858       3.450557481472384E-006
   9208244.05672891        8787878.78787879       2.636943790828766E-006
   9208244.05672891        8989898.98989899       1.950185507404330E-006
   9208244.05672891        9191919.19191919       1.378891185939653E-006
   9208244.05672891        9393939.39393939       9.107657846771413E-007
   9208244.05672891        9595959.59595960       5.331612159091437E-007
   9208244.05672891        9797979.79797980       2.335635548979695E-007
   9208244.05672891        10000000.0000000       0.000000000000000E+000
   9600040.81216202       -10000000.0000000       0.000000000000000E+000
   9600040.81216202       -9797979.79797980       8.999056351862128E-009
   9600040.81216202       -9595959.59595960       2.163053222099523E-008
   9600040.81216202       -9393939.39393939       3.912273802270531E-008
   9600040.81216202       -9191919.19191919       6.300945838312252E-008
   9600040.81216202       -8989898.98989899       9.516886428409292E-008
   9600040.81216202       -8787878.78787879       1.378554070498605E-007
   9600040.81216202       -8585858.58585859       1.937211933599539E-007
   9600040.81216202       -8383838.38383838       2.658228300193377E-007
   9600040.81216202       -8181818.18181818       3.576099098767557E-007
   9600040.81216202       -7979797.97979798       4.728918783710344E-007
   9600040.81216202       -7777777.77777778       6.157809733693971E-007
   9600040.81216202       -7575757.57575758       7.906102484265550E-007
   9600040.81216202       -7373737.37373737       1.001827311130608E-006
   9600040.81216202       -7171717.17171717       1.253866240411744E-006
   9600040.81216202       -6969696.96969697       1.551002072354060E-006
   9600040.81216202       -6767676.76767677       1.897194133740091E-006
   9600040.81216202       -6565656.56565657       2.295926226279135E-006
   9600040.81216202       -6363636.36363636       2.750053100491422E-006
   9600040.81216202       -6161616.16161616       3.261663696446179E-006
   9600040.81216202       -5959595.95959596       3.831972166904920E-006
   9600040.81216202       -5757575.75757576       4.461247632526493E-006
   9600040.81216202       -5555555.55555556       5.148792827829786E-006
   9600040.81216202       -5353535.35353535       5.892980131168934E-006
   9600040.81216202       -5151515.15151515       6.691350752688093E-006
   9600040.81216202       -4949494.94949495       7.540778892481904E-006
   9600040.81216202       -4747474.74747475       8.437697334206572E-006
   9600040.81216202       -4545454.54545455       9.378374209577880E-006
   9600040.81216202       -4343434.34343434       1.035922284852307E-005
   9600040.81216202       -4141414.14141414       1.137711846777890E-005
   9600040.81216202       -3939393.93939394       1.242968828596892E-005
   9600040.81216202       -3737373.73737374       1.351553739720645E-005
   9600040.81216202       -3535353.53535354       1.463437356773738E-005
   9600040.81216202       -3333333.33333333       1.578700180218957E-005
   9600040.81216202       -3131313.13131313       1.697517442719821E-005
   9600040.81216202       -2929292.92929293       1.820130267629400E-005
   9600040.81216202       -2727272.72727273       1.946805706137446E-005
   9600040.81216202       -2525252.52525253       2.077790059470589E-005
   9600040.81216202       -2323232.32323232       2.213260636379762E-005
   9600040.81216202       -2121212.12121212       2.353280716189912E-005
   9600040.81216202       -1919191.91919192       2.497761184597938E-005
   9600040.81216202       -1717171.71717172       2.646430595830381E-005
   9600040.81216202       -1515151.51515152       2.798813906453464E-005
   9600040.81216202       -1313131.31313131       2.954219315404825E-005
   9600040.81216202       -1111111.11111111       3.111732750450254E-005
   9600040.81216202       -909090.909090910       3.270220459539802E-005
   9600040.81216202       -707070.707070708       3.428341496893107E-005
   9600040.81216202       -505050.505050506       3.584573020539185E-005
   9600040.81216202       -303030.303030305       3.737251540100460E-005
   9600040.81216202       -101010.101010101       3.884631996844956E-005
   9600040.81216202        101010.101010101       4.024963635863056E-005
   9600040.81216202        303030.303030303       4.156577462968440E-005
   9600040.81216202        505050.505050505       4.277975731616935E-005
   9600040.81216202        707070.707070706       4.387910839933946E-005
   9600040.81216202        909090.909090908       4.485440586009076E-005
   9600040.81216202        1111111.11111111       4.569949588244713E-005
   9600040.81216202        1313131.31313131       4.641132409073025E-005
   9600040.81216202        1515151.51515151       4.698941074957452E-005
   9600040.81216202        1717171.71717172       4.743506277601277E-005
   9600040.81216202        1919191.91919192       4.775045795672183E-005
   9600040.81216202        2121212.12121212       4.793774681690757E-005
   9600040.81216202        2323232.32323232       4.799829724049296E-005
   9600040.81216202        2525252.52525252       4.793216713821030E-005
   9600040.81216202        2727272.72727273       4.773784531141061E-005
   9600040.81216202        2929292.92929293       4.741226152957130E-005
   9600040.81216202        3131313.13131313       4.695103901703090E-005
   9600040.81216202        3333333.33333333       4.634894553067211E-005
   9600040.81216202        3535353.53535353       4.560048962787683E-005
   9600040.81216202        3737373.73737374       4.470060368119812E-005
   9600040.81216202        3939393.93939394       4.364535408574714E-005
   9600040.81216202        4141414.14141414       4.243262300404878E-005
   9600040.81216202        4343434.34343434       4.106271540880635E-005
   9600040.81216202        4545454.54545454       3.953885807928913E-005
   9600040.81216202        4747474.74747475       3.786756917862122E-005
   9600040.81216202        4949494.94949495       3.605888393832730E-005
   9600040.81216202        5151515.15151515       3.412642306513619E-005
   9600040.81216202        5353535.35353535       3.208728938264345E-005
   9600040.81216202        5555555.55555555       2.996178055398226E-005
   9600040.81216202        5757575.75757576       2.777291524897705E-005
   9600040.81216202        5959595.95959596       2.554578628885411E-005
   9600040.81216202        6161616.16161616       2.330677293123837E-005
   9600040.81216202        6363636.36363636       2.108266033197194E-005
   9600040.81216202        6565656.56565657       1.889972361718942E-005
   9600040.81216202        6767676.76767677       1.678283574002696E-005
   9600040.81216202        6969696.96969697       1.475465335629679E-005
   9600040.81216202        7171717.17171717       1.283492541627143E-005
   9600040.81216202        7373737.37373737       1.103995724349779E-005
   9600040.81216202        7575757.57575757       9.382250300400667E-006
   9600040.81216202        7777777.77777778       7.870325731283574E-006
   9600040.81216202        7979797.97979798       6.508728703350177E-006
   9600040.81216202        8181818.18181818       5.298200805242572E-006
   9600040.81216202        8383838.38383838       4.235999479720003E-006
   9600040.81216202        8585858.58585858       3.316336854125016E-006
   9600040.81216202        8787878.78787879       2.530905628390012E-006
   9600040.81216202        8989898.98989899       1.869457125082785E-006
   9600040.81216202        9191919.19191919       1.320396359099289E-006
   9600040.81216202        9393939.39393939       8.713610490077989E-007
   9600040.81216202        9595959.59595960       5.097556643347119E-007
   9600040.81216202        9797979.79797980       2.232175248411437E-007
   9600040.81216202        10000000.0000000       0.000000000000000E+000
   10000000.0000000       -10000000.0000000       0.000000000000000E+000
   10000000.0000000       -9797979.79797980       7.735321764743236E-009
   10000000.0000000       -9595959.59595960       1.861565496672233E-008
   10000000.0000000       -9393939.39393939       3.372517466511789E-008
   10000000.0000000       -9191919.19191919       5.442609127423935E-008
   10000000.0000000       -8989898.98989899       8.239732506010967E-008
   10000000.0000000       -8787878.78787879       1.196679549376126E-007
   10000000.0000000       -8585858.58585859       1.686422688696898E-007
   10000000.0000000       -8383838.38383838       2.321126810473415E-007
   10000000.0000000       -8181818.18181818       3.132568189562993E-007
   10000000.0000000       -7979797.97979798       4.156154611619704E-007
   10000000.0000000       -7777777.77777778       5.430487378059132E-007
   10000000.0000000       -7575757.57575758       6.996690874635961E-007
   10000000.0000000       -7373737.37373737       8.897508582103878E-007
   10000000.0000000       -7171717.17171717       1.117618078169005E-006
   10000000.0000000       -6969696.96969697       1.387513707356582E-006
   10000000.0000000       -6767676.76767677       1.703455508249281E-006
   10000000.0000000       -6565656.56565657       2.069085420445886E-006
   10000000.0000000       -6363636.36363636       2.487520879095149E-006
   10000000.0000000       -6161616.16161616       2.961217764725682E-006
   10000000.0000000       -5959595.95959596       3.491855501226479E-006
   10000000.0000000       -5757575.75757576       4.080255107107032E-006
   10000000.0000000       -5555555.55555556       4.726340608751145E-006
   10000000.0000000       -5353535.35353535       5.429152966026456E-006
   10000000.0000000       -5151515.15151515       6.186923330012438E-006
   10000000.0000000       -4949494.94949495       6.997208828487388E-006
   10000000.0000000       -4747474.74747475       7.857088982214810E-006
   10000000.0000000       -4545454.54545455       8.763414268162205E-006
   10000000.0000000       -4343434.34343434       9.713090536787785E-006
   10000000.0000000       -4141414.14141414       1.070337470244918E-005
   10000000.0000000       -3939393.93939394       1.173214970681191E-005
   10000000.0000000       -3737373.73737374       1.279814214054721E-005
   10000000.0000000       -3535353.53535354       1.390104631068539E-005
   10000000.0000000       -3333333.33333333       1.504152575284783E-005
   10000000.0000000       -3131313.13131313       1.622107760599974E-005
   10000000.0000000       -2929292.92929293       1.744176503638207E-005
   10000000.0000000       -2727272.72727273       1.870584378899608E-005
   10000000.0000000       -2525252.52525253       2.001532542873487E-005
   10000000.0000000       -2323232.32323232       2.137152714088439E-005
   10000000.0000000       -2121212.12121212       2.277465419279598E-005
   10000000.0000000       -1919191.91919192       2.422344824025611E-005
   10000000.0000000       -1717171.71717172       2.571491757341262E-005
   10000000.0000000       -1515151.51515152       2.724415013930963E-005
   10000000.0000000       -1313131.31313131       2.880420157970709E-005
   10000000.0000000       -1111111.11111111       3.038605081042700E-005
   10000000.0000000       -909090.909090910       3.197862404747390E-005
   10000000.0000000       -707070.707070708       3.356890114440745E-005
   10000000.0000000       -505050.505050506       3.514213012676408E-005
   10000000.0000000       -303030.303030305       3.668218047499291E-005
   10000000.0000000       -101010.101010101       3.817205739957775E-005
   10000000.0000000        101010.101010101       3.959457550177191E-005
   10000000.0000000        303030.303030303       4.093315343489074E-005
   10000000.0000000        505050.505050505       4.217265008213712E-005
   10000000.0000000        707070.707070706       4.330013032613674E-005
   10000000.0000000        909090.909090908       4.430543787323510E-005
   10000000.0000000        1111111.11111111       4.518147179128356E-005
   10000000.0000000        1313131.31313131       4.592411105529206E-005
   10000000.0000000        1515151.51515151       4.653179611951486E-005
   10000000.0000000        1717171.71717172       4.700484067091456E-005
   10000000.0000000        1919191.91919192       4.734459282743626E-005
   10000000.0000000        2121212.12121212       4.755258239589046E-005
   10000000.0000000        2323232.32323232       4.762977874614464E-005
   10000000.0000000        2525252.52525252       4.757605067842148E-005
   10000000.0000000        2727272.72727273       4.738987791374629E-005
   10000000.0000000        2929292.92929293       4.706832480567323E-005
   10000000.0000000        3131313.13131313       4.660725691047688E-005
   10000000.0000000        3333333.33333333       4.600176116561079E-005
   10000000.0000000        3535353.53535353       4.524671846537117E-005
   10000000.0000000        3737373.73737374       4.433747104207726E-005
   10000000.0000000        3939393.93939394       4.327052546237056E-005
   10000000.0000000        4141414.14141414       4.204423562388200E-005
   10000000.0000000        4343434.34343434       4.065941865174849E-005
   10000000.0000000        4545454.54545454       3.911986769272826E-005
   10000000.0000000        4747474.74747475       3.743273531186542E-005
   10000000.0000000        4949494.94949495       3.560876644088765E-005
   10000000.0000000        5151515.15151515       3.366236101769520E-005
   10000000.0000000        5353535.35353535       3.161144767894059E-005
   10000000.0000000        5555555.55555555       2.947715616162956E-005
   10000000.0000000        5757575.75757576       2.728328984305993E-005
   10000000.0000000        5959595.95959596       2.505561921089774E-005
   10000000.0000000        6161616.16161616       2.282103703846408E-005
   10000000.0000000        6363636.36363636       2.060663137526114E-005
   10000000.0000000        6565656.56565657       1.843873987844774E-005
   10000000.0000000        6767676.76767677       1.634204798384256E-005
   10000000.0000000        6969696.96969697       1.433878556705824E-005
   10000000.0000000        7171717.17171717       1.244806467596889E-005
   10000000.0000000        7373737.37373737       1.068538715338546E-005
   10000000.0000000        7575757.57575757       9.062337370757328E-006
   10000000.0000000        7777777.77777778       7.586462910604929E-006
   10000000.0000000        7979797.97979798       6.261335287398578E-006
   10000000.0000000        8181818.18181818       5.086773765148304E-006
   10000000.0000000        8383838.38383838       4.059208012726371E-006
   10000000.0000000        8585858.58585858       3.172149791736610E-006
   10000000.0000000        8787878.78787879       2.416740237483725E-006
   10000000.0000000        8989898.98989899       1.782337739188295E-006
   10000000.0000000        9191919.19191919       1.257112055615852E-006
   10000000.0000000        9393939.39393939       8.286130757113501E-007
   10000000.0000000        9595959.59595960       4.842873151715321E-007
   10000000.0000000        9797979.79797980       2.119214430108511E-007
   10000000.0000000        10000000.0000000       0.000000000000000E+000
   10408121.6202428       -10000000.0000000       0.000000000000000E+000
   10408121.6202428       -9797979.79797980       6.558907748307773E-009
   10408121.6202428       -9595959.59595960       1.580819391699600E-008
   10408121.6202428       -9393939.39393939       2.869546276961009E-008
   10408121.6202428       -9191919.19191919       4.641947686870638E-008
   10408121.6202428       -8989898.98989899       7.046821794121185E-008
   10408121.6202428       -8787878.78787879       1.026533736430561E-007
   10408121.6202428       -8585858.58585859       1.451384136899952E-007
   10408121.6202428       -8383838.38383838       2.004568211880655E-007
   10408121.6202428       -8181818.18181818       2.715169564963109E-007
   10408121.6202428       -7979797.97979798       3.615902360714806E-007
   10408121.6202428       -7777777.77777778       4.742798326223201E-007
   10408121.6202428       -7575757.57575758       6.134679579576844E-007
   10408121.6202428       -7373737.37373737       7.832409582031850E-007
   10408121.6202428       -7171717.17171717       9.877928857510730E-007
   10408121.6202428       -6969696.96969697       1.231309841724486E-006
   10408121.6202428       -6767676.76767677       1.517839116652915E-006
   10408121.6202428       -6565656.56565657       1.851148893758579E-006
   10408121.6202428       -6363636.36363636       2.234585911193190E-006
   10408121.6202428       -6161616.16161616       2.670939895309372E-006
   10408121.6202428       -5959595.95959596       3.162324657937829E-006
   10408121.6202428       -5757575.75757576       3.710086361995968E-006
   10408121.6202428       -5555555.55555556       4.314749438893878E-006
   10408121.6202428       -5353535.35353535       4.976009787494633E-006
   10408121.6202428       -5151515.15151515       5.692782960013284E-006
   10408121.6202428       -4949494.94949495       6.463311793453160E-006
   10408121.6202428       -4747474.74747475       7.285333169278740E-006
   10408121.6202428       -4545454.54545455       8.156297222947121E-006
   10408121.6202428       -4343434.34343434       9.073624625840464E-006
   10408121.6202428       -4141414.14141414       1.003497925149674E-005
   10408121.6202428       -3939393.93939394       1.103852595636759E-005
   10408121.6202428       -3737373.73737374       1.208313828652125E-005
   10408121.6202428       -3535353.53535354       1.316852087638059E-005
   10408121.6202428       -3333333.33333333       1.429521792665444E-005
   10408121.6202428       -3131313.13131313       1.546449285072165E-005
   10408121.6202428       -2929292.92929293       1.667808317328941E-005
   10408121.6202428       -2727272.72727273       1.793785496305283E-005
   10408121.6202428       -2525252.52525253       1.924539713544269E-005
   10408121.6202428       -2323232.32323232       2.060160324416529E-005
   10408121.6202428       -2121212.12121212       2.200628498178092E-005
   10408121.6202428       -1919191.91919192       2.345784925701463E-005
   10408121.6202428       -1717171.71717172       2.495305407825601E-005
   10408121.6202428       -1515151.51515152       2.648684327079100E-005
   10408121.6202428       -1313131.31313131       2.805225099711772E-005
   10408121.6202428       -1111111.11111111       2.964036645385075E-005
   10408121.6202428       -909090.909090910       3.124035649855132E-005
   10408121.6202428       -707070.707070708       3.283955630577850E-005
   10408121.6202428       -505050.505050506       3.442365056969170E-005
   10408121.6202428       -303030.303030305       3.597697440347586E-005
   10408121.6202428       -101010.101010101       3.748295849673355E-005
   10408121.6202428        101010.101010101       3.892472418170037E-005
   10408121.6202428        303030.303030303       4.028580208462701E-005
   10408121.6202428        505050.505050505       4.155090972855861E-005
   10408121.6202428        707070.707070706       4.270669011445645E-005
   10408121.6202428        909090.909090908       4.374229750928833E-005
   10408121.6202428        1111111.11111111       4.464972739973795E-005
   10408121.6202428        1313131.31313131       4.542382591266056E-005
   10408121.6202428        1515151.51515151       4.606197160986201E-005
   10408121.6202428        1717171.71717172       4.656348407676638E-005
   10408121.6202428        1919191.91919192       4.692886236099495E-005
   10408121.6202428        2121212.12121212       4.715898012732493E-005
   10408121.6202428        2323232.32323232       4.725436025211092E-005
   10408121.6202428        2525252.52525252       4.721462516351646E-005
   10408121.6202428        2727272.72727273       4.703818139517964E-005
   10408121.6202428        2929292.92929293       4.672215851459092E-005
   10408121.6202428        3131313.13131313       4.626259100968761E-005
   10408121.6202428        3333333.33333333       4.565480922887716E-005
   10408121.6202428        3535353.53535353       4.489399110510005E-005
   10408121.6202428        3737373.73737374       4.397581837508229E-005
   10408121.6202428        3939393.93939394       4.289717841503962E-005
   10408121.6202428        4141414.14141414       4.165685548556683E-005
   10408121.6202428        4343434.34343434       4.025616230109918E-005
   10408121.6202428        4545454.54545454       3.869947191789662E-005
   10408121.6202428        4747474.74747475       3.699461752752006E-005
   10408121.6202428        4949494.94949495       3.515313181576938E-005
   10408121.6202428        5151515.15151515       3.319029947423518E-005
   10408121.6202428        5353535.35353535       3.112500056787959E-005
   10408121.6202428        5555555.55555555       2.897933309438359E-005
   10408121.6202428        5757575.75757576       2.677802130001903E-005
   10408121.6202428        5959595.95959596       2.454763895935211E-005
   10408121.6202428        6161616.16161616       2.231569815406387E-005
   10408121.6202428        6363636.36363636       2.010966873227392E-005
   10408121.6202428        6565656.56565657       1.795599874233472E-005
   10408121.6202428        6767676.76767677       1.587920189327067E-005
   10408121.6202428        6969696.96969697       1.390106687941964E-005
   10408121.6202428        7171717.17171717       1.204002844877676E-005
   10408121.6202428        7373737.37373737       1.031072430473016E-005
   10408121.6202428        7575757.57575757       8.723747278978253E-006
   10408121.6202428        7777777.77777778       7.285589650487055E-006
   10408121.6202428        7979797.97979798       5.998766218168982E-006
   10408121.6202428        8181818.18181818       4.862094608845085E-006
   10408121.6202428        8383838.38383838       3.871105112586875E-006
   10408121.6202428        8585858.58585858       3.018547992985555E-006
   10408121.6202428        8787878.78787879       2.294963760264499E-006
   10408121.6202428        8989898.98989899       1.689281419321408E-006
   10408121.6202428        9191919.19191919       1.189411266006926E-006
   10408121.6202428        9393939.39393939       7.828023213522109E-007
   10408121.6202428        9595959.59595960       4.569396996918335E-007
   10408121.6202428        9797979.79797980       1.997636899017786E-007
   10408121.6202428        10000000.0000000       0.000000000000000E+000
   10824405.6728905       -10000000.0000000       0.000000000000000E+000
   10824405.6728905       -9797979.79797980       5.481118618074034E-009
   10824405.6728905       -9595959.59595960       1.323427864838010E-008
   10824405.6728905       -9393939.39393939       2.407897573640751E-008
   10824405.6728905       -9191919.19191919       3.905967327060387E-008
   10824405.6728905       -8989898.98989899       5.948285462304456E-008
   10824405.6728905       -8787878.78787879       8.695199713910097E-008
   10824405.6728905       -8585858.58585859       1.233979737342890E-007
   10824405.6728905       -8383838.38383838       1.711017716625676E-007
   10824405.6728905       -8181818.18181818       2.327062227028896E-007
   10824405.6728905       -7979797.97979798       3.112134909462464E-007
   10824405.6728905       -7777777.77777778       4.099653976495588E-007
   10824405.6728905       -7575757.57575758       5.326043023797526E-007
   10824405.6728905       -7373737.37373737       6.830132055313104E-007
   10824405.6728905       -7171717.17171717       8.652349630645292E-007
   10824405.6728905       -6969696.96969697       1.083371959821027E-006
   10824405.6728905       -6767676.76767677       1.341469202861516E-006
   10824405.6728905       -6565656.56565657       1.643385485671986E-006
   10824405.6728905       -6363636.36363636       1.992658941404415E-006
   10824405.6728905       -6161616.16161616       2.392374842007032E-006
   10824405.6728905       -5959595.95959596       2.845044789832105E-006
   10824405.6728905       -5757575.75757576       3.352507346492706E-006
   10824405.6728905       -5555555.55555556       3.915860474078661E-006
   10824405.6728905       -5353535.35353535       4.535435706950024E-006
   10824405.6728905       -5151515.15151515       5.210822466933209E-006
   10824405.6728905       -4949494.94949495       5.940948101409060E-006
   10824405.6728905       -4747474.74747475       6.724214824814929E-006
   10824405.6728905       -4545454.54545455       7.558688690956193E-006
   10824405.6728905       -4343434.34343434       8.442328232055595E-006
   10824405.6728905       -4141414.14141414       9.373232169027450E-006
   10824405.6728905       -3939393.93939394       1.034987794163230E-005
   10824405.6728905       -3737373.73737374       1.137131763568628E-005
   10824405.6728905       -3535353.53535354       1.243729738013200E-005
   10824405.6728905       -3333333.33333333       1.354827222044489E-005
   10824405.6728905       -3131313.13131313       1.470530127548612E-005
   10824405.6728905       -2929292.92929293       1.590982596135623E-005
   10824405.6728905       -2727272.72727273       1.716335333688894E-005
   10824405.6728905       -2525252.52525253       1.846708211944678E-005
   10824405.6728905       -2323232.32323232       1.982151622158046E-005
   10824405.6728905       -2121212.12121212       2.122610786065869E-005
   10824405.6728905       -1919191.91919192       2.267896085552935E-005
   10824405.6728905       -1717171.71717172       2.417660888510861E-005
   10824405.6728905       -1515151.51515152       2.571386857705420E-005
   10824405.6728905       -1313131.31313131       2.728375785709371E-005
   10824405.6728905       -1111111.11111111       2.887746844838866E-005
   10824405.6728905       -909090.909090910       3.048438763009046E-005
   10824405.6728905       -707070.707070708       3.209217585823939E-005
   10824405.6728905       -505050.505050506       3.368691933460234E-005
   10824405.6728905       -303030.303030305       3.525338476801399E-005
   10824405.6728905       -101010.101010101       3.677540220132446E-005
   10824405.6728905        101010.101010101       3.823638739562994E-005
   10824405.6728905        303030.303030303       3.961998798426524E-005
   10824405.6728905        505050.505050505       4.091080244727717E-005
   10824405.6728905        707070.707070706       4.209508754291403E-005
   10824405.6728905        909090.909090908       4.316134990963676E-005
   10824405.6728905        1111111.11111111       4.410072073703109E-005
   10824405.6728905        1313131.31313131       4.490704186952131E-005
   10824405.6728905        1515151.51515151       4.557664193765424E-005
   10824405.6728905        1717171.71717172       4.610783917817140E-005
   10824405.6728905        1919191.91919192       4.650025772228345E-005
   10824405.6728905        2121212.12121212       4.675407353351611E-005
   10824405.6728905        2323232.32323232       4.686930954743342E-005
   10824405.6728905        2525252.52525252       4.684528004556583E-005
   10824405.6728905        2727272.72727273       4.668025088826351E-005
   10824405.6728905        2929292.92929293       4.637134530808874E-005
   10824405.6728905        3131313.13131313       4.591469231910350E-005
   10824405.6728905        3333333.33333333       4.530578999281634E-005
   10824405.6728905        3535353.53535353       4.454003905457838E-005
   10824405.6728905        3737373.73737374       4.361339228559384E-005
   10824405.6728905        3939393.93939394       4.252306112905233E-005
   10824405.6728905        4141414.14141414       4.126822209466160E-005
   10824405.6728905        4343434.34343434       3.985067080953909E-005
   10824405.6728905        4545454.54545454       3.827537839218781E-005
   10824405.6728905        4747474.74747475       3.655091040530998E-005
   10824405.6728905        4949494.94949495       3.468967193999052E-005
   10824405.6728905        5151515.15151515       3.270794560282824E-005
   10824405.6728905        5353535.35353535       3.062569675323197E-005
   10824405.6728905        5555555.55555555       2.846613580074478E-005
   10824405.6728905        5757575.75757576       2.625505044996783E-005
   10824405.6728905        5959595.95959596       2.401994696384297E-005
   10824405.6728905        6161616.16161616       2.178906224010658E-005
   10824405.6728905        6363636.36363636       1.959032222643136E-005
   10824405.6728905        6565656.56565657       1.745032452347226E-005
   10824405.6728905        6767676.76767677       1.539341494838447E-005
   10824405.6728905        6969696.96969697       1.344091266716567E-005
   10824405.6728905        7171717.17171717       1.161052024813917E-005
   10824405.6728905        7373737.37373737       9.915936990453458E-006
   10824405.6728905        7575757.57575757       8.366678199303814E-006
   10824405.6728905        7777777.77777778       6.968090497779042E-006
   10824405.6728905        7979797.97979798       5.721543702871929E-006
   10824405.6728905        8181818.18181818       4.624772801723955E-006
   10824405.6728905        8383838.38383838       3.672338703431190E-006
   10824405.6728905        8585858.58585858       2.856173458212477E-006
   10824405.6728905        8787878.78787879       2.166174468022256E-006
   10824405.6728905        8989898.98989899       1.590812895627963E-006
   10824405.6728905        9191919.19191919       1.117724020561656E-006
   10824405.6728905        9393939.39393939       7.342515723954467E-007
   10824405.6728905        9595959.59595960       4.279238031521817E-007
   10824405.6728905        9797979.79797980       1.868458047161315E-007
   10824405.6728905        10000000.0000000       0.000000000000000E+000
   11248852.1579431       -10000000.0000000       0.000000000000000E+000
   11248852.1579431       -9797979.79797980       4.509749986269649E-009
   11248852.1579431       -9595959.59595960       1.091197766746784E-008
   11248852.1579431       -9393939.39393939       1.990728050133742E-008
   11248852.1579431       -9191919.19191919       3.239586667870860E-008
   11248852.1579431       -8989898.98989899       4.951320197951801E-008
   11248852.1579431       -8787878.78787879       7.266490520345073E-008
   11248852.1579431       -8585858.58585859       1.035587435157399E-007
   11248852.1579431       -8383838.38383838       1.442309611129710E-007
   11248852.1579431       -8181818.18181818       1.970638931072739E-007
   11248852.1579431       -7979797.97979798       2.647917362866707E-007
   11248852.1579431       -7777777.77777778       3.504915098895976E-007
   11248852.1579431       -7575757.57575758       4.575566778010861E-007
   11248852.1579431       -7373737.37373737       5.896516332125669E-007
   11248852.1579431       -7171717.17171717       7.506462601118891E-007
   11248852.1579431       -6969696.96969697       9.445310530946559E-007
   11248852.1579431       -6767676.76767677       1.175314747686019E-006
   11248852.1579431       -6565656.56565657       1.446908019951285E-006
   11248852.1579431       -6363636.36363636       1.762998473809987E-006
   11248852.1579431       -6161616.16161616       2.126923748999428E-006
   11248852.1579431       -5959595.95959596       2.541551034483378E-006
   11248852.1579431       -5757575.75757576       3.009172415775942E-006
   11248852.1579431       -5555555.55555556       3.531426135548934E-006
   11248852.1579431       -5353535.35353535       4.109253772110442E-006
   11248852.1579431       -5151515.15151515       4.742902259856702E-006
   11248852.1579431       -4949494.94949495       5.431977286004158E-006
   11248852.1579431       -4747474.74747475       6.175550631570816E-006
   11248852.1579431       -4545454.54545455       6.972318358859359E-006
   11248852.1579431       -4343434.34343434       7.820799560560260E-006
   11248852.1579431       -4141414.14141414       8.719557335044431E-006
   11248852.1579431       -3939393.93939394       9.667416010821173E-006
   11248852.1579431       -3737373.73737374       1.066364327165666E-005
   11248852.1579431       -3535353.53535354       1.170806486541439E-005
   11248852.1579431       -3333333.33333333       1.280108474935567E-005
   11248852.1579431       -3131313.13131313       1.394359527881483E-005
   11248852.1579431       -2929292.92929293       1.513677881754377E-005
   11248852.1579431       -2727272.72727273       1.638182031199285E-005
   11248852.1579431       -2525252.52525253       1.767956519108431E-005
   11248852.1579431       -2323232.32323232       1.903016427543534E-005
   11248852.1579431       -2121212.12121212       2.043274531626182E-005
   11248852.1579431       -1919191.91919192       2.188514050091955E-005
   11248852.1579431       -1717171.71717172       2.338368449878798E-005
   11248852.1579431       -1515151.51515152       2.492308324015385E-005
   11248852.1579431       -1313131.31313131       2.649634392738042E-005
   11248852.1579431       -1111111.11111111       2.809475429015106E-005
   11248852.1579431       -909090.909090910       2.970790404480816E-005
   11248852.1579431       -707070.707070708       3.132375195195419E-005
   11248852.1579431       -505050.505050506       3.292875410416179E-005
   11248852.1579431       -303030.303030305       3.450807834556817E-005
   11248852.1579431       -101010.101010101       3.604593109543402E-005
   11248852.1579431        101010.101010101       3.752601259039386E-005
   11248852.1579431        303030.303030303       3.893209383940334E-005
   11248852.1579431        505050.505050505       4.024867687225455E-005
   11248852.1579431        707070.707070706       4.146166713303402E-005
   11248852.1579431        909090.909090908       4.255896384942403E-005
   11248852.1579431        1111111.11111111       4.353087078433941E-005
   11248852.1579431        1313131.31313131       4.437025083661377E-005
   11248852.1579431        1515151.51515151       4.507239061663599E-005
   11248852.1579431        1717171.71717172       4.563459495391579E-005
   11248852.1579431        1919191.91919192       4.605558183091772E-005
   11248852.1579431        2121212.12121212       4.633478231063278E-005
   11248852.1579431        2323232.32323232       4.647166045152727E-005
   11248852.1579431        2525252.52525252       4.646515567950980E-005
   11248852.1579431        2727272.72727273       4.631332163654495E-005
   11248852.1579431        2929292.92929293       4.601320067697809E-005
   11248852.1579431        3131313.13131313       4.556094006009851E-005
   11248852.1579431        3333333.33333333       4.495212908635258E-005
   11248852.1579431        3535353.53535353       4.418231718487459E-005
   11248852.1579431        3737373.73737374       4.324766073640277E-005
   11248852.1579431        3939393.93939394       4.214564032509676E-005
   11248852.1579431        4141414.14141414       4.087578925618838E-005
   11248852.1579431        4343434.34343434       3.944037706627737E-005
   11248852.1579431        4545454.54545454       3.784499605685329E-005
   11248852.1579431        4747474.74747475       3.609900246847061E-005
   11248852.1579431        4949494.94949495       3.421576674110471E-005
   11248852.1579431        5151515.15151515       3.221269233148929E-005
   11248852.1579431        5353535.35353535       3.011097422188914E-005
   11248852.1579431        5555555.55555555       2.793508921218488E-005
   11248852.1579431        5757575.75757576       2.571203862131424E-005
   11248852.1579431        5959595.95959596       2.347039415963527E-005
   11248852.1579431        6161616.16161616       2.123922191820517E-005
   11248852.1579431        6363636.36363636       1.904697188532555E-005
   11248852.1579431        6565656.56565657       1.692041925203339E-005
   11248852.1579431        6767676.76767677       1.488373104620691E-005
   11248852.1579431        6969696.96969697       1.295771181206253E-005
   11248852.1579431        7171717.17171717       1.115926004494867E-005
   11248852.1579431        7373737.37373737       9.501046729431701E-006
   11248852.1579431        7575757.57575757       7.991410708242774E-006
   11248852.1579431        7777777.77777778       6.634453252423500E-006
   11248852.1579431        7979797.97979798       5.430305645901953E-006
   11248852.1579431        8181818.18181818       4.375538030354772E-006
   11248852.1579431        8383838.38383838       3.463674466339626E-006
   11248852.1579431        8585858.58585858       2.685777727547611E-006
   11248852.1579431        8787878.78787879       2.031067596526685E-006
   11248852.1579431        8989898.98989899       1.487538351307925E-006
   11248852.1579431        9191919.19191919       1.042544693826821E-006
   11248852.1579431        9393939.39393939       6.833304261546703E-007
   11248852.1579431        9595959.59595960       3.974804179184493E-007
   11248852.1579431        9797979.79797980       1.732833722559441E-007
   11248852.1579431        10000000.0000000       0.000000000000000E+000
   11681461.0754005       -10000000.0000000       0.000000000000000E+000
   11681461.0754005       -9797979.79797980       3.649064759903913E-009
   11681461.0754005       -9595959.59595960       8.851238855687628E-009
   11681461.0754005       -9393939.39393939       1.619801643745113E-008
   11681461.0754005       -9191919.19191919       2.645614318276403E-008
   11681461.0754005       -8989898.98989899       4.060147639505159E-008
   11681461.0754005       -8787878.78787879       5.985324045078308E-008
   11681461.0754005       -8585858.58585859       8.570687320252005E-008
   11681461.0754005       -8383838.38383838       1.199630559953967E-007
   11681461.0754005       -8181818.18181818       1.647501735275157E-007
   11681461.0754005       -7979797.97979798       2.225372597427631E-007
   11681461.0754005       -7777777.77777778       2.961344965254410E-007
   11681461.0754005       -7575757.57575758       3.886785853545494E-007
   11681461.0754005       -7373737.37373737       5.036008349850326E-007
   11681461.0754005       -7171717.17171717       6.445766091040817E-007
   11681461.0754005       -6969696.96969697       8.154558455179420E-007
   11681461.0754005       -6767676.76767677       1.020175661919931E-006
   11681461.0754005       -6565656.56565657       1.262657553274643E-006
   11681461.0754005       -6363636.36363636       1.546693295029668E-006
   11681461.0754005       -6161616.16161616       1.875825308194974E-006
   11681461.0754005       -5959595.95959596       2.253228806231708E-006
   11681461.0754005       -5757575.75757576       2.681604386307818E-006
   11681461.0754005       -5555555.55555556       3.163090661429736E-006
   11681461.0754005       -5353535.35353535       3.699206814502000E-006
   11681461.0754005       -5151515.15151515       4.290834297077175E-006
   11681461.0754005       -4949494.94949495       4.938244971032248E-006
   11681461.0754005       -4747474.74747475       5.641179506227883E-006
   11681461.0754005       -4545454.54545455       6.398974643204281E-006
   11681461.0754005       -4343434.34343434       7.210731141244430E-006
   11681461.0754005       -4141414.14141414       8.075506464080079E-006
   11681461.0754005       -3939393.93939394       8.992508718839645E-006
   11681461.0754005       -3737373.73737374       9.961262850144397E-006
   11681461.0754005       -3535353.53535354       1.098171866412522E-005
   11681461.0754005       -3333333.33333333       1.205427460674916E-005
   11681461.0754005       -3131313.13131313       1.317970181892556E-005
   11681461.0754005       -2929292.92929293       1.435896841879633E-005
   11681461.0754005       -2727272.72727273       1.559298088574580E-005
   11681461.0754005       -2525252.52525253       1.688227347204326E-005
   11681461.0754005       -2323232.32323232       1.822668388406136E-005
   11681461.0754005       -2121212.12121212       1.962505220179640E-005
   11681461.0754005       -1919191.91919192       2.107497101548050E-005
   11681461.0754005       -1717171.71717172       2.257260126743597E-005
   11681461.0754005       -1515151.51515152       2.411255463673908E-005
   11681461.0754005       -1313131.31313131       2.568783350888973E-005
   11681461.0754005       -1111111.11111111       2.728981619798789E-005
   11681461.0754005       -909090.909090910       2.890827871279476E-005
   11681461.0754005       -707070.707070708       3.053145356592452E-005
   11681461.0754005       -505050.505050506       3.214613783636807E-005
   11681461.0754005       -303030.303030305       3.373787268293872E-005
   11681461.0754005       -101010.101010101       3.529122015747337E-005
   11681461.0754005        101010.101010101       3.679015662403665E-005
   11681461.0754005        303030.303030303       3.821858375426114E-005
   11681461.0754005        505050.505050505       3.956093003927403E-005
   11681461.0754005        707070.707070706       4.080278440664185E-005
   11681461.0754005        909090.909090908       4.193147840920928E-005
   11681461.0754005        1111111.11111111       4.293652438293375E-005
   11681461.0754005        1313131.31313131       4.380983017505487E-005
   11681461.0754005        1515151.51515151       4.454564602309612E-005
   11681461.0754005        1717171.71717172       4.514024802170423E-005
   11681461.0754005        1919191.91919192       4.559141249485258E-005
   11681461.0754005        2121212.12121212       4.589777334562150E-005
   11681461.0754005        2323232.32323232       4.605817138963232E-005
   11681461.0754005        2525252.52525252       4.607109918435065E-005
   11681461.0754005        2727272.72727273       4.593432188436904E-005
   11681461.0754005        2929292.92929293       4.564472260138343E-005
   11681461.0754005        3131313.13131313       4.519838779820634E-005
   11681461.0754005        3333333.33333333       4.459091982542860E-005
   11681461.0754005        3535353.53535353       4.381794205643119E-005
   11681461.0754005        3737373.73737374       4.287574731042970E-005
   11681461.0754005        3939393.93939394       4.176203165060316E-005
   11681461.0754005        4141414.14141414       4.047665213810318E-005
   11681461.0754005        4343434.34343434       3.902234710736572E-005
   11681461.0754005        4545454.54545454       3.740535895334740E-005
   11681461.0754005        4747474.74747475       3.563590093879179E-005
   11681461.0754005        4949494.94949495       3.372841211771810E-005
   11681461.0754005        5151515.15151515       3.170155181881104E-005
   11681461.0754005        5353535.35353535       2.957790163571666E-005
   11681461.0754005        5555555.55555555       2.738337021013134E-005
   11681461.0754005        5757575.75757576       2.514633092314636E-005
   11681461.0754005        5959595.95959596       2.289655724060730E-005
   11681461.0754005        6161616.16161616       2.066404613644492E-005
   11681461.0754005        6363636.36363636       1.847783069136530E-005
   11681461.0754005        6565656.56565657       1.636487742161058E-005
   11681461.0754005        6767676.76767677       1.434914550091261E-005
   11681461.0754005        6969696.96969697       1.245085971821543E-005
   11681461.0754005        7171717.17171717       1.068602277249694E-005
   11681461.0754005        7373737.37373737       9.066169674576749E-006
   11681461.0754005        7575757.57575757       7.598349651760578E-006
   11681461.0754005        7777777.77777778       6.285309164541072E-006
   11681461.0754005        7979797.97979798       5.125842482963113E-006
   11681461.0754005        8181818.18181818       4.115272483176421E-006
   11681461.0754005        8383838.38383838       3.246022890450820E-006
   11681461.0754005        8585858.58585858       2.508243505494649E-006
   11681461.0754005        8787878.78787879       1.890451754909095E-006
   11681461.0754005        8989898.98989899       1.380157139348529E-006
   11681461.0754005        9191919.19191919       9.644397599174533E-007
   11681461.0754005        9393939.39393939       6.304599184813898E-007
   11681461.0754005        9595959.59595960       3.658824876019265E-007
   11681461.0754005        9797979.79797980       1.592068632989153E-007
   11681461.0754005        10000000.0000000       0.000000000000000E+000
   12122232.4252627       -10000000.0000000       0.000000000000000E+000
   12122232.4252627       -9797979.79797980       2.899912837249921E-009
   12122232.4252627       -9595959.59595960       7.054152009635652E-009
   12122232.4252627       -9393939.39393939       1.295531131858615E-008
   12122232.4252627       -9191919.19191919       2.124804923605334E-008
   12122232.4252627       -8989898.98989899       3.276081275370799E-008
   12122232.4252627       -8787878.78787879       4.853891522385643E-008
   12122232.4252627       -8585858.58585859       6.987750157744953E-008
   12122232.4252627       -8383838.38383838       9.835236199466373E-008
   12122232.4252627       -8181818.18181818       1.358461651975985E-007
   12122232.4252627       -7979797.97979798       1.845674060951850E-007
   12122232.4252627       -7777777.77777778       2.470592450663404E-007
   12122232.4252627       -7575757.57575758       3.261955041865403E-007
   12122232.4252627       -7373737.37373737       4.251614150876422E-007
   12122232.4252627       -7171717.17171717       5.474173057867270E-007
   12122232.4252627       -6969696.96969697       6.966442750989493E-007
   12122232.4252627       -6767676.76767677       8.766720206612766E-007
   12122232.4252627       -6565656.56565657       1.091390329183190E-006
   12122232.4252627       -6363636.36363636       1.344647255033490E-006
   12122232.4252627       -6161616.16161616       1.640138633514731E-006
   12122232.4252627       -5959595.95959596       1.981295198529808E-006
   12122232.4252627       -5757575.75757576       2.371175064499721E-006
   12122232.4252627       -5555555.55555556       2.812370504824231E-006
   12122232.4252627       -5353535.35353535       3.306938571328442E-006
   12122232.4252627       -5151515.15151515       3.856364850164270E-006
   12122232.4252627       -4949494.94949495       4.461568201564386E-006
   12122232.4252627       -4747474.74747475       5.122951365500670E-006
   12122232.4252627       -4545454.54545455       5.840497639298507E-006
   12122232.4252627       -4343434.34343434       6.613907531904194E-006
   12122232.4252627       -4141414.14141414       7.442761914148321E-006
   12122232.4252627       -3939393.93939394       8.326690846230226E-006
   12122232.4252627       -3737373.73737374       9.265521673599103E-006
   12122232.4252627       -3535353.53535354       1.025937811654099E-005
   12122232.4252627       -3333333.33333333       1.130870557563273E-005
   12122232.4252627       -3131313.13131313       1.241420724135385E-005
   12122232.4252627       -2929292.92929293       1.357668958414801E-005
   12122232.4252627       -2727272.72727273       1.479683139274439E-005
   12122232.4252627       -2525252.52525253       1.607490373905751E-005
   12122232.4252627       -2323232.32323232       1.741047551311645E-005
   12122232.4252627       -2121212.12121212       1.880213868352837E-005
   12122232.4252627       -1919191.91919192       2.024727979316620E-005
   12122232.4252627       -1717171.71717172       2.174191209816918E-005
   12122232.4252627       -1515151.51515152       2.328057000348129E-005
   12122232.4252627       -1313131.31313131       2.485625771782190E-005
   12122232.4252627       -1111111.11111111       2.646043989959344E-005
   12122232.4252627       -909090.909090910       2.808306437360818E-005
   12122232.4252627       -707070.707070708       2.971261486431327E-005
   12122232.4252627       -505050.505050506       3.133620262776928E-005
   12122232.4252627       -303030.303030305       3.293971619808940E-005
   12122232.4252627       -101010.101010101       3.450805394536945E-005
   12122232.4252627        101010.101010101       3.602546089315306E-005
   12122232.4252627        303030.303030303       3.747597707360799E-005
   12122232.4252627        505050.505050505       3.884398051422055E-005
   12122232.4252627        707070.707070706       4.011477859403872E-005
   12122232.4252627        909090.909090908       4.127517524649709E-005
   12122232.4252627        1111111.11111111       4.231392776772485E-005
   12122232.4252627        1313131.31313131       4.322201298187037E-005
   12122232.4252627        1515151.51515151       4.399264982035574E-005
   12122232.4252627        1717171.71717172       4.462106859158506E-005
   12122232.4252627        1919191.91919192       4.510406536501110E-005
   12122232.4252627        2121212.12121212       4.543942026339144E-005
   12122232.4252627        2323232.32323232       4.562528123697435E-005
   12122232.4252627        2525252.52525252       4.565961636603743E-005
   12122232.4252627        2727272.72727273       4.553982069233170E-005
   12122232.4252627        2929292.92929293       4.526253507028815E-005
   12122232.4252627        3131313.13131313       4.482370246755753E-005
   12122232.4252627        3333333.33333333       4.421885755797335E-005
   12122232.4252627        3535353.53535353       4.344362147533847E-005
   12122232.4252627        3737373.73737374       4.249435603349769E-005
   12122232.4252627        3939393.93939394       4.136892009506628E-005
   12122232.4252627        4141414.14141414       4.006746398217138E-005
   12122232.4252627        4343434.34343434       3.859319428619491E-005
   12122232.4252627        4545454.54545454       3.695303951868053E-005
   12122232.4252627        4747474.74747475       3.515814630221122E-005
   12122232.4252627        4949494.94949495       3.322413831091951E-005
   12122232.4252627        5151515.15151515       3.117108040080891E-005
   12122232.4252627        5353535.35353535       2.902311264597781E-005
   12122232.4252627        5555555.55555555       2.680775387423965E-005
   12122232.4252627        5757575.75757576       2.455491650805273E-005
   12122232.4252627        5959595.95959596       2.229571429537385E-005
   12122232.4252627        6161616.16161616       2.006117164157850E-005
   12122232.4252627        6363636.36363636       1.788095137876008E-005
   12122232.4252627        6565656.56565657       1.578220666088986E-005
   12122232.4252627        6767676.76767677       1.378863734510326E-005
   12122232.4252627        6969696.96969697       1.191979943052946E-005
   12122232.4252627        7171717.17171717       1.019068515681570E-005
   12122232.4252627        7373737.37373737       8.611566038132355E-006
   12122232.4252627        7575757.57575757       7.188073290073752E-006
   12122232.4252627        7777777.77777778       5.921479364196895E-006
   12122232.4252627        7979797.97979798       4.809139033777855E-006
   12122232.4252627        8181818.18181818       3.845046896547427E-006
   12122232.4252627        8383838.38383838       3.020468908445843E-006
   12122232.4252627        8585858.58585858       2.324607845522956E-006
   12122232.4252627        8787878.78787879       1.745266080324409E-006
   12122232.4252627        8989898.98989899       1.269473663800929E-006
   12122232.4252627        9191919.19191919       8.840553597809942E-007
   12122232.4252627        9393939.39393939       5.761168137118764E-007
   12122232.4252627        9595959.59595960       3.334371265166061E-007
   12122232.4252627        9797979.79797980       1.447622788254089E-007
   12122232.4252627        10000000.0000000       0.000000000000000E+000
   12571166.2075298       -10000000.0000000       0.000000000000000E+000
   12571166.2075298       -9797979.79797980       2.259985281577587E-009
   12571166.2075298       -9595959.59595960       5.515514103020648E-009
   12571166.2075298       -9393939.39393939       1.017070492510564E-008
   12571166.2075298       -9191919.19191919       1.675990282140630E-008
   12571166.2075298       -8989898.98989899       2.597696467719643E-008
   12571166.2075298       -8787878.78787879       3.870666446858992E-008
   12571166.2075298       -8585858.58585859       5.605707733097528E-008
   12571166.2075298       -8383838.38383838       7.939127354409193E-008
   12571166.2075298       -8181818.18181818       1.103562412377934E-007
   12571166.2075298       -7979797.97979798       1.509066177420171E-007
   12571166.2075298       -7777777.77777778       2.033205885575863E-007
   12571166.2075298       -7575757.57575758       2.702052578999149E-007
   12571166.2075298       -7373737.37373737       3.544889477279311E-007
   12571166.2075298       -7171717.17171717       4.593982755315909E-007
   12571166.2075298       -6969696.96969697       5.884185144671910E-007
   12571166.2075298       -6767676.76767677       7.452366569502643E-007
   12571166.2075298       -6565656.56565657       9.336677715693893E-007
   12571166.2075298       -6363636.36363636       1.157566630758594E-006
   12571166.2075298       -6161616.16161616       1.420728137477970E-006
   12571166.2075298       -5959595.95959596       1.726781707981921E-006
   12571166.2075298       -5757575.75757576       2.079086349974020E-006
   12571166.2075298       -5555555.55555556       2.480634534969632E-006
   12571166.2075298       -5353535.35353535       2.933973862392312E-006
   12571166.2075298       -5151515.15151515       3.441155649058900E-006
   12571166.2075298       -4949494.94949495       4.003718604801608E-006
   12571166.2075298       -4747474.74747475       4.622713335669235E-006
   12571166.2075298       -4545454.54545455       5.298769323361204E-006
   12571166.2075298       -4343434.34343434       6.032200296367582E-006
   12571166.2075298       -4141414.14141414       6.823137002168289E-006
   12571166.2075298       -3939393.93939394       7.671669346214919E-006
   12571166.2075298       -3737373.73737374       8.577974272472234E-006
   12571166.2075298       -3535353.53535354       9.542403493661969E-006
   12571166.2075298       -3333333.33333333       1.056550781747921E-005
   12571166.2075298       -3131313.13131313       1.164798290760865E-005
   12571166.2075298       -2929292.92929293       1.279053380750783E-005
   12571166.2075298       -2727272.72727273       1.399366975394199E-005
   12571166.2075298       -2525252.52525253       1.525745312065974E-005
   12571166.2075298       -2323232.32323232       1.658123349111880E-005
   12571166.2075298       -2121212.12121212       1.796339810654975E-005
   12571166.2075298       -1919191.91919192       1.940116361417574E-005
   12571166.2075298       -1717171.71717172       2.089042337046239E-005
   12571166.2075298       -1515151.51515152       2.242565281194089E-005
   12571166.2075298       -1313131.31313131       2.399986590340873E-005
   12571166.2075298       -1111111.11111111       2.560461089263761E-005
   12571166.2075298       -909090.909090910       2.722999466060645E-005
   12571166.2075298       -707070.707070708       2.886473142091796E-005
   12571166.2075298       -505050.505050506       3.049622147942889E-005
   12571166.2075298       -303030.303030305       3.211067610017294E-005
   12571166.2075298       -101010.101010101       3.369331139389801E-005
   12571166.2075298        101010.101010101       3.522863375359273E-005
   12571166.2075298        303030.303030303       3.670082908953815E-005
   12571166.2075298        505050.505050505       3.809424785854382E-005
   12571166.2075298        707070.707070706       3.939395105670226E-005
   12571166.2075298        909090.909090908       4.058625586119096E-005
   12571166.2075298        1111111.11111111       4.165920226715305E-005
   12571166.2075298        1313131.31313131       4.260286159712017E-005
   12571166.2075298        1515151.51515151       4.340942753855962E-005
   12571166.2075298        1717171.71717172       4.407306739423614E-005
   12571166.2075298        1919191.91919192       4.458955659143551E-005
   12571166.2075298        2121212.12121212       4.495576134166805E-005
   12571166.2075298        2323232.32323232       4.516906217338108E-005
   12571166.2075298        2525252.52525252       4.522681930494141E-005
   12571166.2075298        2727272.72727273       4.512597010989542E-005
   12571166.2075298        2929292.92929293       4.486282470725133E-005
   12571166.2075298        3131313.13131313       4.443309531815205E-005
   12571166.2075298        3333333.33333333       4.383216482521933E-005
   12571166.2075298        3535353.53535353       4.305557384889566E-005
   12571166.2075298        3737373.73737374       4.209968508933351E-005
   12571166.2075298        3939393.93939394       4.096246853244120E-005
   12571166.2075298        4141414.14141414       3.964434036412771E-005
   12571166.2075298        4343434.34343434       3.814898066338511E-005
   12571166.2075298        4545454.54545454       3.648404909378128E-005
   12571166.2075298        4747474.74747475       3.466171449106974E-005
   12571166.2075298        4949494.94949495       3.269891679151966E-005
   12571166.2075298        5151515.15151515       3.061729351094903E-005
   12571166.2075298        5353535.35353535       2.844273220887741E-005
   12571166.2075298        5555555.55555555       2.620455426812758E-005
   12571166.2075298        5757575.75757576       2.393438627139252E-005
   12571166.2075298        5959595.95959596       2.166482092463189E-005
   12571166.2075298        6161616.16161616       1.942799786706124E-005
   12571166.2075298        6363636.36363636       1.725423921797999E-005
   12571166.2075298        6565656.56565657       1.517085639233083E-005
   12571166.2075298        6767676.76767677       1.320121090962948E-005
   12571166.2075298        6969696.96969697       1.136407256640612E-005
   12571166.2075298        7171717.17171717       9.673282174310966E-006
   12571166.2075298        7373737.37373737       8.137698344648915E-006
   12571166.2075298        7575757.57575757       6.761390012571593E-006
   12571166.2075298        7777777.77777778       5.544027325540397E-006
   12571166.2075298        7979797.97979798       4.481420755317151E-006
   12571166.2075298        8181818.18181818       3.566159430184710E-006
   12571166.2075298        8383838.38383838       2.788302980479266E-006
   12571166.2075298        8585858.58585858       2.136085678637292E-006
   12571166.2075298        8787878.78787879       1.596596951803499E-006
   12571166.2075298        8989898.98989899       1.156408358523736E-006
   12571166.2075298        9191919.19191919       8.021237978972219E-007
   12571166.2075298        9393939.39393939       5.208368970000917E-007
   12571166.2075298        9595959.59595960       3.004868896331573E-007
   12571166.2075298        9797979.79797980       1.301113987732860E-007
   12571166.2075298        10000000.0000000       0.000000000000000E+000
   13028262.4222018       -10000000.0000000       0.000000000000000E+000
   13028262.4222018       -9797979.79797980       1.724186881165962E-009
   13028262.4222018       -9595959.59595960       4.223662830262293E-009
   13028262.4222018       -9393939.39393939       7.824526347504874E-009
   13028262.4222018       -9191919.19191919       1.296278226033544E-008
   13028262.4222018       -8989898.98989899       2.021094622177958E-008
   13028262.4222018       -8787878.78787879       3.030734270880422E-008
   13028262.4222018       -8585858.58585859       4.418726176993101E-008
   13028262.4222018       -8383838.38383838       6.301466887067696E-008
   13028262.4222018       -8181818.18181818       8.821274750124413E-008
   13028262.4222018       -7979797.97979798       1.214911767904367E-007
   13028262.4222018       -7777777.77777778       1.648677475823989E-007
   13028262.4222018       -7575757.57575758       2.206817471869637E-007
   13028262.4222018       -7373737.37373737       2.915965405084994E-007
   13028262.4222018       -7171717.17171717       3.805889833225585E-007
   13028262.4222018       -6969696.96969697       4.909237530330273E-007
   13028262.4222018       -6767676.76767677       6.261113921726596E-007
   13028262.4222018       -6565656.56565657       7.898498340847291E-007
   13028262.4222018       -6363636.36363636       9.859504041915438E-007
   13028262.4222018       -6161616.16161616       1.218250726463820E-006
   13028262.4222018       -5959595.95959596       1.490518545193650E-006
   13028262.4222018       -5757575.75757576       1.806352088154213E-006
   13028262.4222018       -5555555.55555556       2.169084086391641E-006
   13028262.4222018       -5353535.35353535       2.581697700860271E-006
   13028262.4222018       -5151515.15151515       3.046763091103750E-006
   13028262.4222018       -4949494.94949495       3.566402848101500E-006
   13028262.4222018       -4747474.74747475       4.142292651432846E-006
   13028262.4222018       -4545454.54545455       4.775700042352327E-006
   13028262.4222018       -4343434.34343434       5.467559108613946E-006
   13028262.4222018       -4141414.14141414       6.218572539819051E-006
   13028262.4222018       -3939393.93939394       7.029325859290718E-006
   13028262.4222018       -3737373.73737374       7.900393131733185E-006
   13028262.4222018       -3535353.53535354       8.832410836440117E-006
   13028262.4222018       -3333333.33333333       9.826098398704959E-006
   13028262.4222018       -3131313.13131313       1.088221068488108E-005
   13028262.4222018       -2929292.92929293       1.200141873322124E-005
   13028262.4222018       -2727272.72727273       1.318412776708438E-005
   13028262.4222018       -2525252.52525253       1.443025291040685E-005
   13028262.4222018       -2323232.32323232       1.573898001431587E-005
   13028262.4222018       -2121212.12121212       1.710853990537170E-005
   13028262.4222018       -1919191.91919192       1.853601929607399E-005
   13028262.4222018       -1717171.71717172       2.001722233971040E-005
   13028262.4222018       -1515151.51515152       2.154658614669828E-005
   13028262.4222018       -1313131.31313131       2.311714444661382E-005
   13028262.4222018       -1111111.11111111       2.472052833656292E-005
   13028262.4222018       -909090.909090910       2.634699298349529E-005
   13028262.4222018       -707070.707070708       2.798546421073527E-005
   13028262.4222018       -505050.505050506       2.962360772325133E-005
   13028262.4222018       -303030.303030305       3.124793375323756E-005
   13028262.4222018       -101010.101010101       3.284395773955252E-005
   13028262.4222018        101010.101010101       3.439643966834357E-005
   13028262.4222018        303030.303030303       3.588971800785017E-005
   13028262.4222018        505050.505050505       3.730813783274211E-005
   13028262.4222018        707070.707070706       3.863654887571056E-005
   13028262.4222018        909090.909090908       3.986082339319683E-005
   13028262.4222018        1111111.11111111       4.096832381676852E-005
   13028262.4222018        1313131.31313131       4.194824409108189E-005
   13028262.4222018        1515151.51515151       4.279176115892381E-005
   13028262.4222018        1717171.71717172       4.349196348301387E-005
   13028262.4222018        1919191.91919192       4.404356507406367E-005
   13028262.4222018        2121212.12121212       4.444245561896169E-005
   13028262.4222018        2323232.32323232       4.468516924635845E-005
   13028262.4222018        2525252.52525252       4.476836912714461E-005
   13028262.4222018        2727272.72727273       4.468844100592902E-005
   13028262.4222018        2929292.92929293       4.444126955685447E-005
   13028262.4222018        3131313.13131313       4.402224357706505E-005
   13028262.4222018        3333333.33333333       4.342650585883660E-005
   13028262.4222018        3535353.53535353       4.264943558961611E-005
   13028262.4222018        3737373.73737374       4.168732741989935E-005
   13028262.4222018        3939393.93939394       4.053821216164028E-005
   13028262.4222018        4141414.14141414       3.920274861491277E-005
   13028262.4222018        4343434.34343434       3.768510316910984E-005
   13028262.4222018        4545454.54545454       3.599372328148666E-005
   13028262.4222018        4747474.74747475       3.414190458237934E-005
   13028262.4222018        4949494.94949495       3.214805402392999E-005
   13028262.4222018        5151515.15151515       3.003556958557941E-005
   13028262.4222018        5353535.35353535       2.783229471289642E-005
   13028262.4222018        5555555.55555555       2.556956044490454E-005
   13028262.4222018        5757575.75757576       2.328088952057047E-005
   13028262.4222018        5959595.95959596       2.100048910678311E-005
   13028262.4222018        6161616.16161616       1.876168803567432E-005
   13028262.4222018        6363636.36363636       1.659547385906547E-005
   13028262.4222018        6565656.56565657       1.452925754022416E-005
   13028262.4222018        6767676.76767677       1.258594946708530E-005
   13028262.4222018        6969696.96969697       1.078338234490992E-005
   13028262.4222018        7171717.17171717       9.134074763226698E-006
   13028262.4222018        7373737.37373737       7.645299401739565E-006
   13028262.4222018        7575757.57575757       6.319402776120418E-006
   13028262.4222018        7777777.77777778       5.154316850517656E-006
   13028262.4222018        7979797.97979798       4.144203334815061E-006
   13028262.4222018        8181818.18181818       3.280175921126273E-006
   13028262.4222018        8383838.38383838       2.551051954595958E-006
   13028262.4222018        8585858.58585858       1.944091956351586E-006
   13028262.4222018        8787878.78787879       1.445692618886166E-006
   13028262.4222018        8989898.98989899       1.042006315811505E-006
   13028262.4222018        9191919.19191919       7.194677929583587E-007
   13028262.4222018        9393939.39393939       4.652164042331646E-007
   13028262.4222018        9595959.59595960       2.674097442241789E-007
   13028262.4222018        9797979.79797980       1.154313810814956E-007
   13028262.4222018        10000000.0000000       0.000000000000000E+000
   13493521.0692786       -10000000.0000000       0.000000000000000E+000
   13493521.0692786       -9797979.79797980       1.285104823246081E-009
   13493521.0692786       -9595959.59595960       3.161530248369210E-009
   13493521.0692786       -9393939.39393939       5.887648318930092E-009
   13493521.0692786       -9191919.19191919       9.813086552871900E-009
   13493521.0692786       -8989898.98989899       1.540248068640705E-008
   13493521.0692786       -8787878.78787879       2.326230638651919E-008
   13493521.0692786       -8585858.58585859       3.417023662834191E-008
   13493521.0692786       -8383838.38383838       4.910606651193236E-008
   13493521.0692786       -8181818.18181818       6.928284863052753E-008
   13493521.0692786       -7979797.97979798       9.617648926778178E-008
   13493521.0692786       -7777777.77777778       1.315517051890573E-007
   13493521.0692786       -7575757.57575758       1.774819760895866E-007
   13493521.0692786       -7373737.37373737       2.363609942892119E-007
   13493521.0692786       -7171717.17171717       3.109031550730243E-007
   13493521.0692786       -6969696.96969697       4.041308873635346E-007
   13493521.0692786       -6767676.76767677       5.193471260122020E-007
   13493521.0692786       -6565656.56565657       6.600919928181488E-007
   13493521.0692786       -6363636.36363636       8.300837862175165E-007
   13493521.0692786       -6161616.16161616       1.033145660521541E-006
   13493521.0692786       -5959595.95959596       1.273120855946055E-006
   13493521.0692786       -5757575.75757576       1.553780930998476E-006
   13493521.0692786       -5555555.55555556       1.878733005409902E-006
   13493521.0692786       -5353535.35353535       2.251333334206993E-006
   13493521.0692786       -5151515.15151515       2.674615318992765E-006
   13493521.0692786       -4949494.94949495       3.151239978774403E-006
   13493521.0692786       -4747474.74747475       3.683475592344804E-006
   13493521.0692786       -4545454.54545455       4.273210403710865E-006
   13493521.0692786       -4343434.34343434       4.921997877831066E-006
   13493521.0692786       -4141414.14141414       5.631128305414411E-006
   13493521.0692786       -3939393.93939394       6.401714387541810E-006
   13493521.0692786       -3737373.73737374       7.234773101604417E-006
   13493521.0692786       -3535353.53535354       8.131283275753891E-006
   13493521.0692786       -3333333.33333333       9.092199320916814E-006
   13493521.0692786       -3131313.13131313       1.011840713263946E-005
   13493521.0692786       -2929292.92929293       1.121061763013844E-005
   13493521.0692786       -2727272.72727273       1.236920474295353E-005
   13493521.0692786       -2525252.52525253       1.359400505711448E-005
   13493521.0692786       -2323232.32323232       1.488410308509809E-005
   13493521.0692786       -2121212.12121212       1.623762757831443E-005
   13493521.0692786       -1919191.91919192       1.765158037310168E-005
   13493521.0692786       -1717171.71717172       1.912171134410470E-005
   13493521.0692786       -1515151.51515152       2.064244346594230E-005
   13493521.0692786       -1313131.31313131       2.220684333069865E-005
   13493521.0692786       -1111111.11111111       2.380662692910902E-005
   13493521.0692786       -909090.909090910       2.543218944682047E-005
   13493521.0692786       -707070.707070708       2.707265154138236E-005
   13493521.0692786       -505050.505050506       2.871592215938939E-005
   13493521.0692786       -303030.303030305       3.034878740694011E-005
   13493521.0692786       -101010.101010101       3.195704337523166E-005
   13493521.0692786        101010.101010101       3.352569478162261E-005
   13493521.0692786        303030.303030303       3.503923779811049E-005
   13493521.0692786        505050.505050505       3.648203292363073E-005
   13493521.0692786        707070.707070706       3.783875319417570E-005
   13493521.0692786        909090.909090908       3.909486858176258E-005
   13493521.0692786        1111111.11111111       4.023710598631932E-005
   13493521.0692786        1313131.31313131       4.125381351295934E-005
   13493521.0692786        1515151.51515151       4.213516355418130E-005
   13493521.0692786        1717171.71717172       4.287315279664075E-005
   13493521.0692786        1919191.91919192       4.346139417525790E-005
   13493521.0692786        2121212.12121212       4.389473697642528E-005
   13493521.0692786        2323232.32323232       4.416878626839463E-005
   13493521.0692786        2525252.52525252       4.427941336831608E-005
   13493521.0692786        2727272.72727273       4.422235169953936E-005
   13493521.0692786        2929292.92929293       4.399295887367504E-005
   13493521.0692786        3131313.13131313       4.358620134636073E-005
   13493521.0692786        3333333.33333333       4.299688861499686E-005
   13493521.0692786        3535353.53535353       4.222015446201092E-005
   13493521.0692786        3737373.73737374       4.125215583564738E-005
   13493521.0692786        3939393.93939394       4.009093626682894E-005
   13493521.0692786        4141414.14141414       3.873737972749490E-005
   13493521.0692786        4343434.34343434       3.719616191671437E-005
   13493521.0692786        4545454.54545454       3.547658978487197E-005
   13493521.0692786        4747474.74747475       3.359321012674197E-005
   13493521.0692786        4949494.94949495       3.156607094678725E-005
   13493521.0692786        5151515.15151515       2.942054273470021E-005
   13493521.0692786        5353535.35353535       2.718665478369331E-005
   13493521.0692786        5555555.55555555       2.489796966604340E-005
   13493521.0692786        5757575.75757576       2.259009265288383E-005
   13493521.0692786        5959595.95959596       2.029897268865158E-005
   13493521.0692786        6161616.16161616       1.805918088370878E-005
   13493521.0692786        6363636.36363636       1.590234480154050E-005
   13493521.0692786        6565656.56565657       1.385587763502637E-005
   13493521.0692786        6767676.76767677       1.194208471954513E-005
   13493521.0692786        6969696.96969697       1.017767165792249E-005
   13493521.0692786        7171717.17171717       8.573630728898721E-006
   13493521.0692786        7373737.37373737       7.135450866142453E-006
   13493521.0692786        7575757.57575757       5.863581128952948E-006
   13493521.0692786        7777777.77777778       4.754074553552231E-006
   13493521.0692786        7979797.97979798       3.799343919694233E-006
   13493521.0692786        8181818.18181818       2.988969358886928E-006
   13493521.0692786        8383838.38383838       2.310507326870399E-006
   13493521.0692786        8585858.58585858       1.750260027985724E-006
   13493521.0692786        8787878.78787879       1.293973540855386E-006
   13493521.0692786        8989898.98989899       9.274416681752707E-007
   13493521.0692786        9191919.19191919       6.370009735245397E-007
   13493521.0692786        9393939.39393939       4.099104999617208E-007
   13493521.0692786        9595959.59595960       2.346170636325444E-007
   13493521.0692786        9797979.79797980       1.009134011671722E-007
   13493521.0692786        10000000.0000000       0.000000000000000E+000
   13966942.1487603       -10000000.0000000       0.000000000000000E+000
   13966942.1487603       -9797979.79797980       9.335461334799715E-010
   13966942.1487603       -9595959.59595960       2.307856827055214E-009
   13966942.1487603       -9393939.39393939       4.323522464752893E-009
   13966942.1487603       -9191919.19191919       7.255532181679539E-009
   13966942.1487603       -8989898.98989899       1.147408220153701E-008
   13966942.1487603       -8787878.78787879       1.746867053177492E-008
   13966942.1487603       -8585858.58585859       2.587517519103029E-008
   13966942.1487603       -8383838.38383838       3.750528041366865E-008
   13966942.1487603       -8181818.18181818       5.337724866853304E-008
   13966942.1487603       -7979797.97979798       7.474664963098058E-008
   13966942.1487603       -7777777.77777778       1.031352807331461E-007
   13966942.1487603       -7575757.57575758       1.403561856775781E-007
   13966942.1487603       -7373737.37373737       1.885324402874357E-007
   13966942.1487603       -7171717.17171717       2.501072744051860E-007
   13966942.1487603       -6969696.96969697       3.278431783972120E-007
   13966942.1487603       -6767676.76767677       4.248079428998314E-007
   13966942.1487603       -6565656.56565657       5.443461321889416E-007
   13966942.1487603       -6363636.36363636       6.900353134634130E-007
   13966942.1487603       -6161616.16161616       8.656274557766771E-007
   13966942.1487603       -5959595.95959596       1.074977245013769E-006
   13966942.1487603       -5757575.75757576       1.321960567620814E-006
   13966942.1487603       -5555555.55555556       1.610387974887507E-006
   13966942.1487603       -5353535.35353535       1.943919363482214E-006
   13966942.1487603       -5151515.15151515       2.325987133981562E-006
   13966942.1487603       -4949494.94949495       2.759735388736534E-006
   13966942.1487603       -4747474.74747475       3.247981947443590E-006
   13966942.1487603       -4545454.54545455       3.793207790230632E-006
   13966942.1487603       -4343434.34343434       4.397574860710322E-006
   13966942.1487603       -4141414.14141414       5.062968186635946E-006
   13966942.1487603       -3939393.93939394       5.791052680258118E-006
   13966942.1487603       -3737373.73737374       6.583329927217112E-006
   13966942.1487603       -3535353.53535354       7.441177230230078E-006
   13966942.1487603       -3333333.33333333       8.365851499037662E-006
   13966942.1487603       -3131313.13131313       9.358444958226437E-006
   13966942.1487603       -2929292.92929293       1.041978763320543E-005
   13966942.1487603       -2727272.72727273       1.155030150389864E-005
   13966942.1487603       -2525252.52525253       1.274982062519769E-005
   13966942.1487603       -2323232.32323232       1.401739796108767E-005
   13966942.1487603       -2121212.12121212       1.535112157388356E-005
   13966942.1487603       -1919191.91919192       1.674795989191424E-005
   13966942.1487603       -1717171.71717172       1.820364909753758E-005
   13966942.1487603       -1515151.51515152       1.971262716641355E-005
   13966942.1487603       -1313131.31313131       2.126801098560043E-005
   13966942.1487603       -1111111.11111111       2.286160729233137E-005
   13966942.1487603       -909090.909090910       2.448394630113780E-005
   13966942.1487603       -707070.707070708       2.612432935126866E-005
   13966942.1487603       -505050.505050506       2.777088823024222E-005
   13966942.1487603       -303030.303030305       2.941066249760724E-005
   13966942.1487603       -101010.101010101       3.102970970635186E-005
   13966942.1487603        101010.101010101       3.261326886131950E-005
   13966942.1487603        303030.303030303       3.414599675470119E-005
   13966942.1487603        505050.505050505       3.561228793437019E-005
   13966942.1487603        707070.707070706       3.699667200032397E-005
   13966942.1487603        909090.909090908       3.828425956100834E-005
   13966942.1487603        1111111.11111111       3.946118621880461E-005
   13966942.1487603        1313131.31313131       4.051498964618968E-005
   13966942.1487603        1515151.51515151       4.143485457743816E-005
   13966942.1487603        1717171.71717172       4.221167729573651E-005
   13966942.1487603        1919191.91919192       4.283793267667991E-005
   13966942.1487603        2121212.12121212       4.330736587545206E-005
   13966942.1487603        2323232.32323232       4.361456755160517E-005
   13966942.1487603        2525252.52525252       4.375451718004154E-005
   13966942.1487603        2727272.72727273       4.372218832616790E-005
   13966942.1487603        2929292.92929293       4.351230249123736E-005
   13966942.1487603        3131313.13131313       4.311929793742867E-005
   13966942.1487603        3333333.33333333       4.253755217198111E-005
   13966942.1487603        3535353.53535353       4.176186635871624E-005
   13966942.1487603        3737373.73737374       4.078818984984042E-005
   13966942.1487603        3939393.93939394       3.961453435005616E-005
   13966942.1487603        4141414.14141414       3.824199980306532E-005
   13966942.1487603        4343434.34343434       3.667580794229347E-005
   13966942.1487603        4545454.54545454       3.492621649277144E-005
   13966942.1487603        4747474.74747475       3.300917267002741E-005
   13966942.1487603        4949494.94949495       3.094656782599319E-005
   13966942.1487603        5151515.15151515       2.876598517139689E-005
   13966942.1487603        5353535.35353535       2.649989323465053E-005
   13966942.1487603        5555555.55555555       2.418432176364543E-005
   13966942.1487603        5757575.75757576       2.185714505096491E-005
   13966942.1487603        5959595.95959596       1.955616564588143E-005
   13966942.1487603        6161616.16161616       1.731721962264460E-005
   13966942.1487603        6363636.36363636       1.517250705450650E-005
   13966942.1487603        6565656.56565657       1.314929731195059E-005
   13966942.1487603        6767676.76767677       1.126908712498071E-005
   13966942.1487603        6969696.96969697       9.547219860338909E-006
   13966942.1487603        7171717.17171717       7.992921039432108E-006
   13966942.1487603        7373737.37373737       6.609673112634786E-006
   13966942.1487603        7575757.57575757       5.395840167720138E-006
   13966942.1487603        7777777.77777778       4.345455070448130E-006
   13966942.1487603        7979797.97979798       3.449091386094091E-006
   13966942.1487603        8181818.18181818       2.694755490659617E-006
   13966942.1487603        8383838.38383838       2.068747634502196E-006
   13966942.1487603        8585858.58585858       1.556453085825255E-006
   13966942.1487603        8787878.78787879       1.143035585215772E-006
   13966942.1487603        8989898.98989899       8.140153314266274E-007
   13966942.1487603        9191919.19191919       5.557227607799226E-007
   13966942.1487603        9393939.39393939       3.556274921760373E-007
   13966942.1487603        9595959.59595960       2.025488430545640E-007
   13966942.1487603        9797979.79797980       8.675997449433296E-008
   13966942.1487603        10000000.0000000       0.000000000000000E+000
   14448525.6606469       -10000000.0000000       0.000000000000000E+000
   14448525.6606469       -9797979.79797980       6.591129485292400E-010
   14448525.6606469       -9595959.59595960       1.638497815529555E-009
   14448525.6606469       -9393939.39393939       3.090384640082901E-009
   14448525.6606469       -9191919.19191919       5.226428568484745E-009
   14448525.6606469       -8989898.98989899       8.335563171696013E-009
   14448525.6606469       -8787878.78787879       1.280518450948640E-008
   14448525.6606469       -8585858.58585859       1.914557761032303E-008
   14448525.6606469       -8383838.38383838       2.801723932476232E-008
   14448525.6606469       -8181818.18181818       4.026043000554308E-008
   14448525.6606469       -7979797.97979798       5.692592504969920E-008
   14448525.6606469       -7777777.77777778       7.930555918931942E-008
   14448525.6606469       -7575757.57575758       1.089607927143403E-007
   14448525.6606469       -7373737.37373737       1.477472177114492E-007
   14448525.6606469       -7171717.17171717       1.978327071280622E-007
   14448525.6606469       -6969696.96969697       2.617068357839878E-007
   14448525.6606469       -6767676.76767677       3.421793155677034E-007
   14448525.6606469       -6565656.56565657       4.423655278642784E-007
   14448525.6606469       -6363636.36363636       5.656578365767876E-007
   14448525.6606469       -6161616.16161616       7.156822412412649E-007
   14448525.6606469       -5959595.95959596       8.962410736887336E-007
   14448525.6606469       -5757575.75757576       1.111243809284962E-006
   14448525.6606469       -5555555.55555556       1.364629560067124E-006
   14448525.6606469       -5353535.35353535       1.660286281551287E-006
   14448525.6606469       -5151515.15151515       2.001972921578427E-006
   14448525.6606469       -4949494.94949495       2.393251361348520E-006
   14448525.6606469       -4747474.74747475       2.837434699499887E-006
   14448525.6606469       -4545454.54545455       3.337556895335201E-006
   14448525.6606469       -4343434.34343434       3.896365850034467E-006
   14448525.6606469       -4141414.14141414       4.516337790114930E-006
   14448525.6606469       -3939393.93939394       5.199705871159154E-006
   14448525.6606469       -3737373.73737374       5.948491242021839E-006
   14448525.6606469       -3535353.53535354       6.764521710290897E-006
   14448525.6606469       -3333333.33333333       7.649422890315570E-006
   14448525.6606469       -3131313.13131313       8.604570013592597E-006
   14448525.6606469       -2929292.92929293       9.630995182515037E-006
   14448525.6606469       -2727272.72727273       1.072925340707459E-005
   14448525.6606469       -2525252.52525253       1.189925917490164E-005
   14448525.6606469       -2323232.32323232       1.314011138399182E-005
   14448525.6606469       -2121212.12121212       1.444992668555184E-005
   14448525.6606469       -1919191.91919192       1.582569923227335E-005
   14448525.6606469       -1717171.71717172       1.726319925304964E-005
   14448525.6606469       -1515151.51515152       1.875691536059362E-005
   14448525.6606469       -1313131.31313131       2.030003797446621E-005
   14448525.6606469       -1111111.11111111       2.188447553056058E-005
   14448525.6606469       -909090.909090910       2.350089261963035E-005
   14448525.6606469       -707070.707070708       2.513876054049466E-005
   14448525.6606469       -505050.505050506       2.678641582193651E-005
   14448525.6606469       -303030.303030305       2.843112999700975E-005
   14448525.6606469       -101010.101010101       3.005920234448832E-005
   14448525.6606469        101010.101010101       3.165609378893616E-005
   14448525.6606469        303030.303030303       3.320662178911484E-005
   14448525.6606469        505050.505050505       3.469523051186286E-005
   14448525.6606469        707070.707070706       3.610633710814887E-005
   14448525.6606469        909090.909090908       3.742473516993436E-005
   14448525.6606469        1111111.11111111       3.863601492353166E-005
   14448525.6606469        1313131.31313131       3.972694291086194E-005
   14448525.6606469        1515151.51515151       4.068573845373082E-005
   14448525.6606469        1717171.71717172       4.150219432827900E-005
   14448525.6606469        1919191.91919192       4.216761459235911E-005
   14448525.6606469        2121212.12121212       4.267457824918311E-005
   14448525.6606469        2323232.32323232       4.301657477821615E-005
   14448525.6606469        2525252.52525252       4.318758738985873E-005
   14448525.6606469        2727272.72727273       4.318171558741930E-005
   14448525.6606469        2929292.92929293       4.299292800403342E-005
   14448525.6606469        3131313.13131313       4.261502143768764E-005
   14448525.6606469        3333333.33333333       4.204183686534108E-005
   14448525.6606469        3535353.53535353       4.126775251681730E-005
   14448525.6606469        3737373.73737374       4.028844099542374E-005
   14448525.6606469        3939393.93939394       3.910184331506571E-005
   14448525.6606469        4141414.14141414       3.770927787884225E-005
   14448525.6606469        4343434.34343434       3.611656769034467E-005
   14448525.6606469        4545454.54545454       3.433503798337984E-005
   14448525.6606469        4747474.74747475       3.238221688771838E-005
   14448525.6606469        4949494.94949495       3.028207551853319E-005
   14448525.6606469        5151515.15151515       2.806468232856161E-005
   14448525.6606469        5353535.35353535       2.576522308687313E-005
   14448525.6606469        5555555.55555555       2.342244145217640E-005
   14448525.6606469        5757575.75757576       2.107666053770182E-005
   14448525.6606469        5959595.95959596       1.876762243864177E-005
   14448525.6606469        6161616.16161616       1.653240775809211E-005
   14448525.6606469        6363636.36363636       1.440366616730716E-005
   14448525.6606469        6565656.56565657       1.240831626640949E-005
   14448525.6606469        6767676.76767677       1.056678346875947E-005
   14448525.6606469        6969696.96969697       8.892762688155899E-006
   14448525.6606469        7171717.17171717       7.393433801917639E-006
   14448525.6606469        7373737.37373737       6.070026666657459E-006
   14448525.6606469        7575757.57575757       4.918624923787049E-006
   14448525.6606469        7777777.77777778       3.931106109807497E-006
   14448525.6606469        7979797.97979798       3.096131836627277E-006
   14448525.6606469        8181818.18181818       2.400120275510364E-006
   14448525.6606469        8383838.38383838       1.828150642837991E-006
   14448525.6606469        8585858.58585858       1.364764617983931E-006
   14448525.6606469        8787878.78787879       9.946425450178949E-007
   14448525.6606469        8989898.98989899       7.031432291998856E-007
   14448525.6606469        9191919.19191919       4.767054680707686E-007
   14448525.6606469        9393939.39393939       3.031172976707263E-007
   14448525.6606469        9595959.59595960       1.716652571818022E-007
   14448525.6606469        9797979.79797980       7.318058059073470E-008
   14448525.6606469        10000000.0000000       0.000000000000000E+000
   14938271.6049383       -10000000.0000000       0.000000000000000E+000
   14938271.6049383       -9797979.79797980       4.507829189301367E-010
   14938271.6049383       -9595959.59595960       1.127749285029394E-009
   14938271.6049383       -9393939.39393939       2.143510817997599E-009
   14938271.6049383       -9191919.19191919       3.657059761528131E-009
   14938271.6049383       -8989898.98989899       5.888738095454235E-009
   14938271.6049383       -8787878.78787879       9.138438903852340E-009
   14938271.6049383       -8585858.58585859       1.380712633073070E-008
   14938271.6049383       -8383838.38383838       2.042157716753593E-008
   14938271.6049383       -8181818.18181818       2.966198023863567E-008
   14938271.6049383       -7979797.97979798       4.239170954503022E-008
   14938271.6049383       -7777777.77777778       5.968822932899119E-008
   14938271.6049383       -7575757.57575758       8.287371712067854E-008
   14938271.6049383       -7373737.37373737       1.135436359372319E-007
   14938271.6049383       -7171717.17171717       1.535911878103722E-007
   14938271.6049383       -6969696.96969697       2.052253818627084E-007
   14938271.6049383       -6767676.76767677       2.709803983836825E-007
   14938271.6049383       -6565656.56565657       3.537140726039683E-007
   14938271.6049383       -6363636.36363636       4.565937001363131E-007
   14938271.6049383       -6161616.16161616       5.830680112580262E-007
   14938271.6049383       -5959595.95959596       7.368250844326699E-007
   14938271.6049383       -5757575.75757576       9.217371500977296E-007
   14938271.6049383       -5555555.55555556       1.141794606714642E-006
   14938271.6049383       -5353535.35353535       1.401033003065598E-006
   14938271.6049383       -5151515.15151515       1.703458030173183E-006
   14938271.6049383       -4949494.94949495       2.052974435339076E-006
   14938271.6049383       -4747474.74747475       2.453324892275743E-006
   14938271.6049383       -4545454.54545455       2.908043918812278E-006
   14938271.6049383       -4343434.34343434       3.420429724735343E-006
   14938271.6049383       -4141414.14141414       3.993533441730376E-006
   14938271.6049383       -3939393.93939394       4.630160951305113E-006
   14938271.6049383       -3737373.73737374       5.332878318997826E-006
   14938271.6049383       -3535353.53535354       6.104008807736971E-006
   14938271.6049383       -3333333.33333333       6.945608734011026E-006
   14938271.6049383       -3131313.13131313       7.859411780370267E-006
   14938271.6049383       -2929292.92929293       8.846736703313513E-006
   14938271.6049383       -2727272.72727273       9.908360633171997E-006
   14938271.6049383       -2525252.52525253       1.104436758511004E-005
   14938271.6049383       -2323232.32323232       1.225398745476378E-005
   14938271.6049383       -2121212.12121212       1.353544320070170E-005
   14938271.6049383       -1919191.91919192       1.488582258466078E-005
   14938271.6049383       -1717171.71717172       1.630098623419775E-005
   14938271.6049383       -1515151.51515152       1.777551718358409E-005
   14938271.6049383       -1313131.31313131       1.930271009601062E-005
   14938271.6049383       -1111111.11111111       2.087459271563388E-005
   14938271.6049383       -909090.909090910       2.248196905962537E-005
   14938271.6049383       -707070.707070708       2.411447422354574E-005
   14938271.6049383       -505050.505050506       2.576063454419833E-005
   14938271.6049383       -303030.303030305       2.740793356247311E-005
   14938271.6049383       -101010.101010101       2.904289224576280E-005
   14938271.6049383        101010.101010101       3.065117902057289E-005
   14938271.6049383        303030.303030303       3.221776867074491E-005
   14938271.6049383        505050.505050505       3.372716661758464E-005
   14938271.6049383        707070.707070706       3.516370514535124E-005
   14938271.6049383        909090.909090908       3.651190142351180E-005
   14938271.6049383        1111111.11111111       3.775684695205574E-005
   14938271.6049383        1313131.31313131       3.888457987046675E-005
   14938271.6049383        1515151.51515151       3.988238189205142E-005
   14938271.6049383        1717171.71717172       4.073894560711389E-005
   14938271.6049383        1919191.91919192       4.144437715588075E-005
   14938271.6049383        2121212.12121212       4.199003073553705E-005
   14938271.6049383        2323232.32323232       4.236820797422159E-005
   14938271.6049383        2525252.52525252       4.257178806334224E-005
   14938271.6049383        2727272.72727273       4.259387612491798E-005
   14938271.6049383        2929292.92929293       4.242756353266594E-005
   14938271.6049383        3131313.13131313       4.206588478850067E-005
   14938271.6049383        3333333.33333333       4.150203398059821E-005
   14938271.6049383        3535353.53535353       4.072987363263469E-005
   14938271.6049383        3737373.73737374       3.974473289501604E-005
   14938271.6049383        3939393.93939394       3.854445204775200E-005
   14938271.6049383        4141414.14141414       3.713058691601480E-005
   14938271.6049383        4343434.34343434       3.550964190560773E-005
   14938271.6049383        4545454.54545454       3.369415950007317E-005
   14938271.6049383        4747474.74747475       3.170346830230132E-005
   14938271.6049383        4949494.94949495       2.956389648435144E-005
   14938271.6049383        5151515.15151515       2.730830664920798E-005
   14938271.6049383        5353535.35353535       2.497490431710675E-005
   14938271.6049383        5555555.55555555       2.260539962750700E-005
   14938271.6049383        5757575.75757576       2.024272719767633E-005
   14938271.6049383        5959595.95959596       1.792861417298793E-005
   14938271.6049383        6161616.16161616       1.570130537200213E-005
   14938271.6049383        6363636.36363636       1.359370512408716E-005
   14938271.6049383        6565656.56565657       1.163209917528931E-005
   14938271.6049383        6767676.76767677       9.835509576871041E-006
   14938271.6049383        6969696.96969697       8.215640264819141E-006
   14938271.6049383        7171717.17171717       6.777307932982847E-006
   14938271.6049383        7373737.37373737       5.519224536152289E-006
   14938271.6049383        7575757.57575757       4.434997315569871E-006
   14938271.6049383        7777777.77777778       3.514228891689567E-006
   14938271.6049383        7979797.97979798       2.743623927133038E-006
   14938271.6049383        8181818.18181818       2.108033453237944E-006
   14938271.6049383        8383838.38383838       1.591389774017782E-006
   14938271.6049383        8585858.58585858       1.177502884141165E-006
   14938271.6049383        8787878.78787879       8.507037994441532E-007
   14938271.6049383        8989898.98989899       5.963317377898215E-007
   14938271.6049383        9191919.19191919       4.010712614382656E-007
   14938271.6049383        9393939.39393939       2.531526152133949E-007
   14938271.6049383        9595959.59595960       1.424336882930605E-007
   14938271.6049383        9797979.79797980       6.038522898484518E-008
   14938271.6049383        10000000.0000000       0.000000000000000E+000
   15436179.9816345       -10000000.0000000       0.000000000000000E+000
   15436179.9816345       -9797979.79797980       2.974623042287446E-010
   15436179.9816345       -9595959.59595960       7.496210548723506E-010
   15436179.9816345       -9393939.39393939       1.437402284145073E-009
   15436179.9816345       -9191919.19191919       2.476995027416544E-009
   15436179.9816345       -8989898.98989899       4.032084051408873E-009
   15436179.9816345       -8787878.78787879       6.329097505986781E-009
   15436179.9816345       -8585858.58585859       9.675688837453845E-009
   15436179.9816345       -8383838.38383838       1.448255908492385E-008
   15436179.9816345       -8181818.18181818       2.128851903828316E-008
   15436179.9816345       -7979797.97979798       3.078842375432697E-008
   15436179.9816345       -7777777.77777778       4.386329307303871E-008
   15436179.9816345       -7575757.57575758       6.161157607116543E-008
   15436179.9816345       -7373737.37373737       8.538014844938593E-008
   15436179.9816345       -7171717.17171717       1.167932816861210E-007
   15436179.9816345       -6969696.96969697       1.577775310099468E-007
   15436179.9816345       -6767676.76767677       2.105803014337908E-007
   15436179.9816345       -6565656.56565657       2.777798162432878E-007
   15436179.9816345       -6363636.36363636       3.622843789249374E-007
   15436179.9816345       -6161616.16161616       4.673192298101189E-007
   15436179.9816345       -5959595.95959596       5.963999804423303E-007
   15436179.9816345       -5757575.75757576       7.532925636310111E-007
   15436179.9816345       -5555555.55555556       9.419608265215348E-007
   15436179.9816345       -5353535.35353535       1.166504222034833E-006
   15436179.9816345       -5151515.15151515       1.431089354064474E-006
   15436179.9816345       -4949494.94949495       1.739880162333442E-006
   15436179.9816345       -4747474.74747475       2.096971994309691E-006
   15436179.9816345       -4545454.54545455       2.506334396237713E-006
   15436179.9816345       -4343434.34343434       2.971765936039629E-006
   15436179.9816345       -4141414.14141414       3.496861721360082E-006
   15436179.9816345       -3939393.93939394       4.084990789526234E-006
   15436179.9816345       -3737373.73737374       4.739276892314812E-006
   15436179.9816345       -3535353.53535354       5.462573350125054E-006
   15436179.9816345       -3333333.33333333       6.257421642332774E-006
   15436179.9816345       -3131313.13131313       7.125984961444734E-006
   15436179.9816345       -2929292.92929293       8.069952150675551E-006
   15436179.9816345       -2727272.72727273       9.090413498377487E-006
   15436179.9816345       -2525252.52525253       1.018771632841794E-005
   15436179.9816345       -2323232.32323232       1.136131351444646E-005
   15436179.9816345       -2121212.12121212       1.260962058287273E-005
   15436179.9816345       -1919191.91919192       1.392989632115369E-005
   15436179.9816345       -1717171.71717172       1.531815803049104E-005
   15436179.9816345       -1515151.51515152       1.676913675470532E-005
   15436179.9816345       -1313131.31313131       1.827627139719081E-005
   15436179.9816345       -1111111.11111111       1.983173508357975E-005
   15436179.9816345       -909090.909090910       2.142648369210336E-005
   15436179.9816345       -707070.707070708       2.305031599235340E-005
   15436179.9816345       -505050.505050506       2.469193759247642E-005
   15436179.9816345       -303030.303030305       2.633902652396267E-005
   15436179.9816345       -101010.101010101       2.797830568669743E-005
   15436179.9816345        101010.101010101       2.959563470521472E-005
   15436179.9816345        303030.303030303       3.117613864710456E-005
   15436179.9816345        505050.505050505       3.270439108800228E-005
   15436179.9816345        707070.707070706       3.416466240435758E-005
   15436179.9816345        909090.909090908       3.554123073040357E-005
   15436179.9816345        1111111.11111111       3.681873481454755E-005
   15436179.9816345        1313131.31313131       3.798252952644498E-005
   15436179.9816345        1515151.51515151       3.901899197659859E-005
   15436179.9816345        1717171.71717172       3.991572476032161E-005
   15436179.9816345        1919191.91919192       4.066161583465053E-005
   15436179.9816345        2121212.12121212       4.124674094543103E-005
   15436179.9816345        2323232.32323232       4.166212903438467E-005
   15436179.9816345        2525252.52525252       4.189944566702261E-005
   15436179.9816345        2727272.72727273       4.195067616943815E-005
   15436179.9816345        2929292.92929293       4.180790320845666E-005
   15436179.9816345        3131313.13131313       4.146327098268183E-005
   15436179.9816345        3333333.33333333       4.090921114618530E-005
   15436179.9816345        3535353.53535353       4.013897670887066E-005
   15436179.9816345        3737373.73737374       3.914749187825716E-005
   15436179.9816345        3939393.93939394       3.793247954311098E-005
   15436179.9816345        4141414.14141414       3.649577497822945E-005
   15436179.9816345        4343434.34343434       3.484467747951675E-005
   15436179.9816345        4545454.54545454       3.299313916664721E-005
   15436179.9816345        4747474.74747475       3.096255724547195E-005
   15436179.9816345        4949494.94949495       2.878194263091805E-005
   15436179.9816345        5151515.15151515       2.648730080255630E-005
   15436179.9816345        5353535.35353535       2.412018159953701E-005
   15436179.9816345        5555555.55555555       2.172551082589324E-005
   15436179.9816345        5757575.75757576       1.934896461580989E-005
   15436179.9816345        5959595.95959596       1.703424016764734E-005
   15436179.9816345        6161616.16161616       1.482058457364122E-005
   15436179.9816345        6363636.36363636       1.274086956393736E-005
   15436179.9816345        6565656.56565657       1.082037473091869E-005
   15436179.9816345        6767676.76767677       9.076307336650195E-006
   15436179.9816345        6969696.96969697       7.517978170025029E-006
   15436179.9816345        7171717.17171717       6.147487528944539E-006
   15436179.9816345        7373737.37373737       4.960753053500213E-006
   15436179.9816345        7575757.57575757       3.948720692500793E-006
   15436179.9816345        7777777.77777778       3.098627327616404E-006
   15436179.9816345        7979797.97979798       2.395216602291019E-006
   15436179.9816345        8181818.18181818       1.821840816728557E-006
   15436179.9816345        8383838.38383838       1.361407979564899E-006
   15436179.9816345        8585858.58585858       9.971536264405627E-007
   15436179.9816345        8787878.78787879       7.132325313131633E-007
   15436179.9816345        8989898.98989899       4.951369809930409E-007
   15436179.9816345        9191919.19191919       3.299567092767838E-007
   15436179.9816345        9393939.39393939       2.065014342566120E-007
   15436179.9816345        9595959.59595960       1.153105209923510E-007
   15436179.9816345        9797979.79797980       4.857570866906053E-008
   15436179.9816345        10000000.0000000       0.000000000000000E+000
   15942250.7907356       -10000000.0000000       0.000000000000000E+000
   15942250.7907356       -9797979.79797980       1.884817122305432E-010
   15942250.7907356       -9595959.59595960       4.789882281258670E-010
   15942250.7907356       -9393939.39393939       9.277847609246057E-010
   15942250.7907356       -9191919.19191919       1.617156839548059E-009
   15942250.7907356       -8989898.98989899       2.665121839670033E-009
   15942250.7907356       -8787878.78787879       4.237847236848892E-009
   15942250.7907356       -8585858.58585859       6.565085737670726E-009
   15942250.7907356       -8383838.38383838       9.958887070177130E-009
   15942250.7907356       -8181818.18181818       1.483570131475321E-008
   15942250.7907356       -7979797.97979798       2.174178245246199E-008
   15942250.7907356       -7777777.77777778       3.138153518139659E-008
   15942250.7907356       -7575757.57575758       4.464813000236756E-008
   15942250.7907356       -7373737.37373737       6.265535622983991E-008
   15942250.7907356       -7171717.17171717       8.676931378724086E-008
   15942250.7907356       -6969696.96969697       1.186381950583602E-007
   15942250.7907356       -6767676.76767677       1.602181185145033E-007
   15942250.7907356       -6565656.56565657       2.137927936657743E-007
   15942250.7907356       -6363636.36363636       2.819847729769709E-007
   15942250.7907356       -6161616.16161616       3.677562303210319E-007
   15942250.7907356       -5959595.95959596       4.743976381923789E-007
   15942250.7907356       -5757575.75757576       6.055034188252909E-007
   15942250.7907356       -5555555.55555556       7.649346057510290E-007
   15942250.7907356       -5353535.35353535       9.567697106024716E-007
   15942250.7907356       -5151515.15151515       1.185246218367096E-006
   15942250.7907356       -4949494.94949495       1.454696232988321E-006
   15942250.7907356       -4747474.74747475       1.769480500969073E-006
   15942250.7907356       -4545454.54545455       2.133925065029924E-006
   15942250.7907356       -4343434.34343434       2.552263903759858E-006
   15942250.7907356       -4141414.14141414       3.028589012336153E-006
   15942250.7907356       -3939393.93939394       3.566806655140547E-006
   15942250.7907356       -3737373.73737374       4.170595485762695E-006
   15942250.7907356       -3535353.53535354       4.843359685564252E-006
   15942250.7907356       -3333333.33333333       5.588169124197120E-006
   15942250.7907356       -3131313.13131313       6.407679496250603E-006
   15942250.7907356       -2929292.92929293       7.304028615109826E-006
   15942250.7907356       -2727272.72727273       8.278710019914585E-006
   15942250.7907356       -2525252.52525253       9.332430616362475E-006
   15942250.7907356       -2323232.32323232       1.046496377497440E-005
   15942250.7907356       -2121212.12121212       1.167501187070776E-005
   15942250.7907356       -1919191.91919192       1.296009195964107E-005
   15942250.7907356       -1717171.71717172       1.431645521015756E-005
   15942250.7907356       -1515151.51515152       1.573904559381610E-005
   15942250.7907356       -1313131.31313131       1.722149739644297E-005
   15942250.7907356       -1111111.11111111       1.875616566417325E-005
   15942250.7907356       -909090.909090910       2.033417994057734E-005
   15942250.7907356       -707070.707070708       2.194551043847284E-005
   15942250.7907356       -505050.505050506       2.357903753321746E-005
   15942250.7907356       -303030.303030305       2.522262002912745E-005
   15942250.7907356       -101010.101010101       2.686316427321615E-005
   15942250.7907356        101010.101010101       2.848670343497223E-005
   15942250.7907356        303030.303030303       3.007850211515159E-005
   15942250.7907356        505050.505050505       3.162320359106330E-005
   15942250.7907356        707070.707070706       3.310503346220422E-005
   15942250.7907356        909090.909090908       3.450806335907552E-005
   15942250.7907356        1111111.11111111       3.581652276363715E-005
   15942250.7907356        1313131.31313131       3.701512920730576E-005
   15942250.7907356        1515151.51515151       3.808939238722743E-005
   15942250.7907356        1717171.71717172       3.902584179870792E-005
   15942250.7907356        1919191.91919192       3.981213452805691E-005
   15942250.7907356        2121212.12121212       4.043702070895023E-005
   15942250.7907356        2323232.32323232       4.089017545736687E-005
   15942250.7907356        2525252.52525252       4.116194111010931E-005
   15942250.7907356        2727272.72727273       4.124305426674369E-005
   15942250.7907356        2929292.92929293       4.112445164225592E-005
   15942250.7907356        3131313.13131313       4.079725312080753E-005
   15942250.7907356        3333333.33333333       4.025300875692167E-005
   15942250.7907356        3535353.53535353       3.948426980841389E-005
   15942250.7907356        3737373.73737374       3.848550357994484E-005
   15942250.7907356        3939393.93939394       3.725431886436012E-005
   15942250.7907356        4141414.14141414       3.579290450518248E-005
   15942250.7907356        4343434.34343434       3.410951267567703E-005
   15942250.7907356        4545454.54545454       3.221975233320838E-005
   15942250.7907356        4747474.74747475       3.014741727349254E-005
   15942250.7907356        4949494.94949495       2.792458308575977E-005
   15942250.7907356        5151515.15151515       2.559078840972791E-005
   15942250.7907356        5353535.35353535       2.319126761011599E-005
   15942250.7907356        5555555.55555555       2.077439275417939E-005
   15942250.7907356        5757575.75757576       1.838865610685063E-005
   15942250.7907356        5959595.95959596       1.607962216641798E-005
   15942250.7907356        6161616.16161616       1.388726901026108E-005
   15942250.7907356        6363636.36363636       1.184403213116731E-005
   15942250.7907356        6565656.56565657       9.973703283852586E-006
   15942250.7907356        6767676.76767677       8.291175637412358E-006
   15942250.7907356        6969696.96969697       6.802905385764387E-006
   15942250.7907356        7171717.17171717       5.507895612030396E-006
   15942250.7907356        7373737.37373737       4.398995838710970E-006
   15942250.7907356        7575757.57575757       3.464333809948858E-006
   15942250.7907356        7777777.77777778       2.688736332165798E-006
   15942250.7907356        7979797.97979798       2.055039371868349E-006
   15942250.7907356        8181818.18181818       1.545226005812826E-006
   15942250.7907356        8383838.38383838       1.141361200684426E-006
   15942250.7907356        8585858.58585858       8.263148122815302E-007
   15942250.7907356        8787878.78787879       5.842800015450520E-007
   15942250.7907356        8989898.98989899       4.011050159669959E-007
   15942250.7907356        9191919.19191919       2.644632057660897E-007
   15942250.7907356        9393939.39393939       1.638900522665543E-007
   15942250.7907356        9595959.59595960       9.071741762459940E-008
   15942250.7907356        9797979.79797980       3.793448367614644E-008
   15942250.7907356        10000000.0000000       0.000000000000000E+000
   16456484.0322416       -10000000.0000000       0.000000000000000E+000
   16456484.0322416       -9797979.79797980       1.140088872028012E-010
   16456484.0322416       -9595959.59595960       2.925621940577484E-010
   16456484.0322416       -9393939.39393939       5.733195812473543E-010
   16456484.0322416       -9191919.19191919       1.012491609254986E-009
   16456484.0322416       -8989898.98989899       1.692300149567390E-009
   16456484.0322416       -8787878.78787879       2.730776035467284E-009
   16456484.0322416       -8585858.58585859       4.294254647633862E-009
   16456484.0322416       -8383838.38383838       6.612932596390964E-009
   16456484.0322416       -8181818.18181818       9.999762974487446E-009
   16456484.0322416       -7979797.97979798       1.487282402483071E-008
   16456484.0322416       -7777777.77777778       2.178109292802314E-008
   16456484.0322416       -7575757.57575758       3.143329257804296E-008
   16456484.0322416       -7373737.37373737       4.472916144409531E-008
   16456484.0322416       -7171717.17171717       6.279213983943560E-008
   16456484.0322416       -6969696.96969697       8.700209413565459E-008
   16456484.0322416       -6767676.76767677       1.190263470560574E-007
   16456484.0322416       -6565656.56565657       1.608469893261914E-007
   16456484.0322416       -6363636.36363636       2.147822647581603E-007
   16456484.0322416       -6161616.16161616       2.834997996880890E-007
   16456484.0322416       -5959595.95959596       3.700196381163127E-007
   16456484.0322416       -5757575.75757576       4.777054832753590E-007
   16456484.0322416       -5555555.55555556       6.102432469130834E-007
   16456484.0322416       -5353535.35353535       7.716069405640766E-007
   16456484.0322416       -5151515.15151515       9.660130224803487E-007
   16456484.0322416       -4949494.94949495       1.197865385357978E-006
   16456484.0322416       -4747474.74747475       1.471694013627668E-006
   16456484.0322416       -4545454.54545455       1.792090696519774E-006
   16456484.0322416       -4343434.34343434       2.163644816998513E-006
   16456484.0322416       -4141414.14141414       2.590881020587991E-006
   16456484.0322416       -3939393.93939394       3.078198587399749E-006
   16456484.0322416       -3737373.73737374       3.629809952629548E-006
   16456484.0322416       -3535353.53535354       4.249673681373896E-006
   16456484.0322416       -3333333.33333333       4.941416071702877E-006
   16456484.0322416       -3131313.13131313       5.708236089710224E-006
   16456484.0322416       -2929292.92929293       6.552790790572636E-006
   16456484.0322416       -2727272.72727273       7.477062425718595E-006
   16456484.0322416       -2525252.52525253       8.482213183084915E-006
   16456484.0322416       -2323232.32323232       9.568437729571701E-006
   16456484.0322416       -2121212.12121212       1.073482624751469E-005
   16456484.0322416       -1919191.91919192       1.197925072789076E-005
   16456484.0322416       -1717171.71717172       1.329828479229190E-005
   16456484.0322416       -1515151.51515152       1.468716280114335E-005
   16456484.0322416       -1313131.31313131       1.613977847166983E-005
   16456484.0322416       -1111111.11111111       1.764871787438101E-005
   16456484.0322416       -909090.909090910       1.920531763174050E-005
   16456484.0322416       -707070.707070708       2.079973727858070E-005
   16456484.0322416       -505050.505050506       2.242103555659464E-005
   16456484.0322416       -303030.303030305       2.405724394591728E-005
   16456484.0322416       -101010.101010101       2.569543649573475E-005
   16456484.0322416        101010.101010101       2.732180191852854E-005
   16456484.0322416        303030.303030303       2.892173028990730E-005
   16456484.0322416        505050.505050505       3.047993047499612E-005
   16456484.0322416        707070.707070706       3.198059353829926E-005
   16456484.0322416        909090.909090908       3.340761055378619E-005
   16456484.0322416        1111111.11111111       3.474484058206488E-005
   16456484.0322416        1313131.31313131       3.597640836608561E-005
   16456484.0322416        1515151.51515151       3.708699580997463E-005
   16456484.0322416        1717171.71717172       3.806208198260415E-005
   16456484.0322416        1919191.91919192       3.888808810599865E-005
   16456484.0322416        2121212.12121212       3.955239914197435E-005
   16456484.0322416        2323232.32323232       4.004326078449718E-005
   16456484.0322416        2525252.52525252       4.034958474116357E-005
   16456484.0322416        2727272.72727273       4.046072866900774E-005
   16456484.0322416        2929292.92929293       4.036634245267216E-005
   16456484.0322416        3131313.13131313       4.005638395671517E-005
   16456484.0322416        3333333.33333333       3.952140182972097E-005
   16456484.0322416        3535353.53535353       3.875315929882752E-005
   16456484.0322416        3737373.73737374       3.774563092792428E-005
   16456484.0322416        3939393.93939394       3.649634405804328E-005
   16456484.0322416        4141414.14141414       3.500795963545119E-005
   16456484.0322416        4343434.34343434       3.328989978009631E-005
   16456484.0322416        4545454.54545454       3.135974744269087E-005
   16456484.0322416        4747474.74747475       2.924409378524031E-005
   16456484.0322416        4949494.94949495       2.697852451208763E-005
   16456484.0322416        5151515.15151515       2.460654150617638E-005
   16456484.0322416        5353535.35353535       2.217740657454658E-005
   16456484.0322416        5555555.55555555       1.974312599561126E-005
   16456484.0322416        5757575.75757576       1.735499479108123E-005
   16456484.0322416        5959595.95959596       1.506021787857554E-005
   16456484.0322416        6161616.16161616       1.289908922683380E-005
   16456484.0322416        6363636.36363636       1.090306074761118E-005
   16456484.0322416        6565656.56565657       9.093829678612830E-006
   16456484.0322416        6767676.76767677       7.483383391877518E-006
   16456484.0322416        6969696.96969697       6.074809562575711E-006
   16456484.0322416        7171717.17171717       4.863621395181730E-006
   16456484.0322416        7373737.37373737       3.839350570275834E-006
   16456484.0322416        7575757.57575757       2.987201435359727E-006
   16456484.0322416        7777777.77777778       2.289615808801223E-006
   16456484.0322416        7979797.97979798       1.727652501222218E-006
   16456484.0322416        8181818.18181818       1.282131062056696E-006
   16456484.0322416        8383838.38383838       9.345230734176557E-007
   16456484.0322416        8585858.58585858       6.675975953778182E-007
   16456484.0322416        8787878.78787879       4.658423605246837E-007
   16456484.0322416        8989898.98989899       3.156912203899934E-007
   16456484.0322416        9191919.19191919       2.055928407898657E-007
   16456484.0322416        9393939.39393939       1.259568706153944E-007
   16456484.0322416        9595959.59595960       6.901255892213354E-008
   16456484.0322416        9797979.79797980       2.861158102940728E-008
   16456484.0322416        10000000.0000000       0.000000000000000E+000
   16978879.7061524       -10000000.0000000       0.000000000000000E+000
   16978879.7061524       -9797979.79797980       6.535924863306267E-011
   16978879.7061524       -9595959.59595960       1.696352919625491E-010
   16978879.7061524       -9393939.39393939       3.369456411183178E-010
   16978879.7061524       -9191919.19191919       6.041158955269944E-010
   16978879.7061524       -8989898.98989899       1.026197883782166E-009
   16978879.7061524       -8787878.78787879       1.683924391840991E-009
   16978879.7061524       -8585858.58585859       2.693475285890094E-009
   16978879.7061524       -8383838.38383838       4.218973189945240E-009
   16978879.7061524       -8181818.18181818       6.488094170698395E-009
   16978879.7061524       -7979797.97979798       9.811097868302125E-009
   16978879.7061524       -7777777.77777778       1.460344465394777E-008
   16978879.7061524       -7575757.57575758       2.141196867998235E-008
   16978879.7061524       -7373737.37373737       3.094431433658676E-008
   16978879.7061524       -7171717.17171717       4.410102571102146E-008
   16978879.7061524       -6969696.96969697       6.200931862418987E-008
   16978879.7061524       -6767676.76767677       8.605718670743807E-008
   16978879.7061524       -6565656.56565657       1.179261307981250E-007
   16978879.7061524       -6363636.36363636       1.596204980698044E-007
   16978879.7061524       -6161616.16161616       2.134912242980392E-007
   16978879.7061524       -5959595.95959596       2.822517425987812E-007
   16978879.7061524       -5757575.75757576       3.689840029033943E-007
   16978879.7061524       -5555555.55555556       4.771329700465083E-007
   16978879.7061524       -5353535.35353535       6.104886352781892E-007
   16978879.7061524       -5151515.15151515       7.731554395749063E-007
   16978879.7061524       -4949494.94949495       9.695099598480456E-007
   16978879.7061524       -4747474.74747475       1.204148579621042E-006
   16978879.7061524       -4545454.54545455       1.481827435198070E-006
   16978879.7061524       -4343434.34343434       1.807396975278216E-006
   16978879.7061524       -4141414.14141414       2.185732845710341E-006
   16978879.7061524       -3939393.93939394       2.621663520522076E-006
   16978879.7061524       -3737373.73737374       3.119893385368395E-006
   16978879.7061524       -3535353.53535354       3.684918320081510E-006
   16978879.7061524       -3333333.33333333       4.320929852311068E-006
   16978879.7061524       -3131313.13131313       5.031704250995414E-006
   16978879.7061524       -2929292.92929293       5.820474802105723E-006
   16978879.7061524       -2727272.72727273       6.689788797809234E-006
   16978879.7061524       -2525252.52525253       7.641354808753684E-006
   16978879.7061524       -2323232.32323232       8.675889584832021E-006
   16978879.7061524       -2121212.12121212       9.792976383036217E-006
   16978879.7061524       -1919191.91919192       1.099094687792204E-005
   16978879.7061524       -1717171.71717172       1.226679682099592E-005
   16978879.7061524       -1515151.51515152       1.361614162023257E-005
   16978879.7061524       -1313131.31313131       1.503321282967034E-005
   16978879.7061524       -1111111.11111111       1.651089124589738E-005
   16978879.7061524       -909090.909090910       1.804076798277015E-005
   16978879.7061524       -707070.707070708       1.961322242231943E-005
   16978879.7061524       -505050.505050506       2.121750588263267E-005
   16978879.7061524       -303030.303030305       2.284182237484077E-005
   16978879.7061524       -101010.101010101       2.447340266361396E-005
   16978879.7061524        101010.101010101       2.609857420962617E-005
   16978879.7061524        303030.303030303       2.770283612602143E-005
   16978879.7061524        505050.505050505       2.927095322953883E-005
   16978879.7061524        707070.707070706       3.078708464142567E-005
   16978879.7061524        909090.909090908       3.223495858902692E-005
   16978879.7061524        1111111.11111111       3.359809555676627E-005
   16978879.7061524        1313131.31313131       3.486006797543302E-005
   16978879.7061524        1515151.51515151       3.600476949511159E-005
   16978879.7061524        1717171.71717172       3.701665540422258E-005
   16978879.7061524        1919191.91919192       3.788091305432135E-005
   16978879.7061524        2121212.12121212       3.858353081563405E-005
   16978879.7061524        2323232.32323232       3.911125656624712E-005
   16978879.7061524        2525252.52525252       3.945146866038667E-005
   16978879.7061524        2727272.72727273       3.959201728742024E-005
   16978879.7061524        2929292.92929293       3.952112434286456E-005
   16978879.7061524        3131313.13131313       3.922744820507179E-005
   16978879.7061524        3333333.33333333       3.870042074595636E-005
   16978879.7061524        3535353.53535353       3.793094389839853E-005
   16978879.7061524        3737373.73737374       3.691248968922475E-005
   16978879.7061524        3939393.93939394       3.564257938767690E-005
   16978879.7061524        4141414.14141414       3.412452574915156E-005
   16978879.7061524        4343434.34343434       3.236921589309119E-005
   16978879.7061524        4545454.54545454       3.039661227855949E-005
   16978879.7061524        4747474.74747475       2.823659094165938E-005
   16978879.7061524        4949494.94949495       2.592876150263630E-005
   16978879.7061524        5151515.15151515       2.352105070051052E-005
   16978879.7061524        5353535.35353535       2.106707011329071E-005
   16978879.7061524        5555555.55555555       1.862256856992337E-005
   16978879.7061524        5757575.75757576       1.624149668312063E-005
   16978879.7061524        5959595.95959596       1.397230135167093E-005
   16978879.7061524        6161616.16161616       1.185499222919401E-005
   16978879.7061524        6363636.36363636       9.919317719833228E-006
   16978879.7061524        6565656.56565657       8.184135936311764E-006
   16978879.7061524        6767676.76767677       6.657847680806132E-006
   16978879.7061524        6969696.96969697       5.339622893938972E-006
   16978879.7061524        7171717.17171717       4.221107250173390E-006
   16978879.7061524        7373737.37373737       3.288320616440795E-006
   16978879.7061524        7575757.57575757       2.523522354697550E-006
   16978879.7061524        7777777.77777778       1.906892175045409E-006
   16978879.7061524        7979797.97979798       1.417941774893461E-006
   16978879.7061524        8181818.18181818       1.036624137915356E-006
   16978879.7061524        8383838.38383838       7.441432374100870E-007
   16978879.7061524        8585858.58585858       5.234894757428133E-007
   16978879.7061524        8787878.78787879       3.597388673137585E-007
   16978879.7061524        8989898.98989899       2.401597197868742E-007
   16978879.7061524        9191919.19191919       1.541715869179314E-007
   16978879.7061524        9393939.39393939       9.319905619420802E-008
   16978879.7061524        9595959.59595960       5.045854242547986E-008
   16978879.7061524        9797979.79797980       2.071039327455516E-008
   16978879.7061524        10000000.0000000       0.000000000000000E+000
   17509437.8124681       -10000000.0000000       0.000000000000000E+000
   17509437.8124681       -9797979.79797980       3.519266057339814E-011
   17509437.8124681       -9595959.59595960       9.257014087996046E-011
   17509437.8124681       -9393939.39393939       1.867975105649410E-010
   17509437.8124681       -9191919.19191919       3.408474366541361E-010
   17509437.8124681       -8989898.98989899       5.899055000737776E-010
   17509437.8124681       -8787878.78787879       9.868090376553591E-010
   17509437.8124681       -8585858.58585859       1.609377728642083E-009
   17509437.8124681       -8383838.38383838       2.570065367074165E-009
   17509437.8124681       -8181818.18181818       4.028373223500666E-009
   17509437.8124681       -7979797.97979798       6.206439627601944E-009
   17509437.8124681       -7777777.77777778       9.408148082534040E-009
   17509437.8124681       -7575757.57575758       1.404196727399820E-008
   17509437.8124681       -7373737.37373737       2.064754388635798E-008
   17509437.8124681       -7171717.17171717       2.992581126938761E-008
   17509437.8124681       -6969696.96969697       4.277205868137441E-008
   17509437.8124681       -6767676.76767677       6.031104072257017E-008
   17509437.8124681       -6565656.56565657       8.393281838330801E-008
   17509437.8124681       -6363636.36363636       1.153276462077056E-007
   17509437.8124681       -6161616.16161616       1.565178986300513E-007
   17509437.8124681       -5959595.95959596       2.098848138828200E-007
   17509437.8124681       -5757575.75757576       2.781877787991610E-007
   17509437.8124681       -5555555.55555556       3.645740274799268E-007
   17509437.8124681       -5353535.35353535       4.725770058022395E-007
   17509437.8124681       -5151515.15151515       6.061022508228702E-007
   17509437.8124681       -4949494.94949495       7.694003873671971E-007
   17509437.8124681       -4747474.74747475       9.670276330683276E-007
   17509437.8124681       -4545454.54545455       1.203794856131019E-006
   17509437.8124681       -4343434.34343434       1.484706554722988E-006
   17509437.8124681       -4141414.14141414       1.814890966944704E-006
   17509437.8124681       -3939393.93939394       2.199521830720732E-006
   17509437.8124681       -3737373.73737374       2.643731228349644E-006
   17509437.8124681       -3535353.53535354       3.152511810653567E-006
   17509437.8124681       -3333333.33333333       3.730605992862174E-006
   17509437.8124681       -3131313.13131313       4.382379952101316E-006
   17509437.8124681       -2929292.92929293       5.111681753889348E-006
   17509437.8124681       -2727272.72727273       5.921685651562809E-006
   17509437.8124681       -2525252.52525253       6.814728066363204E-006
   17509437.8124681       -2323232.32323232       7.792144149253084E-006
   17509437.8124681       -2121212.12121212       8.854116209685424E-006
   17509437.8124681       -1919191.91919192       9.999545898923452E-006
   17509437.8124681       -1717171.71717172       1.122596049307279E-005
   17509437.8124681       -1515151.51515152       1.252946009524848E-005
   17509437.8124681       -1313131.31313131       1.390470770942753E-005
   17509437.8124681       -1111111.11111111       1.534495888148219E-005
   17509437.8124681       -909090.909090910       1.684212298678867E-005
   17509437.8124681       -707070.707070708       1.838684517074902E-005
   17509437.8124681       -505050.505050506       1.996859704814429E-005
   17509437.8124681       -303030.303030305       2.157576581960066E-005
   17509437.8124681       -101010.101010101       2.319573535522505E-005
   17509437.8124681        101010.101010101       2.481495847470673E-005
   17509437.8124681        303030.303030303       2.641902608641841E-005
   17509437.8124681        505050.505050505       2.799274453603044E-005
   17509437.8124681        707070.707070706       2.952023565895108E-005
   17509437.8124681        909090.909090908       3.098507292423754E-005
   17509437.8124681        1111111.11111111       3.237046069841653E-005
   17509437.8124681        1313131.31313131       3.365945243493765E-005
   17509437.8124681        1515151.51515151       3.483518976472379E-005
   17509437.8124681        1717171.71717172       3.588113206834525E-005
   17509437.8124681        1919191.91919192       3.678124012045195E-005
   17509437.8124681        2121212.12121212       3.752008216865524E-005
   17509437.8124681        2323232.32323232       3.808284836587912E-005
   17509437.8124681        2525252.52525252       3.845528833920613E-005
   17509437.8124681        2727272.72727273       3.862362181947797E-005
   17509437.8124681        2929292.92929293       3.857450619749614E-005
   17509437.8124681        3131313.13131313       3.829516936881900E-005
   17509437.8124681        3333333.33333333       3.777382365000298E-005
   17509437.8124681        3535353.53535353       3.700046042353210E-005
   17509437.8124681        3737373.73737374       3.596808017456071E-005
   17509437.8124681        3939393.93939394       3.467433519331406E-005
   17509437.8124681        4141414.14141414       3.312345355810774E-005
   17509437.8124681        4343434.34343434       3.132818454501211E-005
   17509437.8124681        4545454.54545454       2.931138553695878E-005
   17509437.8124681        4747474.74747475       2.710680500823317E-005
   17509437.8124681        4949494.94949495       2.475865773176634E-005
   17509437.8124681        5151515.15151515       2.231976876322539E-005
   17509437.8124681        5353535.35353535       1.984836181081516E-005
   17509437.8124681        5555555.55555555       1.740390174536275E-005
   17509437.8124681        5757575.75757576       1.504265095584938E-005
   17509437.8124681        5959595.95959596       1.281366846951337E-005
   17509437.8124681        6161616.16161616       1.075584756647709E-005
   17509437.8124681        6363636.36363636       8.896314056261815E-006
   17509437.8124681        6565656.56565657       7.250200563109610E-006
   17509437.8124681        6767676.76767677       5.821568585747837E-006
   17509437.8124681        6969696.96969697       4.605118778474556E-006
   17509437.8124681        7171717.17171717       3.588308704656170E-006
   17509437.8124681        7373737.37373737       2.753552495700743E-006
   17509437.8124681        7575757.57575757       2.080267251791826E-006
   17509437.8124681        7777777.77777778       1.546624231905638E-006
   17509437.8124681        7979797.97979798       1.130940600454288E-006
   17509437.8124681        8181818.18181818       8.127035624975556E-007
   17509437.8124681        8383838.38383838       5.732544003827713E-007
   17509437.8124681        8585858.58585858       3.961796093780021E-007
   17509437.8124681        8787878.78787879       2.674647692349518E-007
   17509437.8124681        8989898.98989899       1.754678596081990E-007
   17509437.8124681        9191919.19191919       1.107651854366370E-007
   17509437.8124681        9393939.39393939       6.591677218774992E-008
   17509437.8124681        9595959.59595960       3.519028545739242E-008
   17509437.8124681        9797979.79797980       1.427407330629947E-008
   17509437.8124681        10000000.0000000       0.000000000000000E+000
   18048158.3511887       -10000000.0000000       0.000000000000000E+000
   18048158.3511887       -9797979.79797980       1.759369826428677E-011
   18048158.3511887       -9595959.59595960       4.702392506097834E-011
   18048158.3511887       -9393939.39393939       9.667623968819875E-011
   18048158.3511887       -9191919.19191919       1.800741405976724E-010
   18048158.3511887       -8989898.98989899       3.185025137399214E-010
   18048158.3511887       -8787878.78787879       5.447847109801547E-010
   18048158.3511887       -8585858.58585859       9.085314463391652E-010
   18048158.3511887       -8383838.38383838       1.483265730239396E-009
   18048158.3511887       -8181818.18181818       2.375871194919974E-009
   18048158.3511887       -7979797.97979798       3.738830546444880E-009
   18048158.3511887       -7777777.77777778       5.785706154571376E-009
   18048158.3511887       -7575757.57575758       8.810253815133712E-009
   18048158.3511887       -7373737.37373737       1.320944245535308E-008
   18048158.3511887       -7171717.17171717       1.951046870889607E-008
   18048158.3511887       -6969696.96969697       2.840160232448986E-008
   18048158.3511887       -6767676.76767677       4.076637966141679E-008
   18048158.3511887       -6565656.56565657       5.772029040092189E-008
   18048158.3511887       -6363636.36363636       8.064869995541287E-008
   18048158.3511887       -6161616.16161616       1.112443509920577E-007
   18048158.3511887       -5959595.95959596       1.515424363789067E-007
   18048158.3511887       -5757575.75757576       2.039509839922757E-007
   18048158.3511887       -5555555.55555556       2.712741927678221E-007
   18048158.3511887       -5353535.35353535       3.567264506381090E-007
   18048158.3511887       -5151515.15151515       4.639350663652984E-007
   18048158.3511887       -4949494.94949495       5.969302381225628E-007
   18048158.3511887       -4747474.74747475       7.601213918666200E-007
   18048158.3511887       -4545454.54545455       9.582596319615173E-007
   18048158.3511887       -4343434.34343434       1.196386502923255E-006
   18048158.3511887       -4141414.14141414       1.479769420974290E-006
   18048158.3511887       -3939393.93939394       1.813823922197791E-006
   18048158.3511887       -3737373.73737374       2.204022345787031E-006
   18048158.3511887       -3535353.53535354       2.655787947257551E-006
   18048158.3511887       -3333333.33333333       3.174373081690381E-006
   18048158.3511887       -3131313.13131313       3.764720422013049E-006
   18048158.3511887       -2929292.92929293       4.431307486290582E-006
   18048158.3511887       -2727272.72727273       5.177977080847134E-006
   18048158.3511887       -2525252.52525253       6.007759306196427E-006
   18048158.3511887       -2323232.32323232       6.922693875369482E-006
   18048158.3511887       -2121212.12121212       7.923663842382132E-006
   18048158.3511887       -1919191.91919192       9.010252680663340E-006
   18048158.3511887       -1717171.71717172       1.018063553641603E-005
   18048158.3511887       -1515151.51515152       1.143151241054877E-005
   18048158.3511887       -1313131.31313131       1.275808646340845E-005
   18048158.3511887       -1111111.11111111       1.415408541077209E-005
   18048158.3511887       -909090.909090910       1.561181906466435E-005
   18048158.3511887       -707070.707070708       1.712226239009063E-005
   18048158.3511887       -505050.505050506       1.867515169899838E-005
   18048158.3511887       -303030.303030305       2.025908216878796E-005
   18048158.3511887       -101010.101010101       2.186159777757700E-005
   18048158.3511887        101010.101010101       2.346926962846985E-005
   18048158.3511887        303030.303030303       2.506776470707879E-005
   18048158.3511887        505050.505050505       2.664191316324378E-005
   18048158.3511887        707070.707070706       2.817578665542568E-005
   18048158.3511887        909090.909090908       2.965280147219913E-005
   18048158.3511887        1111111.11111111       3.105585675918792E-005
   18048158.3511887        1313131.31313131       3.236750995761024E-005
   18048158.3511887        1515151.51515151       3.357017982475342E-005
   18048158.3511887        1717171.71717172       3.464635529018579E-005
   18048158.3511887        1919191.91919192       3.557878040586819E-005
   18048158.3511887        2121212.12121212       3.635058646438984E-005
   18048158.3511887        2323232.32323232       3.694535522776825E-005
   18048158.3511887        2525252.52525252       3.734712241680999E-005
   18048158.3511887        2727272.72727273       3.754036476645686E-005
   18048158.3511887        2929292.92929293       3.751005033800702E-005
   18048158.3511887        3131313.13131313       3.724186152036771E-005
   18048158.3511887        3333333.33333333       3.672271354213643E-005
   18048158.3511887        3535353.53535353       3.594167874462606E-005
   18048158.3511887        3737373.73737374       3.489137955048639E-005
   18048158.3511887        3939393.93939394       3.356982477202022E-005
   18048158.3511887        4141414.14141414       3.198253534246229E-005
   18048158.3511887        4343434.34343434       3.014465193248437E-005
   18048158.3511887        4545454.54545454       2.808257570180075E-005
   18048158.3511887        4747474.74747475       2.583462440656876E-005
   18048158.3511887        4949494.94949495       2.345025401539409E-005
   18048158.3511887        5151515.15151515       2.098763436765912E-005
   18048158.3511887        5353535.35353535       1.850974005709923E-005
   18048158.3511887        5555555.55555555       1.607951036098758E-005
   18048158.3511887        5757575.75757576       1.375489542304232E-005
   18048158.3511887        5959595.95959596       1.158463328465571E-005
   18048158.3511887        6161616.16161616       9.605389228354732E-006
   18048158.3511887        6363636.36363636       7.840531393454599E-006
   18048158.3511887        6565656.56565657       6.300452909836045E-006
   18048158.3511887        6767676.76767677       4.984090682847742E-006
   18048158.3511887        6969696.96969697       3.881177751530022E-006
   18048158.3511887        7171717.17171717       2.974781632784297E-006
   18048158.3511887        7373737.37373737       2.243775348640689E-006
   18048158.3511887        7575757.57575757       1.665009425848983E-006
   18048158.3511887        7777777.77777778       1.215065976767437E-006
   18048158.3511887        7979797.97979798       8.715626351202115E-007
   18048158.3511887        8181818.18181818       6.140313711526265E-007
   18048158.3511887        8383838.38383838       4.244293892403097E-007
   18048158.3511887        8585858.58585858       2.873532043906198E-007
   18048158.3511887        8787878.78787879       1.900289385642751E-007
   18048158.3511887        8989898.98989899       1.221466900354625E-007
   18048158.3511887        9191919.19191919       7.559778501667525E-008
   18048158.3511887        9393939.39393939       4.416293925426029E-008
   18048158.3511887        9595959.59595960       2.318821575086628E-008
   18048158.3511887        9797979.79797980       9.275033708488125E-009
   18048158.3511887        10000000.0000000       0.000000000000000E+000
   18595041.3223140       -10000000.0000000       0.000000000000000E+000
   18595041.3223140       -9797979.79797980       8.041924302192406E-012
   18595041.3223140       -9595959.59595960       2.191850887932456E-011
   18595041.3223140       -9393939.39393939       4.608320558775079E-011
   18595041.3223140       -9191919.19191919       8.796260607389503E-011
   18595041.3223140       -8989898.98989899       1.596119495873371E-010
   18595041.3223140       -8787878.78787879       2.801881767105663E-010
   18595041.3223140       -8585858.58585859       4.795035097231017E-010
   18595041.3223140       -8383838.38383838       8.030113515619712E-010
   18595041.3223140       -8181818.18181818       1.318639034413997E-009
   18595041.3223140       -7979797.97979798       2.125933735359186E-009
   18595041.3223140       -7777777.77777778       3.368019409648836E-009
   18595041.3223140       -7575757.57575758       5.246861686043702E-009
   18595041.3223140       -7373737.37373737       8.042291364286623E-009
   18595041.3223140       -7171717.17171717       1.213513298297697E-008
   18595041.3223140       -6969696.96969697       1.803461269389944E-008
   18595041.3223140       -6767676.76767677       2.640997364881661E-008
   18595041.3223140       -6565656.56565657       3.812590838178125E-008
   18595041.3223140       -6363636.36363636       5.428103652323664E-008
   18595041.3223140       -6161616.16161616       7.624823388689650E-008
   18595041.3223140       -5959595.95959596       1.057151885736865E-007
   18595041.3223140       -5757575.75757576       1.447231649590664E-007
   18595041.3223140       -5555555.55555556       1.957016478051746E-007
   18595041.3223140       -5353535.35353535       2.614963662437620E-007
   18595041.3223140       -5151515.15151515       3.453881994237275E-007
   18595041.3223140       -4949494.94949495       4.511006556448898E-007
   18595041.3223140       -4747474.74747475       5.827939707136647E-007
   18595041.3223140       -4545454.54545455       7.450443212894768E-007
   18595041.3223140       -4343434.34343434       9.428070908313810E-007
   18595041.3223140       -4141414.14141414       1.181363444374576E-006
   18595041.3223140       -3939393.93939394       1.466249582198983E-006
   18595041.3223140       -3737373.73737374       1.803167955537476E-006
   18595041.3223140       -3535353.53535354       2.197879568284722E-006
   18595041.3223140       -3333333.33333333       2.656076509240242E-006
   18595041.3223140       -3131313.13131313       3.183234376163125E-006
   18595041.3223140       -2929292.92929293       3.784445533107076E-006
   18595041.3223140       -2727272.72727273       4.464236270000242E-006
   18595041.3223140       -2525252.52525253       5.226373708288825E-006
   18595041.3223140       -2323232.32323232       6.073671220982885E-006
   18595041.3223140       -2121212.12121212       7.007803510337487E-006
   18595041.3223140       -1919191.91919192       8.029143596535760E-006
   18595041.3223140       -1717171.71717172       9.136633301125199E-006
   18595041.3223140       -1515151.51515152       1.032769621649277E-005
   18595041.3223140       -1313131.31313131       1.159819793439817E-005
   18595041.3223140       -1111111.11111111       1.294245314369939E-005
   18595041.3223140       -909090.909090910       1.435327400853424E-005
   18595041.3223140       -707070.707070708       1.582204993772705E-005
   18595041.3223140       -505050.505050506       1.733884622994631E-005
   18595041.3223140       -303030.303030305       1.889250862041629E-005
   18595041.3223140       -101010.101010101       2.047076261655044E-005
   18595041.3223140        101010.101010101       2.206030048545292E-005
   18595041.3223140        303030.303030303       2.364685426677782E-005
   18595041.3223140        505050.505050505       2.521525926220196E-005
   18595041.3223140        707070.707070706       2.674951776688080E-005
   18595041.3223140        909090.909090908       2.823287581477940E-005
   18595041.3223140        1111111.11111111       2.964792499880006E-005
   18595041.3223140        1313131.31313131       3.097673626135391E-005
   18595041.3223140        1515151.51515151       3.220102346792182E-005
   18595041.3223140        1717171.71717172       3.330232379310928E-005
   18595041.3223140        1919191.91919192       3.426217328003138E-005
   18595041.3223140        2121212.12121212       3.506225400940682E-005
   18595041.3223140        2323232.32323232       3.568449816767919E-005
   18595041.3223140        2525252.52525252       3.611115573055366E-005
   18595041.3223140        2727272.72727273       3.632486477284844E-005
   18595041.3223140        2929292.92929293       3.630880094258593E-005
   18595041.3223140        3131313.13131313       3.604701629730677E-005
   18595041.3223140        3333333.33333333       3.552509591230030E-005
   18595041.3223140        3535353.53535353       3.473125049496254E-005
   18595041.3223140        3737373.73737374       3.365791189700029E-005
   18595041.3223140        3939393.93939394       3.230379645917561E-005
   18595041.3223140        4141414.14141414       3.067624899961084E-005
   18595041.3223140        4343434.34343434       2.879349843742714E-005
   18595041.3223140        4545454.54545454       2.668629424785940E-005
   18595041.3223140        4747474.74747475       2.439832786327601E-005
   18595041.3223140        4949494.94949495       2.198495286228144E-005
   18595041.3223140        5151515.15151515       1.951003349705095E-005
   18595041.3223140        5353535.35353535       1.704121143482249E-005
   18595041.3223140        5555555.55555555       1.464433078456423E-005
   18595041.3223140        5757575.75757576       1.237801917721526E-005
   18595041.3223140        5959595.95959596       1.028937805780533E-005
   18595041.3223140        6161616.16161616       8.411414813775459E-006
   18595041.3223140        6363636.36363636       6.762394863567033E-006
   18595041.3223140        6565656.56565657       5.346875698883294E-006
   18595041.3223140        6767676.76767677       4.157924840050505E-006
   18595041.3223140        6969696.96969697       3.179948387331097E-006
   18595041.3223140        7171717.17171717       2.391624874865364E-006
   18595041.3223140        7373737.37373737       1.768581268973384E-006
   18595041.3223140        7575757.57575757       1.285602794530591E-006
   18595041.3223140        7777777.77777778       9.182982394367105E-007
   18595041.3223140        7979797.97979798       6.442333654479444E-007
   18595041.3223140        8181818.18181818       4.435984413959545E-007
   18595041.3223140        8383838.38383838       2.995001250529250E-007
   18595041.3223140        8585858.58585858       1.979725657018126E-007
   18595041.3223140        8787878.78787879       1.277956851424424E-007
   18595041.3223140        8989898.98989899       8.019579053969315E-008
   18595041.3223140        9191919.19191919       4.848861583181297E-008
   18595041.3223140        9393939.39393939       2.770978033736633E-008
   18595041.3223140        9595959.59595960       1.426378420104828E-008
   18595041.3223140        9797979.79797980       5.610731643315363E-009
   18595041.3223140        10000000.0000000       0.000000000000000E+000
   19150086.7258443       -10000000.0000000       0.000000000000000E+000
   19150086.7258443       -9797979.79797980       3.287776625847009E-012
   19150086.7258443       -9595959.59595960       9.187825368085966E-012
   19150086.7258443       -9393939.39393939       1.986174159782767E-011
   19150086.7258443       -9191919.19191919       3.905797810588360E-011
   19150086.7258443       -8989898.98989899       7.307992165059908E-011
   19150086.7258443       -8787878.78787879       1.322934665564455E-010
   19150086.7258443       -8585858.58585859       2.333752705814370E-010
   19150086.7258443       -8383838.38383838       4.025844996019800E-010
   19150086.7258443       -8181818.18181818       6.804108707017313E-010
   19150086.7258443       -7979797.97979798       1.128021951374764E-009
   19150086.7258443       -7777777.77777778       1.835995983090248E-009
   19150086.7258443       -7575757.57575758       2.935872570011529E-009
   19150086.7258443       -7373737.37373737       4.615069812775978E-009
   19150086.7258443       -7171717.17171717       7.135688789951174E-009
   19150086.7258443       -6969696.96969697       1.085764041415639E-008
   19150086.7258443       -6767676.76767677       1.626637298029043E-008
   19150086.7258443       -6565656.56565657       2.400524251345970E-008
   19150086.7258443       -6363636.36363636       3.491225025069473E-008
   19150086.7258443       -6161616.16161616       5.006047943321048E-008
   19150086.7258443       -5959595.95959596       7.080111562658363E-008
   19150086.7258443       -5757575.75757576       9.880746198435643E-008
   19150086.7258443       -5555555.55555556       1.361179054687793E-007
   19150086.7258443       -5353535.35353535       1.851754014835279E-007
   19150086.7258443       -5151515.15151515       2.488607716439616E-007
   19150086.7258443       -4949494.94949495       3.305169901439569E-007
   19150086.7258443       -4747474.74747475       4.339616824602127E-007
   19150086.7258443       -4545454.54545455       5.634852570156829E-007
   19150086.7258443       -4343434.34343434       7.238323828202694E-007
   19150086.7258443       -4141414.14141414       9.201648396633556E-007
   19150086.7258443       -3939393.93939394       1.158004035489606E-006
   19150086.7258443       -3737373.73737374       1.443151689162861E-006
   19150086.7258443       -3535353.53535354       1.781587381270389E-006
   19150086.7258443       -3333333.33333333       2.179342043140078E-006
   19150086.7258443       -3131313.13131313       2.642347213456048E-006
   19150086.7258443       -2929292.92929293       3.176261259743185E-006
   19150086.7258443       -2727272.72727273       3.786275836236111E-006
   19150086.7258443       -2525252.52525253       4.476908510709211E-006
   19150086.7258443       -2323232.32323232       5.251790362174396E-006
   19150086.7258443       -2121212.12121212       6.113459838066087E-006
   19150086.7258443       -1919191.91919192       7.063175595659104E-006
   19150086.7258443       -1717171.71717172       8.100760880340364E-006
   19150086.7258443       -1515151.51515152       9.224489944270054E-006
   19150086.7258443       -1313131.31313131       1.043102321155527E-005
   19150086.7258443       -1111111.11111111       1.171539287669468E-005
   19150086.7258443       -909090.909090910       1.307103519853927E-005
   19150086.7258443       -707070.707070708       1.448986085119389E-005
   19150086.7258443       -505050.505050506       1.596235116433979E-005
   19150086.7258443       -303030.303030305       1.747766654207047E-005
   19150086.7258443       -101010.101010101       1.902375408346254E-005
   19150086.7258443        101010.101010101       2.058744438239152E-005
   19150086.7258443        303030.303030303       2.215453225193262E-005
   19150086.7258443        505050.505050505       2.370984194382595E-005
   19150086.7258443        707070.707070706       2.523728321843146E-005
   19150086.7258443        909090.909090908       2.671990900350347E-005
   19150086.7258443        1111111.11111111       2.813998696326335E-005
   19150086.7258443        1313131.31313131       2.947909507240748E-005
   19150086.7258443        1515151.51515151       3.071824518806574E-005
   19150086.7258443        1717171.71717172       3.183803002367165E-005
   19150086.7258443        1919191.91919192       3.281878087389358E-005
   19150086.7258443        2121212.12121212       3.364072017185939E-005
   19150086.7258443        2323232.32323232       3.428409886982909E-005
   19150086.7258443        2525252.52525252       3.472932665299229E-005
   19150086.7258443        2727272.72727273       3.495713295338007E-005
   19150086.7258443        2929292.92929293       3.494883420294403E-005
   19150086.7258443        3131313.13131313       3.468681870439323E-005
   19150086.7258443        3333333.33333333       3.415538162593350E-005
   19150086.7258443        3535353.53535353       3.334203253538716E-005
   19150086.7258443        3737373.73737374       3.223933939172519E-005
   19150086.7258443        3939393.93939394       3.084725310599086E-005
   19150086.7258443        4141414.14141414       2.917567659953709E-005
   19150086.7258443        4343434.34343434       2.724682992723276E-005
   19150086.7258443        4545454.54545454       2.509678450391242E-005
   19150086.7258443        4747474.74747475       2.277549196152124E-005
   19150086.7258443        4949494.94949495       2.034480745591211E-005
   19150086.7258443        5151515.15151515       1.787442432649086E-005
   19150086.7258443        5353535.35353535       1.543619696161948E-005
   19150086.7258443        5555555.55555555       1.309782534586613E-005
   19150086.7258443        5757575.75757576       1.091709323629235E-005
   19150086.7258443        5959595.95959596       8.937693698069596E-006
   19150086.7258443        6161616.16161616       7.187217603450522E-006
   19150086.7258443        6363636.36363636       5.677322701415454E-006
   19150086.7258443        6565656.56565657       4.405648341717368E-006
   19150086.7258443        6767676.76767677       3.358808448527623E-006
   19150086.7258443        6969696.96969697       2.515784259105881E-006
   19150086.7258443        7171717.17171717       1.851176075824018E-006
   19150086.7258443        7373737.37373737       1.337969665417472E-006
   19150086.7258443        7575757.57575757       9.496591103636436E-007
   19150086.7258443        7777777.77777778       6.617085736173334E-007
   19150086.7258443        7979797.97979798       4.524229685665251E-007
   19150086.7258443        8181818.18181818       3.033399969511904E-007
   19150086.7258443        8383838.38383838       1.992668234006838E-007
   19150086.7258443        8585858.58585858       1.280764286507973E-007
   19150086.7258443        8787878.78787879       8.036092583736810E-008
   19150086.7258443        8989898.98989899       4.901804548821432E-008
   19150086.7258443        9191919.19191919       2.882624669273172E-008
   19150086.7258443        9393939.39393939       1.604544054951640E-008
   19150086.7258443        9595959.59595960       8.065014358225385E-009
   19150086.7258443        9797979.79797980       3.108994884164292E-009
   19150086.7258443        10000000.0000000       0.000000000000000E+000
   19713294.5617794       -10000000.0000000       0.000000000000000E+000
   19713294.5617794       -9797979.79797980       1.157872621970181E-012
   19713294.5617794       -9595959.59595960       3.353009515108441E-012
   19713294.5617794       -9393939.39393939       7.523934585013570E-012
   19713294.5617794       -9191919.19191919       1.537585802504215E-011
   19713294.5617794       -8989898.98989899       2.989582037763516E-011
   19713294.5617794       -8787878.78787879       5.619409882423176E-011
   19713294.5617794       -8585858.58585859       1.028127467368510E-010
   19713294.5617794       -8383838.38383838       1.837095436377240E-010
   19713294.5617794       -8181818.18181818       3.211921390403857E-010
   19713294.5617794       -7979797.97979798       5.501519706574536E-010
   19713294.5617794       -7777777.77777778       9.240267064381329E-010
   19713294.5617794       -7575757.57575758       1.522996260267843E-009
   19713294.5617794       -7373737.37373737       2.464980673384181E-009
   19713294.5617794       -7171717.17171717       3.920045264991370E-009
   19713294.5617794       -6969696.96969697       6.128814070275424E-009
   19713294.5617794       -6767676.76767677       9.425430237588920E-009
   19713294.5617794       -6565656.56565657       1.426546602648002E-008
   19713294.5617794       -6363636.36363636       2.125896280763257E-008
   19713294.5617794       -6161616.16161616       3.120846659554158E-008
   19713294.5617794       -5959595.95959596       4.515151987589744E-008
   19713294.5617794       -5757575.75757576       6.440659032544735E-008
   19713294.5617794       -5555555.55555556       9.062088914747800E-008
   19713294.5617794       -5353535.35353535       1.258179962594516E-007
   19713294.5617794       -5151515.15151515       1.724427151313533E-007
   19713294.5617794       -4949494.94949495       2.334001765759067E-007
   19713294.5617794       -4747474.74747475       3.120859392858129E-007
   19713294.5617794       -4545454.54545455       4.124037172427346E-007
   19713294.5617794       -4343434.34343434       5.387673965053967E-007
   19713294.5617794       -4141414.14141414       6.960841595019733E-007
   19713294.5617794       -3939393.93939394       8.897157791372326E-007
   19713294.5617794       -3737373.73737374       1.125415461950707E-006
   19713294.5617794       -3535353.53535354       1.409238042149685E-006
   19713294.5617794       -3333333.33333333       1.747421956332400E-006
   19713294.5617794       -3131313.13131313       2.146242418133814E-006
   19713294.5617794       -2929292.92929293       2.611836726391752E-006
   19713294.5617794       -2727272.72727273       3.150004770063123E-006
   19713294.5617794       -2525252.52525253       3.765990467730666E-006
   19713294.5617794       -2323232.32323232       4.464252811664997E-006
   19713294.5617794       -2121212.12121212       5.248237880308428E-006
   19713294.5617794       -1919191.91919192       6.120165023631227E-006
   19713294.5617794       -1717171.71717172       7.080840831430513E-006
   19713294.5617794       -1515151.51515152       8.129513089545256E-006
   19713294.5617794       -1313131.31313131       9.263773678539858E-006
   19713294.5617794       -1111111.11111111       1.047951463085968E-005
   19713294.5617794       -909090.909090910       1.177093603146587E-005
   19713294.5617794       -707070.707070708       1.313059901606172E-005
   19713294.5617794       -505050.505050506       1.454951269344633E-005
   19713294.5617794       -303030.303030305       1.601724113159040E-005
   19713294.5617794       -101010.101010101       1.752201604848830E-005
   19713294.5617794        101010.101010101       1.905084264189072E-005
   19713294.5617794        303030.303030303       2.058958983281275E-005
   19713294.5617794        505050.505050505       2.212306151217612E-005
   19713294.5617794        707070.707070706       2.363505128039467E-005
   19713294.5617794        909090.909090908       2.510838849621442E-005
   19713294.5617794        1111111.11111111       2.652498690900735E-005
   19713294.5617794        1313131.31313131       2.786590761526823E-005
   19713294.5617794        1515151.51515151       2.911144508197978E-005
   19713294.5617794        1717171.71717172       3.024123922169084E-005
   19713294.5617794        1919191.91919192       3.123441022096531E-005
   19713294.5617794        2121212.12121212       3.206970968333432E-005
   19713294.5617794        2323232.32323232       3.272568600188642E-005
   19713294.5617794        2525252.52525252       3.318087733716023E-005
   19713294.5617794        2727272.72727273       3.341407317466335E-005
   19713294.5617794        2929292.92929293       3.340472184159603E-005
   19713294.5617794        3131313.13131313       3.313359762952749E-005
   19713294.5617794        3333333.33333333       3.258386236254277E-005
   19713294.5617794        3535353.53535353       3.174264236404693E-005
   19713294.5617794        3737373.73737374       3.060317101320234E-005
   19713294.5617794        3939393.93939394       2.916740340347371E-005
   19713294.5617794        4141414.14141414       2.744879623563591E-005
   19713294.5617794        4343434.34343434       2.547470290158602E-005
   19713294.5617794        4545454.54545454       2.328764831734042E-005
   19713294.5617794        4747474.74747475       2.094474122836124E-005
   19713294.5617794        4949494.94949495       1.851475270480216E-005
   19713294.5617794        5151515.15151515       1.607293521485840E-005
   19713294.5617794        5353535.35353535       1.369432018095806E-005
   19713294.5617794        5555555.55555555       1.144674567637589E-005
   19713294.5617794        5757575.75757576       9.384991544710572E-006
   19713294.5617794        5959595.95959596       7.547074474056098E-006
   19713294.5617794        6161616.16161616       5.953132769397217E-006
   19713294.5617794        6363636.36363636       4.606677260983552E-006
   19713294.5617794        6565656.56565657       3.497529765059980E-006
   19713294.5617794        6767676.76767677       2.605606215853564E-006
   19713294.5617794        6969696.96969697       1.904786022292451E-006
   19713294.5617794        7171717.17171717       1.366331783052035E-006
   19713294.5617794        7373737.37373737       9.615746072298766E-007
   19713294.5617794        7575757.57575757       6.637891873261088E-007
   19713294.5617794        7777777.77777778       4.493221763119018E-007
   19713294.5617794        7979797.97979798       2.981101836311201E-007
   19713294.5617794        8181818.18181818       1.937465052550817E-007
   19713294.5617794        8383838.38383838       1.232474048201078E-007
   19713294.5617794        8585858.58585858       7.664471957805710E-008
   19713294.5617794        8787878.78787879       4.650217001456074E-008
   19713294.5617794        8989898.98989899       2.742410155093379E-008
   19713294.5617794        9191919.19191919       1.560055189164942E-008
   19713294.5617794        9393939.39393939       8.412710728229915E-009
   19713294.5617794        9595959.59595960       4.108133431447070E-009
   19713294.5617794        9797979.79797980       1.545056221213412E-009
   19713294.5617794        10000000.0000000       0.000000000000000E+000
   20284664.8301194       -10000000.0000000       0.000000000000000E+000
   20284664.8301194       -9797979.79797980       3.198626936972457E-013
   20284664.8301194       -9595959.59595960       9.912012397503268E-013
   20284664.8301194       -9393939.39393939       2.367863044353589E-012
   20284664.8301194       -9191919.19191919       5.130798392074149E-012
   20284664.8301194       -8989898.98989899       1.053149525742381E-011
   20284664.8301194       -8787878.78787879       2.081229109850738E-011
   20284664.8301194       -8585858.58585859       3.989221655735499E-011
   20284664.8301194       -8383838.38383838       7.445670925429508E-011
   20284664.8301194       -8181818.18181818       1.356446410021905E-010
   20284664.8301194       -7979797.97979798       2.415939162117368E-010
   20284664.8301194       -7777777.77777778       4.211866531076681E-010
   20284664.8301194       -7575757.57575758       7.194232499866469E-010
   20284664.8301194       -7373737.37373737       1.204945143619135E-009
   20284664.8301194       -7171717.17171717       1.980309017132510E-009
   20284664.8301194       -6969696.96969697       3.195677216468223E-009
   20284664.8301194       -6767676.76767677       5.066613497154368E-009
   20284664.8301194       -6565656.56565657       7.896640946219134E-009
   20284664.8301194       -6363636.36363636       1.210511045583398E-008
   20284664.8301194       -6161616.16161616       1.826072591817925E-008
   20284664.8301194       -5959595.95959596       2.712076405615473E-008
   20284664.8301194       -5757575.75757576       3.967560901767544E-008
   20284664.8301194       -5555555.55555556       5.719770322534943E-008
   20284664.8301194       -5353535.35353535       8.129341956405296E-008
   20284664.8301194       -5151515.15151515       1.139557233382832E-007
   20284664.8301194       -4949494.94949495       1.576148645084475E-007
   20284664.8301194       -4747474.74747475       2.151837755398795E-007
   20284664.8301194       -4545454.54545455       2.900943980466124E-007
   20284664.8301194       -4343434.34343434       3.863208602322621E-007
   20284664.8301194       -4141414.14141414       5.083852981612407E-007
   20284664.8301194       -3939393.93939394       6.613421654854989E-007
   20284664.8301194       -3737373.73737374       8.507371174870840E-007
   20284664.8301194       -3535353.53535354       1.082537016007069E-006
   20284664.8301194       -3333333.33333333       1.363028349573074E-006
   20284664.8301194       -3131313.13131313       1.698682503726655E-006
   20284664.8301194       -2929292.92929293       2.095987967495857E-006
   20284664.8301194       -2727272.72727273       2.561251795672376E-006
   20284664.8301194       -2525252.52525253       3.100375418746178E-006
   20284664.8301194       -2323232.32323232       3.718612981381822E-006
   20284664.8301194       -2121212.12121212       4.420323380252038E-006
   20284664.8301194       -1919191.91919192       5.208729501977791E-006
   20284664.8301194       -1717171.71717172       6.085699241848502E-006
   20284664.8301194       -1515151.51515152       7.051562250217864E-006
   20284664.8301194       -1313131.31313131       8.104973816820294E-006
   20284664.8301194       -1111111.11111111       9.242833040272647E-006
   20284664.8301194       -909090.909090910       1.046025698360953E-005
   20284664.8301194       -707070.707070708       1.175060670185807E-005
   20284664.8301194       -505050.505050506       1.310555576864059E-005
   20284664.8301194       -303030.303030305       1.451518807415570E-005
   20284664.8301194       -101010.101010101       1.596810983214676E-005
   20284664.8301194        101010.101010101       1.745156120590058E-005
   20284664.8301194        303030.303030303       1.895151567557534E-005
   20284664.8301194        505050.505050505       2.045275981991287E-005
   20284664.8301194        707070.707070706       2.193895187448827E-005
   20284664.8301194        909090.909090908       2.339266329631427E-005
   20284664.8301194        1111111.11111111       2.479541247419853E-005
   20284664.8301194        1313131.31313131       2.612770256635904E-005
   20284664.8301194        1515151.51515151       2.736907551694927E-005
   20284664.8301194        1717171.71717172       2.849819180026486E-005
   20284664.8301194        1919191.91919192       2.949294190482238E-005
   20284664.8301194        2121212.12121212       3.033059399477406E-005
   20284664.8301194        2323232.32323232       3.098798656855643E-005
   20284664.8301194        2525252.52525252       3.144178908017217E-005
   20284664.8301194        2727272.72727273       3.166887912213228E-005
   20284664.8301194        2929292.92929293       3.164691925200859E-005
   20284664.8301194        3131313.13131313       3.135525076233820E-005
   20284664.8301194        3333333.33333333       3.077623884138742E-005
   20284664.8301194        3535353.53535353       2.989717988546654E-005
   20284664.8301194        3737373.73737374       2.871279098166591E-005
   20284664.8301194        3939393.93939394       2.722812595187605E-005
   20284664.8301194        4141414.14141414       2.546151094758090E-005
   20284664.8301194        4343434.34343434       2.344682317021588E-005
   20284664.8301194        4545454.54545454       2.123426435709868E-005
   20284664.8301194        4747474.74747475       1.888885140147358E-005
   20284664.8301194        4949494.94949495       1.648625652233088E-005
   20284664.8301194        5151515.15151515       1.410632858524994E-005
   20284664.8301194        5353535.35353535       1.182537917556247E-005
   20284664.8301194        5555555.55555555       9.708789187357077E-006
   20284664.8301194        5757575.75757576       7.805446220450808E-006
   20284664.8301194        5959595.95959596       6.144972920788150E-006
   20284664.8301194        6161616.16161616       4.737907173170720E-006
   20284664.8301194        6363636.36363636       3.578281458461343E-006
   20284664.8301194        6565656.56565657       2.647649502330193E-006
   20284664.8301194        6767676.76767677       1.919565726774431E-006
   20284664.8301194        6969696.96969697       1.363734336126696E-006
   20284664.8301194        7171717.17171717       9.493590682112362E-007
   20284664.8301194        7373737.37373737       6.475198622765338E-007
   20284664.8301194        7575757.57575757       4.326160352401062E-007
   20284664.8301194        7777777.77777778       2.830353479104070E-007
   20284664.8301194        7979797.97979798       1.812519802168673E-007
   20284664.8301194        8181818.18181818       1.135504121469257E-007
   20284664.8301194        8383838.38383838       6.954038682378856E-008
   20284664.8301194        8585858.58585858       4.158743983760589E-008
   20284664.8301194        8787878.78787879       2.424395920538615E-008
   20284664.8301194        8989898.98989899       1.373229643474691E-008
   20284664.8301194        9191919.19191919       7.505731846357437E-009
   20284664.8301194        9393939.39393939       3.894948660983679E-009
   20284664.8301194        9595959.59595960       1.836049898444452E-009
   20284664.8301194        9797979.79797980       6.697422097881199E-010
   20284664.8301194        10000000.0000000       0.000000000000000E+000
   20864197.5308642       -10000000.0000000       0.000000000000000E+000
   20864197.5308642       -9797979.79797980       4.004472682416486E-014
   20864197.5308642       -9595959.59595960       1.729151018670899E-013
   20864197.5308642       -9393939.39393939       5.093111529397899E-013
   20864197.5308642       -9191919.19191919       1.279151307344217E-012
   20864197.5308642       -8989898.98989899       2.930406423214837E-012
   20864197.5308642       -8787878.78787879       6.311299032372218E-012
   20864197.5308642       -8585858.58585859       1.298466071659569E-011
   20864197.5308642       -8383838.38383838       2.575528513460645E-011
   20864197.5308642       -8181818.18181818       4.953071283306576E-011
   20864197.5308642       -7979797.97979798       9.268880981857993E-011
   20864197.5308642       -7777777.77777778       1.691935099568891E-010
   20864197.5308642       -7575757.57575758       3.017834132035297E-010
   20864197.5308642       -7373737.37373737       5.266546482715714E-010
   20864197.5308642       -7171717.17171717       9.001645424123742E-010
   20864197.5308642       -6969696.96969697       1.508187331026079E-009
   20864197.5308642       -6767676.76767677       2.478844072298250E-009
   20864197.5308642       -6565656.56565657       3.999388250149024E-009
   20864197.5308642       -6363636.36363636       6.338034471905580E-009
   20864197.5308642       -6161616.16161616       9.871446030838141E-009
   20864197.5308642       -5959595.95959596       1.511842394784819E-008
   20864197.5308642       -5757575.75757576       2.278004528063162E-008
   20864197.5308642       -5555555.55555556       3.378606999276791E-008
   20864197.5308642       -5353535.35353535       4.934687412308172E-008
   20864197.5308642       -5151515.15151515       7.100948923582935E-008
   20864197.5308642       -4949494.94949495       1.007155688456383E-007
   20864197.5308642       -4747474.74747475       1.408583127286447E-007
   20864197.5308642       -4545454.54545455       1.943346221996116E-007
   20864197.5308642       -4343434.34343434       2.645880999347557E-007
   20864197.5308642       -4141414.14141414       3.556380094860657E-007
   20864197.5308642       -3939393.93939394       4.720890271503063E-007
   20864197.5308642       -3737373.73737374       6.191166014921127E-007
   20864197.5308642       -3535353.53535354       8.024230356818351E-007
   20864197.5308642       -3333333.33333333       1.028160090696336E-006
   20864197.5308642       -3131313.13131313       1.302815056751551E-006
   20864197.5308642       -2929292.92929293       1.633058943841434E-006
   20864197.5308642       -2727272.72727273       2.025557755665139E-006
   20864197.5308642       -2525252.52525253       2.486750703088837E-006
   20864197.5308642       -2323232.32323232       3.022602508367871E-006
   20864197.5308642       -2121212.12121212       3.638340298768027E-006
   20864197.5308642       -1919191.91919192       4.338188479711490E-006
   20864197.5308642       -1717171.71717172       5.125116827515221E-006
   20864197.5308642       -1515151.51515152       6.000617318002090E-006
   20864197.5308642       -1313131.31313131       6.964523578975561E-006
   20864197.5308642       -1111111.11111111       8.014883311791095E-006
   20864197.5308642       -909090.909090910       9.147888930514710E-006
   20864197.5308642       -707070.707070708       1.035786570643914E-005
   20864197.5308642       -505050.505050506       1.163731077646488E-005
   20864197.5308642       -303030.303030305       1.297697140239964E-005
   20864197.5308642       -101010.101010101       1.436594763347654E-005
   20864197.5308642        101010.101010101       1.579180352026797E-005
   20864197.5308642        303030.303030303       1.724067239496590E-005
   20864197.5308642        505050.505050505       1.869734525836352E-005
   20864197.5308642        707070.707070706       2.014533647825773E-005
   20864197.5308642        909090.909090908       2.156692703862292E-005
   20864197.5308642        1111111.11111111       2.294319153369684E-005
   20864197.5308642        1313131.31313131       2.425401997441936E-005
   20864197.5308642        1515151.51515151       2.547814848388696E-005
   20864197.5308642        1717171.71717172       2.659321396984504E-005
   20864197.5308642        1919191.91919192       2.757584785460077E-005
   20864197.5308642        2121212.12121212       2.840182524979003E-005
   20864197.5308642        2323232.32323232       2.904629200919097E-005
   20864197.5308642        2525252.52525252       2.948410639224694E-005
   20864197.5308642        2727272.72727273       2.969035636745803E-005
   20864197.5308642        2929292.92929293       2.964114521343065E-005
   20864197.5308642        3131313.13131313       2.931476708360814E-005
   20864197.5308642        3333333.33333333       2.869340136938944E-005
   20864197.5308642        3535353.53535353       2.776541234869982E-005
   20864197.5308642        3737373.73737374       2.652821904369433E-005
   20864197.5308642        3939393.93939394       2.499148302373015E-005
   20864197.5308642        4141414.14141414       2.318007059604188E-005
   20864197.5308642        4343434.34343434       2.113596492334240E-005
   20864197.5308642        4545454.54545454       1.891818267734556E-005
   20864197.5308642        4747474.74747475       1.659995306850580E-005
   20864197.5308642        4949494.94949495       1.426301538114506E-005
   20864197.5308642        5151515.15151515       1.198975322585527E-005
   20864197.5308642        5353535.35353535       9.854671672696541E-006
   20864197.5308642        5555555.55555555       7.917052933045358E-006
   20864197.5308642        5757575.75757576       6.216308486986867E-006
   20864197.5308642        5959595.95959596       4.770721355548835E-006
   20864197.5308642        6161616.16161616       3.579321331216462E-006
   20864197.5308642        6363636.36363636       2.625938962065606E-006
   20864197.5308642        6565656.56565657       1.884226688279226E-006
   20864197.5308642        6767676.76767677       1.322574113480093E-006
   20864197.5308642        6969696.96969697       9.082029849821414E-007
   20864197.5308642        7171717.17171717       6.101217529202050E-007
   20864197.5308642        7373737.37373737       4.009310896045582E-007
   20864197.5308642        7575757.57575757       2.576595223218032E-007
   20864197.5308642        7777777.77777778       1.618846495089523E-007
   20864197.5308642        7979797.97979798       9.939501899457274E-008
   20864197.5308642        8181818.18181818       5.960627176813550E-008
   20864197.5308642        8383838.38383838       3.488928698038793E-008
   20864197.5308642        8585858.58585858       1.991392650726298E-008
   20864197.5308642        8787878.78787879       1.106727213038011E-008
   20864197.5308642        8989898.98989899       5.972242063696791E-009
   20864197.5308642        9191919.19191919       3.110480122816306E-009
   20864197.5308642        9393939.39393939       1.540446188864350E-009
   20864197.5308642        9595959.59595960       6.953712861484926E-010
   20864197.5308642        9797979.79797980       2.440609498345248E-010
   20864197.5308642        10000000.0000000       0.000000000000000E+000
   21451892.6640139       -10000000.0000000       0.000000000000000E+000
   21451892.6640139       -9797979.79797980      -3.488667522089437E-014
   21451892.6640139       -9595959.59595960      -5.841825652497710E-014
   21451892.6640139       -9393939.39393939      -4.449139168440604E-014
   21451892.6640139       -9191919.19191919       6.846686189215409E-014
   21451892.6640139       -8989898.98989899       4.104818229782682E-013
   21451892.6640139       -8787878.78787879       1.245746719595065E-012
   21451892.6640139       -8585858.58585859       3.093627157479676E-012
   21451892.6640139       -8383838.38383838       6.944981965131948E-012
   21451892.6640139       -8181818.18181818       1.463787468747786E-011
   21451892.6640139       -7979797.97979798       2.949171586676583E-011
   21451892.6640139       -7777777.77777778       5.734784915882036E-011
   21451892.6640139       -7575757.57575758       1.082303420619197E-010
   21451892.6640139       -7373737.37373737       1.989251205329274E-010
   21451892.6640139       -7171717.17171717       3.568786051865426E-010
   21451892.6640139       -6969696.96969697       6.259356969870067E-010
   21451892.6640139       -6767676.76767677       1.074564163817625E-009
   21451892.6640139       -6565656.56565657       1.807335744015054E-009
   21451892.6640139       -6363636.36363636       2.980535142736443E-009
   21451892.6640139       -6161616.16161616       4.822822068305094E-009
   21451892.6640139       -5959595.95959596       7.661849108525929E-009
   21451892.6640139       -5757575.75757576       1.195760765838959E-008
   21451892.6640139       -5555555.55555556       1.834300484850832E-008
   21451892.6640139       -5353535.35353535       2.767174290926025E-008
   21451892.6640139       -5151515.15151515       4.107296806363626E-008
   21451892.6640139       -4949494.94949495       6.001138715035845E-008
   21451892.6640139       -4747474.74747475       8.635064795957152E-008
   21451892.6640139       -4545454.54545455       1.224167987719056E-007
   21451892.6640139       -4343434.34343434       1.710576596231233E-007
   21451892.6640139       -4141414.14141414       2.356930423412841E-007
   21451892.6640139       -3939393.93939394       3.203500445910138E-007
   21451892.6640139       -3737373.73737374       4.296772109874971E-007
   21451892.6640139       -3535353.53535354       5.689312951464904E-007
   21451892.6640139       -3333333.33333333       7.439307621827228E-007
   21451892.6640139       -3131313.13131313       9.609711325582045E-007
   21451892.6640139       -2929292.92929293       1.226698867604619E-006
   21451892.6640139       -2727272.72727273       1.547942785249847E-006
   21451892.6640139       -2525252.52525253       1.931504950926037E-006
   21451892.6640139       -2323232.32323232       2.383916473384837E-006
   21451892.6640139       -2121212.12121212       2.911167351174297E-006
   21451892.6640139       -1919191.91919192       3.518423005017218E-006
   21451892.6640139       -1717171.71717172       4.209742823878910E-006
   21451892.6640139       -1515151.51515152       4.987817367269068E-006
   21451892.6640139       -1313131.31313131       5.853740348540975E-006
   21451892.6640139       -1111111.11111111       6.806828979089048E-006
   21451892.6640139       -909090.909090910       7.844501836434685E-006
   21451892.6640139       -707070.707070708       8.962217647433267E-006
   21451892.6640139       -505050.505050506       1.015347205659172E-005
   21451892.6640139       -303030.303030305       1.140984352753295E-005
   21451892.6640139       -101010.101010101       1.272107491572224E-005
   21451892.6640139        101010.101010101       1.407517466005600E-005
   21451892.6640139        303030.303030303       1.545852135337662E-005
   21451892.6640139        505050.505050505       1.685595768413525E-005
   21451892.6640139        707070.707070706       1.825086407381504E-005
   21451892.6640139        909090.909090908       1.962520818785955E-005
   21451892.6640139        1111111.11111111       2.095957311956875E-005
   21451892.6640139        1313131.31313131       2.223317361134790E-005
   21451892.6640139        1515151.51515151       2.342387545997801E-005
   21451892.6640139        1717171.71717172       2.450823794621864E-005
   21451892.6640139        1919191.91919192       2.546160328062857E-005
   21451892.6640139        2121212.12121212       2.625826237933305E-005
   21451892.6640139        2323232.32323232       2.687173548961211E-005
   21451892.6640139        2525252.52525252       2.727522204285906E-005
   21451892.6640139        2727272.72727273       2.744229753959398E-005
   21451892.6640139        2929292.92929293       2.734796246898426E-005
   21451892.6640139        3131313.13131313       2.697016732082496E-005
   21451892.6640139        3333333.33333333       2.629192621286234E-005
   21451892.6640139        3535353.53535353       2.530405810992221E-005
   21451892.6640139        3737373.73737374       2.400842837977382E-005
   21451892.6640139        3939393.93939394       2.242129599517133E-005
   21451892.6640139        4141414.14141414       2.057604769340811E-005
   21451892.6640139        4343434.34343434       1.852434230100849E-005
   21451892.6640139        4545454.54545454       1.633468193886390E-005
   21451892.6640139        4747474.74747475       1.408783612934122E-005
   21451892.6640139        4949494.94949495       1.186937336109623E-005
   21451892.6640139        5151515.15151515       9.760546694593742E-006
   21451892.6640139        5353535.35353535       7.829487906395171E-006
   21451892.6640139        5555555.55555555       6.124700606271008E-006
   21451892.6640139        5757575.75757576       4.672147084287019E-006
   21451892.6640139        5959595.95959596       3.476121544210725E-006
   21451892.6640139        6161616.16161616       2.523091756473233E-006
   21451892.6640139        6363636.36363636       1.787141325610997E-006
   21451892.6640139        6565656.56565657       1.235634641817152E-006
   21451892.6640139        6767676.76767677       8.340929184982327E-007
   21451892.6640139        6969696.96969697       5.497659571145037E-007
   21451892.6640139        7171717.17171717       3.538164759344847E-007
   21451892.6640139        7373737.37373737       2.223122778884318E-007
   21451892.6640139        7575757.57575757       1.363437701947187E-007
   21451892.6640139        7777777.77777778       8.159281910758881E-008
   21451892.6640139        7979797.97979798       4.762478855171312E-008
   21451892.6640139        8181818.18181818       2.709948890365626E-008
   21451892.6640139        8383838.38383838       1.502357579574273E-008
   21451892.6640139        8585858.58585858       8.108280850790335E-009
   21451892.6640139        8787878.78787879       4.255092532662196E-009
   21451892.6640139        8989898.98989899       2.166398814028431E-009
   21451892.6640139        9191919.19191919       1.064619775508681E-009
   21451892.6640139        9393939.39393939       4.982497445025646E-010
   21451892.6640139        9595959.59595960       2.132701265738017E-010
   21451892.6640139        9797979.79797980       7.119114978829114E-011
   21451892.6640139        10000000.0000000       0.000000000000000E+000
   22047750.2295684       -10000000.0000000       0.000000000000000E+000
   22047750.2295684       -9797979.79797980      -4.856263332006824E-014
   22047750.2295684       -9595959.59595960      -1.060884700880405E-013
   22047750.2295684       -9393939.39393939      -1.698679188164038E-013
   22047750.2295684       -9191919.19191919      -2.291961009220710E-013
   22047750.2295684       -8989898.98989899      -2.568121313977934E-013
   22047750.2295684       -8787878.78787879      -1.902232300589008E-013
   22047750.2295684       -8585858.58585859       1.053466603883297E-013
   22047750.2295684       -8383838.38383838       9.082646618356514E-013
   22047750.2295684       -8181818.18181818       2.773690195593339E-012
   22047750.2295684       -7979797.97979798       6.775065273141415E-012
   22047750.2295684       -7777777.77777778       1.492910969493461E-011
   22047750.2295684       -7575757.57575758       3.092204739998830E-011
   22047750.2295684       -7373737.37373737       6.131492194973685E-011
   22047750.2295684       -7171717.17171717       1.174872562135081E-010
   22047750.2295684       -6969696.96969697       2.186833893737869E-010
   22047750.2295684       -6767676.76767677       3.966544588335044E-010
   22047750.2295684       -6565656.56565657       7.025368952616948E-010
   22047750.2295684       -6363636.36363636       1.216765237039517E-009
   22047750.2295684       -6161616.16161616       2.062965259549203E-009
   22047750.2295684       -5959595.95959596       3.426886492975918E-009
   22047750.2295684       -5757575.75757576       5.581476379975484E-009
   22047750.2295684       -5555555.55555556       8.919130307345159E-009
   22047750.2295684       -5353535.35353535       1.399192892473493E-008
   22047750.2295684       -5151515.15151515       2.156025721960443E-008
   22047750.2295684       -4949494.94949495       3.264956228048076E-008
   22047750.2295684       -4747474.74747475       4.861414418827958E-008
   22047750.2295684       -4545454.54545455       7.120581276216747E-008
   22047750.2295684       -4343434.34343434       1.026440422458317E-007
   22047750.2295684       -4141414.14141414       1.456830105341892E-007
   22047750.2295684       -3939393.93939394       2.036697407886117E-007
   22047750.2295684       -3737373.73737374       2.805866100984958E-007
   22047750.2295684       -3535353.53535354       3.810708969485527E-007
   22047750.2295684       -3333333.33333333       5.104039473699317E-007
   22047750.2295684       -3131313.13131313       6.744630772446059E-007
   22047750.2295684       -2929292.92929293       8.796306016243557E-007
   22047750.2295684       -2727272.72727273       1.132656458308798E-006
   22047750.2295684       -2525252.52525253       1.440473771924528E-006
   22047750.2295684       -2323232.32323232       1.809970280337070E-006
   22047750.2295684       -2121212.12121212       2.247722568903319E-006
   22047750.2295684       -1919191.91919192       2.759704121873150E-006
   22047750.2295684       -1717171.71717172       3.350981759285578E-006
   22047750.2295684       -1515151.51515152       4.025417472994347E-006
   22047750.2295684       -1313131.31313131       4.785393450776353E-006
   22047750.2295684       -1111111.11111111       5.631576814976795E-006
   22047750.2295684       -909090.909090910       6.562737239083378E-006
   22047750.2295684       -707070.707070708       7.575625444977685E-006
   22047750.2295684       -505050.505050506       8.664914275384527E-006
   22047750.2295684       -303030.303030305       9.823197478326423E-006
   22047750.2295684       -101010.101010101       1.104103552160034E-005
   22047750.2295684        101010.101010101       1.230703357414902E-005
   22047750.2295684        303030.303030303       1.360793489686607E-005
   22047750.2295684        505050.505050505       1.492871357664613E-005
   22047750.2295684        707070.707070706       1.625265374637751E-005
   22047750.2295684        909090.909090908       1.756140779245888E-005
   22047750.2295684        1111111.11111111       1.883503301040292E-005
   22047750.2295684        1313131.31313131       2.005201411756644E-005
   22047750.2295684        1515151.51515151       2.118928741733549E-005
   22047750.2295684        1717171.71717172       2.222229091573869E-005
   22047750.2295684        1919191.91919192       2.312507354229062E-005
   22047750.2295684        2121212.12121212       2.387050688506006E-005
   22047750.2295684        2323232.32323232       2.443065631860745E-005
   22047750.2295684        2525252.52525252       2.477738661915805E-005
   22047750.2295684        2727272.72727273       2.488329923157314E-005
   22047750.2295684        2929292.92929293       2.472311780864180E-005
   22047750.2295684        3131313.13131313       2.427563999003400E-005
   22047750.2295684        3333333.33333333       2.352633020228397E-005
   22047750.2295684        3535353.53535353       2.247050689445209E-005
   22047750.2295684        3737373.73737374       2.111685218628374E-005
   22047750.2295684        3939393.93939394       1.949065344533916E-005
   22047750.2295684        4141414.14141414       1.763585823178135E-005
   22047750.2295684        4343434.34343434       1.561485685120166E-005
   22047750.2295684        4545454.54545454       1.350511066986943E-005
   22047750.2295684        4747474.74747475       1.139243904401297E-005
   22047750.2295684        4949494.94949495       9.361835155141223E-006
   22047750.2295684        5151515.15151515       7.487682753021115E-006
   22047750.2295684        5353535.35353535       5.825669249480245E-006
   22047750.2295684        5555555.55555555       4.408249098123248E-006
   22047750.2295684        5757575.75757576       3.244380740683395E-006
   22047750.2295684        5959595.95959596       2.322979124124122E-006
   22047750.2295684        6161616.16161616       1.618645098426284E-006
   22047750.2295684        6363636.36363636       1.098007452434215E-006
   22047750.2295684        6565656.56565657       7.253430144788842E-007
   22047750.2295684        6767676.76767677       4.667313694379695E-007
   22047750.2295684        6969696.96969697       2.925698346592973E-007
   22047750.2295684        7171717.17171717       1.786624427377204E-007
   22047750.2295684        7373737.37373737       1.062748640703280E-007
   22047750.2295684        7575757.57575757       6.156445060280700E-008
   22047750.2295684        7777777.77777778       3.472203276121097E-008
   22047750.2295684        7979797.97979798       1.905917443217582E-008
   22047750.2295684        8181818.18181818       1.017787275075372E-008
   22047750.2295684        8383838.38383838       5.285363557141918E-009
   22047750.2295684        8585858.58585858       2.667617560550421E-009
   22047750.2295684        8787878.78787879       1.307476151290188E-009
   22047750.2295684        8989898.98989899       6.212067415526428E-010
   22047750.2295684        9191919.19191919       2.848373455381684E-010
   22047750.2295684        9393939.39393939       1.244720513241963E-010
   22047750.2295684        9595959.59595960       4.980821039975779E-011
   22047750.2295684        9797979.79797980       1.543810682242947E-011
   22047750.2295684        10000000.0000000       0.000000000000000E+000
   22651770.2275278       -10000000.0000000       0.000000000000000E+000
   22651770.2275278       -9797979.79797980      -4.822923188053063E-014
   22651770.2275278       -9595959.59595960      -1.088639657845893E-013
   22651770.2275278       -9393939.39393939      -1.839677425877698E-013
   22651770.2275278       -9191919.19191919      -2.745888540956760E-013
   22651770.2275278       -8989898.98989899      -3.791394217791548E-013
   22651770.2275278       -8787878.78787879      -4.894551878691766E-013
   22651770.2275278       -8585858.58585859      -5.823151052660826E-013
   22651770.2275278       -8383838.38383838      -6.017550374040195E-013
   22651770.2275278       -8181818.18181818      -4.232405833813482E-013
   22651770.2275278       -7979797.97979798       2.168238986428764E-013
   22651770.2275278       -7777777.77777778       1.855744447957527E-012
   22651770.2275278       -7575757.57575758       5.554117948682734E-012
   22651770.2275278       -7373737.37373737       1.334459279557806E-011
   22651770.2275278       -7171717.17171717       2.901451912010716E-011
   22651770.2275278       -6969696.96969697       5.942997241962481E-011
   22651770.2275278       -6767676.76767677       1.167088161534821E-010
   22651770.2275278       -6565656.56565657       2.216815927086814E-010
   22651770.2275278       -6363636.36363636       4.092411475339973E-010
   22651770.2275278       -6161616.16161616       7.363690880268547E-010
   22651770.2275278       -5959595.95959596       1.293824816751079E-009
   22651770.2275278       -5757575.75757576       2.222665031852713E-009
   22651770.2275278       -5555555.55555556       3.736889508547142E-009
   22651770.2275278       -5353535.35353535       6.153531629644306E-009
   22651770.2275278       -5151515.15151515       9.931369911075611E-009
   22651770.2275278       -4949494.94949495       1.571906917367203E-008
   22651770.2275278       -4747474.74747475       2.441291730145435E-008
   22651770.2275278       -4545454.54545455       3.722338098405680E-008
   22651770.2275278       -4343434.34343434       5.574847591908370E-008
   22651770.2275278       -4141414.14141414       8.205049752880117E-008
   22651770.2275278       -3939393.93939394       1.187311034712914E-007
   22651770.2275278       -3737373.73737374       1.689982411028300E-007
   22651770.2275278       -3535353.53535354       2.367171646656655E-007
   22651770.2275278       -3333333.33333333       3.264369926822005E-007
   22651770.2275278       -3131313.13131313       4.433841104704860E-007
   22651770.2275278       -2929292.92929293       5.934143907503089E-007
   22651770.2275278       -2727272.72727273       7.829178018443854E-007
   22651770.2275278       -2525252.52525253       1.018671538851060E-006
   22651770.2275278       -2323232.32323232       1.307641285515500E-006
   22651770.2275278       -2121212.12121212       1.656734395045069E-006
   22651770.2275278       -1919191.91919192       2.072513310899862E-006
   22651770.2275278       -1717171.71717172       2.560881924629209E-006
   22651770.2275278       -1515151.51515152       3.126761171233215E-006
   22651770.2275278       -1313131.31313131       3.773772362770486E-006
   22651770.2275278       -1111111.11111111       4.503947038353481E-006
   22651770.2275278       -909090.909090910       5.317480184577731E-006
   22651770.2275278       -707070.707070708       6.212539615329353E-006
   22651770.2275278       -505050.505050506       7.185138528532652E-006
   22651770.2275278       -303030.303030305       8.229071545339467E-006
   22651770.2275278       -101010.101010101       9.335907865242293E-006
   22651770.2275278        101010.101010101       1.049502957027351E-005
   22651770.2275278        303030.303030303       1.169369948768753E-005
   22651770.2275278        505050.505050505       1.291714199949000E-005
   22651770.2275278        707070.707070706       1.414862203048297E-005
   22651770.2275278        909090.909090908       1.536951206339364E-005
   22651770.2275278        1111111.11111111       1.655934409108257E-005
   22651770.2275278        1313131.31313131       1.769585252421859E-005
   22651770.2275278        1515151.51515151       1.875502490629408E-005
   22651770.2275278        1717171.71717172       1.971118967258715E-005
   22651770.2275278        1919191.91919192       2.053718414748402E-005
   22651770.2275278        2121212.12121212       2.120466178809079E-005
   22651770.2275278        2323232.32323232       2.168461574118618E-005
   22651770.2275278        2525252.52525252       2.194821557222033E-005
   22651770.2275278        2727272.72727273       2.196807167454857E-005
   22651770.2275278        2929292.92929293       2.172004654103853E-005
   22651770.2275278        3131313.13131313       2.118570294890447E-005
   22651770.2275278        3333333.33333333       2.035538592894523E-005
   22651770.2275278        3535353.53535353       1.923174735742441E-005
   22651770.2275278        3737373.73737374       1.783323032878298E-005
   22651770.2275278        3939393.93939394       1.619668457156492E-005
   22651770.2275278        4141414.14141414       1.437802360089444E-005
   22651770.2275278        4343434.34343434       1.244987495637341E-005
   22651770.2275278        4545454.54545454       1.049570784217341E-005
   22651770.2275278        4747474.74747475       8.600940360362428E-006
   22651770.2275278        4949494.94949495       6.842698099586416E-006
   22651770.2275278        5151515.15151515       5.280645116071568E-006
   22651770.2275278        5353535.35353535       3.951162862596975E-006
   22651770.2275278        5555555.55555555       2.866095494411128E-006
   22651770.2275278        5757575.75757576       2.015810277117738E-006
   22651770.2275278        5959595.95959596       1.375130345545249E-006
   22651770.2275278        6161616.16161616       9.102320773964089E-007
   22651770.2275278        6363636.36363636       5.848653604912577E-007
   22651770.2275278        6565656.56565657       3.649330858398106E-007
   22651770.2275278        6767676.76767677       2.211783747841998E-007
   22651770.2275278        6969696.96969697       1.302316539684090E-007
   22651770.2275278        7171717.17171717       7.450121509117133E-008
   22651770.2275278        7373737.37373737       4.140729754636412E-008
   22651770.2275278        7575757.57575757       2.235788172523341E-008
   22651770.2275278        7777777.77777778       1.172717940102861E-008
   22651770.2275278        7979797.97979798       5.975040788383878E-009
   22651770.2275278        8181818.18181818       2.956982038096513E-009
   22651770.2275278        8383838.38383838       1.421185919843028E-009
   22651770.2275278        8585858.58585858       6.630106590373079E-010
   22651770.2275278        8787878.78787879       2.997835548275462E-010
   22651770.2275278        8989898.98989899       1.308891363773386E-010
   22651770.2275278        9191919.19191919       5.471497440038671E-011
   22651770.2275278        9393939.39393939       2.146897016917083E-011
   22651770.2275278        9595959.59595960       7.494328565164517E-012
   22651770.2275278        9797979.79797980       1.858594911275882E-012
   22651770.2275278        10000000.0000000       0.000000000000000E+000
   23263952.6578921       -10000000.0000000       0.000000000000000E+000
   23263952.6578921       -9797979.79797980      -4.594695220621938E-014
   23263952.6578921       -9595959.59595960      -1.041760254196043E-013
   23263952.6578921       -9393939.39393939      -1.772700801166736E-013
   23263952.6578921       -9191919.19191919      -2.680977050096730E-013
   23263952.6578921       -8989898.98989899      -3.796482632697972E-013
   23263952.6578921       -8787878.78787879      -5.144764905284416E-013
   23263952.6578921       -8585858.58585859      -6.733304412820425E-013
   23263952.6578921       -8383838.38383838      -8.520102669841066E-013
   23263952.6578921       -8181818.18181818      -1.034478473688283E-012
   23263952.6578921       -7979797.97979798      -1.178190457849606E-012
   23263952.6578921       -7777777.77777778      -1.183642118519636E-012
   23263952.6578921       -7575757.57575758      -8.327334784093309E-013
   23263952.6578921       -7373737.37373737       3.326655573692123E-013
   23263952.6578921       -7171717.17171717       3.243148196241396E-012
   23263952.6578921       -6969696.96969697       9.733317573541157E-012
   23263952.6578921       -6767676.76767677       2.331817677781843E-011
   23263952.6578921       -6565656.56565657       5.054583618296872E-011
   23263952.6578921       -6363636.36363636       1.032793849256475E-010
   23263952.6578921       -6161616.16161616       2.024234789926089E-010
   23263952.6578921       -5959595.95959596       3.838162481811168E-010
   23263952.6578921       -5757575.75757576       7.072469220037302E-010
   23263952.6578921       -5555555.55555556       1.269813378606658E-009
   23263952.6578921       -5353535.35353535       2.225063498754449E-009
   23263952.6578921       -5151515.15151515       3.809511821432388E-009
   23263952.6578921       -4949494.94949495       6.378112255921475E-009
   23263952.6578921       -4747474.74747475       1.045001123579043E-008
   23263952.6578921       -4545454.54545455       1.676531996584182E-008
   23263952.6578921       -4343434.34343434       2.635267001889727E-008
   23263952.6578921       -4141414.14141414       4.060594243022408E-008
   23263952.6578921       -3939393.93939394       6.136684439286518E-008
   23263952.6578921       -3737373.73737374       9.100808665380412E-008
   23263952.6578921       -3535353.53535354       1.325099998524334E-007
   23263952.6578921       -3333333.33333333       1.895217832465787E-007
   23263952.6578921       -3131313.13131313       2.663974879364156E-007
   23263952.6578921       -2929292.92929293       3.681965635436496E-007
   23263952.6578921       -2727272.72727273       5.006395518053919E-007
   23263952.6578921       -2525252.52525253       6.700114146725947E-007
   23263952.6578921       -2323232.32323232       8.830080439857140E-007
   23263952.6578921       -2121212.12121212       1.146525577981835E-006
   23263952.6578921       -1919191.91919192       1.467396947820070E-006
   23263952.6578921       -1717171.71717172       1.852085130197824E-006
   23263952.6578921       -1515151.51515152       2.306347286018224E-006
   23263952.6578921       -1313131.31313131       2.834887644201768E-006
   23263952.6578921       -1111111.11111111       3.441019003351619E-006
   23263952.6578921       -909090.909090910       4.126352595543619E-006
   23263952.6578921       -707070.707070708       4.890533595311172E-006
   23263952.6578921       -505050.505050506       5.731034938433166E-006
   23263952.6578921       -303030.303030305       6.643015895118781E-006
   23263952.6578921       -101010.101010101       7.619244896276882E-006
   23263952.6578921        101010.101010101       8.650079511601811E-006
   23263952.6578921        303030.303030303       9.723491328571996E-006
   23263952.6578921        505050.505050505       1.082512074515655E-005
   23263952.6578921        707070.707070706       1.193834703836556E-005
   23263952.6578921        909090.909090908       1.304436280655346E-005
   23263952.6578921        1111111.11111111       1.412224896923815E-005
   23263952.6578921        1313131.31313131       1.514905673289038E-005
   23263952.6578921        1515151.51515151       1.609991612220763E-005
   23263952.6578921        1717171.71717172       1.694820679186315E-005
   23263952.6578921        1919191.91919192       1.766584576847134E-005
   23263952.6578921        2121212.12121212       1.822376787292809E-005
   23263952.6578921        2323232.32323232       1.859269594689973E-005
   23263952.6578921        2525252.52525252       1.874431542515127E-005
   23263952.6578921        2727272.72727273       1.865297255283776E-005
   23263952.6578921        2929292.92929293       1.829799123898329E-005
   23263952.6578921        3131313.13131313       1.766662425494830E-005
   23263952.6578921        3333333.33333333       1.675749009341555E-005
   23263952.6578921        3535353.53535353       1.558408133201493E-005
   23263952.6578921        3737373.73737374       1.417759445630910E-005
   23263952.6578921        3939393.93939394       1.258803720613041E-005
   23263952.6578921        4141414.14141414       1.088251776625265E-005
   23263952.6578921        4343434.34343434       9.140028142355249E-006
   23263952.6578921        4545454.54545454       7.442973523926900E-006
   23263952.6578921        4747474.74747475       5.866924164757567E-006
   23263952.6578921        4949494.94949495       4.471014176678489E-006
   23263952.6578921        5151515.15151515       3.291496118290920E-006
   23263952.6578921        5353535.35353535       2.340000378828126E-006
   23263952.6578921        5555555.55555555       1.606468947737326E-006
   23263952.6578921        5757575.75757576       1.065310694323299E-006
   23263952.6578921        5959595.95959596       6.826740134416977E-007
   23263952.6578921        6161616.16161616       4.229622357014307E-007
   23263952.6578921        6363636.36363636       2.534902634550890E-007
   23263952.6578921        6565656.56565657       1.470272267640722E-007
   23263952.6578921        6767676.76767677       8.256541027137754E-008
   23263952.6578921        6969696.96969697       4.490985314514744E-008
   23263952.6578921        7171717.17171717       2.367121111390724E-008
   23263952.6578921        7373737.37373737       1.209662155283101E-008
   23263952.6578921        7575757.57575757       5.997231525977103E-009
   23263952.6578921        7777777.77777778       2.886529265495041E-009
   23263952.6578921        7979797.97979798       1.349332268048308E-009
   23263952.6578921        8181818.18181818       6.122261007458008E-010
   23263952.6578921        8383838.38383838       2.687514427947633E-010
   23263952.6578921        8585858.58585858       1.131235460074180E-010
   23263952.6578921        8787878.78787879       4.470843929474144E-011
   23263952.6578921        8989898.98989899       1.578879564756290E-011
   23263952.6578921        9191919.19191919       4.316060420690703E-012
   23263952.6578921        9393939.39393939       3.111425069999960E-013
   23263952.6578921        9595959.59595960      -6.623462208990399E-013
   23263952.6578921        9797979.79797980      -5.336374617229326E-013
   23263952.6578921        10000000.0000000       0.000000000000000E+000
   23884297.5206612       -10000000.0000000       0.000000000000000E+000
   23884297.5206612       -9797979.79797980      -4.394507326337305E-014
   23884297.5206612       -9595959.59595960      -9.963266026326535E-014
   23884297.5206612       -9393939.39393939      -1.694719233990669E-013
   23884297.5206612       -9191919.19191919      -2.562546688454064E-013
   23884297.5206612       -8989898.98989899      -3.632161020275855E-013
   23884297.5206612       -8787878.78787879      -4.940716417192143E-013
   23884297.5206612       -8585858.58585859      -6.529612445206883E-013
   23884297.5206612       -8383838.38383838      -8.441390366169110E-013
   23884297.5206612       -8181818.18181818      -1.071070348558708E-012
   23884297.5206612       -7979797.97979798      -1.334248284991281E-012
   23884297.5206612       -7777777.77777778      -1.626323069372788E-012
   23884297.5206612       -7575757.57575758      -1.921642075952321E-012
   23884297.5206612       -7373737.37373737      -2.154223510294932E-012
   23884297.5206612       -7171717.17171717      -2.172052610424658E-012
   23884297.5206612       -6969696.96969697      -1.643852739811938E-012
   23884297.5206612       -6767676.76767677       1.269306256710277E-013
   23884297.5206612       -6565656.56565657       4.563356528589056E-012
   23884297.5206612       -6363636.36363636       1.449509529092076E-011
   23884297.5206612       -6161616.16161616       3.539680950705829E-011
   23884297.5206612       -5959595.95959596       7.756574354605572E-011
   23884297.5206612       -5757575.75757576       1.598165881505940E-010
   23884297.5206612       -5555555.55555556       3.155283109892180E-010
   23884297.5206612       -5353535.35353535       6.021855421932494E-010
   23884297.5206612       -5151515.15151515       1.115888335264578E-009
   23884297.5206612       -4949494.94949495       2.012603687731675E-009
   23884297.5206612       -4747474.74747475       3.538113902455925E-009
   23884297.5206612       -4545454.54545455       6.068566314456963E-009
   23884297.5206612       -4343434.34343434       1.016311757218220E-008
   23884297.5206612       -4141414.14141414       1.662927772967205E-008
   23884297.5206612       -3939393.93939394       2.660012880057164E-008
   23884297.5206612       -3737373.73737374       4.162064167222700E-008
   23884297.5206612       -3535353.53535354       6.373798345834877E-008
   23884297.5206612       -3333333.33333333       9.558825448617851E-008
   23884297.5206612       -3131313.13131313       1.404698752859843E-007
   23884297.5206612       -2929292.92929293       2.023922569116445E-007
   23884297.5206612       -2727272.72727273       2.860878063920255E-007
   23884297.5206612       -2525252.52525253       3.969760276738678E-007
   23884297.5206612       -2323232.32323232       5.410706205881418E-007
   23884297.5206612       -2121212.12121212       7.248240243672040E-007
   23884297.5206612       -1919191.91919192       9.549085739391554E-007
   23884297.5206612       -1717171.71717172       1.237938920517886E-006
   23884297.5206612       -1515151.51515152       1.580146027199531E-006
   23884297.5206612       -1313131.31313131       1.987018182551400E-006
   23884297.5206612       -1111111.11111111       2.462928348163584E-006
   23884297.5206612       -909090.909090910       3.010769125367752E-006
   23884297.5206612       -707070.707070708       3.631616263788107E-006
   23884297.5206612       -505050.505050506       4.324438839157195E-006
   23884297.5206612       -303030.303030305       5.085869289716524E-006
   23884297.5206612       -101010.101010101       5.910040098325749E-006
   23884297.5206612        101010.101010101       6.788487040709617E-006
   23884297.5206612        303030.303030303       7.710112788464526E-006
   23884297.5206612        505050.505050505       8.661200502792653E-006
   23884297.5206612        707070.707070706       9.625465998606837E-006
   23884297.5206612        909090.909090908       1.058413992105765E-005
   23884297.5206612        1111111.11111111       1.151607856615952E-005
   23884297.5206612        1313131.31313131       1.239791348635902E-005
   23884297.5206612        1515151.51515151       1.320426557240764E-005
   23884297.5206612        1717171.71717172       1.390806850748036E-005
   23884297.5206612        1919191.91919192       1.448106866153700E-005
   23884297.5206612        2121212.12121212       1.489459168129123E-005
   23884297.5206612        2323232.32323232       1.512068523396201E-005
   23884297.5206612        2525252.52525252       1.513375256382932E-005
   23884297.5206612        2727272.72727273       1.491276646635747E-005
   23884297.5206612        2929292.92929293       1.444407583898705E-005
   23884297.5206612        3131313.13131313       1.372466288146698E-005
   23884297.5206612        3333333.33333333       1.276546429178044E-005
   23884297.5206612        3535353.53535353       1.159405778389959E-005
   23884297.5206612        3737373.73737374       1.025573294523355E-005
   23884297.5206612        3939393.93939394       8.811897495756279E-006
   23884297.5206612        4141414.14141414       7.335130982084969E-006
   23884297.5206612        4343434.34343434       5.901081554845563E-006
   23884297.5206612        4545454.54545454       4.578604204304267E-006
   23884297.5206612        4747474.74747475       3.420523928878473E-006
   23884297.5206612        4949494.94949495       2.457554679292530E-006
   23884297.5206612        5151515.15151515       1.696959898697203E-006
   23884297.5206612        5353535.35353535       1.125895297938640E-006
   23884297.5206612        5555555.55555555       7.178621203294810E-007
   23884297.5206612        5757575.75757576       4.400255256448434E-007
   23884297.5206612        5959595.95959596       2.594599655160811E-007
   23884297.5206612        6161616.16161616       1.472807900957298E-007
   23884297.5206612        6363636.36363636       8.055666660559763E-008
   23884297.5206612        6565656.56565657       4.250395010072711E-008
   23884297.5206612        6767676.76767677       2.166537052614570E-008
   23884297.5206612        6969696.96969697       1.068903122639150E-008
   23884297.5206612        7171717.17171717       5.116268083060304E-009
   23884297.5206612        7373737.37373737       2.381367208436353E-009
   23884297.5206612        7575757.57575757       1.079085146344188E-009
   23884297.5206612        7777777.77777778       4.747414092121497E-010
   23884297.5206612        7979797.97979798       2.003813769009163E-010
   23884297.5206612        8181818.18181818       7.853707226909777E-011
   23884297.5206612        8383838.38383838       2.611503431029103E-011
   23884297.5206612        8585858.58585858       4.920833399545413E-012
   23884297.5206612        8787878.78787879      -2.495610002209470E-012
   23884297.5206612        8989898.98989899      -4.117936992495275E-012
   23884297.5206612        9191919.19191919      -3.578302442560070E-012
   23884297.5206612        9393939.39393939      -2.468971044050757E-012
   23884297.5206612        9595959.59595960      -1.415857240005331E-012
   23884297.5206612        9797979.79797980      -5.996616528064161E-013
   23884297.5206612        10000000.0000000       0.000000000000000E+000
   24512804.8158351       -10000000.0000000       0.000000000000000E+000
   24512804.8158351       -9797979.79797980      -4.224464642135995E-014
   24512804.8158351       -9595959.59595960      -9.585035273794755E-014
   24512804.8158351       -9393939.39393939      -1.630925162835172E-013
   24512804.8158351       -9191919.19191919      -2.465384301404443E-013
   24512804.8158351       -8989898.98989899      -3.490741985535904E-013
   24512804.8158351       -8787878.78787879      -4.739651416542577E-013
   24512804.8158351       -8585858.58585859      -6.249633895273041E-013
   24512804.8158351       -8383838.38383838      -8.064620072788078E-013
   24512804.8158351       -8181818.18181818      -1.023651783775285E-012
   24512804.8158351       -7979797.97979798      -1.282550761614231E-012
   24512804.8158351       -7777777.77777778      -1.589627964855416E-012
   24512804.8158351       -7575757.57575758      -1.950498101303136E-012
   24512804.8158351       -7373737.37373737      -2.366743194066453E-012
   24512804.8158351       -7171717.17171717      -2.829110786270319E-012
   24512804.8158351       -6969696.96969697      -3.303635802216068E-012
   24512804.8158351       -6767676.76767677      -3.703510770377791E-012
   24512804.8158351       -6565656.56565657      -3.831552845992900E-012
   24512804.8158351       -6363636.36363636      -3.261840374583843E-012
   24512804.8158351       -6161616.16161616      -1.097814731560696E-012
   24512804.8158351       -5959595.95959596       4.512281818094122E-012
   24512804.8158351       -5757575.75757576       1.731724399493366E-011
   24512804.8158351       -5555555.55555556       4.472800963023108E-011
   24512804.8158351       -5353535.35353535       1.009961772767416E-010
   24512804.8158351       -5151515.15151515       2.127039623149781E-010
   24512804.8158351       -4949494.94949495       4.278507336945385E-010
   24512804.8158351       -4747474.74747475       8.302550371096255E-010
   24512804.8158351       -4545454.54545455       1.561397676393274E-009
   24512804.8158351       -4343434.34343434       2.852087796457078E-009
   24512804.8158351       -4141414.14141414       5.066271362053415E-009
   24512804.8158351       -3939393.93939394       8.758729722128689E-009
   24512804.8158351       -3737373.73737374       1.474717005120283E-008
   24512804.8158351       -3535353.53535354       2.419721330975328E-008
   24512804.8158351       -3333333.33333333       3.871611515557773E-008
   24512804.8158351       -3131313.13131313       6.044797691171640E-008
   24512804.8158351       -2929292.92929293       9.216016212469184E-008
   24512804.8158351       -2727272.72727273       1.373081866424015E-007
   24512804.8158351       -2525252.52525253       2.000650578106877E-007
   24512804.8158351       -2323232.32323232       2.853013472064239E-007
   24512804.8158351       -2121212.12121212       3.985044234421326E-007
   24512804.8158351       -1919191.91919192       5.456292093533674E-007
   24512804.8158351       -1717171.71717172       7.328782449234512E-007
   24512804.8158351       -1515151.51515152       9.664151705695673E-007
   24512804.8158351       -1313131.31313131       1.252022250245864E-006
   24512804.8158351       -1111111.11111111       1.594718396490410E-006
   24512804.8158351       -909090.909090910       1.998358532799838E-006
   24512804.8158351       -707070.707070708       2.465237380769688E-006
   24512804.8158351       -505050.505050506       2.995720518296332E-006
   24512804.8158351       -303030.303030305       3.587922823982803E-006
   24512804.8158351       -101010.101010101       4.237449624639282E-006
   24512804.8158351        101010.101010101       4.937209824184556E-006
   24512804.8158351        303030.303030303       5.677304174240479E-006
   24512804.8158351        505050.505050505       6.444987035678632E-006
   24512804.8158351        707070.707070706       7.224697946501047E-006
   24512804.8158351        909090.909090908       7.998161417719142E-006
   24512804.8158351        1111111.11111111       8.744560616718136E-006
   24512804.8158351        1313131.31313131       9.440803262988246E-006
   24512804.8158351        1515151.51515151       1.006191546335232E-005
   24512804.8158351        1717171.71717172       1.058161952090534E-005
   24512804.8158351        1919191.91919192       1.097317186396454E-005
   24512804.8158351        2121212.12121212       1.121055215449598E-005
   24512804.8158351        2323232.32323232       1.127009561705928E-005
   24512804.8158351        2525252.52525252       1.113263257358767E-005
   24512804.8158351        2727272.72727273       1.078611998946631E-005
   24512804.8158351        2929292.92929293       1.022859690778320E-005
   24512804.8158351        3131313.13131313       9.471062944668816E-006
   24512804.8158351        3333333.33333333       8.539602483136887E-006
   24512804.8158351        3535353.53535353       7.475857587808042E-006
   24512804.8158351        3737373.73737374       6.334955825756818E-006
   24512804.8158351        3939393.93939394       5.180403362639053E-006
   24512804.8158351        4141414.14141414       4.076320155387573E-006
   24512804.8158351        4343434.34343434       3.078505111344355E-006
   24512804.8158351        4545454.54545454       2.226644048519424E-006
   24512804.8158351        4747474.74747475       1.539927572272254E-006
   24512804.8158351        4949494.94949495       1.017252430085035E-006
   24512804.8158351        5151515.15151515       6.415248405728236E-007
   24512804.8158351        5353535.35353535       3.862401403664731E-007
   24512804.8158351        5555555.55555555       2.221195544757283E-007
   24512804.8158351        5757575.75757576       1.221457545017649E-007
   24512804.8158351        5959595.95959596       6.434792826551332E-008
   24512804.8158351        6161616.16161616       3.256975882219486E-008
   24512804.8158351        6363636.36363636       1.590714221906785E-008
   24512804.8158351        6565656.56565657       7.540880076747750E-009
   24512804.8158351        6767676.76767677       3.493267429980045E-009
   24512804.8158351        6969696.96969697       1.589201721416463E-009
   24512804.8158351        7171717.17171717       7.082515631201502E-010
   24512804.8158351        7373737.37373737       3.031659253626835E-010
   24512804.8158351        7575757.57575757       1.176925975247147E-010
   24512804.8158351        7777777.77777778       3.459907538780471E-011
   24512804.8158351        7979797.97979798       4.579223861005745E-015
   24512804.8158351        8181818.18181818      -1.168814985262468E-011
   24512804.8158351        8383838.38383838      -1.315818836296118E-011
   24512804.8158351        8585858.58585858      -1.077388627664712E-011
   24512804.8158351        8787878.78787879      -7.581660384849097E-012
   24512804.8158351        8989898.98989899      -4.831752955508262E-012
   24512804.8158351        9191919.19191919      -2.852890773239482E-012
   24512804.8158351        9393939.39393939      -1.568589206126839E-012
   24512804.8158351        9595959.59595960      -7.812471091395208E-013
   24512804.8158351        9797979.79797980      -3.043102659183630E-013
   24512804.8158351        10000000.0000000       0.000000000000000E+000
   25149474.5434139       -10000000.0000000       0.000000000000000E+000
   25149474.5434139       -9797979.79797980      -4.055280653918929E-014
   25149474.5434139       -9595959.59595960      -9.217350597511391E-014
   25149474.5434139       -9393939.39393939      -1.571359289087955E-013
   25149474.5434139       -9191919.19191919      -2.379795695308585E-013
   25149474.5434139       -8989898.98989899      -3.374811443977183E-013
   25149474.5434139       -8787878.78787879      -4.586202048122105E-013
   25149474.5434139       -8585858.58585859      -6.045583417752605E-013
   25149474.5434139       -8383838.38383838      -7.786706801061899E-013
   25149474.5434139       -8181818.18181818      -9.846865555266644E-013
   25149474.5434139       -7979797.97979798      -1.227001633903635E-012
   25149474.5434139       -7777777.77777778      -1.511193934545948E-012
   25149474.5434139       -7575757.57575758      -1.844680965931713E-012
   25149474.5434139       -7373737.37373737      -2.237264193385548E-012
   25149474.5434139       -7171717.17171717      -2.701004232977246E-012
   25149474.5434139       -6969696.96969697      -3.248466393248076E-012
   25149474.5434139       -6767676.76767677      -3.887897946467513E-012
   25149474.5434139       -6565656.56565657      -4.613305225743071E-012
   25149474.5434139       -6363636.36363636      -5.386350983075951E-012
   25149474.5434139       -6161616.16161616      -6.104365966952730E-012
   25149474.5434139       -5959595.95959596      -6.541802980312390E-012
   25149474.5434139       -5757575.75757576      -6.235489500274194E-012
   25149474.5434139       -5555555.55555556      -4.246896388878961E-012
   25149474.5434139       -5353535.35353535       1.338796860543565E-012
   25149474.5434139       -5151515.15151515       1.444936291895572E-011
   25149474.5434139       -4949494.94949495       4.308855126622924E-011
   25149474.5434139       -4747474.74747475       1.032448359112665E-010
   25149474.5434139       -4545454.54545455       2.259144202747810E-010
   25149474.5434139       -4343434.34343434       4.690521793213334E-010
   25149474.5434139       -4141414.14141414       9.368235718020035E-010
   25149474.5434139       -3939393.93939394       1.808946644489404E-009
   25149474.5434139       -3737373.73737374       3.382952215595087E-009
   25149474.5434139       -3535353.53535354       6.131573695700961E-009
   25149474.5434139       -3333333.33333333       1.077595509154021E-008
   25149474.5434139       -3131313.13131313       1.837281806075462E-008
   25149474.5434139       -2929292.92929293       3.041027566022781E-008
   25149474.5434139       -2727272.72727273       4.890303825340886E-008
   25149474.5434139       -2525252.52525253       7.647401179059876E-008
   25149474.5434139       -2323232.32323232       1.164065679857763E-007
   25149474.5434139       -2121212.12121212       1.726508436474022E-007
   25149474.5434139       -1919191.91919192       2.497688219014990E-007
   25149474.5434139       -1717171.71717172       3.528067842981949E-007
   25149474.5434139       -1515151.51515152       4.870896816121586E-007
   25149474.5434139       -1313131.31313131       6.579393469372901E-007
   25149474.5434139       -1111111.11111111       8.703263027183473E-007
   25149474.5434139       -909090.909090910       1.128472138735079E-006
   25149474.5434139       -707070.707070708       1.435425094321062E-006
   25149474.5434139       -505050.505050506       1.792634851097487E-006
   25149474.5434139       -303030.303030305       2.199553298369771E-006
   25149474.5434139       -101010.101010101       2.653286292506903E-006
   25149474.5434139        101010.101010101       3.148317777676620E-006
   25149474.5434139        303030.303030303       3.676323062236790E-006
   25149474.5434139        505050.505050505       4.226083862096025E-006
   25149474.5434139        707070.707070706       4.783515434352923E-006
   25149474.5434139        909090.909090908       5.331817270349412E-006
   25149474.5434139        1111111.11111111       5.851764677765777E-006
   25149474.5434139        1313131.31313131       6.322169611102127E-006
   25149474.5434139        1515151.51515151       6.720553997181440E-006
   25149474.5434139        1717171.71717172       7.024093309363682E-006
   25149474.5434139        1919191.91919192       7.210894259828368E-006
   25149474.5434139        2121212.12121212       7.261656615563551E-006
   25149474.5434139        2323232.32323232       7.161721765556782E-006
   25149474.5434139        2525252.52525252       6.903417162862122E-006
   25149474.5434139        2727272.72727273       6.488458973695243E-006
   25149474.5434139        2929292.92929293       5.929982873682410E-006
   25149474.5434139        3131313.13131313       5.253576373478892E-006
   25149474.5434139        3333333.33333333       4.496583762197548E-006
   25149474.5434139        3535353.53535353       3.705099375850755E-006
   25149474.5434139        3737373.73737374       2.928587738871618E-006
   25149474.5434139        3939393.93939394       2.212928607944429E-006
   25149474.5434139        4141414.14141414       1.593548918533980E-006
   25149474.5434139        4343434.34343434       1.090645388289254E-006
   25149474.5434139        4545454.54545454       7.079540815928669E-007
   25149474.5434139        4747474.74747475       4.352390000142604E-007
   25149474.5434139        4949494.94949495       2.533131295977211E-007
   25149474.5434139        5151515.15151515       1.396945414169206E-007
   25149474.5434139        5353535.35353535       7.320941548652511E-008
   25149474.5434139        5555555.55555555       3.668434009725614E-008
   25149474.5434139        5757575.75757576       1.776469238106282E-008
   25149474.5434139        5959595.95959596       8.444426342407255E-009
   25149474.5434139        6161616.16161616       4.008093795409868E-009
   25149474.5434139        6363636.36363636       1.916060153848158E-009
   25149474.5434139        6565656.56565657       9.096125494899576E-010
   25149474.5434139        6767676.76767677       4.074854888943102E-010
   25149474.5434139        6969696.96969697       1.520399827265709E-010
   25149474.5434139        7171717.17171717       2.674047255877078E-011
   25149474.5434139        7373737.37373737      -2.676065608749949E-011
   25149474.5434139        7575757.57575757      -4.177320722209449E-011
   25149474.5434139        7777777.77777778      -3.858109781178897E-011
   25149474.5434139        7979797.97979798      -2.907620552482619E-011
   25149474.5434139        8181818.18181818      -1.936702636267372E-011
   25149474.5434139        8383838.38383838      -1.184733995695655E-011
   25149474.5434139        8585858.58585858      -6.866075792004562E-012
   25149474.5434139        8787878.78787879      -3.903797267724342E-012
   25149474.5434139        8989898.98989899      -2.259536141344976E-012
   25149474.5434139        9191919.19191919      -1.359362485856078E-012
   25149474.5434139        9393939.39393939      -8.328576291908526E-013
   25149474.5434139        9595959.59595960      -4.810428931553365E-013
   25149474.5434139        9797979.79797980      -2.147683844262117E-013
   25149474.5434139        10000000.0000000       0.000000000000000E+000
   25794306.7033976       -10000000.0000000       0.000000000000000E+000
   25794306.7033976       -9797979.79797980      -3.879143555880720E-014
   25794306.7033976       -9595959.59595960      -8.832626854879472E-014
   25794306.7033976       -9393939.39393939      -1.508943068099646E-013
   25794306.7033976       -9191919.19191919      -2.290811255723188E-013
   25794306.7033976       -8989898.98989899      -3.257460046932629E-013
   25794306.7033976       -8787878.78787879      -4.439715222894737E-013
   25794306.7033976       -8585858.58585859      -5.869776726123219E-013
   25794306.7033976       -8383838.38383838      -7.579982645489697E-013
   25794306.7033976       -8181818.18181818      -9.601346415851439E-013
   25794306.7033976       -7979797.97979798      -1.196237273889786E-012
   25794306.7033976       -7777777.77777778      -1.468922755589321E-012
   25794306.7033976       -7575757.57575758      -1.780904646598695E-012
   25794306.7033976       -7373737.37373737      -2.135872743307968E-012
   25794306.7033976       -7171717.17171717      -2.540137290832487E-012
   25794306.7033976       -6969696.96969697      -3.005070715207835E-012
   25794306.7033976       -6767676.76767677      -3.549924018092079E-012
   25794306.7033976       -6565656.56565657      -4.203797984230229E-012
   25794306.7033976       -6363636.36363636      -5.004460366079390E-012
   25794306.7033976       -6161616.16161616      -5.990585103133537E-012
   25794306.7033976       -5959595.95959596      -7.183370587138783E-012
   25794306.7033976       -5757575.75757576      -8.553992604867412E-012
   25794306.7033976       -5555555.55555556      -9.975110713541842E-012
   25794306.7033976       -5353535.35353535      -1.115608514959534E-011
   25794306.7033976       -5151515.15151515      -1.155719049772146E-011
   25794306.7033976       -4949494.94949495      -1.025556996990086E-011
   25794306.7033976       -4747474.74747475      -5.672624664864578E-012
   25794306.7033976       -4545454.54545455       5.064789373371480E-012
   25794306.7033976       -4343434.34343434       2.761057224094855E-011
   25794306.7033976       -4141414.14141414       7.362256443946589E-011
   25794306.7033976       -3939393.93939394       1.671869505464294E-010
   25794306.7033976       -3737373.73737374       3.565993310590946E-010
   25794306.7033976       -3535353.53535354       7.343173058552845E-010
   25794306.7033976       -3333333.33333333       1.468258884410743E-009
   25794306.7033976       -3131313.13131313       2.847313153716201E-009
   25794306.7033976       -2929292.92929293       5.342571644777890E-009
   25794306.7033976       -2727272.72727273       9.683129564260225E-009
   25794306.7033976       -2525252.52525253       1.694139704395076E-008
   25794306.7033976       -2323232.32323232       2.861817758853585E-008
   25794306.7033976       -2121212.12121212       4.671320694169557E-008
   25794306.7033976       -1919191.91919192       7.376353839679535E-008
   25794306.7033976       -1717171.71717172       1.128311935353019E-007
   25794306.7033976       -1515151.51515152       1.674235781262150E-007
   25794306.7033976       -1313131.31313131       2.413353991608318E-007
   25794306.7033976       -1111111.11111111       3.384086673809680E-007
   25794306.7033976       -909090.909090910       4.622167630099937E-007
   25794306.7033976       -707070.707070708       6.156881428699720E-007
   25794306.7033976       -505050.505050506       8.006937679852715E-007
   25794306.7033976       -303030.303030305       1.017628732124381E-006
   25794306.7033976       -101010.101010101       1.265022369695081E-006
   25794306.7033976        101010.101010101       1.539212372904069E-006
   25794306.7033976        303030.303030303       1.834117697325528E-006
   25794306.7033976        505050.505050505       2.141143120640332E-006
   25794306.7033976        707070.707070706       2.449246111698968E-006
   25794306.7033976        909090.909090908       2.745194795969519E-006
   25794306.7033976        1111111.11111111       3.014044394924025E-006
   25794306.7033976        1313131.31313131       3.239857845036900E-006
   25794306.7033976        1515151.51515151       3.406692123623703E-006
   25794306.7033976        1717171.71717172       3.499860190555493E-006
   25794306.7033976        1919191.91919192       3.507450476638555E-006
   25794306.7033976        2121212.12121212       3.422028912058309E-006
   25794306.7033976        2323232.32323232       3.242351524812756E-006
   25794306.7033976        2525252.52525252       2.974782234919642E-006
   25794306.7033976        2727272.72727273       2.633977628179862E-006
   25794306.7033976        2929292.92929293       2.242349705471729E-006
   25794306.7033976        3131313.13131313       1.827955059878137E-006
   25794306.7033976        3333333.33333333       1.420849385335908E-006
   25794306.7033976        3535353.53535353       1.048522868485719E-006
   25794306.7033976        3737373.73737374       7.315557636765961E-007
   25794306.7033976        3939393.93939394       4.807820511340510E-007
   25794306.7033976        4141414.14141414       2.968297595265643E-007
   25794306.7033976        4343434.34343434       1.720466691945974E-007
   25794306.7033976        4545454.54545454       9.394626850100165E-008
   25794306.7033976        4747474.74747475       4.887849047175307E-008
   25794306.7033976        4949494.94949495       2.481765619259825E-008
   25794306.7033976        5151515.15151515       1.276446998010408E-008
   25794306.7033976        5353535.35353535       6.890388968536883E-009
   25794306.7033976        5555555.55555555       3.915034843422922E-009
   25794306.7033976        5757575.75757576       2.240779080924994E-009
   25794306.7033976        5959595.95959596       1.196442418740119E-009
   25794306.7033976        6161616.16161616       5.288418287214970E-010
   25794306.7033976        6363636.36363636       1.306050104551903E-010
   25794306.7033976        6565656.56565657      -7.114995214862377E-011
   25794306.7033976        6767676.76767677      -1.427669482552119E-010
   25794306.7033976        6969696.96969697      -1.416409319439260E-010
   25794306.7033976        7171717.17171717      -1.099917088180500E-010
   25794306.7033976        7373737.37373737      -7.335277441034352E-011
   25794306.7033976        7575757.57575757      -4.357364234075847E-011
   25794306.7033976        7777777.77777778      -2.365385757022378E-011
   25794306.7033976        7979797.97979798      -1.218935421330345E-011
   25794306.7033976        8181818.18181818      -6.423410206556947E-012
   25794306.7033976        8383838.38383838      -3.846425425963570E-012
   25794306.7033976        8585858.58585858      -2.745353919774921E-012
   25794306.7033976        8787878.78787879      -2.178990754724929E-012
   25794306.7033976        8989898.98989899      -1.741067862513414E-012
   25794306.7033976        9191919.19191919      -1.315920188951579E-012
   25794306.7033976        9393939.39393939      -9.064346023365144E-013
   25794306.7033976        9595959.59595960      -5.411431609803338E-013
   25794306.7033976        9797979.79797980      -2.378922570001368E-013
   25794306.7033976        10000000.0000000       0.000000000000000E+000
   26447301.2957861       -10000000.0000000       0.000000000000000E+000
   26447301.2957861       -9797979.79797980      -3.698955917369984E-014
   26447301.2957861       -9595959.59595960      -8.438261923969170E-014
   26447301.2957861       -9393939.39393939      -1.444659441760163E-013
   26447301.2957861       -9191919.19191919      -2.198350595829248E-013
   26447301.2957861       -8989898.98989899      -3.133814979144780E-013
   26447301.2957861       -8787878.78787879      -4.282653779842535E-013
   26447301.2957861       -8585858.58585859      -5.678693220496012E-013
   26447301.2957861       -8383838.38383838      -7.357233803394486E-013
   26447301.2957861       -8181818.18181818      -9.353805187702547E-013
   26447301.2957861       -7979797.97979798      -1.170211068746906E-012
   26447301.2957861       -7777777.77777778      -1.443081602905710E-012
   26447301.2957861       -7575757.57575758      -1.755907247518535E-012
   26447301.2957861       -7373737.37373737      -2.109143552074092E-012
   26447301.2957861       -7171717.17171717      -2.501443772936398E-012
   26447301.2957861       -6969696.96969697      -2.929962916111233E-012
   26447301.2957861       -6767676.76767677      -3.392106659430061E-012
   26447301.2957861       -6565656.56565657      -3.889777035240071E-012
   26447301.2957861       -6363636.36363636      -4.437104701643941E-012
   26447301.2957861       -6161616.16161616      -5.071893227914792E-012
   26447301.2957861       -5959595.95959596      -5.869087537976396E-012
   26447301.2957861       -5757575.75757576      -6.951213611867755E-012
   26447301.2957861       -5555555.55555556      -8.486122707119161E-012
   26447301.2957861       -5353535.35353535      -1.065769728899468E-011
   26447301.2957861       -5151515.15151515      -1.359301894887209E-011
   26447301.2957861       -4949494.94949495      -1.723379767948923E-011
   26447301.2957861       -4747474.74747475      -2.115482502378824E-011
   26447301.2957861       -4545454.54545455      -2.435951925733762E-011
   26447301.2957861       -4343434.34343434      -2.511653505848597E-011
   26447301.2957861       -4141414.14141414      -2.092235614954697E-011
   26447301.2957861       -3939393.93939394      -8.643935540631846E-012
   26447301.2957861       -3737373.73737374       1.524505775240306E-011
   26447301.2957861       -3535353.53535354       5.473514554768908E-011
   26447301.2957861       -3333333.33333333       1.155875527583475E-010
   26447301.2957861       -3131313.13131313       2.095121703734347E-010
   26447301.2957861       -2929292.92929293       3.635798761893073E-010
   26447301.2957861       -2727272.72727273       6.376638088505692E-010
   26447301.2957861       -2525252.52525253       1.152404341220365E-009
   26447301.2957861       -2323232.32323232       2.128727338457846E-009
   26447301.2957861       -2121212.12121212       3.937085288457027E-009
   26447301.2957861       -1919191.91919192       7.150524265521443E-009
   26447301.2957861       -1717171.71717172       1.259112991824429E-008
   26447301.2957861       -1515151.51515152       2.135555633271801E-008
   26447301.2957861       -1313131.31313131       3.480354682310312E-008
   26447301.2957861       -1111111.11111111       5.449472220010949E-008
   26447301.2957861       -909090.909090910       8.206391610733907E-008
   26447301.2957861       -707070.707070708       1.190336347922772E-007
   26447301.2957861       -505050.505050506       1.665727240007243E-007
   26447301.2957861       -303030.303030305       2.252215114429779E-007
   26447301.2957861       -101010.101010101       2.946139852627942E-007
   26447301.2957861        101010.101010101       3.732356727213928E-007
   26447301.2957861        303030.303030303       4.582609114448293E-007
   26447301.2957861        505050.505050505       5.455145317694848E-007
   26447301.2957861        707070.707070706       6.295998198179111E-007
   26447301.2957861        909090.909090908       7.042255497954877E-007
   26447301.2957861        1111111.11111111       7.627473593526316E-007
   26447301.2957861        1313131.31313131       7.989095650800073E-007
   26447301.2957861        1515151.51515151       8.077302986193508E-007
   26447301.2957861        1717171.71717172       7.864172140847043E-007
   26447301.2957861        1919191.91919192       7.351427391345676E-007
   26447301.2957861        2121212.12121212       6.574677565992675E-007
   26447301.2957861        2323232.32323232       5.602105995516806E-007
   26447301.2957861        2525252.52525252       4.526425068545799E-007
   26447301.2957861        2727272.72727273       3.450582041836071E-007
   26447301.2957861        2929292.92929293       2.469864711192050E-007
   26447301.2957861        3131313.13131313       1.654892267596478E-007
   26447301.2957861        3333333.33333333       1.040472160434568E-007
   26447301.2957861        3535353.53535353       6.238068555307645E-008
   26447301.2957861        3737373.73737374       3.723377564245758E-008
   26447301.2957861        3939393.93939394       2.379638391188606E-008
   26447301.2957861        4141414.14141414       1.722305627947129E-008
   26447301.2957861        4343434.34343434       1.374350032670677E-008
   26447301.2957861        4545454.54545454       1.110970266645794E-008
   26447301.2957861        4747474.74747475       8.437692170597268E-009
   26447301.2957861        4949494.94949495       5.712480268341289E-009
   26447301.2957861        5151515.15151515       3.257811009775001E-009
   26447301.2957861        5353535.35353535       1.367472468314601E-009
   26447301.2957861        5555555.55555555       1.498718238991985E-010
   26447301.2957861        5757575.75757576      -4.661611152016165E-010
   26447301.2957861        5959595.95959596      -6.512587653503360E-010
   26447301.2957861        6161616.16161616      -5.914037548453906E-010
   26447301.2957861        6363636.36363636      -4.345579654317336E-010
   26447301.2957861        6565656.56565657      -2.725985695338460E-010
   26447301.2957861        6767676.76767677      -1.475204619306462E-010
   26447301.2957861        6969696.96969697      -6.793325534340734E-011
   26447301.2957861        7171717.17171717      -2.568255825235719E-011
   26447301.2957861        7373737.37373737      -7.755807061834663E-012
   26447301.2957861        7575757.57575757      -2.693305155248995E-012
   26447301.2957861        7777777.77777778      -2.802480173195084E-012
   26447301.2957861        7979797.97979798      -3.981466034586423E-012
   26447301.2957861        8181818.18181818      -4.620512102884736E-012
   26447301.2957861        8383838.38383838      -4.458831663023927E-012
   26447301.2957861        8585858.58585858      -3.763033221649695E-012
   26447301.2957861        8787878.78787879      -2.874277028152919E-012
   26447301.2957861        8989898.98989899      -2.029945367182485E-012
   26447301.2957861        9191919.19191919      -1.339517810690509E-012
   26447301.2957861        9393939.39393939      -8.218859661893141E-013
   26447301.2957861        9595959.59595960      -4.510186391262981E-013
   26447301.2957861        9797979.79797980      -1.885530114700923E-013
   26447301.2957861        10000000.0000000       0.000000000000000E+000
   27108458.3205795       -10000000.0000000       0.000000000000000E+000
   27108458.3205795       -9797979.79797980      -3.510158054338842E-014
   27108458.3205795       -9595959.59595960      -8.026093382195543E-014
   27108458.3205795       -9393939.39393939      -1.377848167481430E-013
   27108458.3205795       -9191919.19191919      -2.103051910460631E-013
   27108458.3205795       -8989898.98989899      -3.007562830612830E-013
   27108458.3205795       -8787878.78787879      -4.123300913796253E-013
   27108458.3205795       -8585858.58585859      -5.484132952562741E-013
   27108458.3205795       -8383838.38383838      -7.125140981827261E-013
   27108458.3205795       -8181818.18181818      -9.081920610379583E-013
   27108458.3205795       -7979797.97979798      -1.139002129173008E-012
   27108458.3205795       -7777777.77777778      -1.408447839608953E-012
   27108458.3205795       -7575757.57575758      -1.719899355533302E-012
   27108458.3205795       -7373737.37373737      -2.076365608608981E-012
   27108458.3205795       -7171717.17171717      -2.479927592254661E-012
   27108458.3205795       -6969696.96969697      -2.930582082017152E-012
   27108458.3205795       -6767676.76767677      -3.424295056695645E-012
   27108458.3205795       -6565656.56565657      -3.950352017434705E-012
   27108458.3205795       -6363636.36363636      -4.488774091628805E-012
   27108458.3205795       -6161616.16161616      -5.009760958209804E-012
   27108458.3205795       -5959595.95959596      -5.478778851121759E-012
   27108458.3205795       -5757575.75757576      -5.872648712829823E-012
   27108458.3205795       -5555555.55555556      -6.212886522296923E-012
   27108458.3205795       -5353535.35353535      -6.621035475349067E-012
   27108458.3205795       -5151515.15151515      -7.394706012633648E-012
   27108458.3205795       -4949494.94949495      -9.090415858476366E-012
   27108458.3205795       -4747474.74747475      -1.257915964635130E-011
   27108458.3205795       -4545454.54545455      -1.901487130779165E-011
   27108458.3205795       -4343434.34343434      -2.963133291877645E-011
   27108458.3205795       -4141414.14141414      -4.527251911210395E-011
   27108458.3205795       -3939393.93939394      -6.558309525617827E-011
   27108458.3205795       -3737373.73737374      -8.785896744557377E-011
   27108458.3205795       -3535353.53535354      -1.056933786297789E-010
   27108458.3205795       -3333333.33333333      -1.077421142021163E-010
   27108458.3205795       -3131313.13131313      -7.712905504009200E-011
   27108458.3205795       -2929292.92929293       7.858691960629085E-012
   27108458.3205795       -2727272.72727273       1.711801813221326E-010
   27108458.3205795       -2525252.52525253       4.342505979487806E-010
   27108458.3205795       -2323232.32323232       8.092281395339824E-010
   27108458.3205795       -2121212.12121212       1.291415536050972E-009
   27108458.3205795       -1919191.91919192       1.852529228908315E-009
   27108458.3205795       -1717171.71717172       2.436951619572445E-009
   27108458.3205795       -1515151.51515152       2.962821577814095E-009
   27108458.3205795       -1313131.31313131       3.328849464382218E-009
   27108458.3205795       -1111111.11111111       3.426269472888935E-009
   27108458.3205795       -909090.909090910       3.153853538353184E-009
   27108458.3205795       -707070.707070708       2.433031728049089E-009
   27108458.3205795       -505050.505050506       1.220391632312205E-009
   27108458.3205795       -303030.303030305      -4.837403099010491E-010
   27108458.3205795       -101010.101010101      -2.629769399369558E-009
   27108458.3205795        101010.101010101      -5.113581406364853E-009
   27108458.3205795        303030.303030303      -7.768357363169711E-009
   27108458.3205795        505050.505050505      -1.035222423211082E-008
   27108458.3205795        707070.707070706      -1.253504717894534E-008
   27108458.3205795        909090.909090908      -1.389364390798161E-008
   27108458.3205795        1111111.11111111      -1.392966132642769E-008
   27108458.3205795        1313131.31313131      -1.212496926433077E-008
   27108458.3205795        1515151.51515151      -8.042617267502044E-009
   27108458.3205795        1717171.71717172      -1.466032196517283E-009
   27108458.3205795        1919191.91919192       7.452226161546582E-009
   27108458.3205795        2121212.12121212       1.808101038119531E-008
   27108458.3205795        2323232.32323232       2.929761850025867E-008
   27108458.3205795        2525252.52525252       3.961476168462479E-008
   27108458.3205795        2727272.72727273       4.745148709461045E-008
   27108458.3205795        2929292.92929293       5.149564798523058E-008
   27108458.3205795        3131313.13131313       5.105397977777797E-008
   27108458.3205795        3333333.33333333       4.626690087628089E-008
   27108458.3205795        3535353.53535353       3.809749046558529E-008
   27108458.3205795        3737373.73737374       2.808265111830681E-008
   27108458.3205795        3939393.93939394       1.792701898820673E-008
   27108458.3205795        4141414.14141414       9.081699287551226E-009
   27108458.3205795        4343434.34343434       2.448628822604055E-009
   27108458.3205795        4545454.54545454      -1.710671330728773E-009
   27108458.3205795        4747474.74747475      -3.671189192314094E-009
   27108458.3205795        4949494.94949495      -4.023565773045578E-009
   27108458.3205795        5151515.15151515      -3.436495978356424E-009
   27108458.3205795        5353535.35353535      -2.479253227673053E-009
   27108458.3205795        5555555.55555555      -1.535698762942344E-009
   27108458.3205795        5757575.75757576      -7.997752214855398E-010
   27108458.3205795        5959595.95959596      -3.204156407196190E-010
   27108458.3205795        6161616.16161616      -6.191036248148194E-011
   27108458.3205795        6363636.36363636       4.383587002437674E-011
   27108458.3205795        6565656.56565657       6.335263861270961E-011
   27108458.3205795        6767676.76767677       4.589020647476481E-011
   27108458.3205795        6969696.96969697       2.068597132792177E-011
   27108458.3205795        7171717.17171717       9.974862468142450E-013
   27108458.3205795        7373737.37373737      -9.910608329763130E-012
   27108458.3205795        7575757.57575757      -1.356315207868547E-011
   27108458.3205795        7777777.77777778      -1.284498901569633E-011
   27108458.3205795        7979797.97979798      -1.026951953324978E-011
   27108458.3205795        8181818.18181818      -7.427243352357418E-012
   27108458.3205795        8383838.38383838      -5.059390877364112E-012
   27108458.3205795        8585858.58585858      -3.349754082257439E-012
   27108458.3205795        8787878.78787879      -2.209342980273646E-012
   27108458.3205795        8989898.98989899      -1.469123949969716E-012
   27108458.3205795        9191919.19191919      -9.773155029515185E-013
   27108458.3205795        9393939.39393939      -6.302038838662840E-013
   27108458.3205795        9595959.59595960      -3.686486830057578E-013
   27108458.3205795        9797979.79797980      -1.632892099256302E-013
   27108458.3205795        10000000.0000000       0.000000000000000E+000
   27777777.7777778       -10000000.0000000       0.000000000000000E+000
   27777777.7777778       -9797979.79797980      -3.310358982993480E-014
   27777777.7777778       -9595959.59595960      -7.587508642451594E-014
   27777777.7777778       -9393939.39393939      -1.306416125861250E-013
   27777777.7777778       -9191919.19191919      -2.000927481873650E-013
   27777777.7777778       -8989898.98989899      -2.872673305165615E-013
   27777777.7777778       -8787878.78787879      -3.955097166741900E-013
   27777777.7777778       -8585858.58585859      -5.283877021599214E-013
   27777777.7777778       -8383838.38383838      -6.895654724932398E-013
   27777777.7777778       -8181818.18181818      -8.826322038172115E-013
   27777777.7777778       -7979797.97979798      -1.110902559519320E-012
   27777777.7777778       -7777777.77777778      -1.377231231710779E-012
   27777777.7777778       -7575757.57575758      -1.683917212547801E-012
   27777777.7777778       -7373737.37373737      -2.032802568053239E-012
   27777777.7777778       -7171717.17171717      -2.425668349456075E-012
   27777777.7777778       -6969696.96969697      -2.864952907071406E-012
   27777777.7777778       -6767676.76767677      -3.354609528251883E-012
   27777777.7777778       -6565656.56565657      -3.900534085701150E-012
   27777777.7777778       -6363636.36363636      -4.509433318243627E-012
   27777777.7777778       -6161616.16161616      -5.184390881272955E-012
   27777777.7777778       -5959595.95959596      -5.915036758180683E-012
   27777777.7777778       -5757575.75757576      -6.660709198941298E-012
   27777777.7777778       -5555555.55555556      -7.327142286279022E-012
   27777777.7777778       -5353535.35353535      -7.741945703122953E-012
   27777777.7777778       -5151515.15151515      -7.642132401013718E-012
   27777777.7777778       -4949494.94949495      -6.697970951650845E-012
   27777777.7777778       -4747474.74747475      -4.609546114118699E-012
   27777777.7777778       -4545454.54545455      -1.321110744304102E-012
   27777777.7777778       -4343434.34343434       2.603830094000230E-012
   27777777.7777778       -4141414.14141414       5.426493372089564E-012
   27777777.7777778       -3939393.93939394       3.528751987057192E-012
   27777777.7777778       -3737373.73737374      -9.316977329208229E-012
   27777777.7777778       -3535353.53535354      -4.246118826405630E-011
   27777777.7777778       -3333333.33333333      -1.082991931709162E-010
   27777777.7777778       -3131313.13131313      -2.211219738386291E-010
   27777777.7777778       -2929292.92929293      -3.943944354099586E-010
   27777777.7777778       -2727272.72727273      -6.360796235072558E-010
   27777777.7777778       -2525252.52525253      -9.419336358347808E-010
   27777777.7777778       -2323232.32323232      -1.287192104622296E-009
   27777777.7777778       -2121212.12121212      -1.617698823712577E-009
   27777777.7777778       -1919191.91919192      -1.842168122058008E-009
   27777777.7777778       -1717171.71717172      -1.827754447669181E-009
   27777777.7777778       -1515151.51515152      -1.401247647534177E-009
   27777777.7777778       -1313131.31313131      -3.578902513039539E-010
   27777777.7777778       -1111111.11111111       1.521010746169275E-009
   27777777.7777778       -909090.909090910       4.441747661727699E-009
   27777777.7777778       -707070.707070708       8.564701351296702E-009
   27777777.7777778       -505050.505050506       1.396669765386291E-008
   27777777.7777778       -303030.303030305       2.060357540792876E-008
   27777777.7777778       -101010.101010101       2.827829265506299E-008
   27777777.7777778        101010.101010101       3.662049456730068E-008
   27777777.7777778        303030.303030303       4.508361768796644E-008
   27777777.7777778        505050.505050505       5.296516196535251E-008
   27777777.7777778        707070.707070706       5.945442269543213E-008
   27777777.7777778        909090.909090908       6.370931088329798E-008
   27777777.7777778        1111111.11111111       6.495951781184682E-008
   27777777.7777778        1313131.31313131       6.262715905369677E-008
   27777777.7777778        1515151.51515151       5.644882499196751E-008
   27777777.7777778        1717171.71717172       4.657627098366332E-008
   27777777.7777778        1919191.91919192       3.362927801322548E-008
   27777777.7777778        2121212.12121212       1.867631862099582E-008
   27777777.7777778        2323232.32323232       3.128687461262039E-009
   27777777.7777778        2525252.52525252      -1.144821038393584E-008
   27777777.7777778        2727272.72727273      -2.357973188671398E-008
   27777777.7777778        2929292.92929293      -3.213480343403699E-008
   27777777.7777778        3131313.13131313      -3.652670800878912E-008
   27777777.7777778        3333333.33333333      -3.680724608829843E-008
   27777777.7777778        3535353.53535353      -3.362430890419619E-008
   27777777.7777778        3737373.73737374      -2.805117260182014E-008
   27777777.7777778        3939393.93939394      -2.133469005325745E-008
   27777777.7777778        4141414.14141414      -1.463355796900037E-008
   27777777.7777778        4343434.34343434      -8.816619640010890E-009
   27777777.7777778        4545454.54545454      -4.365409356457943E-009
   27777777.7777778        4747474.74747475      -1.386697211816246E-009
   27777777.7777778        4949494.94949495       2.936293679021373E-010
   27777777.7777778        5151515.15151515       1.001627009621315E-009
   27777777.7777778        5353535.35353535       1.095250538772078E-009
   27777777.7777778        5555555.55555555       8.809301459527051E-010
   27777777.7777778        5757575.75757576       5.745001229701225E-010
   27777777.7777778        5959595.95959596       2.988271815118485E-010
   27777777.7777778        6161616.16161616       1.033596301832198E-010
   27777777.7777778        6363636.36363636      -8.920761255389324E-012
   27777777.7777778        6565656.56565657      -5.720617115830247E-011
   27777777.7777778        6767676.76767677      -6.591552645224073E-011
   27777777.7777778        6969696.96969697      -5.558115425175069E-011
   27777777.7777778        7171717.17171717      -3.975611020497629E-011
   27777777.7777778        7373737.37373737      -2.548139724244570E-011
   27777777.7777778        7575757.57575757      -1.521705701605030E-011
   27777777.7777778        7777777.77777778      -8.891464782763471E-012
   27777777.7777778        7979797.97979798      -5.440805611325666E-012
   27777777.7777778        8181818.18181818      -3.707985378206708E-012
   27777777.7777778        8383838.38383838      -2.825373838241791E-012
   27777777.7777778        8585858.58585858      -2.280151276380920E-012
   27777777.7777778        8787878.78787879      -1.835198539406465E-012
   27777777.7777778        8989898.98989899      -1.417340573293006E-012
   27777777.7777778        9191919.19191919      -1.026808854667651E-012
   27777777.7777778        9393939.39393939      -6.824251268711560E-013
   27777777.7777778        9595959.59595960      -3.970666013061539E-013
   27777777.7777778        9797979.79797980      -1.719173452468679E-013
   27777777.7777778        10000000.0000000       0.000000000000000E+000
   28455259.6673809       -10000000.0000000       0.000000000000000E+000
   28455259.6673809       -9797979.79797980      -3.102316160595398E-014
   28455259.6673809       -9595959.59595960      -7.129009041980930E-014
   28455259.6673809       -9393939.39393939      -1.231303423049446E-013
   28455259.6673809       -9191919.19191919      -1.892617416866776E-013
   28455259.6673809       -8989898.98989899      -2.727876929146978E-013
   28455259.6673809       -8787878.78787879      -3.771724859992782E-013
   28455259.6673809       -8585858.58585859      -5.061895690880987E-013
   28455259.6673809       -8383838.38383838      -6.638341774486378E-013
   28455259.6673809       -8181818.18181818      -8.541857825867759E-013
   28455259.6673809       -7979797.97979798      -1.081197555875137E-012
   28455259.6673809       -7777777.77777778      -1.348382886384608E-012
   28455259.6673809       -7575757.57575758      -1.658371560484173E-012
   28455259.6673809       -7373737.37373737      -2.012335720964850E-012
   28455259.6673809       -7171717.17171717      -2.409359004970672E-012
   28455259.6673809       -6969696.96969697      -2.845961530007385E-012
   28455259.6673809       -6767676.76767677      -3.316203878602361E-012
   28455259.6673809       -6565656.56565657      -3.813040973371266E-012
   28455259.6673809       -6363636.36363636      -4.331776837729411E-012
   28455259.6673809       -6161616.16161616      -4.876377769992123E-012
   28455259.6673809       -5959595.95959596      -5.468718228389305E-012
   28455259.6673809       -5757575.75757576      -6.159175437690324E-012
   28455259.6673809       -5555555.55555556      -7.034027443340491E-012
   28455259.6673809       -5353535.35353535      -8.210813210485777E-012
   28455259.6673809       -5151515.15151515      -9.807793392354979E-012
   28455259.6673809       -4949494.94949495      -1.186954887134125E-011
   28455259.6673809       -4747474.74747475      -1.423051844520296E-011
   28455259.6673809       -4545454.54545455      -1.630606634283206E-011
   28455259.6673809       -4343434.34343434      -1.682109199416021E-011
   28455259.6673809       -4141414.14141414      -1.352263286386678E-011
   28455259.6673809       -3939393.93939394      -2.974972344054244E-012
   28455259.6673809       -3737373.73737374       1.940365680790677E-011
   28455259.6673809       -3535353.53535354       5.885059895977956E-011
   28455259.6673809       -3333333.33333333       1.200815277712010E-010
   28455259.6673809       -3131313.13131313       2.052342278223746E-010
   28455259.6673809       -2929292.92929293       3.108688209845509E-010
   28455259.6673809       -2727272.72727273       4.241827460211176E-010
   28455259.6673809       -2525252.52525253       5.188961929035614E-010
   28455259.6673809       -2323232.32323232       5.515784797385414E-010
   28455259.6673809       -2121212.12121212       4.594290839103845E-010
   28455259.6673809       -1919191.91919192       1.605975199564251E-010
   28455259.6673809       -1717171.71717172      -4.420565571963560E-010
   28455259.6673809       -1515151.51515152      -1.453320848292981E-009
   28455259.6673809       -1313131.31313131      -2.974338934234278E-009
   28455259.6673809       -1111111.11111111      -5.088653350752056E-009
   28455259.6673809       -909090.909090910      -7.847203032725428E-009
   28455259.6673809       -707070.707070708      -1.125424528334423E-008
   28455259.6673809       -505050.505050506      -1.525614697709176E-008
   28455259.6673809       -303030.303030305      -1.973462064951918E-008
   28455259.6673809       -101010.101010101      -2.450541321090667E-008
   28455259.6673809        101010.101010101      -2.932288592885761E-008
   28455259.6673809        303030.303030303      -3.389051831422026E-008
   28455259.6673809        505050.505050505      -3.787718160051447E-008
   28455259.6673809        707070.707070706      -4.093897833018709E-008
   28455259.6673809        909090.909090908      -4.274634466340384E-008
   28455259.6673809        1111111.11111111      -4.301574118356053E-008
   28455259.6673809        1313131.31313131      -4.154445316361107E-008
   28455259.6673809        1515151.51515151      -3.824574817778031E-008
   28455259.6673809        1717171.71717172      -3.318003421018777E-008
   28455259.6673809        1919191.91919192      -2.657605579068079E-008
   28455259.6673809        2121212.12121212      -1.883510139778860E-008
   28455259.6673809        2323232.32323232      -1.051141664905821E-008
   28455259.6673809        2525252.52525252      -2.264354737978488E-009
   28455259.6673809        2727272.72727273       5.217167466842173E-009
   28455259.6673809        2929292.92929293       1.130983254611855E-008
   28455259.6673809        3131313.13131313       1.555428410450833E-008
   28455259.6673809        3333333.33333333       1.773421057464502E-008
   28455259.6673809        3535353.53535353       1.791361287526059E-008
   28455259.6673809        3737373.73737374       1.641795910533309E-008
   28455259.6673809        3939393.93939394       1.376031399924023E-008
   28455259.6673809        4141414.14141414       1.053083099780337E-008
   28455259.6673809        4343434.34343434       7.279887040406904E-009
   28455259.6673809        4545454.54545454       4.426065790818707E-009
   28455259.6673809        4747474.74747475       2.209700703414812E-009
   28455259.6673809        4949494.94949495       6.958224321065844E-010
   28455259.6673809        5151515.15151515      -1.852727552793205E-010
   28455259.6673809        5353535.35353535      -5.800386799853185E-010
   28455259.6673809        5555555.55555555      -6.560643670112928E-010
   28455259.6673809        5757575.75757576      -5.618584205032435E-010
   28455259.6673809        5959595.95959596      -4.063379055359555E-010
   28455259.6673809        6161616.16161616      -2.553465615968544E-010
   28455259.6673809        6363636.36363636      -1.390068669625899E-010
   28455259.6673809        6565656.56565657      -6.343575559174768E-011
   28455259.6673809        6767676.76767677      -2.205492343003762E-011
   28455259.6673809        6969696.96969697      -4.012257163377348E-012
   28455259.6673809        7171717.17171717       8.540444117803772E-013
   28455259.6673809        7373737.37373737      -7.750914824815577E-014
   28455259.6673809        7575757.57575757      -2.448395293498743E-012
   28455259.6673809        7777777.77777778      -4.256551714003512E-012
   28455259.6673809        7979797.97979798      -4.966321006946559E-012
   28455259.6673809        8181818.18181818      -4.753946431901481E-012
   28455259.6673809        8383838.38383838      -4.011421313555237E-012
   28455259.6673809        8585858.58585858      -3.091635858577273E-012
   28455259.6673809        8787878.78787879      -2.221501274179414E-012
   28455259.6673809        8989898.98989899      -1.506078987615733E-012
   28455259.6673809        9191919.19191919      -9.668795238453992E-013
   28455259.6673809        9393939.39393939      -5.819834914489871E-013
   28455259.6673809        9595959.59595960      -3.148693811633941E-013
   28455259.6673809        9797979.79797980      -1.302810106559245E-013
   28455259.6673809        10000000.0000000       0.000000000000000E+000
   29140903.9893888       -10000000.0000000       0.000000000000000E+000
   29140903.9893888       -9797979.79797980      -2.883481318540670E-014
   29140903.9893888       -9595959.59595960      -6.646609441186912E-014
   29140903.9893888       -9393939.39393939      -1.152376325515950E-013
   29140903.9893888       -9191919.19191919      -1.779092336236452E-013
   29140903.9893888       -8989898.98989899      -2.576519395768566E-013
   29140903.9893888       -8787878.78787879      -3.580152296341412E-013
   29140903.9893888       -8585858.58585859      -4.828641836089549E-013
   29140903.9893888       -8383838.38383838      -6.362887530983393E-013
   29140903.9893888       -8181818.18181818      -8.224929616672493E-013
   29140903.9893888       -7979797.97979798      -1.045675797206775E-012
   29140903.9893888       -7777777.77777778      -1.309912391988672E-012
   29140903.9893888       -7575757.57575758      -1.619025818744182E-012
   29140903.9893888       -7373737.37373737      -1.976397591532049E-012
   29140903.9893888       -7171717.17171717      -2.384593798165760E-012
   29140903.9893888       -6969696.96969697      -2.844591554549169E-012
   29140903.9893888       -6767676.76767677      -3.354310561958384E-012
   29140903.9893888       -6565656.56565657      -3.906159789406785E-012
   29140903.9893888       -6363636.36363636      -4.483520111686673E-012
   29140903.9893888       -6161616.16161616      -5.056658928803019E-012
   29140903.9893888       -5959595.95959596      -5.579667581492993E-012
   29140903.9893888       -5757575.75757576      -5.991688781224619E-012
   29140903.9893888       -5555555.55555556      -6.227786316946186E-012
   29140903.9893888       -5353535.35353535      -6.246720558665537E-012
   29140903.9893888       -5151515.15151515      -6.083491640297852E-012
   29140903.9893888       -4949494.94949495      -5.932091754325403E-012
   29140903.9893888       -4747474.74747475      -6.256472251050259E-012
   29140903.9893888       -4545454.54545455      -7.913696299940494E-012
   29140903.9893888       -4343434.34343434      -1.225260807474764E-011
   29140903.9893888       -4141414.14141414      -2.112710597588569E-011
   29140903.9893888       -3939393.93939394      -3.674241757710583E-011
   29140903.9893888       -3737373.73737374      -6.124695377177501E-011
   29140903.9893888       -3535353.53535354      -9.600476336496884E-011
   29140903.9893888       -3333333.33333333      -1.405451454984966E-010
   29140903.9893888       -3131313.13131313      -1.912882785384871E-010
   29140903.9893888       -2929292.92929293      -2.402748920656869E-010
   29140903.9893888       -2727272.72727273      -2.742516706756649E-010
   29140903.9893888       -2525252.52525253      -2.745353592974442E-010
   29140903.9893888       -2323232.32323232      -2.180484654394282E-010
   29140903.9893888       -2121212.12121212      -7.975585993352603E-011
   29140903.9893888       -1919191.91919192       1.635613973395050E-010
   29140903.9893888       -1717171.71717172       5.286290972474837E-010
   29140903.9893888       -1515151.51515152       1.020886529904915E-009
   29140903.9893888       -1313131.31313131       1.630583799532754E-009
   29140903.9893888       -1111111.11111111       2.330769370654489E-009
   29140903.9893888       -909090.909090910       3.077895427008214E-009
   29140903.9893888       -707070.707070708       3.815277379457381E-009
   29140903.9893888       -505050.505050506       4.479053194897494E-009
   29140903.9893888       -303030.303030305       5.005753546549084E-009
   29140903.9893888       -101010.101010101       5.340250070293863E-009
   29140903.9893888        101010.101010101       5.442763256466787E-009
   29140903.9893888        303030.303030303       5.293767218164045E-009
   29140903.9893888        505050.505050505       4.895950316548376E-009
   29140903.9893888        707070.707070706       4.272795492362231E-009
   29140903.9893888        909090.909090908       3.463791107753946E-009
   29140903.9893888        1111111.11111111       2.516789108550937E-009
   29140903.9893888        1313131.31313131       1.478633278428987E-009
   29140903.9893888        1515151.51515151       3.858743647995040E-010
   29140903.9893888        1717171.71717172      -7.419790395937840E-010
   29140903.9893888        1919191.91919192      -1.903982303935886E-009
   29140903.9893888        2121212.12121212      -3.111944829557210E-009
   29140903.9893888        2323232.32323232      -4.376949440856205E-009
   29140903.9893888        2525252.52525252      -5.690746651565671E-009
   29140903.9893888        2727272.72727273      -7.007813482704197E-009
   29140903.9893888        2929292.92929293      -8.235985746878965E-009
   29140903.9893888        3131313.13131313      -9.242844105731267E-009
   29140903.9893888        3333333.33333333      -9.880506704384184E-009
   29140903.9893888        3535353.53535353      -1.002405651774465E-008
   29140903.9893888        3737373.73737374      -9.611558551042399E-009
   29140903.9893888        3939393.93939394      -8.670512266886710E-009
   29140903.9893888        4141414.14141414      -7.319229953728263E-009
   29140903.9893888        4343434.34343434      -5.741120147698393E-009
   29140903.9893888        4545454.54545454      -4.140749426707812E-009
   29140903.9893888        4747474.74747475      -2.697366630990379E-009
   29140903.9893888        4949494.94949495      -1.531125173491525E-009
   29140903.9893888        5151515.15151515      -6.904709317156631E-010
   29140903.9893888        5353535.35353535      -1.601491494453660E-010
   29140903.9893888        5555555.55555555       1.175470758320415E-010
   29140903.9893888        5757575.75757576       2.179641912990604E-010
   29140903.9893888        5959595.95959596       2.135344517516912E-010
   29140903.9893888        6161616.16161616       1.613681436459847E-010
   29140903.9893888        6363636.36363636       9.907510858150914E-011
   29140903.9893888        6565656.56565657       4.654116415603863E-011
   29140903.9893888        6767676.76767677       1.069560719630103E-011
   29140903.9893888        6969696.96969697      -9.202449033979293E-012
   29140903.9893888        7171717.17171717      -1.724423573657686E-011
   29140903.9893888        7373737.37373737      -1.805600618612164E-011
   29140903.9893888        7575757.57575757      -1.538431984483512E-011
   29140903.9893888        7777777.77777778      -1.168005126823686E-011
   29140903.9893888        7979797.97979798      -8.238581610617166E-012
   29140903.9893888        8181818.18181818      -5.550516773219941E-012
   29140903.9893888        8383838.38383838      -3.653455824926339E-012
   29140903.9893888        8585858.58585858      -2.392725807782636E-012
   29140903.9893888        8787878.78787879      -1.575744116648463E-012
   29140903.9893888        8989898.98989899      -1.042158377929205E-012
   29140903.9893888        9191919.19191919      -6.818062538377716E-013
   29140903.9893888        9393939.39393939      -4.277814967606133E-013
   29140903.9893888        9595959.59595960      -2.422820362978415E-013
   29140903.9893888        9797979.79797980      -1.040276921866162E-013
   29140903.9893888        10000000.0000000       0.000000000000000E+000
   29834710.7438017       -10000000.0000000       0.000000000000000E+000
   29834710.7438017       -9797979.79797980      -2.651618433024660E-014
   29834710.7438017       -9595959.59595960      -6.133085334514025E-014
   29834710.7438017       -9393939.39393939      -1.067979086016494E-013
   29834710.7438017       -9191919.19191919      -1.657302625533244E-013
   29834710.7438017       -8989898.98989899      -2.414084622355661E-013
   29834710.7438017       -8787878.78787879      -3.375563252720990E-013
   29834710.7438017       -8585858.58585859      -4.582734625203625E-013
   29834710.7438017       -8383838.38383838      -6.079135425853291E-013
   29834710.7438017       -8181818.18181818      -7.909003340128461E-013
   29834710.7438017       -7979797.97979798      -1.011482825084133E-012
   29834710.7438017       -7777777.77777778      -1.273449494799243E-012
   29834710.7438017       -7575757.57575758      -1.579852675314730E-012
   29834710.7438017       -7373737.37373737      -1.932835516905716E-012
   29834710.7438017       -7171717.17171717      -2.333696107990287E-012
   29834710.7438017       -6969696.96969697      -2.783340735106534E-012
   29834710.7438017       -6767676.76767677      -3.283226259448661E-012
   29834710.7438017       -6565656.56565657      -3.836706098708042E-012
   29834710.7438017       -6363636.36363636      -4.450304557545649E-012
   29834710.7438017       -6161616.16161616      -5.133804424596118E-012
   29834710.7438017       -5959595.95959596      -5.897177663113808E-012
   29834710.7438017       -5757575.75757576      -6.741510072100541E-012
   29834710.7438017       -5555555.55555556      -7.640592066167841E-012
   29834710.7438017       -5353535.35353535      -8.510458307235940E-012
   29834710.7438017       -5151515.15151515      -9.166733121612695E-012
   29834710.7438017       -4949494.94949495      -9.274966116495926E-012
   29834710.7438017       -4747474.74747475      -8.307421313002052E-012
   29834710.7438017       -4545454.54545455      -5.529928166298801E-012
   29834710.7438017       -4343434.34343434      -5.139650888995790E-014
   29834710.7438017       -4141414.14141414       9.028677865978604E-012
   29834710.7438017       -3939393.93939394       2.234928042407370E-011
   29834710.7438017       -3737373.73737374       3.989584893649183E-011
   29834710.7438017       -3535353.53535354       6.053574667317640E-011
   29834710.7438017       -3333333.33333333       8.158695344395549E-011
   29834710.7438017       -3131313.13131313       9.857613729181852E-011
   29834710.7438017       -2929292.92929293       1.053613577982492E-010
   29834710.7438017       -2727272.72727273       9.475853022893902E-011
   29834710.7438017       -2525252.52525253       5.970809930978131E-011
   29834710.7438017       -2323232.32323232      -5.138962532375860E-012
   29834710.7438017       -2121212.12121212      -1.017096798393522E-010
   29834710.7438017       -1919191.91919192      -2.270958640257540E-010
   29834710.7438017       -1717171.71717172      -3.728901233775629E-010
   29834710.7438017       -1515151.51515152      -5.256104837633825E-010
   29834710.7438017       -1313131.31313131      -6.683105040653174E-010
   29834710.7438017       -1111111.11111111      -7.831563681530853E-010
   29834710.7438017       -909090.909090910      -8.544587514558204E-010
   29834710.7438017       -707070.707070708      -8.714751091119574E-010
   29834710.7438017       -505050.505050506      -8.303143364076629E-010
   29834710.7438017       -303030.303030305      -7.344859073288514E-010
   29834710.7438017       -101010.101010101      -5.939782500443806E-010
   29834710.7438017        101010.101010101      -4.231202411175900E-010
   29834710.7438017        303030.303030303      -2.377645187706968E-010
   29834710.7438017        505050.505050505      -5.245557567794100E-011
   29834710.7438017        707070.707070706       1.218113364776784E-010
   29834710.7438017        909090.909090908       2.788412300566350E-010
   29834710.7438017        1111111.11111111       4.173950307325985E-010
   29834710.7438017        1313131.31313131       5.404529296825388E-010
   29834710.7438017        1515151.51515151       6.540366656681353E-010
   29834710.7438017        1717171.71717172       7.661494276688336E-010
   29834710.7438017        1919191.91919192       8.862750244864056E-010
   29834710.7438017        2121212.12121212       1.025484418362634E-009
   29834710.7438017        2323232.32323232       1.196585306811993E-009
   29834710.7438017        2525252.52525252       1.413170689064918E-009
   29834710.7438017        2727272.72727273       1.686318648054685E-009
   29834710.7438017        2929292.92929293       2.018509903444560E-009
   29834710.7438017        3131313.13131313       2.396114627501565E-009
   29834710.7438017        3333333.33333333       2.783853239147494E-009
   29834710.7438017        3535353.53535353       3.125562590249211E-009
   29834710.7438017        3737373.73737374       3.354081098212880E-009
   29834710.7438017        3939393.93939394       3.409043323109822E-009
   29834710.7438017        4141414.14141414       3.256686997611596E-009
   29834710.7438017        4343434.34343434       2.903370381140640E-009
   29834710.7438017        4545454.54545454       2.396394700027211E-009
   29834710.7438017        4747474.74747475       1.811283107980573E-009
   29834710.7438017        4949494.94949495       1.230763791146086E-009
   29834710.7438017        5151515.15151515       7.238847543015956E-010
   29834710.7438017        5353535.35353535       3.325187805695489E-010
   29834710.7438017        5555555.55555555       6.828010679854646E-011
   29834710.7438017        5757575.75757576      -8.171249264021346E-011
   29834710.7438017        5959595.95959596      -1.445053293834333E-010
   29834710.7438017        6161616.16161616      -1.508995686128396E-010
   29834710.7438017        6363636.36363636      -1.279171147207078E-010
   29834710.7438017        6565656.56565657      -9.509021795091753E-011
   29834710.7438017        6767676.76767677      -6.399565322499866E-011
   29834710.7438017        6969696.96969697      -3.976146090202494E-011
   29834710.7438017        7171717.17171717      -2.328594794432414E-011
   29834710.7438017        7373737.37373737      -1.329548377777761E-011
   29834710.7438017        7575757.57575757      -7.826394951301042E-012
   29834710.7438017        7777777.77777778      -5.069366864582456E-012
   29834710.7438017        7979797.97979798      -3.708761522426739E-012
   29834710.7438017        8181818.18181818      -2.948342486086130E-012
   29834710.7438017        8383838.38383838      -2.391969866155786E-012
   29834710.7438017        8585858.58585858      -1.892416398238154E-012
   29834710.7438017        8787878.78787879      -1.426223840786006E-012
   29834710.7438017        8989898.98989899      -1.012517582850672E-012
   29834710.7438017        9191919.19191919      -6.714763623267006E-013
   29834710.7438017        9393939.39393939      -4.098548529128509E-013
   29834710.7438017        9595959.59595960      -2.209586007256844E-013
   29834710.7438017        9797979.79797980      -8.999918659548367E-014
   29834710.7438017        10000000.0000000       0.000000000000000E+000
   30536679.9306193       -10000000.0000000       0.000000000000000E+000
   30536679.9306193       -9797979.79797980      -2.408906215614329E-014
   30536679.9306193       -9595959.59595960      -5.593393604218818E-014
   30536679.9306193       -9393939.39393939      -9.788116748572043E-014
   30536679.9306193       -9191919.19191919      -1.527702541437485E-013
   30536679.9306193       -8989898.98989899      -2.239538627588084E-013
   30536679.9306193       -8787878.78787879      -3.152907961577975E-013
   30536679.9306193       -8585858.58585859      -4.311051532905347E-013
   30536679.9306193       -8383838.38383838      -5.761035269764834E-013
   30536679.9306193       -8181818.18181818      -7.552393190995555E-013
   30536679.9306193       -7979797.97979798      -9.735072930253793E-013
   30536679.9306193       -7777777.77777778      -1.235641842237798E-012
   30536679.9306193       -7575757.57575758      -1.545681308136003E-012
   30536679.9306193       -7373737.37373737      -1.906355326729478E-012
   30536679.9306193       -7171717.17171717      -2.318267653003556E-012
   30536679.9306193       -6969696.96969697      -2.778907186311713E-012
   30536679.9306193       -6767676.76767677      -3.281655242090043E-012
   30536679.9306193       -6565656.56565657      -3.815194047143779E-012
   30536679.9306193       -6363636.36363636      -4.364062610963556E-012
   30536679.9306193       -6161616.16161616      -4.911499062728596E-012
   30536679.9306193       -5959595.95959596      -5.446008779971077E-012
   30536679.9306193       -5757575.75757576      -5.973041341736449E-012
   30536679.9306193       -5555555.55555556      -6.532373213860052E-012
   30536679.9306193       -5353535.35353535      -7.219879543700643E-012
   30536679.9306193       -5151515.15151515      -8.209111560734634E-012
   30536679.9306193       -4949494.94949495      -9.763732597750460E-012
   30536679.9306193       -4747474.74747475      -1.222750268212494E-011
   30536679.9306193       -4545454.54545455      -1.597629882487756E-011
   30536679.9306193       -4343434.34343434      -2.131963300367522E-011
   30536679.9306193       -4141414.14141414      -2.835021832539371E-011
   30536679.9306193       -3939393.93939394      -3.676042491186691E-011
   30536679.9306193       -3737373.73737374      -4.567103476748790E-011
   30536679.9306193       -3535353.53535354      -5.354215614966136E-011
   30536679.9306193       -3333333.33333333      -5.824545847364480E-011
   30536679.9306193       -3131313.13131313      -5.735761428060833E-011
   30536679.9306193       -2929292.92929293      -4.868036229739505E-011
   30536679.9306193       -2727272.72727273      -3.091038203758574E-011
   30536679.9306193       -2525252.52525253      -4.296529239623013E-012
   30536679.9306193       -2323232.32323232       2.893127380690016E-011
   30536679.9306193       -2121212.12121212       6.456451953359033E-011
   30536679.9306193       -1919191.91919192       9.696011180809958E-011
   30536679.9306193       -1717171.71717172       1.200799116538568E-010
   30536679.9306193       -1515151.51515152       1.288082132568244E-010
   30536679.9306193       -1313131.31313131       1.202055612156311E-010
   30536679.9306193       -1111111.11111111       9.433495088353763E-011
   30536679.9306193       -909090.909090910       5.439608889432396E-011
   30536679.9306193       -707070.707070708       6.099539860294950E-012
   30536679.9306193       -505050.505050506      -4.355973858608562E-011
   30536679.9306193       -303030.303030305      -8.779116155077390E-011
   30536679.9306193       -101010.101010101      -1.213549484255817E-010
   30536679.9306193        101010.101010101      -1.414285864873253E-010
   30536679.9306193        303030.303030303      -1.478263282403079E-010
   30536679.9306193        505050.505050505      -1.426126286569953E-010
   30536679.9306193        707070.707070706      -1.293208497502017E-010
   30536679.9306193        909090.909090908      -1.120675133759817E-010
   30536679.9306193        1111111.11111111      -9.482437013235525E-011
   30536679.9306193        1313131.31313131      -8.099985795987240E-011
   30536679.9306193        1515151.51515151      -7.334011078006288E-011
   30536679.9306193        1717171.71717172      -7.404812341201219E-011
   30536679.9306193        1919191.91919192      -8.498546230430768E-011
   30536679.9306193        2121212.12121212      -1.078752745679552E-010
   30536679.9306193        2323232.32323232      -1.445234640958223E-010
   30536679.9306193        2525252.52525252      -1.971166862192478E-010
   30536679.9306193        2727272.72727273      -2.685348181908654E-010
   30536679.9306193        2929292.92929293      -3.623246326508233E-010
   30536679.9306193        3131313.13131313      -4.817178417242947E-010
   30536679.9306193        3333333.33333333      -6.272133903960871E-010
   30536679.9306193        3535353.53535353      -7.930564131484665E-010
   30536679.9306193        3737373.73737374      -9.642027405535580E-010
   30536679.9306193        3939393.93939394      -1.116172363053766E-009
   30536679.9306193        4141414.14141414      -1.219538453165195E-009
   30536679.9306193        4343434.34343434      -1.248488182179938E-009
   30536679.9306193        4545454.54545454      -1.190163874454616E-009
   30536679.9306193        4747474.74747475      -1.050322179259994E-009
   30536679.9306193        4949494.94949495      -8.523449066731972E-010
   30536679.9306193        5151515.15151515      -6.299789645337687E-010
   30536679.9306193        5353535.35353535      -4.172074700021420E-010
   30536679.9306193        5555555.55555555      -2.395581534801656E-010
   30536679.9306193        5757575.75757576      -1.097560172208704E-010
   30536679.9306193        5959595.95959596      -2.817651894489965E-011
   30536679.9306193        6161616.16161616       1.342258256550064E-011
   30536679.9306193        6363636.36363636       2.712315807474148E-011
   30536679.9306193        6565656.56565657       2.482710131640144E-011
   30536679.9306193        6767676.76767677       1.585716784177846E-011
   30536679.9306193        6969696.96969697       6.176561847411113E-012
   30536679.9306193        7171717.17171717      -1.263466811135950E-012
   30536679.9306193        7373737.37373737      -5.646904277327807E-012
   30536679.9306193        7575757.57575757      -7.356304003501166E-012
   30536679.9306193        7777777.77777778      -7.236681668953484E-012
   30536679.9306193        7979797.97979798      -6.138738354415412E-012
   30536679.9306193        8181818.18181818      -4.707589448258084E-012
   30536679.9306193        8383838.38383838      -3.337674819864611E-012
   30536679.9306193        8585858.58585858      -2.214268342482590E-012
   30536679.9306193        8787878.78787879      -1.383125816448673E-012
   30536679.9306193        8989898.98989899      -8.149661683370184E-013
   30536679.9306193        9191919.19191919      -4.515579231906821E-013
   30536679.9306193        9393939.39393939      -2.324958900622218E-013
   30536679.9306193        9595959.59595960      -1.072895291994986E-013
   30536679.9306193        9797979.79797980      -3.846842087589593E-014
   30536679.9306193        10000000.0000000       0.000000000000000E+000
   31246811.5498419       -10000000.0000000       0.000000000000000E+000
   31246811.5498419       -9797979.79797980      -2.153702711142500E-014
   31246811.5498419       -9595959.59595960      -5.024643743838266E-014
   31246811.5498419       -9393939.39393939      -8.847085769522403E-014
   31246811.5498419       -9191919.19191919      -1.390860311715228E-013
   31246811.5498419       -8989898.98989899      -2.055279868674044E-013
   31246811.5498419       -8787878.78787879      -2.917854448316454E-013
   31246811.5498419       -8585858.58585859      -4.023487268551232E-013
   31246811.5498419       -8383838.38383838      -5.421088785880973E-013
   31246811.5498419       -8181818.18181818      -7.162076012957173E-013
   31246811.5498419       -7979797.97979798      -9.298487146841215E-013
   31246811.5498419       -7777777.77777778      -1.188093086244147E-012
   31246811.5498419       -7575757.57575758      -1.495666004072590E-012
   31246811.5498419       -7373737.37373737      -1.856799394050844E-012
   31246811.5498419       -7171717.17171717      -2.275097614215170E-012
   31246811.5498419       -6969696.96969697      -2.753339982924898E-012
   31246811.5498419       -6767676.76767677      -3.293006372023246E-012
   31246811.5498419       -6565656.56565657      -3.893142295675045E-012
   31246811.5498419       -6363636.36363636      -4.548009194901807E-012
   31246811.5498419       -6161616.16161616      -5.242887107667701E-012
   31246811.5498419       -5959595.95959596      -5.947561557008712E-012
   31246811.5498419       -5757575.75757576      -6.607624491451458E-012
   31246811.5498419       -5555555.55555556      -7.134916137070444E-012
   31246811.5498419       -5353535.35353535      -7.400248703008364E-012
   31246811.5498419       -5151515.15151515      -7.233680878805189E-012
   31246811.5498419       -4949494.94949495      -6.439261199936288E-012
   31246811.5498419       -4747474.74747475      -4.831003911581697E-012
   31246811.5498419       -4545454.54545455      -2.293304832228021E-012
   31246811.5498419       -4343434.34343434       1.139112686211389E-012
   31246811.5498419       -4141414.14141414       5.198893697460030E-012
   31246811.5498419       -3939393.93939394       9.331810286086764E-012
   31246811.5498419       -3737373.73737374       1.270898675299327E-011
   31246811.5498419       -3535353.53535354       1.433883402877331E-011
   31246811.5498419       -3333333.33333333       1.328786868012602E-011
   31246811.5498419       -3131313.13131313       8.977987914476749E-012
   31246811.5498419       -2929292.92929293       1.480639017629860E-012
   31246811.5498419       -2727272.72727273      -8.303167282225329E-012
   31246811.5498419       -2525252.52525253      -1.868171384999833E-011
   31246811.5498419       -2323232.32323232      -2.748008903181179E-011
   31246811.5498419       -2121212.12121212      -3.257339249056511E-011
   31246811.5498419       -1919191.91919192      -3.250500914238876E-011
   31246811.5498419       -1717171.71717172      -2.698982227182205E-011
   31246811.5498419       -1515151.51515152      -1.711413733505080E-011
   31246811.5498419       -1313131.31313131      -5.132719119672963E-012
   31246811.5498419       -1111111.11111111       6.099950280650567E-012
   31246811.5498419       -909090.909090910       1.389478385972087E-011
   31246811.5498419       -707070.707070708       1.644622346896241E-011
   31246811.5498419       -505050.505050506       1.327573728873011E-011
   31246811.5498419       -303030.303030305       5.272481418604783E-012
   31246811.5498419       -101010.101010101      -5.654468809849993E-012
   31246811.5498419        101010.101010101      -1.716929683618719E-011
   31246811.5498419        303030.303030303      -2.713872264771446E-011
   31246811.5498419        505050.505050505      -3.410344554387407E-011
   31246811.5498419        707070.707070706      -3.747935995266342E-011
   31246811.5498419        909090.909090908      -3.748369343890342E-011
   31246811.5498419        1111111.11111111      -3.486979046486778E-011
   31246811.5498419        1313131.31313131      -3.059360787327975E-011
   31246811.5498419        1515151.51515151      -2.552015674989111E-011
   31246811.5498419        1717171.71717172      -2.022790317301882E-011
   31246811.5498419        1919191.91919192      -1.491417230826021E-011
   31246811.5498419        2121212.12121212      -9.370751437123943E-012
   31246811.5498419        2323232.32323232      -2.993438199854171E-012
   31246811.5498419        2525252.52525252       5.201108872913725E-012
   31246811.5498419        2727272.72727273       1.657105008453359E-011
   31246811.5498419        2929292.92929293       3.286809723376862E-011
   31246811.5498419        3131313.13131313       5.623921889361104E-011
   31246811.5498419        3333333.33333333       8.905078402729079E-011
   31246811.5498419        3535353.53535353       1.332545429919245E-010
   31246811.5498419        3737373.73737374       1.890947456637909E-010
   31246811.5498419        3939393.93939394       2.534071234338727E-010
   31246811.5498419        4141414.14141414       3.184308928414131E-010
   31246811.5498419        4343434.34343434       3.723703983112474E-010
   31246811.5498419        4545454.54545454       4.023268454241773E-010
   31246811.5498419        4747474.74747475       3.987849155170682E-010
   31246811.5498419        4949494.94949495       3.595642046400721E-010
   31246811.5498419        5151515.15151515       2.911207209075145E-010
   31246811.5498419        5353535.35353535       2.064689693816231E-010
   31246811.5498419        5555555.55555555       1.208177930347038E-010
   31246811.5498419        5757575.75757576       4.703017233740949E-011
   31246811.5498419        5959595.95959596      -7.273609771983626E-012
   31246811.5498419        6161616.16161616      -4.029025817587688E-011
   31246811.5498419        6363636.36363636      -5.474549521083394E-011
   31246811.5498419        6565656.56565657      -5.576961708958756E-011
   31246811.5498419        6767676.76767677      -4.889733020522757E-011
   31246811.5498419        6969696.96969697      -3.873752922294460E-011
   31246811.5498419        7171717.17171717      -2.841578814867702E-011
   31246811.5498419        7373737.37373737      -1.960827222430557E-011
   31246811.5498419        7575757.57575757      -1.289209377490909E-011
   31246811.5498419        7777777.77777778      -8.175239057679667E-012
   31246811.5498419        7979797.97979798      -5.061186700106739E-012
   31246811.5498419        8181818.18181818      -3.092398174975038E-012
   31246811.5498419        8383838.38383838      -1.876823543173495E-012
   31246811.5498419        8585858.58585858      -1.129505819612499E-012
   31246811.5498419        8787878.78787879      -6.659331263904858E-013
   31246811.5498419        8989898.98989899      -3.760866664553804E-013
   31246811.5498419        9191919.19191919      -1.969110774210873E-013
   31246811.5498419        9393939.39393939      -9.120986257011606E-014
   31246811.5498419        9595959.59595960      -3.458584691767746E-014
   31246811.5498419        9797979.79797980      -8.894109018519727E-015
   31246811.5498419        10000000.0000000       0.000000000000000E+000
   31965105.6014692       -10000000.0000000       0.000000000000000E+000
   31965105.6014692       -9797979.79797980      -1.886483536348821E-014
   31965105.6014692       -9595959.59595960      -4.425594576847231E-014
   31965105.6014692       -9393939.39393939      -7.849107299447077E-014
   31965105.6014692       -9191919.19191919      -1.244695217121427E-013
   31965105.6014692       -8989898.98989899      -1.857221951466879E-013
   31965105.6014692       -8787878.78787879      -2.664281212900560E-013
   31965105.6014692       -8585858.58585859      -3.713830064956192E-013
   31965105.6014692       -8383838.38383838      -5.059014722890696E-013
   31965105.6014692       -8181818.18181818      -6.756332418122742E-013
   31965105.6014692       -7979797.97979798      -8.862750932033546E-013
   31965105.6014692       -7777777.77777778      -1.143168010556717E-012
   31965105.6014692       -7575757.57575758      -1.450787491517064E-012
   31965105.6014692       -7373737.37373737      -1.812170455342491E-012
   31965105.6014692       -7171717.17171717      -2.228379962483536E-012
   31965105.6014692       -6969696.96969697      -2.698189554544647E-012
   31965105.6014692       -6767676.76767677      -3.218261701083560E-012
   31965105.6014692       -6565656.56565657      -3.784169401491820E-012
   31965105.6014692       -6363636.36363636      -4.392609919228308E-012
   31965105.6014692       -6161616.16161616      -5.045002238014322E-012
   31965105.6014692       -5959595.95959596      -5.752252073009491E-012
   31965105.6014692       -5757575.75757576      -6.539747619177941E-012
   31965105.6014692       -5555555.55555556      -7.450654499671062E-012
   31965105.6014692       -5353535.35353535      -8.544540908075197E-012
   31965105.6014692       -5151515.15151515      -9.887782284862763E-012
   31965105.6014692       -4949494.94949495      -1.153282089052366E-011
   31965105.6014692       -4747474.74747475      -1.348599442091960E-011
   31965105.6014692       -4545454.54545455      -1.566869838048695E-011
   31965105.6014692       -4343434.34343434      -1.788343291826898E-011
   31965105.6014692       -4141414.14141414      -1.980246156702265E-011
   31965105.6014692       -3939393.93939394      -2.099840124069753E-011
   31965105.6014692       -3737373.73737374      -2.102874462792876E-011
   31965105.6014692       -3535353.53535354      -1.956808659299134E-011
   31965105.6014692       -3333333.33333333      -1.655612985370914E-011
   31965105.6014692       -3131313.13131313      -1.230666535969436E-011
   31965105.6014692       -2929292.92929293      -7.517054821026089E-012
   31965105.6014692       -2727272.72727273      -3.140430452801546E-012
   31965105.6014692       -2525252.52525253      -1.328648801068096E-013
   31965105.6014692       -2323232.32323232       8.524019352298894E-013
   31965105.6014692       -2121212.12121212      -2.891515850641654E-013
   31965105.6014692       -1919191.91919192      -3.035953281392424E-012
   31965105.6014692       -1717171.71717172      -6.384148999215797E-012
   31965105.6014692       -1515151.51515152      -9.177284520407246E-012
   31965105.6014692       -1313131.31313131      -1.050538482325796E-011
   31965105.6014692       -1111111.11111111      -1.002165915012387E-011
   31965105.6014692       -909090.909090910      -8.054380491013120E-012
   31965105.6014692       -707070.707070708      -5.473672450145162E-012
   31965105.6014692       -505050.505050506      -3.371232517416629E-012
   31965105.6014692       -303030.303030305      -2.681833103134433E-012
   31965105.6014692       -101010.101010101      -3.889378742649722E-012
   31965105.6014692        101010.101010101      -6.915299742882429E-012
   31965105.6014692        303030.303030303      -1.120746016093931E-011
   31965105.6014692        505050.505050505      -1.597071878505523E-011
   31965105.6014692        707070.707070706      -2.043743623985866E-011
   31965105.6014692        909090.909090908      -2.408000354070175E-011
   31965105.6014692        1111111.11111111      -2.670827020086572E-011
   31965105.6014692        1313131.31313131      -2.844879305803033E-011
   31965105.6014692        1515151.51515151      -2.964534322533464E-011
   31965105.6014692        1717171.71717172      -3.073669137625731E-011
   31965105.6014692        1919191.91919192      -3.215866726052519E-011
   31965105.6014692        2121212.12121212      -3.429431443333974E-011
   31965105.6014692        2323232.32323232      -3.747274349456650E-011
   31965105.6014692        2525252.52525252      -4.200291795927025E-011
   31965105.6014692        2727272.72727273      -4.822431798928132E-011
   31965105.6014692        2929292.92929293      -5.655899206726979E-011
   31965105.6014692        3131313.13131313      -6.755405119114701E-011
   31965105.6014692        3333333.33333333      -8.190032221103544E-011
   31965105.6014692        3535353.53535353      -1.003855025624878E-010
   31965105.6014692        3737373.73737374      -1.236886218375105E-010
   31965105.6014692        3939393.93939394      -1.519049428479157E-010
   31965105.6014692        4141414.14141414      -1.838152982162421E-010
   31965105.6014692        4343434.34343434      -2.162125035680255E-010
   31965105.6014692        4545454.54545454      -2.438685706234613E-010
   31965105.6014692        4747474.74747475      -2.606134081811958E-010
   31965105.6014692        4949494.94949495      -2.613691942198050E-010
   31965105.6014692        5151515.15151515      -2.442336501534460E-010
   31965105.6014692        5353535.35353535      -2.114759914902054E-010
   31965105.6014692        5555555.55555555      -1.688687106830801E-010
   31965105.6014692        5757575.75757576      -1.237215004782439E-010
   31965105.6014692        5959595.95959596      -8.262037828546280E-011
   31965105.6014692        6161616.16161616      -4.984144858216349E-011
   31965105.6014692        6363636.36363636      -2.687795685455000E-011
   31965105.6014692        6565656.56565657      -1.292860199569032E-011
   31965105.6014692        6767676.76767677      -5.869169999443852E-012
   31965105.6014692        6969696.96969697      -3.225606709744372E-012
   31965105.6014692        7171717.17171717      -2.855114553337073E-012
   31965105.6014692        7373737.37373737      -3.259898214792643E-012
   31965105.6014692        7575757.57575757      -3.606036969462325E-012
   31965105.6014692        7777777.77777778      -3.575499174697299E-012
   31965105.6014692        7979797.97979798      -3.167640617859584E-012
   31965105.6014692        8181818.18181818      -2.524868798911573E-012
   31965105.6014692        8383838.38383838      -1.814033839360580E-012
   31965105.6014692        8585858.58585858      -1.164620407991303E-012
   31965105.6014692        8787878.78787879      -6.495597982855650E-013
   31965105.6014692        8989898.98989899      -2.909483300253936E-013
   31965105.6014692        9191919.19191919      -7.598431780001615E-014
   31965105.6014692        9393939.39393939       2.629608647920444E-014
   31965105.6014692        9595959.59595960       5.202629482080636E-014
   31965105.6014692        9797979.79797980       3.441374150448276E-014
   31965105.6014692        10000000.0000000       0.000000000000000E+000
   32691562.0855015       -10000000.0000000       0.000000000000000E+000
   32691562.0855015       -9797979.79797980      -1.611884659376011E-014
   32691562.0855015       -9595959.59595960      -3.807034824446662E-014
   32691562.0855015       -9393939.39393939      -6.812184166765681E-014
   32691562.0855015       -9191919.19191919      -1.091592528344229E-013
   32691562.0855015       -8989898.98989899      -1.647539081296291E-013
   32691562.0855015       -8787878.78787879      -2.391990788483636E-013
   32691562.0855015       -8585858.58585859      -3.375046087870548E-013
   32691562.0855015       -8383838.38383838      -4.653374028022770E-013
   32691562.0855015       -8181818.18181818      -6.288971996341787E-013
   32691562.0855015       -7979797.97979798      -8.347183398337444E-013
   32691562.0855015       -7777777.77777778      -1.089386616089260E-012
   32691562.0855015       -7575757.57575758      -1.399152407985946E-012
   32691562.0855015       -7373737.37373737      -1.769404110444591E-012
   32691562.0855015       -7171717.17171717      -2.203939007824190E-012
   32691562.0855015       -6969696.96969697      -2.703938199449108E-012
   32691562.0855015       -6767676.76767677      -3.266534519017184E-012
   32691562.0855015       -6565656.56565657      -3.882887872407316E-012
   32691562.0855015       -6363636.36363636      -4.535793651928166E-012
   32691562.0855015       -6161616.16161616      -5.197091461603646E-012
   32691562.0855015       -5959595.95959596      -5.825535934842504E-012
   32691562.0855015       -5757575.75757576      -6.366300561326255E-012
   32691562.0855015       -5555555.55555556      -6.753762468373042E-012
   32691562.0855015       -5353535.35353535      -6.919372124242782E-012
   32691562.0855015       -5151515.15151515      -6.805835895306047E-012
   32691562.0855015       -4949494.94949495      -6.387124921977318E-012
   32691562.0855015       -4747474.74747475      -5.690839748711322E-012
   32691562.0855015       -4545454.54545455      -4.815729801775017E-012
   32691562.0855015       -4343434.34343434      -3.934180075748761E-012
   32691562.0855015       -4141414.14141414      -3.269599780866823E-012
   32691562.0855015       -3939393.93939394      -3.044253117440673E-012
   32691562.0855015       -3737373.73737374      -3.404826649931351E-012
   32691562.0855015       -3535353.53535354      -4.347980844274145E-012
   32691562.0855015       -3333333.33333333      -5.679125809406012E-012
   32691562.0855015       -3131313.13131313      -7.035681922419079E-012
   32691562.0855015       -2929292.92929293      -7.985759780281665E-012
   32691562.0855015       -2727272.72727273      -8.178746413404917E-012
   32691562.0855015       -2525252.52525253      -7.491149228225148E-012
   32691562.0855015       -2323232.32323232      -6.099544362337074E-012
   32691562.0855015       -2121212.12121212      -4.435345652207277E-012
   32691562.0855015       -1919191.91919192      -3.027703389292665E-012
   32691562.0855015       -1717171.71717172      -2.296732774850532E-012
   32691562.0855015       -1515151.51515152      -2.388789335149246E-012
   32691562.0855015       -1313131.31313131      -3.130120118716055E-012
   32691562.0855015       -1111111.11111111      -4.120674243432710E-012
   32691562.0855015       -909090.909090910      -4.923769239176967E-012
   32691562.0855015       -707070.707070708      -5.263604825540976E-012
   32691562.0855015       -505050.505050506      -5.142638710167455E-012
   32691562.0855015       -303030.303030305      -4.832412329410172E-012
   32691562.0855015       -101010.101010101      -4.751504133533784E-012
   32691562.0855015        101010.101010101      -5.292615088414972E-012
   32691562.0855015        303030.303030303      -6.675911329214295E-012
   32691562.0855015        505050.505050505      -8.884757067500814E-012
   32691562.0855015        707070.707070706      -1.169751835958532E-011
   32691562.0855015        909090.909090908      -1.478770573298180E-011
   32691562.0855015        1111111.11111111      -1.784256061216295E-011
   32691562.0855015        1313131.31313131      -2.065321980714731E-011
   32691562.0855015        1515151.51515151      -2.315100977873985E-011
   32691562.0855015        1717171.71717172      -2.539055645316546E-011
   32691562.0855015        1919191.91919192      -2.749874689387974E-011
   32691562.0855015        2121212.12121212      -2.961350547201332E-011
   32691562.0855015        2323232.32323232      -3.182999864043037E-011
   32691562.0855015        2525252.52525252      -3.416097888468411E-011
   32691562.0855015        2727272.72727273      -3.650921730137544E-011
   32691562.0855015        2929292.92929293      -3.864695248871568E-011
   32691562.0855015        3131313.13131313      -4.020003637351759E-011
   32691562.0855015        3333333.33333333      -4.064093533000511E-011
   32691562.0855015        3535353.53535353      -3.930343818472520E-011
   32691562.0855015        3737373.73737374      -3.544406258018237E-011
   32691562.0855015        3939393.93939394      -2.839024896280915E-011
   32691562.0855015        4141414.14141414      -1.781543094426516E-011
   32691562.0855015        4343434.34343434      -4.123803394742081E-012
   32691562.0855015        4545454.54545454       1.120756656379219E-011
   32691562.0855015        4747474.74747475       2.561225130609634E-011
   32691562.0855015        4949494.94949495       3.597832757620758E-011
   32691562.0855015        5151515.15151515       3.967885279809854E-011
   32691562.0855015        5353535.35353535       3.563197280392424E-011
   32691562.0855015        5555555.55555555       2.481201420286134E-011
   32691562.0855015        5757575.75757576       9.918746011852771E-012
   32691562.0855015        5959595.95959596      -5.605340808451135E-012
   32691562.0855015        6161616.16161616      -1.869948726834321E-011
   32691562.0855015        6363636.36363636      -2.746467532236032E-011
   32691562.0855015        6565656.56565657      -3.138489777576059E-011
   32691562.0855015        6767676.76767677      -3.107069515289366E-011
   32691562.0855015        6969696.96969697      -2.776507628043912E-011
   32691562.0855015        7171717.17171717      -2.285123624449138E-011
   32691562.0855015        7373737.37373737      -1.750742547329458E-011
   32691562.0855015        7575757.57575757      -1.254684565385569E-011
   32691562.0855015        7777777.77777778      -8.407516026840116E-012
   32691562.0855015        7979797.97979798      -5.229060202366418E-012
   32691562.0855015        8181818.18181818      -2.958223146486468E-012
   32691562.0855015        8383838.38383838      -1.444793227827038E-012
   32691562.0855015        8585858.58585858      -5.106810987385235E-013
   32691562.0855015        8787878.78787879       9.798558466482135E-015
   32691562.0855015        8989898.98989899       2.523765600763102E-013
   32691562.0855015        9191919.19191919       3.196841989554002E-013
   32691562.0855015        9393939.39393939       2.852744485456455E-013
   32691562.0855015        9595959.59595960       1.999157787819276E-013
   32691562.0855015        9797979.79797980       9.755386047741622E-014
   32691562.0855015        10000000.0000000       0.000000000000000E+000
   33426181.0019386       -10000000.0000000       0.000000000000000E+000
   33426181.0019386       -9797979.79797980      -1.331013083638721E-014
   33426181.0019386       -9595959.59595960      -3.171018262321829E-014
   33426181.0019386       -9393939.39393939      -5.739908137630779E-014
   33426181.0019386       -9191919.19191919      -9.323972408890943E-014
   33426181.0019386       -8989898.98989899      -1.428507958262827E-013
   33426181.0019386       -8787878.78787879      -2.106646575416426E-013
   33426181.0019386       -8585858.58585859      -3.019316747290396E-013
   33426181.0019386       -8383838.38383838      -4.226478182479478E-013
   33426181.0019386       -8181818.18181818      -5.793846841108245E-013
   33426181.0019386       -7979797.97979798      -7.790096922210274E-013
   33426181.0019386       -7777777.77777778      -1.028301172274662E-012
   33426181.0019386       -7575757.57575758      -1.333489419257896E-012
   33426181.0019386       -7373737.37373737      -1.699789168115788E-012
   33426181.0019386       -7171717.17171717      -2.131025372171502E-012
   33426181.0019386       -6969696.96969697      -2.629480252663160E-012
   33426181.0019386       -6767676.76767677      -3.196085416190945E-012
   33426181.0019386       -6565656.56565657      -3.831022817762714E-012
   33426181.0019386       -6363636.36363636      -4.534658039923035E-012
   33426181.0019386       -6161616.16161616      -5.308499467520090E-012
   33426181.0019386       -5959595.95959596      -6.155584663707370E-012
   33426181.0019386       -5757575.75757576      -7.079428716213653E-012
   33426181.0019386       -5555555.55555556      -8.080593034736330E-012
   33426181.0019386       -5353535.35353535      -9.150272810653385E-012
   33426181.0019386       -5151515.15151515      -1.026127055353175E-011
   33426181.0019386       -4949494.94949495      -1.135837154077770E-011
   33426181.0019386       -4747474.74747475      -1.235214069397697E-011
   33426181.0019386       -4545454.54545455      -1.312164987675041E-011
   33426181.0019386       -4343434.34343434      -1.353126339012663E-011
   33426181.0019386       -4141414.14141414      -1.346302777663613E-011
   33426181.0019386       -3939393.93939394      -1.285916016843570E-011
   33426181.0019386       -3737373.73737374      -1.176056959815522E-011
   33426181.0019386       -3535353.53535354      -1.032182642776805E-011
   33426181.0019386       -3333333.33333333      -8.786063127687806E-012
   33426181.0019386       -3131313.13131313      -7.417765072844783E-012
   33426181.0019386       -2929292.92929293      -6.413382389851248E-012
   33426181.0019386       -2727272.72727273      -5.827842242978476E-012
   33426181.0019386       -2525252.52525253      -5.555956581093611E-012
   33426181.0019386       -2323232.32323232      -5.385481580062476E-012
   33426181.0019386       -2121212.12121212      -5.101831701647257E-012
   33426181.0019386       -1919191.91919192      -4.593886842551883E-012
   33426181.0019386       -1717171.71717172      -3.906131824456999E-012
   33426181.0019386       -1515151.51515152      -3.209760300174602E-012
   33426181.0019386       -1313131.31313131      -2.709528727139493E-012
   33426181.0019386       -1111111.11111111      -2.538029925360711E-012
   33426181.0019386       -909090.909090910      -2.694228466675863E-012
   33426181.0019386       -707070.707070708      -3.056526248393305E-012
   33426181.0019386       -505050.505050506      -3.459042871122953E-012
   33426181.0019386       -303030.303030305      -3.787357814569162E-012
   33426181.0019386       -101010.101010101      -4.043499787680796E-012
   33426181.0019386        101010.101010101      -4.350224595714744E-012
   33426181.0019386        303030.303030303      -4.897834519204110E-012
   33426181.0019386        505050.505050505      -5.864189388840418E-012
   33426181.0019386        707070.707070706      -7.347168812607242E-012
   33426181.0019386        909090.909090908      -9.337392227063240E-012
   33426181.0019386        1111111.11111111      -1.173653970745646E-011
   33426181.0019386        1313131.31313131      -1.440594481376690E-011
   33426181.0019386        1515151.51515151      -1.722055917331224E-011
   33426181.0019386        1717171.71717172      -2.010680608388618E-011
   33426181.0019386        1919191.91919192      -2.305449613600960E-011
   33426181.0019386        2121212.12121212      -2.610550675014650E-011
   33426181.0019386        2323232.32323232      -2.932972077614970E-011
   33426181.0019386        2525252.52525252      -3.280018993524742E-011
   33426181.0019386        2727272.72727273      -3.657651562002643E-011
   33426181.0019386        2929292.92929293      -4.070104569187625E-011
   33426181.0019386        3131313.13131313      -4.520857433357468E-011
   33426181.0019386        3333333.33333333      -5.014671155317962E-011
   33426181.0019386        3535353.53535353      -5.559959234296052E-011
   33426181.0019386        3737373.73737374      -6.170101462103642E-011
   33426181.0019386        3939393.93939394      -6.861510979343926E-011
   33426181.0019386        4141414.14141414      -7.645790708166829E-011
   33426181.0019386        4343434.34343434      -8.514382637600984E-011
   33426181.0019386        4545454.54545454      -9.418432392012794E-011
   33426181.0019386        4747474.74747475      -1.025398110404741E-010
   33426181.0019386        4949494.94949495      -1.086771853731696E-010
   33426181.0019386        5151515.15151515      -1.109291193142512E-010
   33426181.0019386        5353535.35353535      -1.080707796946789E-010
   33426181.0019386        5555555.55555555      -9.984517541892975E-011
   33426181.0019386        5757575.75757576      -8.714772906973572E-011
   33426181.0019386        5959595.95959596      -7.176365805733428E-011
   33426181.0019386        6161616.16161616      -5.580068205617355E-011
   33426181.0019386        6363636.36363636      -4.109524752755546E-011
   33426181.0019386        6565656.56565657      -2.882783335934011E-011
   33426181.0019386        6767676.76767677      -1.943246097100844E-011
   33426181.0019386        6969696.96969697      -1.274175631329542E-011
   33426181.0019386        7171717.17171717      -8.240858207278659E-012
   33426181.0019386        7373737.37373737      -5.312760609643532E-012
   33426181.0019386        7575757.57575757      -3.407715177268709E-012
   33426181.0019386        7777777.77777778      -2.121879507937966E-012
   33426181.0019386        7979797.97979798      -1.204416354327527E-012
   33426181.0019386        8181818.18181818      -5.243507707994635E-013
   33426181.0019386        8383838.38383838      -2.517671920498568E-014
   33426181.0019386        8585858.58585858       3.148700775506848E-013
   33426181.0019386        8787878.78787879       5.092884943203604E-013
   33426181.0019386        8989898.98989899       5.763061999369717E-013
   33426181.0019386        9191919.19191919       5.418949277685274E-013
   33426181.0019386        9393939.39393939       4.372041944769492E-013
   33426181.0019386        9595959.59595960       2.940677484732724E-013
   33426181.0019386        9797979.79797980       1.408989664786176E-013
   33426181.0019386        10000000.0000000       0.000000000000000E+000
   34168962.3507805       -10000000.0000000       0.000000000000000E+000
   34168962.3507805       -9797979.79797980      -1.050762348918710E-014
   34168962.3507805       -9595959.59595960      -2.530658282653886E-014
   34168962.3507805       -9393939.39393939      -4.647325203712854E-014
   34168962.3507805       -9191919.19191919      -7.678282046775510E-014
   34168962.3507805       -8989898.98989899      -1.198372085886108E-013
   34168962.3507805       -8787878.78787879      -1.801707278561969E-013
   34168962.3507805       -8585858.58585859      -2.633130123623907E-013
   34168962.3507805       -8383838.38383838      -3.757817829768031E-013
   34168962.3507805       -8181818.18181818      -5.249735076987929E-013
   34168962.3507805       -7979797.97979798      -7.189166706015371E-013
   34168962.3507805       -7777777.77777778      -9.658506173523000E-013
   34168962.3507805       -7575757.57575758      -1.273593975495474E-012
   34168962.3507805       -7373737.37373737      -1.648673014789714E-012
   34168962.3507805       -7171717.17171717      -2.095196871803481E-012
   34168962.3507805       -6969696.96969697      -2.613500956540916E-012
   34168962.3507805       -6767676.76767677      -3.198641714305728E-012
   34168962.3507805       -6565656.56565657      -3.838923549349576E-012
   34168962.3507805       -6363636.36363636      -4.514772253480343E-012
   34168962.3507805       -6161616.16161616      -5.198420050273849E-012
   34168962.3507805       -5959595.95959596      -5.854985712216077E-012
   34168962.3507805       -5757575.75757576      -6.445530816289339E-012
   34168962.3507805       -5555555.55555556      -6.932430904011088E-012
   34168962.3507805       -5353535.35353535      -7.286805890302869E-012
   34168962.3507805       -5151515.15151515      -7.496781160983685E-012
   34168962.3507805       -4949494.94949495      -7.574171669304039E-012
   34168962.3507805       -4747474.74747475      -7.556266705931729E-012
   34168962.3507805       -4545454.54545455      -7.499498398578065E-012
   34168962.3507805       -4343434.34343434      -7.463684229875059E-012
   34168962.3507805       -4141414.14141414      -7.489482320257202E-012
   34168962.3507805       -3939393.93939394      -7.576674707089916E-012
   34168962.3507805       -3737373.73737374      -7.674311678907814E-012
   34168962.3507805       -3535353.53535354      -7.692252164217867E-012
   34168962.3507805       -3333333.33333333      -7.535321761037951E-012
   34168962.3507805       -3131313.13131313      -7.148408383324981E-012
   34168962.3507805       -2929292.92929293      -6.550408494902815E-012
   34168962.3507805       -2727272.72727273      -5.835595355173530E-012
   34168962.3507805       -2525252.52525253      -5.136129156822739E-012
   34168962.3507805       -2323232.32323232      -4.562326917944741E-012
   34168962.3507805       -2121212.12121212      -4.153298827263807E-012
   34168962.3507805       -1919191.91919192      -3.867038330373533E-012
   34168962.3507805       -1717171.71717172      -3.616053756675360E-012
   34168962.3507805       -1515151.51515152      -3.326542197440074E-012
   34168962.3507805       -1313131.31313131      -2.984886220158703E-012
   34168962.3507805       -1111111.11111111      -2.644466509143084E-012
   34168962.3507805       -909090.909090910      -2.391716126261661E-012
   34168962.3507805       -707070.707070708      -2.295354425761802E-012
   34168962.3507805       -505050.505050506      -2.371045457833232E-012
   34168962.3507805       -303030.303030305      -2.581682087438124E-012
   34168962.3507805       -101010.101010101      -2.870570506065435E-012
   34168962.3507805        101010.101010101      -3.205923276077981E-012
   34168962.3507805        303030.303030303      -3.610761510206779E-012
   34168962.3507805        505050.505050505      -4.163048994650557E-012
   34168962.3507805        707070.707070706      -4.968445785654537E-012
   34168962.3507805        909090.909090908      -6.121818171451288E-012
   34168962.3507805        1111111.11111111      -7.676885540507936E-012
   34168962.3507805        1313131.31313131      -9.636329724841277E-012
   34168962.3507805        1515151.51515151      -1.196293018369616E-011
   34168962.3507805        1717171.71717172      -1.460264494959681E-011
   34168962.3507805        1919191.91919192      -1.750720836192475E-011
   34168962.3507805        2121212.12121212      -2.064675922181087E-011
   34168962.3507805        2323232.32323232      -2.400916345491068E-011
   34168962.3507805        2525252.52525252      -2.758833189865633E-011
   34168962.3507805        2727272.72727273      -3.136666324004281E-011
   34168962.3507805        2929292.92929293      -3.529656465132219E-011
   34168962.3507805        3131313.13131313      -3.928409739984700E-011
   34168962.3507805        3333333.33333333      -4.317589665033951E-011
   34168962.3507805        3535353.53535353      -4.675014788703979E-011
   34168962.3507805        3737373.73737374      -4.971460057149864E-011
   34168962.3507805        3939393.93939394      -5.171941839710938E-011
   34168962.3507805        4141414.14141414      -5.239801065614175E-011
   34168962.3507805        4343434.34343434      -5.144917701838749E-011
   34168962.3507805        4545454.54545454      -4.876005782323438E-011
   34168962.3507805        4747474.74747475      -4.453622916110688E-011
   34168962.3507805        4949494.94949495      -3.936585096652007E-011
   34168962.3507805        5151515.15151515      -3.413736549290033E-011
   34168962.3507805        5353535.35353535      -2.979026626034728E-011
   34168962.3507805        5555555.55555555      -2.698646412197564E-011
   34168962.3507805        5757575.75757576      -2.586416489721636E-011
   34168962.3507805        5959595.95959596      -2.600553264042064E-011
   34168962.3507805        6161616.16161616      -2.662941045463561E-011
   34168962.3507805        6363636.36363636      -2.690083984747389E-011
   34168962.3507805        6565656.56565657      -2.620883725590050E-011
   34168962.3507805        6767676.76767677      -2.431036209499531E-011
   34168962.3507805        6969696.96969697      -2.132185562004313E-011
   34168962.3507805        7171717.17171717      -1.760523513791897E-011
   34168962.3507805        7373737.37373737      -1.361818720240656E-011
   34168962.3507805        7575757.57575757      -9.785708940367542E-012
   34168962.3507805        7777777.77777778      -6.421424086983597E-012
   34168962.3507805        7979797.97979798      -3.700934985314446E-012
   34168962.3507805        8181818.18181818      -1.673810136559565E-012
   34168962.3507805        8383838.38383838      -2.961191159241404E-013
   34168962.3507805        8585858.58585858       5.319740701474514E-013
   34168962.3507805        8787878.78787879       9.334396839454673E-013
   34168962.3507805        8989898.98989899       1.030772974764204E-012
   34168962.3507805        9191919.19191919       9.319096675370336E-013
   34168962.3507805        9393939.39393939       7.238922437793544E-013
   34168962.3507805        9595959.59595960       4.718346594846208E-013
   34168962.3507805        9797979.79797980       2.209380183919243E-013
   34168962.3507805        10000000.0000000       0.000000000000000E+000
   34919906.1320274       -10000000.0000000       0.000000000000000E+000
   34919906.1320274       -9797979.79797980      -7.812969004768600E-015
   34919906.1320274       -9595959.59595960      -1.909659936870468E-014
   34919906.1320274       -9393939.39393939      -3.576082829232523E-014
   34919906.1320274       -9191919.19191919      -6.043280382199132E-014
   34919906.1320274       -8989898.98989899      -9.661574941877850E-014
   34919906.1320274       -8787878.78787879      -1.488303122144158E-013
   34919906.1320274       -8585858.58585859      -2.227142843279106E-013
   34919906.1320274       -8383838.38383838      -3.250496849188722E-013
   34919906.1320274       -8181818.18181818      -4.636854662718963E-013
   34919906.1320274       -7979797.97979798      -6.473296823147236E-013
   34919906.1320274       -7777777.77777778      -8.851980043735932E-013
   34919906.1320274       -7575757.57575758      -1.186525408280164E-012
   34919906.1320274       -7373737.37373737      -1.559971241336649E-012
   34919906.1320274       -7171717.17171717      -2.012967808045110E-012
   34919906.1320274       -6969696.96969697      -2.551069210823518E-012
   34919906.1320274       -6767676.76767677      -3.177339842644906E-012
   34919906.1320274       -6565656.56565657      -3.891773929592963E-012
   34919906.1320274       -6363636.36363636      -4.690662908646327E-012
   34919906.1320274       -6161616.16161616      -5.565748818498745E-012
   34919906.1320274       -5959595.95959596      -6.502965764098716E-012
   34919906.1320274       -5757575.75757576      -7.480645091402750E-012
   34919906.1320274       -5555555.55555556      -8.467311767449474E-012
   34919906.1320274       -5353535.35353535      -9.419657721657989E-012
   34919906.1320274       -5151515.15151515      -1.028186802165867E-011
   34919906.1320274       -4949494.94949495      -1.098795969099004E-011
   34919906.1320274       -4747474.74747475      -1.146876063355528E-011
   34919906.1320274       -4545454.54545455      -1.166414354276461E-011
   34919906.1320274       -4343434.34343434      -1.153891924657028E-011
   34919906.1320274       -4141414.14141414      -1.109784163864019E-011
   34919906.1320274       -3939393.93939394      -1.039289998709546E-011
   34919906.1320274       -3737373.73737374      -9.516547143958105E-012
   34919906.1320274       -3535353.53535354      -8.579227014328052E-012
   34919906.1320274       -3333333.33333333      -7.677641519440455E-012
   34919906.1320274       -3131313.13131313      -6.867459770024141E-012
   34919906.1320274       -2929292.92929293      -6.154841099708425E-012
   34919906.1320274       -2727272.72727273      -5.512239591028612E-012
   34919906.1320274       -2525252.52525253      -4.909350789328082E-012
   34919906.1320274       -2323232.32323232      -4.339607350134473E-012
   34919906.1320274       -2121212.12121212      -3.825127712548313E-012
   34919906.1320274       -1919191.91919192      -3.398124874450539E-012
   34919906.1320274       -1717171.71717172      -3.073766200318719E-012
   34919906.1320274       -1515151.51515152      -2.835332917695577E-012
   34919906.1320274       -1313131.31313131      -2.642781175131548E-012
   34919906.1320274       -1111111.11111111      -2.458256699867539E-012
   34919906.1320274       -909090.909090910      -2.270229312143614E-012
   34919906.1320274       -707070.707070708      -2.099981477778394E-012
   34919906.1320274       -505050.505050506      -1.987514444748011E-012
   34919906.1320274       -303030.303030305      -1.968070033775835E-012
   34919906.1320274       -101010.101010101      -2.055663853635460E-012
   34919906.1320274        101010.101010101      -2.243907981037552E-012
   34919906.1320274        303030.303030303      -2.522402129462365E-012
   34919906.1320274        505050.505050505      -2.897481855831649E-012
   34919906.1320274        707070.707070706      -3.404605981535796E-012
   34919906.1320274        909090.909090908      -4.105819851821638E-012
   34919906.1320274        1111111.11111111      -5.074708521900489E-012
   34919906.1320274        1313131.31313131      -6.377464138736034E-012
   34919906.1320274        1515151.51515151      -8.059209528003277E-012
   34919906.1320274        1717171.71717172      -1.014039711135716E-011
   34919906.1320274        1919191.91919192      -1.262224773209937E-011
   34919906.1320274        2121212.12121212      -1.549616676463379E-011
   34919906.1320274        2323232.32323232      -1.875144825358647E-011
   34919906.1320274        2525252.52525252      -2.237778227815866E-011
   34919906.1320274        2727272.72727273      -2.636232653088676E-011
   34919906.1320274        2929292.92929293      -3.068367898002183E-011
   34919906.1320274        3131313.13131313      -3.530616553400191E-011
   34919906.1320274        3333333.33333333      -4.017748160776209E-011
   34919906.1320274        3535353.53535353      -4.523127682757510E-011
   34919906.1320274        3737373.73737374      -5.039391880018897E-011
   34919906.1320274        3939393.93939394      -5.559135920183791E-011
   34919906.1320274        4141414.14141414      -6.074823910777247E-011
   34919906.1320274        4343434.34343434      -6.576939840443283E-011
   34919906.1320274        4545454.54545454      -7.049830606831495E-011
   34919906.1320274        4747474.74747475      -7.466169163573954E-011
   34919906.1320274        4949494.94949495      -7.783180822834940E-011
   34919906.1320274        5151515.15151515      -7.945135792700903E-011
   34919906.1320274        5353535.35353535      -7.894933237202245E-011
   34919906.1320274        5555555.55555555      -7.592486773697918E-011
   34919906.1320274        5757575.75757576      -7.032164429391066E-011
   34919906.1320274        5959595.95959596      -6.250334251808200E-011
   34919906.1320274        6161616.16161616      -5.318734869629014E-011
   34919906.1320274        6363636.36363636      -4.326707596080737E-011
   34919906.1320274        6565656.56565657      -3.360243602036812E-011
   34919906.1320274        6767676.76767677      -2.485753284050765E-011
   34919906.1320274        6969696.96969697      -1.742681508368408E-011
   34919906.1320274        7171717.17171717      -1.144622507282114E-011
   34919906.1320274        7373737.37373737      -6.857770605947273E-012
   34919906.1320274        7575757.57575757      -3.490369776616862E-012
   34919906.1320274        7777777.77777778      -1.129753648826136E-012
   34919906.1320274        7979797.97979798       4.349176664625122E-013
   34919906.1320274        8181818.18181818       1.387894576614370E-012
   34919906.1320274        8383838.38383838       1.880753462796210E-012
   34919906.1320274        8585858.58585858       2.035542740308348E-012
   34919906.1320274        8787878.78787879       1.950904684452455E-012
   34919906.1320274        8989898.98989899       1.707543270733511E-012
   34919906.1320274        9191919.19191919       1.371738035706094E-012
   34919906.1320274        9393939.39393939       9.970781211168242E-013
   34919906.1320274        9595959.59595960       6.251996300835020E-013
   34919906.1320274        9797979.79797980       2.863130239528584E-013
   34919906.1320274        10000000.0000000       0.000000000000000E+000
   35679012.3456790       -10000000.0000000       0.000000000000000E+000
   35679012.3456790       -9797979.79797980      -5.317681216600563E-015
   35679012.3456790       -9595959.59595960      -1.326999994279944E-014
   35679012.3456790       -9393939.39393939      -2.553744069650296E-014
   35679012.3456790       -9191919.19191919      -4.452544331958059E-014
   35679012.3456790       -8989898.98989899      -7.357185401791378E-014
   35679012.3456790       -8787878.78787879      -1.171553955967585E-013
   35679012.3456790       -8585858.58585859      -1.810760446983409E-013
   35679012.3456790       -8383838.38383838      -2.725628378370748E-013
   35679012.3456790       -8181818.18181818      -4.002524069516701E-013
   35679012.3456790       -7979797.97979798      -5.739736998761040E-013
   35679012.3456790       -7777777.77777778      -8.042748828009618E-013
   35679012.3456790       -7575757.57575758      -1.101641960410189E-012
   35679012.3456790       -7373737.37373737      -1.475389564936320E-012
   35679012.3456790       -7171717.17171717      -1.932255682426825E-012
   35679012.3456790       -6969696.96969697      -2.474803851793944E-012
   35679012.3456790       -6767676.76767677      -3.099823527456857E-012
   35679012.3456790       -6565656.56565657      -3.797009177531428E-012
   35679012.3456790       -6363636.36363636      -4.548268772472094E-012
   35679012.3456790       -6161616.16161616      -5.328029505398354E-012
   35679012.3456790       -5959595.95959596      -6.104832378969573E-012
   35679012.3456790       -5757575.75757576      -6.844300097035896E-012
   35679012.3456790       -5555555.55555556      -7.513210221240181E-012
   35679012.3456790       -5353535.35353535      -8.083947182242660E-012
   35679012.3456790       -5151515.15151515      -8.538167599154957E-012
   35679012.3456790       -4949494.94949495      -8.868316080211809E-012
   35679012.3456790       -4747474.74747475      -9.075948502473055E-012
   35679012.3456790       -4545454.54545455      -9.166847219143948E-012
   35679012.3456790       -4343434.34343434      -9.144528805490019E-012
   35679012.3456790       -4141414.14141414      -9.005314642179346E-012
   35679012.3456790       -3939393.93939394      -8.738548378517620E-012
   35679012.3456790       -3737373.73737374      -8.333758257372418E-012
   35679012.3456790       -3535353.53535354      -7.792600373330781E-012
   35679012.3456790       -3333333.33333333      -7.139188444697738E-012
   35679012.3456790       -3131313.13131313      -6.421218205404816E-012
   35679012.3456790       -2929292.92929293      -5.698481523020366E-012
   35679012.3456790       -2727272.72727273      -5.023481747522583E-012
   35679012.3456790       -2525252.52525253      -4.425289050713311E-012
   35679012.3456790       -2323232.32323232      -3.906667839065522E-012
   35679012.3456790       -2121212.12121212      -3.455461313080346E-012
   35679012.3456790       -1919191.91919192      -3.060918596221109E-012
   35679012.3456790       -1717171.71717172      -2.722650401802707E-012
   35679012.3456790       -1515151.51515152      -2.446798312400300E-012
   35679012.3456790       -1313131.31313131      -2.234811866799540E-012
   35679012.3456790       -1111111.11111111      -2.075792236726441E-012
   35679012.3456790       -909090.909090910      -1.949523797668920E-012
   35679012.3456790       -707070.707070708      -1.838063514628326E-012
   35679012.3456790       -505050.505050506      -1.737036904724527E-012
   35679012.3456790       -303030.303030305      -1.658567515695542E-012
   35679012.3456790       -101010.101010101      -1.624568470868364E-012
   35679012.3456790        101010.101010101      -1.656167941776225E-012
   35679012.3456790        303030.303030303      -1.767228506405962E-012
   35679012.3456790        505050.505050505      -1.966375710829501E-012
   35679012.3456790        707070.707070706      -2.265867579909916E-012
   35679012.3456790        909090.909090908      -2.691365650266621E-012
   35679012.3456790        1111111.11111111      -3.286632060510715E-012
   35679012.3456790        1313131.31313131      -4.110691280922305E-012
   35679012.3456790        1515151.51515151      -5.229324127432533E-012
   35679012.3456790        1717171.71717172      -6.705230616312048E-012
   35679012.3456790        1919191.91919192      -8.590789576899235E-012
   35679012.3456790        2121212.12121212      -1.092491804909726E-011
   35679012.3456790        2323232.32323232      -1.373287713164065E-011
   35679012.3456790        2525252.52525252      -1.702643530687271E-011
   35679012.3456790        2727272.72727273      -2.080198280395772E-011
   35679012.3456790        2929292.92929293      -2.503543105557408E-011
   35679012.3456790        3131313.13131313      -2.967413551050003E-011
   35679012.3456790        3333333.33333333      -3.462705065867303E-011
   35679012.3456790        3535353.53535353      -3.975484909937765E-011
   35679012.3456790        3737373.73737374      -4.486227859599334E-011
   35679012.3456790        3939393.93939394      -4.969615646359546E-011
   35679012.3456790        4141414.14141414      -5.395416225104702E-011
   35679012.3456790        4343434.34343434      -5.731078990052928E-011
   35679012.3456790        4545454.54545454      -5.946472217825312E-011
   35679012.3456790        4747474.74747475      -6.020358819662068E-011
   35679012.3456790        4949494.94949495      -5.946814477093289E-011
   35679012.3456790        5151515.15151515      -5.738607471226817E-011
   35679012.3456790        5353535.35353535      -5.424848406410391E-011
   35679012.3456790        5555555.55555555      -5.042639348219581E-011
   35679012.3456790        5757575.75757576      -4.625899566659360E-011
   35679012.3456790        5959595.95959596      -4.196540809612036E-011
   35679012.3456790        6161616.16161616      -3.761987527801342E-011
   35679012.3456790        6363636.36363636      -3.319436373164817E-011
   35679012.3456790        6565656.56565657      -2.863781251870473E-011
   35679012.3456790        6767676.76767677      -2.394909703962842E-011
   35679012.3456790        6969696.96969697      -1.921309556358131E-011
   35679012.3456790        7171717.17171717      -1.459290783160174E-011
   35679012.3456790        7373737.37373737      -1.029104889652222E-011
   35679012.3456790        7575757.57575757      -6.500597456387799E-012
   35679012.3456790        7777777.77777778      -3.364603576705121E-012
   35679012.3456790        7979797.97979798      -9.537693811524710E-013
   35679012.3456790        8181818.18181818       7.362229655589446E-013
   35679012.3456790        8383838.38383838       1.772257649685542E-012
   35679012.3456790        8585858.58585858       2.263129248458892E-012
   35679012.3456790        8787878.78787879       2.337246861045922E-012
   35679012.3456790        8989898.98989899       2.123387353204728E-012
   35679012.3456790        9191919.19191919       1.736923034773244E-012
   35679012.3456790        9393939.39393939       1.272018132854008E-012
   35679012.3456790        9595959.59595960       7.990024172344885E-013
   35679012.3456790        9797979.79797980       3.655098355353019E-013
   35679012.3456790        10000000.0000000       0.000000000000000E+000
   36446280.9917355       -10000000.0000000       0.000000000000000E+000
   36446280.9917355       -9797979.79797980      -3.181728397543814E-015
   36446280.9917355       -9595959.59595960      -8.193892641176544E-015
   36446280.9917355       -9393939.39393939      -1.641265794855252E-014
   36446280.9917355       -9191919.19191919      -2.990022988266578E-014
   36446280.9917355       -8989898.98989899      -5.164884535182088E-014
   36446280.9917355       -8787878.78787879      -8.585145830677668E-014
   36446280.9917355       -8585858.58585859      -1.381739899855948E-013
   36446280.9917355       -8383838.38383838      -2.159872600378597E-013
   36446280.9917355       -8181818.18181818      -3.285018764481129E-013
   36446280.9917355       -7979797.97979798      -4.867384928577383E-013
   36446280.9917355       -7777777.77777778      -7.032628746646916E-013
   36446280.9917355       -7575757.57575758      -9.916236952729820E-013
   36446280.9917355       -7373737.37373737      -1.365452746300093E-012
   36446280.9917355       -7171717.17171717      -1.837221326711092E-012
   36446280.9917355       -6969696.96969697      -2.416688862406218E-012
   36446280.9917355       -6767676.76767677      -3.109124021133077E-012
   36446280.9917355       -6565656.56565657      -3.913418860918461E-012
   36446280.9917355       -6363636.36363636      -4.820251091141858E-012
   36446280.9917355       -6161616.16161616      -5.810483738148487E-012
   36446280.9917355       -5959595.95959596      -6.854037820679636E-012
   36446280.9917355       -5757575.75757576      -7.909544857966571E-012
   36446280.9917355       -5555555.55555556      -8.925180355569276E-012
   36446280.9917355       -5353535.35353535      -9.841159550741594E-012
   36446280.9917355       -5151515.15151515      -1.059435323034514E-011
   36446280.9917355       -4949494.94949495      -1.112522007166092E-011
   36446280.9917355       -4747474.74747475      -1.138662920181525E-011
   36446280.9917355       -4545454.54545455      -1.135316587990595E-011
   36446280.9917355       -4343434.34343434      -1.102844849018353E-011
   36446280.9917355       -4141414.14141414      -1.044744471243613E-011
   36446280.9917355       -3939393.93939394      -9.671517129096423E-012
   36446280.9917355       -3737373.73737374      -8.776331889214012E-012
   36446280.9917355       -3535353.53535354      -7.836152470685137E-012
   36446280.9917355       -3333333.33333333      -6.910492378588242E-012
   36446280.9917355       -3131313.13131313      -6.038428243326997E-012
   36446280.9917355       -2929292.92929293      -5.241601947067984E-012
   36446280.9917355       -2727272.72727273      -4.531621682666195E-012
   36446280.9917355       -2525252.52525253      -3.915429513153853E-012
   36446280.9917355       -2323232.32323232      -3.395334106432000E-012
   36446280.9917355       -2121212.12121212      -2.966133513056865E-012
   36446280.9917355       -1919191.91919192      -2.614651024061138E-012
   36446280.9917355       -1717171.71717172      -2.324299505185606E-012
   36446280.9917355       -1515151.51515152      -2.081853607652932E-012
   36446280.9917355       -1313131.31313131      -1.881017555546337E-012
   36446280.9917355       -1111111.11111111      -1.720132098116709E-012
   36446280.9917355       -909090.909090910      -1.596593923631857E-012
   36446280.9917355       -707070.707070708      -1.503262635177599E-012
   36446280.9917355       -505050.505050506      -1.430090091035274E-012
   36446280.9917355       -303030.303030305      -1.369638639710881E-012
   36446280.9917355       -101010.101010101      -1.322138313077154E-012
   36446280.9917355        101010.101010101      -1.296509269950599E-012
   36446280.9917355        303030.303030303      -1.307249350036634E-012
   36446280.9917355        505050.505050505      -1.370261088525845E-012
   36446280.9917355        707070.707070706      -1.501266881088188E-012
   36446280.9917355        909090.909090908      -1.718377879802521E-012
   36446280.9917355        1111111.11111111      -2.047444494631890E-012
   36446280.9917355        1313131.31313131      -2.527085778634787E-012
   36446280.9917355        1515151.51515151      -3.210657788225262E-012
   36446280.9917355        1717171.71717172      -4.164252490597856E-012
   36446280.9917355        1919191.91919192      -5.461713940099338E-012
   36446280.9917355        2121212.12121212      -7.178498285407109E-012
   36446280.9917355        2323232.32323232      -9.385785181857836E-012
   36446280.9917355        2525252.52525252      -1.214517912451641E-011
   36446280.9917355        2727272.72727273      -1.550346043678099E-011
   36446280.9917355        2929292.92929293      -1.948666767801270E-011
   36446280.9917355        3131313.13131313      -2.409329875674534E-011
   36446280.9917355        3333333.33333333      -2.928722740590494E-011
   36446280.9917355        3535353.53535353      -3.499158770068860E-011
   36446280.9917355        3737373.73737374      -4.108502153915039E-011
   36446280.9917355        3939393.93939394      -4.740109540393866E-011
   36446280.9917355        4141414.14141414      -5.373039906012543E-011
   36446280.9917355        4343434.34343434      -5.982339871087931E-011
   36446280.9917355        4545454.54545454      -6.539186595418467E-011
   36446280.9917355        4747474.74747475      -7.010925866683148E-011
   36446280.9917355        4949494.94949495      -7.361595607369159E-011
   36446280.9917355        5151515.15151515      -7.554048111374842E-011
   36446280.9917355        5353535.35353535      -7.554664975678458E-011
   36446280.9917355        5555555.55555555      -7.340497786632662E-011
   36446280.9917355        5757575.75757576      -6.906893009419275E-011
   36446280.9917355        5959595.95959596      -6.272493947179890E-011
   36446280.9917355        6161616.16161616      -5.479022784895254E-011
   36446280.9917355        6363636.36363636      -4.585322236472689E-011
   36446280.9917355        6565656.56565657      -3.657514566666193E-011
   36446280.9917355        6767676.76767677      -2.758441528620354E-011
   36446280.9917355        6969696.96969697      -1.939287747359802E-011
   36446280.9917355        7171717.17171717      -1.234959151156629E-011
   36446280.9917355        7373737.37373737      -6.632797727795267E-012
   36446280.9917355        7575757.57575757      -2.270453053077519E-012
   36446280.9917355        7777777.77777778       8.237948416386939E-013
   36446280.9917355        7979797.97979798       2.810727784881037E-012
   36446280.9917355        8181818.18181818       3.889405691433552E-012
   36446280.9917355        8383838.38383838       4.268440678684733E-012
   36446280.9917355        8585858.58585858       4.145548178213343E-012
   36446280.9917355        8787878.78787879       3.694649658874859E-012
   36446280.9917355        8989898.98989899       3.059175907745664E-012
   36446280.9917355        9191919.19191919       2.350122500189263E-012
   36446280.9917355        9393939.39393939       1.647521559230537E-012
   36446280.9917355        9595959.59595960       1.004152267914583E-012
   36446280.9917355        9797979.79797980       4.504734105674686E-013
   36446280.9917355        10000000.0000000       0.000000000000000E+000
   37221712.0701969       -10000000.0000000       0.000000000000000E+000
   37221712.0701969       -9797979.79797980      -1.490189375739805E-015
   37221712.0701969       -9595959.59595960      -4.087064950135183E-015
   37221712.0701969       -9393939.39393939      -8.820827746242097E-015
   37221712.0701969       -9191919.19191919      -1.734005327721927E-014
   37221712.0701969       -8989898.98989899      -3.218939506726676E-014
   37221712.0701969       -8787878.78787879      -5.714430892679309E-014
   37221712.0701969       -8585858.58585859      -9.757922726850957E-014
   37221712.0701969       -8383838.38383838      -1.608202688732112E-013
   37221712.0701969       -8181818.18181818      -2.564047530149187E-013
   37221712.0701969       -7979797.97979798      -3.961419628216278E-013
   37221712.0701969       -7777777.77777778      -5.938511274876356E-013
   37221712.0701969       -7575757.57575758      -8.646542627724899E-013
   37221712.0701969       -7373737.37373737      -1.223734386220170E-012
   37221712.0701969       -7171717.17171717      -1.684541483887020E-012
   37221712.0701969       -6969696.96969697      -2.256539424942655E-012
   37221712.0701969       -6767676.76767677      -2.942724656622422E-012
   37221712.0701969       -6565656.56565657      -3.737285368504736E-012
   37221712.0701969       -6363636.36363636      -4.623868537731721E-012
   37221712.0701969       -6161616.16161616      -5.574937087065840E-012
   37221712.0701969       -5959595.95959596      -6.552593412540157E-012
   37221712.0701969       -5757575.75757576      -7.511007108905903E-012
   37221712.0701969       -5555555.55555556      -8.400244254112272E-012
   37221712.0701969       -5353535.35353535      -9.170934595553774E-012
   37221712.0701969       -5151515.15151515      -9.778955854803844E-012
   37221712.0701969       -4949494.94949495      -1.018929433529384E-011
   37221712.0701969       -4747474.74747475      -1.037853649379920E-011
   37221712.0701969       -4545454.54545455      -1.033600073426224E-011
   37221712.0701969       -4343434.34343434      -1.006408703227401E-011
   37221712.0701969       -4141414.14141414      -9.578615400218235E-012
   37221712.0701969       -3939393.93939394      -8.909424037146232E-012
   37221712.0701969       -3737373.73737374      -8.100400276485441E-012
   37221712.0701969       -3535353.53535354      -7.207160320384086E-012
   37221712.0701969       -3333333.33333333      -6.290870635612521E-012
   37221712.0701969       -3131313.13131313      -5.408720868751980E-012
   37221712.0701969       -2929292.92929293      -4.604277628402631E-012
   37221712.0701969       -2727272.72727273      -3.902072535216677E-012
   37221712.0701969       -2525252.52525253      -3.308735267073090E-012
   37221712.0701969       -2323232.32323232      -2.818952510293413E-012
   37221712.0701969       -2121212.12121212      -2.421893616855010E-012
   37221712.0701969       -1919191.91919192      -2.104794505705230E-012
   37221712.0701969       -1717171.71717172      -1.853828694781265E-012
   37221712.0701969       -1515151.51515152      -1.654676894173499E-012
   37221712.0701969       -1313131.31313131      -1.494381968045974E-012
   37221712.0701969       -1111111.11111111      -1.363627167839921E-012
   37221712.0701969       -909090.909090910      -1.257410209121835E-012
   37221712.0701969       -707070.707070708      -1.173340417666462E-012
   37221712.0701969       -505050.505050506      -1.108966444815636E-012
   37221712.0701969       -303030.303030305      -1.060415086198719E-012
   37221712.0701969       -101010.101010101      -1.023456500352488E-012
   37221712.0701969        101010.101010101      -9.961090585834641E-013
   37221712.0701969        303030.303030303      -9.808320097757981E-013
   37221712.0701969        505050.505050505      -9.849877210187172E-013
   37221712.0701969        707070.707070706      -1.019885200749942E-012
   37221712.0701969        909090.909090908      -1.099968988531575E-012
   37221712.0701969        1111111.11111111      -1.243699317283831E-012
   37221712.0701969        1313131.31313131      -1.476536158647094E-012
   37221712.0701969        1515151.51515151      -1.835087297216263E-012
   37221712.0701969        1717171.71717172      -2.370776455572830E-012
   37221712.0701969        1919191.91919192      -3.151590209635277E-012
   37221712.0701969        2121212.12121212      -4.261194000291595E-012
   37221712.0701969        2323232.32323232      -5.795368231426260E-012
   37221712.0701969        2525252.52525252      -7.855945797576532E-012
   37221712.0701969        2727272.72727273      -1.054229074936448E-011
   37221712.0701969        2929292.92929293      -1.394016579624724E-011
   37221712.0701969        3131313.13131313      -1.810789538521561E-011
   37221712.0701969        3333333.33333333      -2.306015543499911E-011
   37221712.0701969        3535353.53535353      -2.875047801860936E-011
   37221712.0701969        3737373.73737374      -3.505460694696064E-011
   37221712.0701969        3939393.93939394      -4.175815409092709E-011
   37221712.0701969        4141414.14141414      -4.855337951980521E-011
   37221712.0701969        4343434.34343434      -5.505064242732232E-011
   37221712.0701969        4545454.54545454      -6.080886969128122E-011
   37221712.0701969        4747474.74747475      -6.538505898238849E-011
   37221712.0701969        4949494.94949495      -6.839559780674931E-011
   37221712.0701969        5151515.15151515      -6.957486370535376E-011
   37221712.0701969        5353535.35353535      -6.881394715699335E-011
   37221712.0701969        5555555.55555555      -6.616791304328174E-011
   37221712.0701969        5757575.75757576      -6.183226379686393E-011
   37221712.0701969        5959595.95959596      -5.610130695036322E-011
   37221712.0701969        6161616.16161616      -4.932548684675021E-011
   37221712.0701969        6363636.36363636      -4.187938099083309E-011
   37221712.0701969        6565656.56565657      -3.414183080068151E-011
   37221712.0701969        6767676.76767677      -2.648189459214084E-011
   37221712.0701969        6969696.96969697      -1.924311855024639E-011
   37221712.0701969        7171717.17171717      -1.272297030937069E-011
   37221712.0701969        7373737.37373737      -7.150082704997914E-012
   37221712.0701969        7575757.57575757      -2.665490434925347E-012
   37221712.0701969        7777777.77777778       6.860925399673659E-013
   37221712.0701969        7979797.97979798       2.951877208732698E-012
   37221712.0701969        8181818.18181818       4.254334565605207E-012
   37221712.0701969        8383838.38383838       4.766271163741587E-012
   37221712.0701969        8585858.58585858       4.683123507471792E-012
   37221712.0701969        8787878.78787879       4.197663460306069E-012
   37221712.0701969        8989898.98989899       3.480786209792929E-012
   37221712.0701969        9191919.19191919       2.670031396532168E-012
   37221712.0701969        9393939.39393939       1.865617662816028E-012
   37221712.0701969        9595959.59595960       1.132458040225663E-012
   37221712.0701969        9797979.79797980       5.060105727700890E-013
   37221712.0701969        10000000.0000000       0.000000000000000E+000
   38005305.5810632       -10000000.0000000       0.000000000000000E+000
   38005305.5810632       -9797979.79797980      -3.353333911326068E-016
   38005305.5810632       -9595959.59595960      -1.167769066711988E-015
   38005305.5810632       -9393939.39393939      -3.132153940448896E-015
   38005305.5810632       -9191919.19191919      -7.353682636074389E-015
   38005305.5810632       -8989898.98989899      -1.573410490343302E-014
   38005305.5810632       -8787878.78787879      -3.133952489398590E-014
   38005305.5810632       -8585858.58585859      -5.888650854519632E-014
   38005305.5810632       -8383838.38383838      -1.052986826455163E-013
   38005305.5810632       -8181818.18181818      -1.802683625482580E-013
   38005305.5810632       -7979797.97979798      -2.967105165971544E-013
   38005305.5810632       -7777777.77777778      -4.709467717512878E-013
   38005305.5810632       -7575757.57575758      -7.224179491831481E-013
   38005305.5810632       -7373737.37373737      -1.072712464070286E-012
   38005305.5810632       -7171717.17171717      -1.543734459028554E-012
   38005305.5810632       -6969696.96969697      -2.154935880023409E-012
   38005305.5810632       -6767676.76767677      -2.919706127239720E-012
   38005305.5810632       -6565656.56565657      -3.841238566258950E-012
   38005305.5810632       -6363636.36363636      -4.908439699330605E-012
   38005305.5810632       -6161616.16161616      -6.092657938405915E-012
   38005305.5810632       -5959595.95959596      -7.346117100770634E-012
   38005305.5810632       -5757575.75757576      -8.602882422939505E-012
   38005305.5810632       -5555555.55555556      -9.782925452173531E-012
   38005305.5810632       -5353535.35353535      -1.079938886066500E-011
   38005305.5810632       -5151515.15151515      -1.156852817978191E-011
   38005305.5810632       -4949494.94949495      -1.202111288268501E-011
   38005305.5810632       -4747474.74747475      -1.211343286722145E-011
   38005305.5810632       -4545454.54545455      -1.183565002163090E-011
   38005305.5810632       -4343434.34343434      -1.121527051679899E-011
   38005305.5810632       -4141414.14141414      -1.031420068077587E-011
   38005305.5810632       -3939393.93939394      -9.219266175005508E-012
   38005305.5810632       -3737373.73737374      -8.027974955851191E-012
   38005305.5810632       -3535353.53535354      -6.833004773366358E-012
   38005305.5810632       -3333333.33333333      -5.709474088211485E-012
   38005305.5810632       -3131313.13131313      -4.707952813606424E-012
   38005305.5810632       -2929292.92929293      -3.853816587838928E-012
   38005305.5810632       -2727272.72727273      -3.151299442437748E-012
   38005305.5810632       -2525252.52525253      -2.589713190545362E-012
   38005305.5810632       -2323232.32323232      -2.149842255686679E-012
   38005305.5810632       -2121212.12121212      -1.809463670078082E-012
   38005305.5810632       -1919191.91919192      -1.547423680059808E-012
   38005305.5810632       -1717171.71717172      -1.345869248429515E-012
   38005305.5810632       -1515151.51515152      -1.190660598662776E-012
   38005305.5810632       -1313131.31313131      -1.070674466895475E-012
   38005305.5810632       -1111111.11111111      -9.770280084628186E-013
   38005305.5810632       -909090.909090910      -9.028276388409573E-013
   38005305.5810632       -707070.707070708      -8.432573171714358E-013
   38005305.5810632       -505050.505050506      -7.954146986195001E-013
   38005305.5810632       -303030.303030305      -7.576146187888450E-013
   38005305.5810632       -101010.101010101      -7.285240543361150E-013
   38005305.5810632        101010.101010101      -7.067983821523304E-013
   38005305.5810632        303030.303030303      -6.915614034272021E-013
   38005305.5810632        505050.505050505      -6.834434058379736E-013
   38005305.5810632        707070.707070706      -6.855618426622084E-013
   38005305.5810632        909090.909090908      -7.040983320071127E-013
   38005305.5810632        1111111.11111111      -7.487555570332037E-013
   38005305.5810632        1313131.31313131      -8.338422548471138E-013
   38005305.5810632        1515151.51515151      -9.806713974671494E-013
   38005305.5810632        1717171.71717172      -1.221413311661308E-012
   38005305.5810632        1919191.91919192      -1.603862830234858E-012
   38005305.5810632        2121212.12121212      -2.196083464689089E-012
   38005305.5810632        2323232.32323232      -3.089679069285940E-012
   38005305.5810632        2525252.52525252      -4.400410268671261E-012
   38005305.5810632        2727272.72727273      -6.264900997681617E-012
   38005305.5810632        2929292.92929293      -8.832291912050175E-012
   38005305.5810632        3131313.13131313      -1.225004775209548E-011
   38005305.5810632        3333333.33333333      -1.664386396497859E-011
   38005305.5810632        3535353.53535353      -2.209274103995622E-011
   38005305.5810632        3737373.73737374      -2.860160852084280E-011
   38005305.5810632        3939393.93939394      -3.607508200721651E-011
   38005305.5810632        4141414.14141414      -4.429675802428285E-011
   38005305.5810632        4343434.34343434      -5.291877379327344E-011
   38005305.5810632        4545454.54545454      -6.146621214586387E-011
   38005305.5810632        4747474.74747475      -6.936032949076389E-011
   38005305.5810632        4949494.94949495      -7.596323398053119E-011
   38005305.5810632        5151515.15151515      -8.064382080303388E-011
   38005305.5810632        5353535.35353535      -8.285981149200528E-011
   38005305.5810632        5555555.55555555      -8.224411916679433E-011
   38005305.5810632        5757575.75757576      -7.867789151592024E-011
   38005305.5810632        5959595.95959596      -7.233107782016256E-011
   38005305.5810632        6161616.16161616      -6.365666196897509E-011
   38005305.5810632        6363636.36363636      -5.333589824476826E-011
   38005305.5810632        6565656.56565657      -4.218482308755948E-011
   38005305.5810632        6767676.76767677      -3.104197536084150E-011
   38005305.5810632        6969696.96969697      -2.066048486863873E-011
   38005305.5810632        7171717.17171717      -1.162433217760148E-011
   38005305.5810632        7373737.37373737      -4.300800663570142E-012
   38005305.5810632        7575757.57575757       1.168079669007231E-012
   38005305.5810632        7777777.77777778       4.840368778918693E-012
   38005305.5810632        7979797.97979798       6.925924935583993E-012
   38005305.5810632        8181818.18181818       7.727604568215970E-012
   38005305.5810632        8383838.38383838       7.583644997641463E-012
   38005305.5810632        8585858.58585858       6.819935484621228E-012
   38005305.5810632        8787878.78787879       5.716964524538376E-012
   38005305.5810632        8989898.98989899       4.492428055156451E-012
   38005305.5810632        9191919.19191919       3.297541369623196E-012
   38005305.5810632        9393939.39393939       2.223370710353312E-012
   38005305.5810632        9595959.59595960       1.312974747482193E-012
   38005305.5810632        9797979.79797980       5.755599157582904E-013
   38005305.5810632        10000000.0000000       0.000000000000000E+000
   38797061.5243343       -10000000.0000000       0.000000000000000E+000
   38797061.5243343       -9797979.79797980       2.357904735106489E-016
   38797061.5243343       -9595959.59595960       3.857159368286187E-016
   38797061.5243343       -9393939.39393939       1.713537936025203E-016
   38797061.5243343       -9191919.19191919      -1.009889796280659E-015
   38797061.5243343       -8989898.98989899      -4.335902496869139E-015
   38797061.5243343       -8787878.78787879      -1.194069395958328E-014
   38797061.5243343       -8585858.58585859      -2.744496703569540E-014
   38797061.5243343       -8383838.38383838      -5.663804516199404E-014
   38797061.5243343       -8181818.18181818      -1.082720214957369E-013
   38797061.5243343       -7979797.97979798      -1.948664823924665E-013
   38797061.5243343       -7777777.77777778      -3.333414459052820E-013
   38797061.5243343       -7575757.57575758      -5.452099848944765E-013
   38797061.5243343       -7373737.37373737      -8.559947278078445E-013
   38797061.5243343       -7171717.17171717      -1.293519232794021E-012
   38797061.5243343       -6969696.96969697      -1.884806244111743E-012
   38797061.5243343       -6767676.76767677      -2.651522940429109E-012
   38797061.5243343       -6565656.56565657      -3.604256484876149E-012
   38797061.5243343       -6363636.36363636      -4.736345843614877E-012
   38797061.5243343       -6161616.16161616      -6.018446528144999E-012
   38797061.5243343       -5959595.95959596      -7.395320930391926E-012
   38797061.5243343       -5757575.75757576      -8.786363591770676E-012
   38797061.5243343       -5555555.55555556      -1.009095623614136E-011
   38797061.5243343       -5353535.35353535      -1.119887062313705E-011
   38797061.5243343       -5151515.15151515      -1.200472259244861E-011
   38797061.5243343       -4949494.94949495      -1.242421590439732E-011
   38797061.5243343       -4747474.74747475      -1.240898872955609E-011
   38797061.5243343       -4545454.54545455      -1.195665297012647E-011
   38797061.5243343       -4343434.34343434      -1.111329189264215E-011
   38797061.5243343       -4141414.14141414      -9.967188369527790E-012
   38797061.5243343       -3939393.93939394      -8.634574608614208E-012
   38797061.5243343       -3737373.73737374      -7.240240446454566E-012
   38797061.5243343       -3535353.53535354      -5.897358320844773E-012
   38797061.5243343       -3333333.33333333      -4.691329736086540E-012
   38797061.5243343       -3131313.13131313      -3.671430244870817E-012
   38797061.5243343       -2929292.92929293      -2.851592882307033E-012
   38797061.5243343       -2727272.72727273      -2.218641115017695E-012
   38797061.5243343       -2525252.52525253      -1.744018911677856E-012
   38797061.5243343       -2323232.32323232      -1.394649219699809E-012
   38797061.5243343       -2121212.12121212      -1.140034450854812E-012
   38797061.5243343       -1919191.91919192      -9.551124132010888E-013
   38797061.5243343       -1717171.71717172      -8.203218537754455E-013
   38797061.5243343       -1515151.51515152      -7.208290735769765E-013
   38797061.5243343       -1313131.31313131      -6.459669782948323E-013
   38797061.5243343       -1111111.11111111      -5.887321278177120E-013
   38797061.5243343       -909090.909090910      -5.448349320762161E-013
   38797061.5243343       -707070.707070708      -5.113840705139126E-013
   38797061.5243343       -505050.505050506      -4.858683367551516E-013
   38797061.5243343       -303030.303030305      -4.659236552846876E-013
   38797061.5243343       -101010.101010101      -4.496897714739441E-013
   38797061.5243343        101010.101010101      -4.361574430109133E-013
   38797061.5243343        303030.303030303      -4.251397367637631E-013
   38797061.5243343        505050.505050505      -4.170097137305952E-013
   38797061.5243343        707070.707070706      -4.125879576648542E-013
   38797061.5243343        909090.909090908      -4.133987621271742E-013
   38797061.5243343        1111111.11111111      -4.222463053827052E-013
   38797061.5243343        1313131.31313131      -4.440366285415521E-013
   38797061.5243343        1515151.51515151      -4.870355795155117E-013
   38797061.5243343        1717171.71717172      -5.650685331517370E-013
   38797061.5243343        1919191.91919192      -7.012558584520058E-013
   38797061.5243343        2121212.12121212      -9.336203224302162E-013
   38797061.5243343        2323232.32323232      -1.322348995294844E-012
   38797061.5243343        2525252.52525252      -1.957748821316457E-012
   38797061.5243343        2727272.72727273      -2.967086711434485E-012
   38797061.5243343        2929292.92929293      -4.517648903576769E-012
   38797061.5243343        3131313.13131313      -6.812691064658777E-012
   38797061.5243343        3333333.33333333      -1.007682800417085E-011
   38797061.5243343        3535353.53535353      -1.452825952417553E-011
   38797061.5243343        3737373.73737374      -2.033739655394230E-011
   38797061.5243343        3939393.93939394      -2.757500077925057E-011
   38797061.5243343        4141414.14141414      -3.615744637879872E-011
   38797061.5243343        4343434.34343434      -4.580107423065103E-011
   38797061.5243343        4545454.54545454      -5.600015258168902E-011
   38797061.5243343        4747474.74747475      -6.604182030035970E-011
   38797061.5243343        4949494.94949495      -7.506542939646429E-011
   38797061.5243343        5151515.15151515      -8.216355860446463E-011
   38797061.5243343        5353535.35353535      -8.651042717186595E-011
   38797061.5243343        5555555.55555555      -8.749442387167493E-011
   38797061.5243343        5757575.75757576      -8.482806066693008E-011
   38797061.5243343        5959595.95959596      -7.861170358524072E-011
   38797061.5243343        6161616.16161616      -6.933582209748689E-011
   38797061.5243343        6363636.36363636      -5.781840682612769E-011
   38797061.5243343        6565656.56565657      -4.508760065507012E-011
   38797061.5243343        6767676.76767677      -3.223178037678060E-011
   38797061.5243343        6969696.96969697      -2.024691184352209E-011
   38797061.5243343        7171717.17171717      -9.911140574132677E-012
   38797061.5243343        7373737.37373737      -1.708772324955695E-012
   38797061.5243343        7575757.57575757       4.187438407260244E-012
   38797061.5243343        7777777.77777778       7.880975912217360E-012
   38797061.5243343        7979797.97979798       9.679311899919415E-012
   38797061.5243343        8181818.18181818       1.000565114584656E-011
   38797061.5243343        8383838.38383838       9.314370302298144E-012
   38797061.5243343        8585858.58585858       8.024269594737562E-012
   38797061.5243343        8787878.78787879       6.476411635032025E-012
   38797061.5243343        8989898.98989899       4.916546028973605E-012
   38797061.5243343        9191919.19191919       3.497389356621047E-012
   38797061.5243343        9393939.39393939       2.293813754794927E-012
   38797061.5243343        9595959.59595960       1.323961478342500E-012
   38797061.5243343        9797979.79797980       5.706985318668746E-013
   38797061.5243343        10000000.0000000       0.000000000000000E+000
   39596979.9000102       -10000000.0000000       0.000000000000000E+000
   39596979.9000102       -9797979.79797980       3.479357277376762E-016
   39596979.9000102       -9595959.59595960       8.238959291251658E-016
   39596979.9000102       -9393939.39393939       1.430582554032774E-015
   39596979.9000102       -9191919.19191919       2.028089675345857E-015
   39596979.9000102       -8989898.98989899       2.155094878374987E-015
   39596979.9000102       -8787878.78787879       7.046307910989824E-016
   39596979.9000102       -8585858.58585859      -4.599766600013975E-015
   39596979.9000102       -8383838.38383838      -1.798400469758318E-014
   39596979.9000102       -8181818.18181818      -4.668989959314290E-014
   39596979.9000102       -7979797.97979798      -1.022968612521517E-013
   39596979.9000102       -7777777.77777778      -2.021603211447274E-013
   39596979.9000102       -7575757.57575758      -3.706747631635113E-013
   39596979.9000102       -7373737.37373737      -6.398855642750561E-013
   39596979.9000102       -7171717.17171717      -1.048802440668768E-012
   39596979.9000102       -6969696.96969697      -1.640680000098149E-012
   39596979.9000102       -6767676.76767677      -2.457623149924290E-012
   39596979.9000102       -6565656.56565657      -3.532244271494301E-012
   39596979.9000102       -6363636.36363636      -4.876804732744115E-012
   39596979.9000102       -6161616.16161616      -6.471283806888671E-012
   39596979.9000102       -5959595.95959596      -8.252958080959548E-012
   39596979.9000102       -5757575.75757576      -1.011099984745562E-011
   39596979.9000102       -5555555.55555556      -1.188983576280245E-011
   39596979.9000102       -5353535.35353535      -1.340405783806713E-011
   39596979.9000102       -5151515.15151515      -1.446526032035699E-011
   39596979.9000102       -4949494.94949495      -1.491746621857894E-011
   39596979.9000102       -4747474.74747475      -1.467366284928078E-011
   39596979.9000102       -4545454.54545455      -1.374293422283403E-011
   39596979.9000102       -4343434.34343434      -1.223764176061365E-011
   39596979.9000102       -4141414.14141414      -1.035446535647396E-011
   39596979.9000102       -3939393.93939394      -8.331653368139512E-012
   39596979.9000102       -3737373.73737374      -6.394781107379698E-012
   39596979.9000102       -3535353.53535354      -4.709679980875826E-012
   39596979.9000102       -3333333.33333333      -3.359145561877960E-012
   39596979.9000102       -3131313.13131313      -2.348896928700569E-012
   39596979.9000102       -2929292.92929293      -1.633999988533576E-012
   39596979.9000102       -2727272.72727273      -1.149148250521772E-012
   39596979.9000102       -2525252.52525253      -8.299118106638920E-013
   39596979.9000102       -2323232.32323232      -6.224856102864946E-013
   39596979.9000102       -2121212.12121212      -4.865740181155311E-013
   39596979.9000102       -1919191.91919192      -3.954383718678840E-013
   39596979.9000102       -1717171.71717172      -3.335938351598718E-013
   39596979.9000102       -1515151.51515152      -2.922412201902225E-013
   39596979.9000102       -1313131.31313131      -2.647855168061277E-013
   39596979.9000102       -1111111.11111111      -2.451802172442647E-013
   39596979.9000102       -909090.909090910      -2.290672059396620E-013
   39596979.9000102       -707070.707070708      -2.150894274339871E-013
   39596979.9000102       -505050.505050506      -2.042370093575023E-013
   39596979.9000102       -303030.303030305      -1.976330249537472E-013
   39596979.9000102       -101010.101010101      -1.947727451063432E-013
   39596979.9000102        101010.101010101      -1.935556422990582E-013
   39596979.9000102        303030.303030303      -1.916967181138076E-013
   39596979.9000102        505050.505050505      -1.881267452355167E-013
   39596979.9000102        707070.707070706      -1.833993956028144E-013
   39596979.9000102        909090.909090908      -1.791593547420528E-013
   39596979.9000102        1111111.11111111      -1.773766932588998E-013
   39596979.9000102        1313131.31313131      -1.799780327936039E-013
   39596979.9000102        1515151.51515151      -1.890745721288612E-013
   39596979.9000102        1717171.71717172      -2.077428711191471E-013
   39596979.9000102        1919191.91919192      -2.414962401786008E-013
   39596979.9000102        2121212.12121212      -3.010470038955266E-013
   39596979.9000102        2323232.32323232      -4.073709603182253E-013
   39596979.9000102        2525252.52525252      -6.001404589891949E-013
   39596979.9000102        2727272.72727273      -9.500932224521037E-013
   39596979.9000102        2929292.92929293      -1.574738771413111E-012
   39596979.9000102        3131313.13131313      -2.654944538910624E-012
   39596979.9000102        3333333.33333333      -4.447521454539597E-012
   39596979.9000102        3535353.53535353      -7.286374694763626E-012
   39596979.9000102        3737373.73737374      -1.156295485940477E-011
   39596979.9000102        3939393.93939394      -1.767694296464699E-011
   39596979.9000102        4141414.14141414      -2.595190157155942E-011
   39596979.9000102        4343434.34343434      -3.651933984728827E-011
   39596979.9000102        4545454.54545454      -4.918835333199264E-011
   39596979.9000102        4747474.74747475      -6.333421666117633E-011
   39596979.9000102        4949494.94949495      -7.785189176494642E-011
   39596979.9000102        5151515.15151515      -9.122018474537344E-011
   39596979.9000102        5353535.35353535      -1.017009144617310E-010
   39596979.9000102        5555555.55555555      -1.076544639422866E-010
   39596979.9000102        5757575.75757576      -1.079016555236790E-010
   39596979.9000102        5959595.95959596      -1.020265837678017E-010
   39596979.9000102        6161616.16161616      -9.051873077712794E-011
   39596979.9000102        6363636.36363636      -7.470028389928122E-011
   39596979.9000102        6565656.56565657      -5.645691909710125E-011
   39596979.9000102        6767676.76767677      -3.785461280034032E-011
   39596979.9000102        6969696.96969697      -2.075419045672671E-011
   39596979.9000102        7171717.17171717      -6.521790625308704E-012
   39596979.9000102        7373737.37373737       4.110347794917990E-012
   39596979.9000102        7575757.57575757       1.103026326716906E-011
   39596979.9000102        7777777.77777778       1.461770531691228E-011
   39596979.9000102        7979797.97979798       1.555753911573083E-011
   39596979.9000102        8181818.18181818       1.465014881313105E-011
   39596979.9000102        8383838.38383838       1.265817214840493E-011
   39596979.9000102        8585858.58585858       1.020833974517100E-011
   39596979.9000102        8787878.78787879       7.748980407773251E-012
   39596979.9000102        8989898.98989899       5.551792559754530E-012
   39596979.9000102        9191919.19191919       3.741488691482220E-012
   39596979.9000102        9393939.39393939       2.337475905025708E-012
   39596979.9000102        9595959.59595960       1.295540041403118E-012
   39596979.9000102        9797979.79797980       5.423563142245796E-013
   39596979.9000102        10000000.0000000       0.000000000000000E+000
   40405060.7080910       -10000000.0000000       0.000000000000000E+000
   40405060.7080910       -9797979.79797980       0.000000000000000E+000
   40405060.7080910       -9595959.59595960       0.000000000000000E+000
   40405060.7080910       -9393939.39393939       0.000000000000000E+000
   40405060.7080910       -9191919.19191919       0.000000000000000E+000
   40405060.7080910       -8989898.98989899       0.000000000000000E+000
   40405060.7080910       -8787878.78787879       0.000000000000000E+000
   40405060.7080910       -8585858.58585859       0.000000000000000E+000
   40405060.7080910       -8383838.38383838       0.000000000000000E+000
   40405060.7080910       -8181818.18181818       0.000000000000000E+000
   40405060.7080910       -7979797.97979798       0.000000000000000E+000
   40405060.7080910       -7777777.77777778       0.000000000000000E+000
   40405060.7080910       -7575757.57575758       0.000000000000000E+000
   40405060.7080910       -7373737.37373737       0.000000000000000E+000
   40405060.7080910       -7171717.17171717       0.000000000000000E+000
   40405060.7080910       -6969696.96969697       0.000000000000000E+000
   40405060.7080910       -6767676.76767677       0.000000000000000E+000
   40405060.7080910       -6565656.56565657       0.000000000000000E+000
   40405060.7080910       -6363636.36363636       0.000000000000000E+000
   40405060.7080910       -6161616.16161616       0.000000000000000E+000
   40405060.7080910       -5959595.95959596       0.000000000000000E+000
   40405060.7080910       -5757575.75757576       0.000000000000000E+000
   40405060.7080910       -5555555.55555556       0.000000000000000E+000
   40405060.7080910       -5353535.35353535       0.000000000000000E+000
   40405060.7080910       -5151515.15151515       0.000000000000000E+000
   40405060.7080910       -4949494.94949495       0.000000000000000E+000
   40405060.7080910       -4747474.74747475       0.000000000000000E+000
   40405060.7080910       -4545454.54545455       0.000000000000000E+000
   40405060.7080910       -4343434.34343434       0.000000000000000E+000
   40405060.7080910       -4141414.14141414       0.000000000000000E+000
   40405060.7080910       -3939393.93939394       0.000000000000000E+000
   40405060.7080910       -3737373.73737374       0.000000000000000E+000
   40405060.7080910       -3535353.53535354       0.000000000000000E+000
   40405060.7080910       -3333333.33333333       0.000000000000000E+000
   40405060.7080910       -3131313.13131313       0.000000000000000E+000
   40405060.7080910       -2929292.92929293       0.000000000000000E+000
   40405060.7080910       -2727272.72727273       0.000000000000000E+000
   40405060.7080910       -2525252.52525253       0.000000000000000E+000
   40405060.7080910       -2323232.32323232       0.000000000000000E+000
   40405060.7080910       -2121212.12121212       0.000000000000000E+000
   40405060.7080910       -1919191.91919192       0.000000000000000E+000
   40405060.7080910       -1717171.71717172       0.000000000000000E+000
   40405060.7080910       -1515151.51515152       0.000000000000000E+000
   40405060.7080910       -1313131.31313131       0.000000000000000E+000
   40405060.7080910       -1111111.11111111       0.000000000000000E+000
   40405060.7080910       -909090.909090910       0.000000000000000E+000
   40405060.7080910       -707070.707070708       0.000000000000000E+000
   40405060.7080910       -505050.505050506       0.000000000000000E+000
   40405060.7080910       -303030.303030305       0.000000000000000E+000
   40405060.7080910       -101010.101010101       0.000000000000000E+000
   40405060.7080910        101010.101010101       0.000000000000000E+000
   40405060.7080910        303030.303030303       0.000000000000000E+000
   40405060.7080910        505050.505050505       0.000000000000000E+000
   40405060.7080910        707070.707070706       0.000000000000000E+000
   40405060.7080910        909090.909090908       0.000000000000000E+000
   40405060.7080910        1111111.11111111       0.000000000000000E+000
   40405060.7080910        1313131.31313131       0.000000000000000E+000
   40405060.7080910        1515151.51515151       0.000000000000000E+000
   40405060.7080910        1717171.71717172       0.000000000000000E+000
   40405060.7080910        1919191.91919192       0.000000000000000E+000
   40405060.7080910        2121212.12121212       0.000000000000000E+000
   40405060.7080910        2323232.32323232       0.000000000000000E+000
   40405060.7080910        2525252.52525252       0.000000000000000E+000
   40405060.7080910        2727272.72727273       0.000000000000000E+000
   40405060.7080910        2929292.92929293       0.000000000000000E+000
   40405060.7080910        3131313.13131313       0.000000000000000E+000
   40405060.7080910        3333333.33333333       0.000000000000000E+000
   40405060.7080910        3535353.53535353       0.000000000000000E+000
   40405060.7080910        3737373.73737374       0.000000000000000E+000
   40405060.7080910        3939393.93939394       0.000000000000000E+000
   40405060.7080910        4141414.14141414       0.000000000000000E+000
   40405060.7080910        4343434.34343434       0.000000000000000E+000
   40405060.7080910        4545454.54545454       0.000000000000000E+000
   40405060.7080910        4747474.74747475       0.000000000000000E+000
   40405060.7080910        4949494.94949495       0.000000000000000E+000
   40405060.7080910        5151515.15151515       0.000000000000000E+000
   40405060.7080910        5353535.35353535       0.000000000000000E+000
   40405060.7080910        5555555.55555555       0.000000000000000E+000
   40405060.7080910        5757575.75757576       0.000000000000000E+000
   40405060.7080910        5959595.95959596       0.000000000000000E+000
   40405060.7080910        6161616.16161616       0.000000000000000E+000
   40405060.7080910        6363636.36363636       0.000000000000000E+000
   40405060.7080910        6565656.56565657       0.000000000000000E+000
   40405060.7080910        6767676.76767677       0.000000000000000E+000
   40405060.7080910        6969696.96969697       0.000000000000000E+000
   40405060.7080910        7171717.17171717       0.000000000000000E+000
   40405060.7080910        7373737.37373737       0.000000000000000E+000
   40405060.7080910        7575757.57575757       0.000000000000000E+000
   40405060.7080910        7777777.77777778       0.000000000000000E+000
   40405060.7080910        7979797.97979798       0.000000000000000E+000
   40405060.7080910        8181818.18181818       0.000000000000000E+000
   40405060.7080910        8383838.38383838       0.000000000000000E+000
   40405060.7080910        8585858.58585858       0.000000000000000E+000
   40405060.7080910        8787878.78787879       0.000000000000000E+000
   40405060.7080910        8989898.98989899       0.000000000000000E+000
   40405060.7080910        9191919.19191919       0.000000000000000E+000
   40405060.7080910        9393939.39393939       0.000000000000000E+000
   40405060.7080910        9595959.59595960       0.000000000000000E+000
   40405060.7080910        9797979.79797980       0.000000000000000E+000
   40405060.7080910        10000000.0000000       0.000000000000000E+000
